ISO-10303-21;
HEADER;
/* Generated by software containing ST-Developer
 * from STEP Tools, Inc. (www.steptools.com) 
 */

FILE_DESCRIPTION(
/* description */ (''),
/* implementation_level */ '2;1');

FILE_NAME(
/* name */ 'BeePad2Top.step',
/* time_stamp */ '2026-09-26T22:51:57+02:00',
/* author */ (''),
/* organization */ (''),
/* preprocessor_version */ 'ST-DEVELOPER v20.2',
/* originating_system */ 'Autodesk Translation Framework v15.15.0.0',
/* authorisation */ '');

FILE_SCHEMA (('AUTOMOTIVE_DESIGN { 1 0 10303 214 3 1 1 }'));
ENDSEC;

DATA;
#10=MECHANICAL_DESIGN_GEOMETRIC_PRESENTATION_REPRESENTATION('',(#4751,#4752,
#4753,#4754,#4755,#4756,#4757),#9718);
#11=SHAPE_REPRESENTATION_RELATIONSHIP('SRR','None',#9725,#12);
#12=ADVANCED_BREP_SHAPE_REPRESENTATION('',(#13),#9717);
#13=MANIFOLD_SOLID_BREP('Body9',#5020);
#14=CYLINDRICAL_SURFACE('',#5140,3.90000000000001);
#15=CYLINDRICAL_SURFACE('',#5153,0.499999999999998);
#16=CYLINDRICAL_SURFACE('',#5155,0.499999999999998);
#17=CYLINDRICAL_SURFACE('',#5157,0.499999999999998);
#18=CYLINDRICAL_SURFACE('',#5159,0.499999999999998);
#19=CYLINDRICAL_SURFACE('',#5161,0.499999999999998);
#20=CYLINDRICAL_SURFACE('',#5163,0.499999999999998);
#21=CYLINDRICAL_SURFACE('',#5165,0.499999999999998);
#22=CYLINDRICAL_SURFACE('',#5167,0.499999999999998);
#23=CYLINDRICAL_SURFACE('',#5169,0.500000000000007);
#24=CYLINDRICAL_SURFACE('',#5171,0.499999999999998);
#25=CYLINDRICAL_SURFACE('',#5173,0.499999999999989);
#26=CYLINDRICAL_SURFACE('',#5175,0.499999999999998);
#27=CYLINDRICAL_SURFACE('',#5177,0.499999999999998);
#28=CYLINDRICAL_SURFACE('',#5179,0.499999999999998);
#29=CYLINDRICAL_SURFACE('',#5181,0.499999999999998);
#30=CYLINDRICAL_SURFACE('',#5183,0.500000000000003);
#31=CYLINDRICAL_SURFACE('',#5185,0.500000000000007);
#32=CYLINDRICAL_SURFACE('',#5187,0.499999999999998);
#33=CYLINDRICAL_SURFACE('',#5189,0.499999999999989);
#34=CYLINDRICAL_SURFACE('',#5191,0.499999999999998);
#35=CYLINDRICAL_SURFACE('',#5193,0.499999999999998);
#36=CYLINDRICAL_SURFACE('',#5195,0.499999999999998);
#37=CYLINDRICAL_SURFACE('',#5197,0.499999999999998);
#38=CYLINDRICAL_SURFACE('',#5199,0.500000000000003);
#39=CYLINDRICAL_SURFACE('',#5201,0.499999999999998);
#40=CYLINDRICAL_SURFACE('',#5203,0.499999999999998);
#41=CYLINDRICAL_SURFACE('',#5205,0.499999999999998);
#42=CYLINDRICAL_SURFACE('',#5207,0.499999999999998);
#43=CYLINDRICAL_SURFACE('',#5209,0.500000000000007);
#44=CYLINDRICAL_SURFACE('',#5211,0.499999999999998);
#45=CYLINDRICAL_SURFACE('',#5213,0.499999999999989);
#46=CYLINDRICAL_SURFACE('',#5215,0.500000000000003);
#47=CYLINDRICAL_SURFACE('',#5217,0.499999999999998);
#48=CYLINDRICAL_SURFACE('',#5219,0.499999999999998);
#49=CYLINDRICAL_SURFACE('',#5221,0.499999999999998);
#50=CYLINDRICAL_SURFACE('',#5223,0.499999999999998);
#51=CYLINDRICAL_SURFACE('',#5234,1.7);
#52=CYLINDRICAL_SURFACE('',#5235,1.7);
#53=CYLINDRICAL_SURFACE('',#5236,1.7);
#54=CYLINDRICAL_SURFACE('',#5237,1.7);
#55=CYLINDRICAL_SURFACE('',#5238,1.7);
#56=CYLINDRICAL_SURFACE('',#5239,1.7);
#57=B_SPLINE_SURFACE_WITH_KNOTS('',3,1,((#7888,#7889),(#7890,#7891),(#7892,
#7893),(#7894,#7895),(#7896,#7897)),.UNSPECIFIED.,.F.,.F.,.F.,(4,1,4),(2,
2),(-0.235823439146671,-0.10845863440257,0.),(0.1,0.3),.UNSPECIFIED.);
#58=B_SPLINE_SURFACE_WITH_KNOTS('',3,1,((#7900,#7901),(#7902,#7903),(#7904,
#7905),(#7906,#7907),(#7908,#7909)),.UNSPECIFIED.,.F.,.F.,.F.,(4,1,4),(2,
2),(-0.190738889769849,-0.0933662665078065,0.),(0.0999999999999999,0.3),
 .UNSPECIFIED.);
#59=B_SPLINE_SURFACE_WITH_KNOTS('',3,1,((#7911,#7912),(#7913,#7914),(#7915,
#7916),(#7917,#7918),(#7919,#7920)),.UNSPECIFIED.,.F.,.F.,.F.,(4,1,4),(2,
2),(-0.0994983979957458,-0.0509905777146999,0.),(0.0999999999999999,0.3),
 .UNSPECIFIED.);
#60=B_SPLINE_SURFACE_WITH_KNOTS('',3,1,((#7922,#7923),(#7924,#7925),(#7926,
#7927),(#7928,#7929),(#7930,#7931)),.UNSPECIFIED.,.F.,.F.,.F.,(4,1,4),(2,
2),(-0.110804151795634,-0.0571552106981987,0.),(0.0999999999999999,0.3),
 .UNSPECIFIED.);
#61=B_SPLINE_SURFACE_WITH_KNOTS('',3,1,((#7937,#7938),(#7939,#7940),(#7941,
#7942),(#7943,#7944),(#7945,#7946)),.UNSPECIFIED.,.F.,.F.,.F.,(4,1,4),(2,
2),(-0.125671147598041,-0.0670594298503714,0.),(0.0999999999999999,0.3),
 .UNSPECIFIED.);
#62=B_SPLINE_SURFACE_WITH_KNOTS('',3,1,((#7949,#7950),(#7951,#7952),(#7953,
#7954),(#7955,#7956),(#7957,#7958)),.UNSPECIFIED.,.F.,.F.,.F.,(4,1,4),(2,
2),(-0.162237711688844,-0.0761445083052227,0.),(0.0999999999999999,0.3),
 .UNSPECIFIED.);
#63=B_SPLINE_SURFACE_WITH_KNOTS('',3,1,((#7960,#7961),(#7962,#7963),(#7964,
#7965),(#7966,#7967),(#7968,#7969)),.UNSPECIFIED.,.F.,.F.,.F.,(4,1,4),(2,
2),(-0.139040114607752,-0.0682387810933076,0.),(0.0999999999999999,0.3),
 .UNSPECIFIED.);
#64=B_SPLINE_SURFACE_WITH_KNOTS('',3,1,((#7971,#7972),(#7973,#7974),(#7975,
#7976),(#7977,#7978),(#7979,#7980)),.UNSPECIFIED.,.F.,.F.,.F.,(4,1,4),(2,
2),(-0.189663492263935,-0.119811838277916,0.),(0.0999999999999999,0.3),
 .UNSPECIFIED.);
#65=B_SPLINE_SURFACE_WITH_KNOTS('',3,1,((#7986,#7987),(#7988,#7989),(#7990,
#7991),(#7992,#7993),(#7994,#7995)),.UNSPECIFIED.,.F.,.F.,.F.,(4,1,4),(2,
2),(-0.107613179385668,-0.0535400281302286,0.),(0.1,0.3),.UNSPECIFIED.);
#66=B_SPLINE_SURFACE_WITH_KNOTS('',3,1,((#7998,#7999),(#8000,#8001),(#8002,
#8003),(#8004,#8005),(#8006,#8007)),.UNSPECIFIED.,.F.,.F.,.F.,(4,1,4),(2,
2),(-0.106942037642468,-0.0535605448903968,0.),(0.0999999999999999,0.3),
 .UNSPECIFIED.);
#67=B_SPLINE_SURFACE_WITH_KNOTS('',3,1,((#8009,#8010),(#8011,#8012),(#8013,
#8014),(#8015,#8016),(#8017,#8018)),.UNSPECIFIED.,.F.,.F.,.F.,(4,1,4),(2,
2),(-0.096109186044624,-0.0471932958601918,0.),(0.1,0.3),.UNSPECIFIED.);
#68=B_SPLINE_SURFACE_WITH_KNOTS('',3,1,((#8020,#8021),(#8022,#8023),(#8024,
#8025),(#8026,#8027),(#8028,#8029)),.UNSPECIFIED.,.F.,.F.,.F.,(4,1,4),(2,
2),(-0.0898894944538387,-0.0439779274109118,0.),(0.0999999999999997,0.3),
 .UNSPECIFIED.);
#69=B_SPLINE_SURFACE_WITH_KNOTS('',3,1,((#8031,#8032),(#8033,#8034),(#8035,
#8036),(#8037,#8038),(#8039,#8040)),.UNSPECIFIED.,.F.,.F.,.F.,(4,1,4),(2,
2),(-0.0888940080309889,-0.0451352043469561,0.),(0.0999999999999999,0.3),
 .UNSPECIFIED.);
#70=B_SPLINE_SURFACE_WITH_KNOTS('',3,1,((#8042,#8043),(#8044,#8045),(#8046,
#8047),(#8048,#8049),(#8050,#8051)),.UNSPECIFIED.,.F.,.F.,.F.,(4,1,4),(2,
2),(-0.139697446355015,-0.0815966891424974,0.),(0.0999999999999999,0.3),
 .UNSPECIFIED.);
#71=B_SPLINE_SURFACE_WITH_KNOTS('',3,1,((#8055,#8056),(#8057,#8058),(#8059,
#8060),(#8061,#8062),(#8063,#8064)),.UNSPECIFIED.,.F.,.F.,.F.,(4,1,4),(2,
2),(-0.208751687265966,-0.103295601841983,0.),(0.0999999999999999,0.3),
 .UNSPECIFIED.);
#72=B_SPLINE_SURFACE_WITH_KNOTS('',3,1,((#8067,#8068),(#8069,#8070),(#8071,
#8072),(#8073,#8074),(#8075,#8076)),.UNSPECIFIED.,.F.,.F.,.F.,(4,1,4),(2,
2),(-0.238423747789889,-0.12777297998653,0.),(0.1,0.3),.UNSPECIFIED.);
#73=B_SPLINE_SURFACE_WITH_KNOTS('',3,1,((#8078,#8079),(#8080,#8081),(#8082,
#8083),(#8084,#8085),(#8086,#8087)),.UNSPECIFIED.,.F.,.F.,.F.,(4,1,4),(2,
2),(-0.207123168337777,-0.0977148986896701,0.),(0.0999999999999999,0.3),
 .UNSPECIFIED.);
#74=B_SPLINE_SURFACE_WITH_KNOTS('',3,1,((#8089,#8090),(#8091,#8092),(#8093,
#8094),(#8095,#8096),(#8097,#8098)),.UNSPECIFIED.,.F.,.F.,.F.,(4,1,4),(2,
2),(-0.248134291616706,-0.131705188018951,0.),(0.0999999999999999,0.3),
 .UNSPECIFIED.);
#75=B_SPLINE_SURFACE_WITH_KNOTS('',3,1,((#8100,#8101),(#8102,#8103),(#8104,
#8105),(#8106,#8107),(#8108,#8109)),.UNSPECIFIED.,.F.,.F.,.F.,(4,1,4),(2,
2),(-0.164349997361472,-0.0775354704431154,0.),(0.0999999999999999,0.3),
 .UNSPECIFIED.);
#76=B_SPLINE_SURFACE_WITH_KNOTS('',3,1,((#8111,#8112),(#8113,#8114),(#8115,
#8116),(#8117,#8118),(#8119,#8120)),.UNSPECIFIED.,.F.,.F.,.F.,(4,1,4),(2,
2),(-0.157751213962198,-0.081883674269846,0.),(0.0999999999999998,0.3),
 .UNSPECIFIED.);
#77=B_SPLINE_SURFACE_WITH_KNOTS('',3,1,((#8124,#8125),(#8126,#8127),(#8128,
#8129),(#8130,#8131),(#8132,#8133)),.UNSPECIFIED.,.F.,.F.,.F.,(4,1,4),(2,
2),(-0.0185230312247008,-0.0116016411835363,0.),(0.0999999999999999,0.3),
 .UNSPECIFIED.);
#78=B_SPLINE_SURFACE_WITH_KNOTS('',3,1,((#8136,#8137),(#8138,#8139),(#8140,
#8141),(#8142,#8143),(#8144,#8145)),.UNSPECIFIED.,.F.,.F.,.F.,(4,1,4),(2,
2),(-0.0468897122078603,-0.019790316845904,0.),(0.0999999999999999,0.3),
 .UNSPECIFIED.);
#79=B_SPLINE_SURFACE_WITH_KNOTS('',3,1,((#8149,#8150),(#8151,#8152),(#8153,
#8154),(#8155,#8156),(#8157,#8158)),.UNSPECIFIED.,.F.,.F.,.F.,(4,1,4),(2,
2),(-0.0813624789664648,-0.0384292285480636,0.),(0.1,0.3),.UNSPECIFIED.);
#80=B_SPLINE_SURFACE_WITH_KNOTS('',3,1,((#8160,#8161),(#8162,#8163),(#8164,
#8165),(#8166,#8167),(#8168,#8169)),.UNSPECIFIED.,.F.,.F.,.F.,(4,1,4),(2,
2),(-0.11126145157527,-0.0653510607818292,0.),(0.0999999999999996,0.3),
 .UNSPECIFIED.);
#81=B_SPLINE_SURFACE_WITH_KNOTS('',3,1,((#8173,#8174),(#8175,#8176),(#8177,
#8178),(#8179,#8180),(#8181,#8182)),.UNSPECIFIED.,.F.,.F.,.F.,(4,1,4),(2,
2),(-0.137378885470755,-0.0543098696428632,0.),(0.0999999999999999,0.3),
 .UNSPECIFIED.);
#82=B_SPLINE_SURFACE_WITH_KNOTS('',3,1,((#8184,#8185),(#8186,#8187),(#8188,
#8189),(#8190,#8191),(#8192,#8193)),.UNSPECIFIED.,.F.,.F.,.F.,(4,1,4),(2,
2),(-0.0934476298663575,-0.0500779270274739,0.),(0.0999999999999999,0.3),
 .UNSPECIFIED.);
#83=B_SPLINE_SURFACE_WITH_KNOTS('',3,1,((#8195,#8196),(#8197,#8198),(#8199,
#8200),(#8201,#8202),(#8203,#8204)),.UNSPECIFIED.,.F.,.F.,.F.,(4,1,4),(2,
2),(-0.153120585378567,-0.0882883266524202,0.),(0.0999999999999996,0.3),
 .UNSPECIFIED.);
#84=B_SPLINE_SURFACE_WITH_KNOTS('',3,1,((#8206,#8207),(#8208,#8209),(#8210,
#8211),(#8212,#8213),(#8214,#8215)),.UNSPECIFIED.,.F.,.F.,.F.,(4,1,4),(2,
2),(-0.174158597391178,-0.0761681931378997,0.),(0.0999999999999998,0.3),
 .UNSPECIFIED.);
#85=B_SPLINE_SURFACE_WITH_KNOTS('',3,1,((#8217,#8218),(#8219,#8220),(#8221,
#8222),(#8223,#8224),(#8225,#8226)),.UNSPECIFIED.,.F.,.F.,.F.,(4,1,4),(2,
2),(-0.148245543418319,-0.0785324189032466,0.),(0.1,0.3),.UNSPECIFIED.);
#86=B_SPLINE_SURFACE_WITH_KNOTS('',3,1,((#8230,#8231),(#8232,#8233),(#8234,
#8235),(#8236,#8237),(#8238,#8239)),.UNSPECIFIED.,.F.,.F.,.F.,(4,1,4),(2,
2),(-0.208751748302841,-0.103295589735415,0.),(0.0999999999999999,0.3),
 .UNSPECIFIED.);
#87=B_SPLINE_SURFACE_WITH_KNOTS('',3,1,((#8242,#8243),(#8244,#8245),(#8246,
#8247),(#8248,#8249),(#8250,#8251)),.UNSPECIFIED.,.F.,.F.,.F.,(4,1,4),(2,
2),(-0.238423737139306,-0.127772984308609,0.),(0.0999999999999999,0.3),
 .UNSPECIFIED.);
#88=B_SPLINE_SURFACE_WITH_KNOTS('',3,1,((#8253,#8254),(#8255,#8256),(#8257,
#8258),(#8259,#8260),(#8261,#8262)),.UNSPECIFIED.,.F.,.F.,.F.,(4,1,4),(2,
2),(-0.207123168337777,-0.0977148986896701,0.),(0.1,0.3),.UNSPECIFIED.);
#89=B_SPLINE_SURFACE_WITH_KNOTS('',3,1,((#8264,#8265),(#8266,#8267),(#8268,
#8269),(#8270,#8271),(#8272,#8273)),.UNSPECIFIED.,.F.,.F.,.F.,(4,1,4),(2,
2),(-0.248134248175045,-0.131705202664201,0.),(0.0999999999999998,0.3),
 .UNSPECIFIED.);
#90=B_SPLINE_SURFACE_WITH_KNOTS('',3,1,((#8275,#8276),(#8277,#8278),(#8279,
#8280),(#8281,#8282),(#8283,#8284)),.UNSPECIFIED.,.F.,.F.,.F.,(4,1,4),(2,
2),(-0.164349994861674,-0.0775354975137277,0.),(0.0999999999999999,0.3),
 .UNSPECIFIED.);
#91=B_SPLINE_SURFACE_WITH_KNOTS('',3,1,((#8286,#8287),(#8288,#8289),(#8290,
#8291),(#8292,#8293),(#8294,#8295)),.UNSPECIFIED.,.F.,.F.,.F.,(4,1,4),(2,
2),(-0.157751291422972,-0.0818836878805412,0.),(0.0999999999999994,0.3),
 .UNSPECIFIED.);
#92=B_SPLINE_SURFACE_WITH_KNOTS('',3,1,((#8817,#8818),(#8819,#8820),(#8821,
#8822),(#8823,#8824),(#8825,#8826)),.UNSPECIFIED.,.F.,.F.,.F.,(4,1,4),(2,
2),(-0.107038752936186,-0.0584115766856611,0.),(0.,0.3),.UNSPECIFIED.);
#93=B_SPLINE_SURFACE_WITH_KNOTS('',3,1,((#8829,#8830),(#8831,#8832),(#8833,
#8834),(#8835,#8836),(#8837,#8838)),.UNSPECIFIED.,.F.,.F.,.F.,(4,1,4),(2,
2),(-0.0874758969975285,-0.043932764518609,0.),(0.,0.3),.UNSPECIFIED.);
#94=B_SPLINE_SURFACE_WITH_KNOTS('',3,1,((#8840,#8841),(#8842,#8843),(#8844,
#8845),(#8846,#8847),(#8848,#8849)),.UNSPECIFIED.,.F.,.F.,.F.,(4,1,4),(2,
2),(-0.0914191197357347,-0.0460054117645974,0.),(0.,0.3),.UNSPECIFIED.);
#95=B_SPLINE_SURFACE_WITH_KNOTS('',3,1,((#8851,#8852),(#8853,#8854),(#8855,
#8856),(#8857,#8858),(#8859,#8860)),.UNSPECIFIED.,.F.,.F.,.F.,(4,1,4),(2,
2),(-0.104615535537674,-0.0487663042564337,0.),(0.,0.3),.UNSPECIFIED.);
#96=B_SPLINE_SURFACE_WITH_KNOTS('',3,1,((#8863,#8864),(#8865,#8866),(#8867,
#8868),(#8869,#8870),(#8871,#8872)),.UNSPECIFIED.,.F.,.F.,.F.,(4,1,4),(2,
2),(-0.223239967255975,-0.115790049859564,0.),(0.0999999999999999,0.3),
 .UNSPECIFIED.);
#97=B_SPLINE_SURFACE_WITH_KNOTS('',3,1,((#8874,#8875),(#8876,#8877),(#8878,
#8879),(#8880,#8881),(#8882,#8883)),.UNSPECIFIED.,.F.,.F.,.F.,(4,1,4),(2,
2),(-0.271476962643591,-0.119505448614612,0.),(0.0999999999999999,0.3),
 .UNSPECIFIED.);
#98=B_SPLINE_SURFACE_WITH_KNOTS('',3,1,((#8887,#8888),(#8889,#8890),(#8891,
#8892),(#8893,#8894),(#8895,#8896)),.UNSPECIFIED.,.F.,.F.,.F.,(4,1,4),(2,
2),(-0.112586942365671,-0.060507757745241,0.),(0.1,0.3),.UNSPECIFIED.);
#99=B_SPLINE_SURFACE_WITH_KNOTS('',3,1,((#8898,#8899),(#8900,#8901),(#8902,
#8903),(#8904,#8905),(#8906,#8907)),.UNSPECIFIED.,.F.,.F.,.F.,(4,1,4),(2,
2),(-0.0968836390739701,-0.0481784903406716,0.),(0.1,0.3),.UNSPECIFIED.);
#100=B_SPLINE_SURFACE_WITH_KNOTS('',3,1,((#8909,#8910),(#8911,#8912),(#8913,
#8914),(#8915,#8916),(#8917,#8918)),.UNSPECIFIED.,.F.,.F.,.F.,(4,1,4),(2,
2),(-0.0636246849989725,-0.0329855523714361,0.),(0.0999999999999999,0.3),
 .UNSPECIFIED.);
#101=B_SPLINE_SURFACE_WITH_KNOTS('',3,1,((#8920,#8921),(#8922,#8923),(#8924,
#8925),(#8926,#8927),(#8928,#8929)),.UNSPECIFIED.,.F.,.F.,.F.,(4,1,4),(2,
2),(-0.0730728856916478,-0.0329753956247006,0.),(0.1,0.3),.UNSPECIFIED.);
#102=B_SPLINE_SURFACE_WITH_KNOTS('',3,1,((#8930,#8931),(#8932,#8933),(#8934,
#8935),(#8936,#8937),(#8938,#8939)),.UNSPECIFIED.,.F.,.F.,.F.,(4,1,4),(2,
2),(-0.0947339890966858,-0.0389363048687557,0.),(0.,0.3),.UNSPECIFIED.);
#103=B_SPLINE_SURFACE_WITH_KNOTS('',3,1,((#8942,#8943),(#8944,#8945),(#8946,
#8947),(#8948,#8949),(#8950,#8951)),.UNSPECIFIED.,.F.,.F.,.F.,(4,1,4),(2,
2),(-0.0865390444074783,-0.053638619523882,0.),(0.,0.3),.UNSPECIFIED.);
#104=B_SPLINE_SURFACE_WITH_KNOTS('',3,1,((#8953,#8954),(#8955,#8956),(#8957,
#8958),(#8959,#8960),(#8961,#8962)),.UNSPECIFIED.,.F.,.F.,.F.,(4,1,4),(2,
2),(-0.062812279881278,-0.0324923601833206,0.),(0.,0.3),.UNSPECIFIED.);
#105=B_SPLINE_SURFACE_WITH_KNOTS('',3,1,((#8964,#8965),(#8966,#8967),(#8968,
#8969),(#8970,#8971),(#8972,#8973)),.UNSPECIFIED.,.F.,.F.,.F.,(4,1,4),(2,
2),(-0.0609712112989075,-0.0301260523762272,0.),(0.,0.3),.UNSPECIFIED.);
#106=B_SPLINE_SURFACE_WITH_KNOTS('',3,1,((#8975,#8976),(#8977,#8978),(#8979,
#8980),(#8981,#8982),(#8983,#8984)),.UNSPECIFIED.,.F.,.F.,.F.,(4,1,4),(2,
2),(-0.0657549140173246,-0.0319571873615994,0.),(0.,0.3),.UNSPECIFIED.);
#107=B_SPLINE_SURFACE_WITH_KNOTS('',3,1,((#8986,#8987),(#8988,#8989),(#8990,
#8991),(#8992,#8993),(#8994,#8995)),.UNSPECIFIED.,.F.,.F.,.F.,(4,1,4),(2,
2),(-0.0834499386336937,-0.0404414688731575,0.),(0.,0.3),.UNSPECIFIED.);
#108=B_SPLINE_SURFACE_WITH_KNOTS('',3,1,((#8997,#8998),(#8999,#9000),(#9001,
#9002),(#9003,#9004),(#9005,#9006)),.UNSPECIFIED.,.F.,.F.,.F.,(4,1,4),(2,
2),(-0.0624195308708698,-0.032092464917972,0.),(0.,0.3),.UNSPECIFIED.);
#109=B_SPLINE_SURFACE_WITH_KNOTS('',3,1,((#9008,#9009),(#9010,#9011),(#9012,
#9013),(#9014,#9015),(#9016,#9017)),.UNSPECIFIED.,.F.,.F.,.F.,(4,1,4),(2,
2),(-0.0739555764195267,-0.0284116049706004,0.),(0.,0.3),.UNSPECIFIED.);
#110=B_SPLINE_SURFACE_WITH_KNOTS('',3,1,((#9020,#9021),(#9022,#9023),(#9024,
#9025),(#9026,#9027),(#9028,#9029)),.UNSPECIFIED.,.F.,.F.,.F.,(4,1,4),(2,
2),(-0.100541133260568,-0.0518020731686848,0.),(0.0999999999999996,0.3),
 .UNSPECIFIED.);
#111=B_SPLINE_SURFACE_WITH_KNOTS('',3,1,((#9031,#9032),(#9033,#9034),(#9035,
#9036),(#9037,#9038),(#9039,#9040)),.UNSPECIFIED.,.F.,.F.,.F.,(4,1,4),(2,
2),(-0.0963549349667616,-0.0476533317751087,0.),(0.1,0.3),.UNSPECIFIED.);
#112=B_SPLINE_SURFACE_WITH_KNOTS('',3,1,((#9042,#9043),(#9044,#9045),(#9046,
#9047),(#9048,#9049),(#9050,#9051)),.UNSPECIFIED.,.F.,.F.,.F.,(4,1,4),(2,
2),(-0.149627011810633,-0.0796551729850143,0.),(0.1,0.3),.UNSPECIFIED.);
#113=B_SPLINE_SURFACE_WITH_KNOTS('',3,1,((#9053,#9054),(#9055,#9056),(#9057,
#9058),(#9059,#9060),(#9061,#9062)),.UNSPECIFIED.,.F.,.F.,.F.,(4,1,4),(2,
2),(-0.134093794339636,-0.0661623275804748,0.),(0.0999999999999998,0.3),
 .UNSPECIFIED.);
#114=B_SPLINE_SURFACE_WITH_KNOTS('',3,1,((#9064,#9065),(#9066,#9067),(#9068,
#9069),(#9070,#9071),(#9072,#9073)),.UNSPECIFIED.,.F.,.F.,.F.,(4,1,4),(2,
2),(-0.0901191890654426,-0.0460845465628706,0.),(0.0999999999999996,0.3),
 .UNSPECIFIED.);
#115=B_SPLINE_SURFACE_WITH_KNOTS('',3,1,((#9075,#9076),(#9077,#9078),(#9079,
#9080),(#9081,#9082),(#9083,#9084)),.UNSPECIFIED.,.F.,.F.,.F.,(4,1,4),(2,
2),(-0.0878478903856764,-0.0434368740806844,0.),(0.0999999999999996,0.3),
 .UNSPECIFIED.);
#116=B_SPLINE_SURFACE_WITH_KNOTS('',3,1,((#9086,#9087),(#9088,#9089),(#9090,
#9091),(#9092,#9093),(#9094,#9095)),.UNSPECIFIED.,.F.,.F.,.F.,(4,1,4),(2,
2),(-0.125329225922974,-0.0542125018028748,0.),(0.0999999999999999,0.3),
 .UNSPECIFIED.);
#117=B_SPLINE_SURFACE_WITH_KNOTS('',3,1,((#9097,#9098),(#9099,#9100),(#9101,
#9102),(#9103,#9104),(#9105,#9106)),.UNSPECIFIED.,.F.,.F.,.F.,(4,1,4),(2,
2),(-0.151395112111419,-0.0915981147417471,0.),(0.0999999999999998,0.3),
 .UNSPECIFIED.);
#118=B_SPLINE_SURFACE_WITH_KNOTS('',3,1,((#9110,#9111),(#9112,#9113),(#9114,
#9115),(#9116,#9117),(#9118,#9119)),.UNSPECIFIED.,.F.,.F.,.F.,(4,1,4),(2,
2),(-0.0672003949761449,-0.0376470785922839,0.),(0.0999999999999999,0.3),
 .UNSPECIFIED.);
#119=B_SPLINE_SURFACE_WITH_KNOTS('',3,1,((#9121,#9122),(#9123,#9124),(#9125,
#9126),(#9127,#9128),(#9129,#9130)),.UNSPECIFIED.,.F.,.F.,.F.,(4,1,4),(2,
2),(-0.0842884815981107,-0.0339891507178961,0.),(0.0999999999999999,0.3),
 .UNSPECIFIED.);
#120=B_SPLINE_SURFACE_WITH_KNOTS('',3,1,((#9132,#9133),(#9134,#9135),(#9136,
#9137),(#9138,#9139),(#9140,#9141)),.UNSPECIFIED.,.F.,.F.,.F.,(4,1,4),(2,
2),(-0.0655601449469772,-0.0360701241454597,0.),(0.0999999999999998,0.3),
 .UNSPECIFIED.);
#121=B_SPLINE_SURFACE_WITH_KNOTS('',3,1,((#9143,#9144),(#9145,#9146),(#9147,
#9148),(#9149,#9150),(#9151,#9152)),.UNSPECIFIED.,.F.,.F.,.F.,(4,1,4),(2,
2),(-0.06729598716717,-0.0298780136684188,0.),(0.0999999999999999,0.3),
 .UNSPECIFIED.);
#122=B_SPLINE_SURFACE_WITH_KNOTS('',3,1,((#9153,#9154),(#9155,#9156),(#9157,
#9158),(#9159,#9160),(#9161,#9162)),.UNSPECIFIED.,.F.,.F.,.F.,(4,1,4),(2,
2),(-0.107038742603398,-0.0584115814128672,0.),(0.,0.3),.UNSPECIFIED.);
#123=B_SPLINE_SURFACE_WITH_KNOTS('',3,1,((#9165,#9166),(#9167,#9168),(#9169,
#9170),(#9171,#9172),(#9173,#9174)),.UNSPECIFIED.,.F.,.F.,.F.,(4,1,4),(2,
2),(-0.0874758920017516,-0.0439327887481841,0.),(0.,0.3),.UNSPECIFIED.);
#124=B_SPLINE_SURFACE_WITH_KNOTS('',3,1,((#9176,#9177),(#9178,#9179),(#9180,
#9181),(#9182,#9183),(#9184,#9185)),.UNSPECIFIED.,.F.,.F.,.F.,(4,1,4),(2,
2),(-0.0914192313846593,-0.0460054994453571,0.),(0.,0.3),.UNSPECIFIED.);
#125=B_SPLINE_SURFACE_WITH_KNOTS('',3,1,((#9187,#9188),(#9189,#9190),(#9191,
#9192),(#9193,#9194),(#9195,#9196)),.UNSPECIFIED.,.F.,.F.,.F.,(4,1,4),(2,
2),(-0.10461552206694,-0.0487662969120392,0.),(0.,0.3),.UNSPECIFIED.);
#126=B_SPLINE_SURFACE_WITH_KNOTS('',3,1,((#9199,#9200),(#9201,#9202),(#9203,
#9204),(#9205,#9206),(#9207,#9208)),.UNSPECIFIED.,.F.,.F.,.F.,(4,1,4),(2,
2),(-0.223240084485598,-0.115790167089187,0.),(0.0999999999999998,0.3),
 .UNSPECIFIED.);
#127=B_SPLINE_SURFACE_WITH_KNOTS('',3,1,((#9210,#9211),(#9212,#9213),(#9214,
#9215),(#9216,#9217),(#9218,#9219)),.UNSPECIFIED.,.F.,.F.,.F.,(4,1,4),(2,
2),(-0.271476887539399,-0.119505367243299,0.),(0.1,0.3),.UNSPECIFIED.);
#128=B_SPLINE_SURFACE_WITH_KNOTS('',3,1,((#9223,#9224),(#9225,#9226),(#9227,
#9228),(#9229,#9230),(#9231,#9232)),.UNSPECIFIED.,.F.,.F.,.F.,(4,1,4),(2,
2),(-0.112586946993772,-0.0605077699805215,0.),(0.1,0.3),.UNSPECIFIED.);
#129=B_SPLINE_SURFACE_WITH_KNOTS('',3,1,((#9234,#9235),(#9236,#9237),(#9238,
#9239),(#9240,#9241),(#9242,#9243)),.UNSPECIFIED.,.F.,.F.,.F.,(4,1,4),(2,
2),(-0.0968836340777912,-0.0481785145946231,0.),(0.0999999999999999,0.3),
 .UNSPECIFIED.);
#130=B_SPLINE_SURFACE_WITH_KNOTS('',3,1,((#9245,#9246),(#9247,#9248),(#9249,
#9250),(#9251,#9252),(#9253,#9254)),.UNSPECIFIED.,.F.,.F.,.F.,(4,1,4),(2,
2),(-0.0636246849989725,-0.0329855523714361,0.),(0.0999999999999995,0.3),
 .UNSPECIFIED.);
#131=B_SPLINE_SURFACE_WITH_KNOTS('',3,1,((#9256,#9257),(#9258,#9259),(#9260,
#9261),(#9262,#9263),(#9264,#9265)),.UNSPECIFIED.,.F.,.F.,.F.,(4,1,4),(2,
2),(-0.0730728323853753,-0.0329753764503853,0.),(0.0999999999999999,0.3),
 .UNSPECIFIED.);
#132=B_SPLINE_SURFACE_WITH_KNOTS('',3,1,((#9271,#9272),(#9273,#9274),(#9275,
#9276),(#9277,#9278),(#9279,#9280)),.UNSPECIFIED.,.F.,.F.,.F.,(4,1,4),(2,
2),(-0.115531998163319,-0.0753325936242158,0.),(0.,0.3),.UNSPECIFIED.);
#133=B_SPLINE_SURFACE_WITH_KNOTS('',3,1,((#9282,#9283),(#9284,#9285),(#9286,
#9287),(#9288,#9289),(#9290,#9291)),.UNSPECIFIED.,.F.,.F.,.F.,(4,1,4),(2,
2),(-0.0711277387254938,-0.0376653447786898,0.),(0.,0.3),.UNSPECIFIED.);
#134=B_SPLINE_SURFACE_WITH_KNOTS('',3,1,((#9293,#9294),(#9295,#9296),(#9297,
#9298),(#9299,#9300),(#9301,#9302)),.UNSPECIFIED.,.F.,.F.,.F.,(4,1,4),(2,
2),(-0.0671695752167625,-0.0322356623478072,0.),(0.,0.3),.UNSPECIFIED.);
#135=B_SPLINE_SURFACE_WITH_KNOTS('',3,1,((#9304,#9305),(#9306,#9307),(#9308,
#9309),(#9310,#9311),(#9312,#9313)),.UNSPECIFIED.,.F.,.F.,.F.,(4,1,4),(2,
2),(-0.0637675663924144,-0.0334801799108404,0.),(0.,0.3),.UNSPECIFIED.);
#136=B_SPLINE_SURFACE_WITH_KNOTS('',3,1,((#9315,#9316),(#9317,#9318),(#9319,
#9320),(#9321,#9322),(#9323,#9324)),.UNSPECIFIED.,.F.,.F.,.F.,(4,1,4),(2,
2),(-0.0671066623476804,-0.0310336128847226,0.),(0.,0.3),.UNSPECIFIED.);
#137=B_SPLINE_SURFACE_WITH_KNOTS('',3,1,((#9326,#9327),(#9328,#9329),(#9330,
#9331),(#9332,#9333),(#9334,#9335)),.UNSPECIFIED.,.F.,.F.,.F.,(4,1,4),(2,
2),(-0.135935415809388,-0.0458328644294225,0.),(0.,0.3),.UNSPECIFIED.);
#138=B_SPLINE_SURFACE_WITH_KNOTS('',3,1,((#9343,#9344),(#9345,#9346),(#9347,
#9348),(#9349,#9350),(#9351,#9352)),.UNSPECIFIED.,.F.,.F.,.F.,(4,1,4),(2,
2),(-0.109212604990296,-0.0702374549415484,0.),(0.,0.3),.UNSPECIFIED.);
#139=B_SPLINE_SURFACE_WITH_KNOTS('',3,1,((#9354,#9355),(#9356,#9357),(#9358,
#9359),(#9360,#9361),(#9362,#9363)),.UNSPECIFIED.,.F.,.F.,.F.,(4,1,4),(2,
2),(-0.0666967798934525,-0.0340139324677596,0.),(0.,0.3),.UNSPECIFIED.);
#140=B_SPLINE_SURFACE_WITH_KNOTS('',3,1,((#9365,#9366),(#9367,#9368),(#9369,
#9370),(#9371,#9372),(#9373,#9374)),.UNSPECIFIED.,.F.,.F.,.F.,(4,1,4),(2,
2),(-0.0717262942909237,-0.0336515295150353,0.),(0.,0.3),.UNSPECIFIED.);
#141=B_SPLINE_SURFACE_WITH_KNOTS('',3,1,((#9376,#9377),(#9378,#9379),(#9380,
#9381),(#9382,#9383),(#9384,#9385)),.UNSPECIFIED.,.F.,.F.,.F.,(4,1,4),(2,
2),(-0.0633183140061576,-0.0330442794272336,0.),(0.,0.3),.UNSPECIFIED.);
#142=B_SPLINE_SURFACE_WITH_KNOTS('',3,1,((#9387,#9388),(#9389,#9390),(#9391,
#9392),(#9393,#9394),(#9395,#9396)),.UNSPECIFIED.,.F.,.F.,.F.,(4,1,4),(2,
2),(-0.0621454401038722,-0.0299571501955005,0.),(0.,0.3),.UNSPECIFIED.);
#143=B_SPLINE_SURFACE_WITH_KNOTS('',3,1,((#9398,#9399),(#9400,#9401),(#9402,
#9403),(#9404,#9405),(#9406,#9407)),.UNSPECIFIED.,.F.,.F.,.F.,(4,1,4),(2,
2),(-0.141725849442459,-0.05218559905521,0.),(0.,0.3),.UNSPECIFIED.);
#144=B_SPLINE_SURFACE_WITH_KNOTS('',3,1,((#9410,#9411),(#9412,#9413),(#9414,
#9415),(#9416,#9417),(#9418,#9419)),.UNSPECIFIED.,.F.,.F.,.F.,(4,1,4),(2,
2),(-0.133438589119913,-0.0696687168304808,0.),(0.1,0.3),.UNSPECIFIED.);
#145=B_SPLINE_SURFACE_WITH_KNOTS('',3,1,((#9421,#9422),(#9423,#9424),(#9425,
#9426),(#9427,#9428),(#9429,#9430)),.UNSPECIFIED.,.F.,.F.,.F.,(4,1,4),(2,
2),(-0.126618045840235,-0.0621077371229013,0.),(0.0999999999999999,0.3),
 .UNSPECIFIED.);
#146=B_SPLINE_SURFACE_WITH_KNOTS('',3,1,((#9432,#9433),(#9434,#9435),(#9436,
#9437),(#9438,#9439),(#9440,#9441)),.UNSPECIFIED.,.F.,.F.,.F.,(4,1,4),(2,
2),(-0.108135538470724,-0.0533391530784994,0.),(0.1,0.3),.UNSPECIFIED.);
#147=B_SPLINE_SURFACE_WITH_KNOTS('',3,1,((#9443,#9444),(#9445,#9446),(#9447,
#9448),(#9449,#9450),(#9451,#9452)),.UNSPECIFIED.,.F.,.F.,.F.,(4,1,4),(2,
2),(-0.106839247046911,-0.0543782297406506,0.),(0.0999999999999996,0.3),
 .UNSPECIFIED.);
#148=B_SPLINE_SURFACE_WITH_KNOTS('',3,1,((#9454,#9455),(#9456,#9457),(#9458,
#9459),(#9460,#9461),(#9462,#9463)),.UNSPECIFIED.,.F.,.F.,.F.,(4,1,4),(2,
2),(-0.113872779291007,-0.0541366660785826,0.),(0.0999999999999999,0.3),
 .UNSPECIFIED.);
#149=B_SPLINE_SURFACE_WITH_KNOTS('',3,1,((#9465,#9466),(#9467,#9468),(#9469,
#9470),(#9471,#9472),(#9473,#9474)),.UNSPECIFIED.,.F.,.F.,.F.,(4,1,4),(2,
2),(-0.191852152418712,-0.067899932011214,0.),(0.1,0.3),.UNSPECIFIED.);
#150=B_SPLINE_SURFACE_WITH_KNOTS('',3,1,((#9484,#9485),(#9486,#9487),(#9488,
#9489),(#9490,#9491),(#9492,#9493)),.UNSPECIFIED.,.F.,.F.,.F.,(4,1,4),(2,
2),(-0.126644099715599,-0.0784788075750535,0.),(0.,0.3),.UNSPECIFIED.);
#151=B_SPLINE_SURFACE_WITH_KNOTS('',3,1,((#9495,#9496),(#9497,#9498),(#9499,
#9500),(#9501,#9502),(#9503,#9504)),.UNSPECIFIED.,.F.,.F.,.F.,(4,1,4),(2,
2),(-0.0637049029110251,-0.0324035013613118,0.),(0.,0.3),.UNSPECIFIED.);
#152=B_SPLINE_SURFACE_WITH_KNOTS('',3,1,((#9506,#9507),(#9508,#9509),(#9510,
#9511),(#9512,#9513),(#9514,#9515)),.UNSPECIFIED.,.F.,.F.,.F.,(4,1,4),(2,
2),(-0.0645745109086421,-0.0315035023564515,0.),(0.,0.3),.UNSPECIFIED.);
#153=B_SPLINE_SURFACE_WITH_KNOTS('',3,1,((#9517,#9518),(#9519,#9520),(#9521,
#9522),(#9523,#9524),(#9525,#9526)),.UNSPECIFIED.,.F.,.F.,.F.,(4,1,4),(2,
2),(-0.0766283106327883,-0.0397136536517068,0.),(0.,0.3),.UNSPECIFIED.);
#154=B_SPLINE_SURFACE_WITH_KNOTS('',3,1,((#9528,#9529),(#9530,#9531),(#9532,
#9533),(#9534,#9535),(#9536,#9537)),.UNSPECIFIED.,.F.,.F.,.F.,(4,1,4),(2,
2),(-0.0738792121318386,-0.0365101733648994,0.),(0.,0.3),.UNSPECIFIED.);
#155=B_SPLINE_SURFACE_WITH_KNOTS('',3,1,((#9539,#9540),(#9541,#9542),(#9543,
#9544),(#9545,#9546),(#9547,#9548)),.UNSPECIFIED.,.F.,.F.,.F.,(4,1,4),(2,
2),(-0.114606037439261,-0.0430235226044433,0.),(0.,0.3),.UNSPECIFIED.);
#156=B_SPLINE_SURFACE_WITH_KNOTS('',3,1,((#9551,#9552),(#9553,#9554),(#9555,
#9556),(#9557,#9558),(#9559,#9560)),.UNSPECIFIED.,.F.,.F.,.F.,(4,1,4),(2,
2),(-0.10318481108758,-0.0532758891823819,0.),(0.1,0.3),.UNSPECIFIED.);
#157=B_SPLINE_SURFACE_WITH_KNOTS('',3,1,((#9562,#9563),(#9564,#9565),(#9566,
#9567),(#9568,#9569),(#9570,#9571)),.UNSPECIFIED.,.F.,.F.,.F.,(4,1,4),(2,
2),(-0.0909465799064231,-0.0471256492777674,0.),(0.1,0.3),.UNSPECIFIED.);
#158=B_SPLINE_SURFACE_WITH_KNOTS('',3,1,((#9573,#9574),(#9575,#9576),(#9577,
#9578),(#9579,#9580),(#9581,#9582)),.UNSPECIFIED.,.F.,.F.,.F.,(4,1,4),(2,
2),(-0.165445987729604,-0.0702015517068627,0.),(0.0999999999999996,0.3),
 .UNSPECIFIED.);
#159=B_SPLINE_SURFACE_WITH_KNOTS('',3,1,((#9589,#9590),(#9591,#9592),(#9593,
#9594),(#9595,#9596),(#9597,#9598)),.UNSPECIFIED.,.F.,.F.,.F.,(4,1,4),(2,
2),(-0.135636179591144,-0.0789392095712351,0.),(0.,0.3),.UNSPECIFIED.);
#160=B_SPLINE_SURFACE_WITH_KNOTS('',3,1,((#9601,#9602),(#9603,#9604),(#9605,
#9606),(#9607,#9608),(#9609,#9610)),.UNSPECIFIED.,.F.,.F.,.F.,(4,1,4),(2,
2),(-0.122406406802478,-0.0622872881189745,0.),(0.,0.3),.UNSPECIFIED.);
#161=B_SPLINE_SURFACE_WITH_KNOTS('',3,1,((#9612,#9613),(#9614,#9615),(#9616,
#9617),(#9618,#9619),(#9620,#9621)),.UNSPECIFIED.,.F.,.F.,.F.,(4,1,4),(2,
2),(-0.101788434546977,-0.0494621135226268,0.),(0.,0.3),.UNSPECIFIED.);
#162=B_SPLINE_SURFACE_WITH_KNOTS('',3,1,((#9623,#9624),(#9625,#9626),(#9627,
#9628),(#9629,#9630),(#9631,#9632)),.UNSPECIFIED.,.F.,.F.,.F.,(4,1,4),(2,
2),(-0.139353260891634,-0.0616723899805865,0.),(0.,0.3),.UNSPECIFIED.);
#163=B_SPLINE_SURFACE_WITH_KNOTS('',3,1,((#9634,#9635),(#9636,#9637),(#9638,
#9639),(#9640,#9641),(#9642,#9643)),.UNSPECIFIED.,.F.,.F.,.F.,(4,1,4),(2,
2),(-0.147887193553779,-0.0849908622613367,0.),(0.,0.3),.UNSPECIFIED.);
#164=B_SPLINE_SURFACE_WITH_KNOTS('',3,1,((#9645,#9646),(#9647,#9648),(#9649,
#9650),(#9651,#9652),(#9653,#9654)),.UNSPECIFIED.,.F.,.F.,.F.,(4,1,4),(2,
2),(-0.103319525316305,-0.0518183920641879,0.),(0.,0.3),.UNSPECIFIED.);
#165=B_SPLINE_SURFACE_WITH_KNOTS('',3,1,((#9656,#9657),(#9658,#9659),(#9660,
#9661),(#9662,#9663),(#9664,#9665)),.UNSPECIFIED.,.F.,.F.,.F.,(4,1,4),(2,
2),(-0.102213627671018,-0.0504883755710974,0.),(0.,0.3),.UNSPECIFIED.);
#166=B_SPLINE_SURFACE_WITH_KNOTS('',3,1,((#9667,#9668),(#9669,#9670),(#9671,
#9672),(#9673,#9674),(#9675,#9676)),.UNSPECIFIED.,.F.,.F.,.F.,(4,1,4),(2,
2),(-0.134655742039797,-0.0597825942307695,0.),(0.,0.3),.UNSPECIFIED.);
#167=B_SPLINE_SURFACE_WITH_KNOTS('',3,1,((#9677,#9678),(#9679,#9680),(#9681,
#9682),(#9683,#9684),(#9685,#9686)),.UNSPECIFIED.,.F.,.F.,.F.,(4,1,4),(2,
2),(-0.234778865365815,-0.128764812777141,0.),(0.0999999999999999,0.3),
 .UNSPECIFIED.);
#168=B_SPLINE_SURFACE_WITH_KNOTS('',3,1,((#9688,#9689),(#9690,#9691),(#9692,
#9693),(#9694,#9695),(#9696,#9697)),.UNSPECIFIED.,.F.,.F.,.F.,(4,1,4),(2,
2),(-0.192785774580993,-0.0957320232398136,0.),(0.0999999999999996,0.3),
 .UNSPECIFIED.);
#169=B_SPLINE_SURFACE_WITH_KNOTS('',3,1,((#9699,#9700),(#9701,#9702),(#9703,
#9704),(#9705,#9706),(#9707,#9708)),.UNSPECIFIED.,.F.,.F.,.F.,(4,1,4),(2,
2),(-0.188154654491922,-0.0913483526120351,0.),(0.0999999999999999,0.3),
 .UNSPECIFIED.);
#170=CIRCLE('',#5041,0.499999999999998);
#171=CIRCLE('',#5042,0.499999999999998);
#172=CIRCLE('',#5043,0.499999999999998);
#173=CIRCLE('',#5044,0.499999999999998);
#174=CIRCLE('',#5045,0.499999999999998);
#175=CIRCLE('',#5046,0.499999999999998);
#176=CIRCLE('',#5047,0.499999999999998);
#177=CIRCLE('',#5048,0.499999999999998);
#178=CIRCLE('',#5049,0.499999999999989);
#179=CIRCLE('',#5050,0.499999999999998);
#180=CIRCLE('',#5051,0.500000000000007);
#181=CIRCLE('',#5052,0.499999999999998);
#182=CIRCLE('',#5053,0.499999999999998);
#183=CIRCLE('',#5054,0.500000000000003);
#184=CIRCLE('',#5055,0.499999999999998);
#185=CIRCLE('',#5056,0.499999999999998);
#186=CIRCLE('',#5057,0.499999999999989);
#187=CIRCLE('',#5058,0.499999999999998);
#188=CIRCLE('',#5059,0.500000000000007);
#189=CIRCLE('',#5060,0.499999999999998);
#190=CIRCLE('',#5061,0.499999999999998);
#191=CIRCLE('',#5062,0.500000000000003);
#192=CIRCLE('',#5063,0.499999999999998);
#193=CIRCLE('',#5064,0.499999999999998);
#194=CIRCLE('',#5065,0.499999999999998);
#195=CIRCLE('',#5066,0.499999999999998);
#196=CIRCLE('',#5067,0.499999999999998);
#197=CIRCLE('',#5068,0.499999999999998);
#198=CIRCLE('',#5069,0.499999999999989);
#199=CIRCLE('',#5070,0.500000000000003);
#200=CIRCLE('',#5071,0.500000000000007);
#201=CIRCLE('',#5072,0.499999999999998);
#202=CIRCLE('',#5073,0.499999999999998);
#203=CIRCLE('',#5074,0.499999999999998);
#204=CIRCLE('',#5075,0.499999999999998);
#205=CIRCLE('',#5076,0.499999999999998);
#206=CIRCLE('',#5077,1.7);
#207=CIRCLE('',#5078,1.7);
#208=CIRCLE('',#5079,1.7);
#209=CIRCLE('',#5080,1.7);
#210=CIRCLE('',#5081,1.7);
#211=CIRCLE('',#5082,1.7);
#212=CIRCLE('',#5084,3.90000000000001);
#213=CIRCLE('',#5086,0.499999999999998);
#214=CIRCLE('',#5087,0.499999999999998);
#215=CIRCLE('',#5088,0.499999999999998);
#216=CIRCLE('',#5089,0.499999999999998);
#217=CIRCLE('',#5090,0.499999999999998);
#218=CIRCLE('',#5091,0.499999999999998);
#219=CIRCLE('',#5092,0.499999999999998);
#220=CIRCLE('',#5093,0.499999999999998);
#221=CIRCLE('',#5094,0.499999999999998);
#222=CIRCLE('',#5095,0.500000000000007);
#223=CIRCLE('',#5096,0.499999999999998);
#224=CIRCLE('',#5097,0.499999999999989);
#225=CIRCLE('',#5098,0.499999999999998);
#226=CIRCLE('',#5099,0.499999999999998);
#227=CIRCLE('',#5100,0.500000000000003);
#228=CIRCLE('',#5101,0.499999999999998);
#229=CIRCLE('',#5102,0.499999999999998);
#230=CIRCLE('',#5103,0.500000000000007);
#231=CIRCLE('',#5104,0.499999999999998);
#232=CIRCLE('',#5105,0.499999999999989);
#233=CIRCLE('',#5106,0.499999999999998);
#234=CIRCLE('',#5107,0.499999999999998);
#235=CIRCLE('',#5108,0.500000000000003);
#236=CIRCLE('',#5109,0.499999999999998);
#237=CIRCLE('',#5110,0.499999999999998);
#238=CIRCLE('',#5111,0.499999999999998);
#239=CIRCLE('',#5112,0.499999999999998);
#240=CIRCLE('',#5113,0.499999999999998);
#241=CIRCLE('',#5114,0.499999999999998);
#242=CIRCLE('',#5115,0.500000000000007);
#243=CIRCLE('',#5116,0.500000000000003);
#244=CIRCLE('',#5117,0.499999999999989);
#245=CIRCLE('',#5118,0.499999999999998);
#246=CIRCLE('',#5119,0.499999999999998);
#247=CIRCLE('',#5120,0.499999999999998);
#248=CIRCLE('',#5121,0.499999999999998);
#249=CIRCLE('',#5122,3.90000000000001);
#250=CIRCLE('',#5228,1.7);
#251=CIRCLE('',#5229,1.7);
#252=CIRCLE('',#5230,1.7);
#253=CIRCLE('',#5231,1.7);
#254=CIRCLE('',#5232,1.7);
#255=CIRCLE('',#5233,1.7);
#256=FACE_BOUND('',#568,.T.);
#257=FACE_BOUND('',#569,.T.);
#258=FACE_BOUND('',#571,.T.);
#259=FACE_BOUND('',#573,.T.);
#260=FACE_BOUND('',#575,.T.);
#261=FACE_BOUND('',#577,.T.);
#262=FACE_BOUND('',#579,.T.);
#263=FACE_BOUND('',#581,.T.);
#264=FACE_BOUND('',#582,.T.);
#265=FACE_BOUND('',#583,.T.);
#266=FACE_BOUND('',#584,.T.);
#267=FACE_BOUND('',#585,.T.);
#268=FACE_BOUND('',#586,.T.);
#269=FACE_BOUND('',#587,.T.);
#270=FACE_BOUND('',#588,.T.);
#271=FACE_BOUND('',#589,.T.);
#272=FACE_BOUND('',#590,.T.);
#273=FACE_BOUND('',#591,.T.);
#274=FACE_BOUND('',#592,.T.);
#275=FACE_BOUND('',#593,.T.);
#276=FACE_BOUND('',#594,.T.);
#277=FACE_BOUND('',#595,.T.);
#278=FACE_BOUND('',#596,.T.);
#279=FACE_BOUND('',#597,.T.);
#280=FACE_BOUND('',#599,.T.);
#281=FACE_BOUND('',#601,.T.);
#282=FACE_BOUND('',#602,.T.);
#283=FACE_BOUND('',#603,.T.);
#284=FACE_BOUND('',#604,.T.);
#285=FACE_BOUND('',#605,.T.);
#286=FACE_BOUND('',#606,.T.);
#287=FACE_BOUND('',#607,.T.);
#288=FACE_BOUND('',#608,.T.);
#289=FACE_BOUND('',#609,.T.);
#290=FACE_BOUND('',#610,.T.);
#291=FACE_BOUND('',#611,.T.);
#292=FACE_BOUND('',#612,.T.);
#293=FACE_BOUND('',#613,.T.);
#294=FACE_BOUND('',#614,.T.);
#295=FACE_BOUND('',#615,.T.);
#296=FACE_BOUND('',#616,.T.);
#297=FACE_BOUND('',#617,.T.);
#298=FACE_BOUND('',#758,.T.);
#299=FACE_BOUND('',#759,.T.);
#300=FACE_BOUND('',#760,.T.);
#301=FACE_BOUND('',#761,.T.);
#302=FACE_BOUND('',#762,.T.);
#303=FACE_BOUND('',#763,.T.);
#304=FACE_BOUND('',#764,.T.);
#305=FACE_OUTER_BOUND('',#567,.T.);
#306=FACE_OUTER_BOUND('',#570,.T.);
#307=FACE_OUTER_BOUND('',#572,.T.);
#308=FACE_OUTER_BOUND('',#574,.T.);
#309=FACE_OUTER_BOUND('',#576,.T.);
#310=FACE_OUTER_BOUND('',#578,.T.);
#311=FACE_OUTER_BOUND('',#580,.T.);
#312=FACE_OUTER_BOUND('',#598,.T.);
#313=FACE_OUTER_BOUND('',#600,.T.);
#314=FACE_OUTER_BOUND('',#618,.T.);
#315=FACE_OUTER_BOUND('',#619,.T.);
#316=FACE_OUTER_BOUND('',#620,.T.);
#317=FACE_OUTER_BOUND('',#621,.T.);
#318=FACE_OUTER_BOUND('',#622,.T.);
#319=FACE_OUTER_BOUND('',#623,.T.);
#320=FACE_OUTER_BOUND('',#624,.T.);
#321=FACE_OUTER_BOUND('',#625,.T.);
#322=FACE_OUTER_BOUND('',#626,.T.);
#323=FACE_OUTER_BOUND('',#627,.T.);
#324=FACE_OUTER_BOUND('',#628,.T.);
#325=FACE_OUTER_BOUND('',#629,.T.);
#326=FACE_OUTER_BOUND('',#630,.T.);
#327=FACE_OUTER_BOUND('',#631,.T.);
#328=FACE_OUTER_BOUND('',#632,.T.);
#329=FACE_OUTER_BOUND('',#633,.T.);
#330=FACE_OUTER_BOUND('',#634,.T.);
#331=FACE_OUTER_BOUND('',#635,.T.);
#332=FACE_OUTER_BOUND('',#636,.T.);
#333=FACE_OUTER_BOUND('',#637,.T.);
#334=FACE_OUTER_BOUND('',#638,.T.);
#335=FACE_OUTER_BOUND('',#639,.T.);
#336=FACE_OUTER_BOUND('',#640,.T.);
#337=FACE_OUTER_BOUND('',#641,.T.);
#338=FACE_OUTER_BOUND('',#642,.T.);
#339=FACE_OUTER_BOUND('',#643,.T.);
#340=FACE_OUTER_BOUND('',#644,.T.);
#341=FACE_OUTER_BOUND('',#645,.T.);
#342=FACE_OUTER_BOUND('',#646,.T.);
#343=FACE_OUTER_BOUND('',#647,.T.);
#344=FACE_OUTER_BOUND('',#648,.T.);
#345=FACE_OUTER_BOUND('',#649,.T.);
#346=FACE_OUTER_BOUND('',#650,.T.);
#347=FACE_OUTER_BOUND('',#651,.T.);
#348=FACE_OUTER_BOUND('',#652,.T.);
#349=FACE_OUTER_BOUND('',#653,.T.);
#350=FACE_OUTER_BOUND('',#654,.T.);
#351=FACE_OUTER_BOUND('',#655,.T.);
#352=FACE_OUTER_BOUND('',#656,.T.);
#353=FACE_OUTER_BOUND('',#657,.T.);
#354=FACE_OUTER_BOUND('',#658,.T.);
#355=FACE_OUTER_BOUND('',#659,.T.);
#356=FACE_OUTER_BOUND('',#660,.T.);
#357=FACE_OUTER_BOUND('',#661,.T.);
#358=FACE_OUTER_BOUND('',#662,.T.);
#359=FACE_OUTER_BOUND('',#663,.T.);
#360=FACE_OUTER_BOUND('',#664,.T.);
#361=FACE_OUTER_BOUND('',#665,.T.);
#362=FACE_OUTER_BOUND('',#666,.T.);
#363=FACE_OUTER_BOUND('',#667,.T.);
#364=FACE_OUTER_BOUND('',#668,.T.);
#365=FACE_OUTER_BOUND('',#669,.T.);
#366=FACE_OUTER_BOUND('',#670,.T.);
#367=FACE_OUTER_BOUND('',#671,.T.);
#368=FACE_OUTER_BOUND('',#672,.T.);
#369=FACE_OUTER_BOUND('',#673,.T.);
#370=FACE_OUTER_BOUND('',#674,.T.);
#371=FACE_OUTER_BOUND('',#675,.T.);
#372=FACE_OUTER_BOUND('',#676,.T.);
#373=FACE_OUTER_BOUND('',#677,.T.);
#374=FACE_OUTER_BOUND('',#678,.T.);
#375=FACE_OUTER_BOUND('',#679,.T.);
#376=FACE_OUTER_BOUND('',#680,.T.);
#377=FACE_OUTER_BOUND('',#681,.T.);
#378=FACE_OUTER_BOUND('',#682,.T.);
#379=FACE_OUTER_BOUND('',#683,.T.);
#380=FACE_OUTER_BOUND('',#684,.T.);
#381=FACE_OUTER_BOUND('',#685,.T.);
#382=FACE_OUTER_BOUND('',#686,.T.);
#383=FACE_OUTER_BOUND('',#687,.T.);
#384=FACE_OUTER_BOUND('',#688,.T.);
#385=FACE_OUTER_BOUND('',#689,.T.);
#386=FACE_OUTER_BOUND('',#690,.T.);
#387=FACE_OUTER_BOUND('',#691,.T.);
#388=FACE_OUTER_BOUND('',#692,.T.);
#389=FACE_OUTER_BOUND('',#693,.T.);
#390=FACE_OUTER_BOUND('',#694,.T.);
#391=FACE_OUTER_BOUND('',#695,.T.);
#392=FACE_OUTER_BOUND('',#696,.T.);
#393=FACE_OUTER_BOUND('',#697,.T.);
#394=FACE_OUTER_BOUND('',#698,.T.);
#395=FACE_OUTER_BOUND('',#699,.T.);
#396=FACE_OUTER_BOUND('',#700,.T.);
#397=FACE_OUTER_BOUND('',#701,.T.);
#398=FACE_OUTER_BOUND('',#702,.T.);
#399=FACE_OUTER_BOUND('',#703,.T.);
#400=FACE_OUTER_BOUND('',#704,.T.);
#401=FACE_OUTER_BOUND('',#705,.T.);
#402=FACE_OUTER_BOUND('',#706,.T.);
#403=FACE_OUTER_BOUND('',#707,.T.);
#404=FACE_OUTER_BOUND('',#708,.T.);
#405=FACE_OUTER_BOUND('',#709,.T.);
#406=FACE_OUTER_BOUND('',#710,.T.);
#407=FACE_OUTER_BOUND('',#711,.T.);
#408=FACE_OUTER_BOUND('',#712,.T.);
#409=FACE_OUTER_BOUND('',#713,.T.);
#410=FACE_OUTER_BOUND('',#714,.T.);
#411=FACE_OUTER_BOUND('',#715,.T.);
#412=FACE_OUTER_BOUND('',#716,.T.);
#413=FACE_OUTER_BOUND('',#717,.T.);
#414=FACE_OUTER_BOUND('',#718,.T.);
#415=FACE_OUTER_BOUND('',#719,.T.);
#416=FACE_OUTER_BOUND('',#720,.T.);
#417=FACE_OUTER_BOUND('',#721,.T.);
#418=FACE_OUTER_BOUND('',#722,.T.);
#419=FACE_OUTER_BOUND('',#723,.T.);
#420=FACE_OUTER_BOUND('',#724,.T.);
#421=FACE_OUTER_BOUND('',#725,.T.);
#422=FACE_OUTER_BOUND('',#726,.T.);
#423=FACE_OUTER_BOUND('',#727,.T.);
#424=FACE_OUTER_BOUND('',#728,.T.);
#425=FACE_OUTER_BOUND('',#729,.T.);
#426=FACE_OUTER_BOUND('',#730,.T.);
#427=FACE_OUTER_BOUND('',#731,.T.);
#428=FACE_OUTER_BOUND('',#732,.T.);
#429=FACE_OUTER_BOUND('',#733,.T.);
#430=FACE_OUTER_BOUND('',#734,.T.);
#431=FACE_OUTER_BOUND('',#735,.T.);
#432=FACE_OUTER_BOUND('',#736,.T.);
#433=FACE_OUTER_BOUND('',#737,.T.);
#434=FACE_OUTER_BOUND('',#738,.T.);
#435=FACE_OUTER_BOUND('',#739,.T.);
#436=FACE_OUTER_BOUND('',#740,.T.);
#437=FACE_OUTER_BOUND('',#741,.T.);
#438=FACE_OUTER_BOUND('',#742,.T.);
#439=FACE_OUTER_BOUND('',#743,.T.);
#440=FACE_OUTER_BOUND('',#744,.T.);
#441=FACE_OUTER_BOUND('',#745,.T.);
#442=FACE_OUTER_BOUND('',#746,.T.);
#443=FACE_OUTER_BOUND('',#747,.T.);
#444=FACE_OUTER_BOUND('',#748,.T.);
#445=FACE_OUTER_BOUND('',#749,.T.);
#446=FACE_OUTER_BOUND('',#750,.T.);
#447=FACE_OUTER_BOUND('',#751,.T.);
#448=FACE_OUTER_BOUND('',#752,.T.);
#449=FACE_OUTER_BOUND('',#753,.T.);
#450=FACE_OUTER_BOUND('',#754,.T.);
#451=FACE_OUTER_BOUND('',#755,.T.);
#452=FACE_OUTER_BOUND('',#756,.T.);
#453=FACE_OUTER_BOUND('',#757,.T.);
#454=FACE_OUTER_BOUND('',#765,.T.);
#455=FACE_OUTER_BOUND('',#766,.T.);
#456=FACE_OUTER_BOUND('',#767,.T.);
#457=FACE_OUTER_BOUND('',#768,.T.);
#458=FACE_OUTER_BOUND('',#769,.T.);
#459=FACE_OUTER_BOUND('',#770,.T.);
#460=FACE_OUTER_BOUND('',#771,.T.);
#461=FACE_OUTER_BOUND('',#772,.T.);
#462=FACE_OUTER_BOUND('',#773,.T.);
#463=FACE_OUTER_BOUND('',#774,.T.);
#464=FACE_OUTER_BOUND('',#775,.T.);
#465=FACE_OUTER_BOUND('',#776,.T.);
#466=FACE_OUTER_BOUND('',#777,.T.);
#467=FACE_OUTER_BOUND('',#778,.T.);
#468=FACE_OUTER_BOUND('',#779,.T.);
#469=FACE_OUTER_BOUND('',#780,.T.);
#470=FACE_OUTER_BOUND('',#781,.T.);
#471=FACE_OUTER_BOUND('',#782,.T.);
#472=FACE_OUTER_BOUND('',#783,.T.);
#473=FACE_OUTER_BOUND('',#784,.T.);
#474=FACE_OUTER_BOUND('',#785,.T.);
#475=FACE_OUTER_BOUND('',#786,.T.);
#476=FACE_OUTER_BOUND('',#787,.T.);
#477=FACE_OUTER_BOUND('',#788,.T.);
#478=FACE_OUTER_BOUND('',#789,.T.);
#479=FACE_OUTER_BOUND('',#790,.T.);
#480=FACE_OUTER_BOUND('',#791,.T.);
#481=FACE_OUTER_BOUND('',#792,.T.);
#482=FACE_OUTER_BOUND('',#793,.T.);
#483=FACE_OUTER_BOUND('',#794,.T.);
#484=FACE_OUTER_BOUND('',#795,.T.);
#485=FACE_OUTER_BOUND('',#796,.T.);
#486=FACE_OUTER_BOUND('',#797,.T.);
#487=FACE_OUTER_BOUND('',#798,.T.);
#488=FACE_OUTER_BOUND('',#799,.T.);
#489=FACE_OUTER_BOUND('',#800,.T.);
#490=FACE_OUTER_BOUND('',#801,.T.);
#491=FACE_OUTER_BOUND('',#802,.T.);
#492=FACE_OUTER_BOUND('',#803,.T.);
#493=FACE_OUTER_BOUND('',#804,.T.);
#494=FACE_OUTER_BOUND('',#805,.T.);
#495=FACE_OUTER_BOUND('',#806,.T.);
#496=FACE_OUTER_BOUND('',#807,.T.);
#497=FACE_OUTER_BOUND('',#808,.T.);
#498=FACE_OUTER_BOUND('',#809,.T.);
#499=FACE_OUTER_BOUND('',#810,.T.);
#500=FACE_OUTER_BOUND('',#811,.T.);
#501=FACE_OUTER_BOUND('',#812,.T.);
#502=FACE_OUTER_BOUND('',#813,.T.);
#503=FACE_OUTER_BOUND('',#814,.T.);
#504=FACE_OUTER_BOUND('',#815,.T.);
#505=FACE_OUTER_BOUND('',#816,.T.);
#506=FACE_OUTER_BOUND('',#817,.T.);
#507=FACE_OUTER_BOUND('',#818,.T.);
#508=FACE_OUTER_BOUND('',#819,.T.);
#509=FACE_OUTER_BOUND('',#820,.T.);
#510=FACE_OUTER_BOUND('',#821,.T.);
#511=FACE_OUTER_BOUND('',#822,.T.);
#512=FACE_OUTER_BOUND('',#823,.T.);
#513=FACE_OUTER_BOUND('',#824,.T.);
#514=FACE_OUTER_BOUND('',#825,.T.);
#515=FACE_OUTER_BOUND('',#826,.T.);
#516=FACE_OUTER_BOUND('',#827,.T.);
#517=FACE_OUTER_BOUND('',#828,.T.);
#518=FACE_OUTER_BOUND('',#829,.T.);
#519=FACE_OUTER_BOUND('',#830,.T.);
#520=FACE_OUTER_BOUND('',#831,.T.);
#521=FACE_OUTER_BOUND('',#832,.T.);
#522=FACE_OUTER_BOUND('',#833,.T.);
#523=FACE_OUTER_BOUND('',#834,.T.);
#524=FACE_OUTER_BOUND('',#835,.T.);
#525=FACE_OUTER_BOUND('',#836,.T.);
#526=FACE_OUTER_BOUND('',#837,.T.);
#527=FACE_OUTER_BOUND('',#838,.T.);
#528=FACE_OUTER_BOUND('',#839,.T.);
#529=FACE_OUTER_BOUND('',#840,.T.);
#530=FACE_OUTER_BOUND('',#841,.T.);
#531=FACE_OUTER_BOUND('',#842,.T.);
#532=FACE_OUTER_BOUND('',#843,.T.);
#533=FACE_OUTER_BOUND('',#844,.T.);
#534=FACE_OUTER_BOUND('',#845,.T.);
#535=FACE_OUTER_BOUND('',#846,.T.);
#536=FACE_OUTER_BOUND('',#847,.T.);
#537=FACE_OUTER_BOUND('',#848,.T.);
#538=FACE_OUTER_BOUND('',#849,.T.);
#539=FACE_OUTER_BOUND('',#850,.T.);
#540=FACE_OUTER_BOUND('',#851,.T.);
#541=FACE_OUTER_BOUND('',#852,.T.);
#542=FACE_OUTER_BOUND('',#853,.T.);
#543=FACE_OUTER_BOUND('',#854,.T.);
#544=FACE_OUTER_BOUND('',#855,.T.);
#545=FACE_OUTER_BOUND('',#856,.T.);
#546=FACE_OUTER_BOUND('',#857,.T.);
#547=FACE_OUTER_BOUND('',#858,.T.);
#548=FACE_OUTER_BOUND('',#859,.T.);
#549=FACE_OUTER_BOUND('',#860,.T.);
#550=FACE_OUTER_BOUND('',#861,.T.);
#551=FACE_OUTER_BOUND('',#862,.T.);
#552=FACE_OUTER_BOUND('',#863,.T.);
#553=FACE_OUTER_BOUND('',#864,.T.);
#554=FACE_OUTER_BOUND('',#865,.T.);
#555=FACE_OUTER_BOUND('',#866,.T.);
#556=FACE_OUTER_BOUND('',#867,.T.);
#557=FACE_OUTER_BOUND('',#868,.T.);
#558=FACE_OUTER_BOUND('',#869,.T.);
#559=FACE_OUTER_BOUND('',#870,.T.);
#560=FACE_OUTER_BOUND('',#871,.T.);
#561=FACE_OUTER_BOUND('',#872,.T.);
#562=FACE_OUTER_BOUND('',#873,.T.);
#563=FACE_OUTER_BOUND('',#874,.T.);
#564=FACE_OUTER_BOUND('',#875,.T.);
#565=FACE_OUTER_BOUND('',#876,.T.);
#566=FACE_OUTER_BOUND('',#877,.T.);
#567=EDGE_LOOP('',(#3175,#3176,#3177,#3178,#3179,#3180,#3181,#3182,#3183,
#3184,#3185,#3186,#3187,#3188,#3189));
#568=EDGE_LOOP('',(#3190,#3191,#3192,#3193,#3194,#3195,#3196,#3197,#3198));
#569=EDGE_LOOP('',(#3199,#3200,#3201,#3202,#3203,#3204,#3205,#3206,#3207));
#570=EDGE_LOOP('',(#3208,#3209,#3210,#3211,#3212,#3213,#3214,#3215,#3216,
#3217,#3218,#3219,#3220,#3221));
#571=EDGE_LOOP('',(#3222,#3223,#3224,#3225,#3226));
#572=EDGE_LOOP('',(#3227,#3228,#3229,#3230,#3231,#3232,#3233,#3234,#3235,
#3236,#3237,#3238,#3239,#3240,#3241,#3242,#3243,#3244,#3245,#3246,#3247,
#3248,#3249,#3250,#3251));
#573=EDGE_LOOP('',(#3252,#3253,#3254,#3255,#3256,#3257,#3258,#3259,#3260));
#574=EDGE_LOOP('',(#3261,#3262,#3263,#3264,#3265,#3266,#3267,#3268,#3269,
#3270,#3271,#3272));
#575=EDGE_LOOP('',(#3273,#3274,#3275,#3276,#3277,#3278,#3279,#3280));
#576=EDGE_LOOP('',(#3281,#3282,#3283,#3284,#3285,#3286,#3287,#3288,#3289,
#3290,#3291,#3292));
#577=EDGE_LOOP('',(#3293,#3294,#3295,#3296,#3297,#3298,#3299,#3300,#3301));
#578=EDGE_LOOP('',(#3302,#3303,#3304,#3305,#3306,#3307,#3308,#3309,#3310,
#3311,#3312,#3313,#3314,#3315));
#579=EDGE_LOOP('',(#3316,#3317,#3318,#3319,#3320));
#580=EDGE_LOOP('',(#3321,#3322,#3323,#3324,#3325,#3326));
#581=EDGE_LOOP('',(#3327,#3328,#3329,#3330,#3331,#3332,#3333,#3334));
#582=EDGE_LOOP('',(#3335,#3336,#3337,#3338,#3339,#3340,#3341,#3342));
#583=EDGE_LOOP('',(#3343,#3344,#3345,#3346,#3347,#3348,#3349,#3350));
#584=EDGE_LOOP('',(#3351,#3352,#3353,#3354,#3355,#3356,#3357,#3358));
#585=EDGE_LOOP('',(#3359,#3360,#3361,#3362,#3363,#3364,#3365,#3366));
#586=EDGE_LOOP('',(#3367,#3368,#3369,#3370,#3371,#3372,#3373,#3374));
#587=EDGE_LOOP('',(#3375,#3376,#3377,#3378,#3379,#3380,#3381,#3382));
#588=EDGE_LOOP('',(#3383,#3384,#3385,#3386,#3387,#3388,#3389,#3390));
#589=EDGE_LOOP('',(#3391,#3392,#3393,#3394,#3395,#3396,#3397,#3398));
#590=EDGE_LOOP('',(#3399));
#591=EDGE_LOOP('',(#3400));
#592=EDGE_LOOP('',(#3401));
#593=EDGE_LOOP('',(#3402));
#594=EDGE_LOOP('',(#3403));
#595=EDGE_LOOP('',(#3404));
#596=EDGE_LOOP('',(#3405,#3406,#3407,#3408));
#597=EDGE_LOOP('',(#3409,#3410,#3411,#3412));
#598=EDGE_LOOP('',(#3413,#3414,#3415,#3416));
#599=EDGE_LOOP('',(#3417));
#600=EDGE_LOOP('',(#3418,#3419,#3420,#3421,#3422,#3423));
#601=EDGE_LOOP('',(#3424,#3425,#3426,#3427,#3428,#3429,#3430,#3431));
#602=EDGE_LOOP('',(#3432,#3433,#3434,#3435,#3436,#3437,#3438,#3439));
#603=EDGE_LOOP('',(#3440,#3441,#3442,#3443,#3444,#3445,#3446,#3447));
#604=EDGE_LOOP('',(#3448,#3449,#3450,#3451,#3452,#3453,#3454,#3455));
#605=EDGE_LOOP('',(#3456,#3457,#3458,#3459,#3460,#3461,#3462,#3463));
#606=EDGE_LOOP('',(#3464,#3465,#3466,#3467,#3468,#3469,#3470,#3471));
#607=EDGE_LOOP('',(#3472,#3473,#3474,#3475,#3476,#3477,#3478,#3479));
#608=EDGE_LOOP('',(#3480,#3481,#3482,#3483,#3484,#3485,#3486,#3487));
#609=EDGE_LOOP('',(#3488,#3489,#3490,#3491,#3492,#3493,#3494,#3495));
#610=EDGE_LOOP('',(#3496,#3497,#3498,#3499));
#611=EDGE_LOOP('',(#3500,#3501,#3502,#3503,#3504,#3505,#3506,#3507,#3508,
#3509,#3510,#3511,#3512,#3513));
#612=EDGE_LOOP('',(#3514,#3515,#3516,#3517,#3518,#3519,#3520,#3521,#3522,
#3523,#3524,#3525,#3526,#3527,#3528,#3529,#3530,#3531,#3532,#3533,#3534,
#3535,#3536,#3537,#3538));
#613=EDGE_LOOP('',(#3539,#3540,#3541,#3542,#3543,#3544,#3545,#3546,#3547,
#3548,#3549,#3550,#3551,#3552));
#614=EDGE_LOOP('',(#3553,#3554,#3555,#3556,#3557,#3558,#3559,#3560,#3561,
#3562,#3563,#3564,#3565,#3566,#3567));
#615=EDGE_LOOP('',(#3568,#3569,#3570,#3571,#3572,#3573,#3574,#3575,#3576,
#3577,#3578,#3579));
#616=EDGE_LOOP('',(#3580,#3581,#3582,#3583,#3584,#3585,#3586,#3587,#3588,
#3589,#3590,#3591));
#617=EDGE_LOOP('',(#3592));
#618=EDGE_LOOP('',(#3593,#3594,#3595,#3596));
#619=EDGE_LOOP('',(#3597,#3598,#3599,#3600));
#620=EDGE_LOOP('',(#3601,#3602,#3603,#3604));
#621=EDGE_LOOP('',(#3605,#3606,#3607,#3608));
#622=EDGE_LOOP('',(#3609,#3610,#3611,#3612));
#623=EDGE_LOOP('',(#3613,#3614,#3615,#3616));
#624=EDGE_LOOP('',(#3617,#3618,#3619,#3620));
#625=EDGE_LOOP('',(#3621,#3622,#3623,#3624));
#626=EDGE_LOOP('',(#3625,#3626,#3627,#3628));
#627=EDGE_LOOP('',(#3629,#3630,#3631,#3632));
#628=EDGE_LOOP('',(#3633,#3634,#3635,#3636));
#629=EDGE_LOOP('',(#3637,#3638,#3639,#3640));
#630=EDGE_LOOP('',(#3641,#3642,#3643,#3644));
#631=EDGE_LOOP('',(#3645,#3646,#3647,#3648));
#632=EDGE_LOOP('',(#3649,#3650,#3651,#3652));
#633=EDGE_LOOP('',(#3653,#3654,#3655,#3656));
#634=EDGE_LOOP('',(#3657,#3658,#3659,#3660));
#635=EDGE_LOOP('',(#3661,#3662,#3663,#3664));
#636=EDGE_LOOP('',(#3665,#3666,#3667,#3668));
#637=EDGE_LOOP('',(#3669,#3670,#3671,#3672));
#638=EDGE_LOOP('',(#3673,#3674,#3675,#3676));
#639=EDGE_LOOP('',(#3677,#3678,#3679,#3680));
#640=EDGE_LOOP('',(#3681,#3682,#3683,#3684));
#641=EDGE_LOOP('',(#3685,#3686,#3687,#3688));
#642=EDGE_LOOP('',(#3689,#3690,#3691,#3692));
#643=EDGE_LOOP('',(#3693,#3694,#3695,#3696));
#644=EDGE_LOOP('',(#3697,#3698,#3699,#3700));
#645=EDGE_LOOP('',(#3701,#3702,#3703,#3704));
#646=EDGE_LOOP('',(#3705,#3706,#3707,#3708));
#647=EDGE_LOOP('',(#3709,#3710,#3711,#3712));
#648=EDGE_LOOP('',(#3713,#3714,#3715,#3716));
#649=EDGE_LOOP('',(#3717,#3718,#3719,#3720));
#650=EDGE_LOOP('',(#3721,#3722,#3723,#3724));
#651=EDGE_LOOP('',(#3725,#3726,#3727,#3728));
#652=EDGE_LOOP('',(#3729,#3730,#3731,#3732));
#653=EDGE_LOOP('',(#3733,#3734,#3735,#3736));
#654=EDGE_LOOP('',(#3737,#3738,#3739,#3740));
#655=EDGE_LOOP('',(#3741,#3742,#3743,#3744));
#656=EDGE_LOOP('',(#3745,#3746,#3747,#3748));
#657=EDGE_LOOP('',(#3749,#3750,#3751,#3752));
#658=EDGE_LOOP('',(#3753,#3754,#3755,#3756));
#659=EDGE_LOOP('',(#3757,#3758,#3759,#3760));
#660=EDGE_LOOP('',(#3761,#3762,#3763,#3764));
#661=EDGE_LOOP('',(#3765,#3766,#3767,#3768));
#662=EDGE_LOOP('',(#3769,#3770,#3771,#3772));
#663=EDGE_LOOP('',(#3773,#3774,#3775,#3776));
#664=EDGE_LOOP('',(#3777,#3778,#3779,#3780));
#665=EDGE_LOOP('',(#3781,#3782,#3783,#3784));
#666=EDGE_LOOP('',(#3785,#3786,#3787,#3788));
#667=EDGE_LOOP('',(#3789,#3790,#3791,#3792));
#668=EDGE_LOOP('',(#3793,#3794,#3795,#3796));
#669=EDGE_LOOP('',(#3797,#3798,#3799,#3800));
#670=EDGE_LOOP('',(#3801,#3802,#3803,#3804));
#671=EDGE_LOOP('',(#3805,#3806,#3807,#3808,#3809));
#672=EDGE_LOOP('',(#3810,#3811,#3812,#3813,#3814,#3815,#3816,#3817,#3818));
#673=EDGE_LOOP('',(#3819,#3820,#3821,#3822,#3823));
#674=EDGE_LOOP('',(#3824,#3825,#3826,#3827,#3828,#3829,#3830,#3831,#3832));
#675=EDGE_LOOP('',(#3833,#3834,#3835,#3836,#3837,#3838,#3839,#3840,#3841));
#676=EDGE_LOOP('',(#3842,#3843,#3844,#3845,#3846,#3847,#3848,#3849,#3850));
#677=EDGE_LOOP('',(#3851,#3852,#3853,#3854,#3855,#3856,#3857,#3858));
#678=EDGE_LOOP('',(#3859,#3860,#3861,#3862));
#679=EDGE_LOOP('',(#3863,#3864,#3865,#3866));
#680=EDGE_LOOP('',(#3867,#3868,#3869,#3870));
#681=EDGE_LOOP('',(#3871,#3872,#3873,#3874));
#682=EDGE_LOOP('',(#3875,#3876,#3877,#3878));
#683=EDGE_LOOP('',(#3879,#3880,#3881,#3882));
#684=EDGE_LOOP('',(#3883,#3884,#3885,#3886));
#685=EDGE_LOOP('',(#3887,#3888,#3889,#3890));
#686=EDGE_LOOP('',(#3891,#3892,#3893,#3894));
#687=EDGE_LOOP('',(#3895,#3896,#3897,#3898));
#688=EDGE_LOOP('',(#3899,#3900,#3901,#3902));
#689=EDGE_LOOP('',(#3903,#3904,#3905,#3906));
#690=EDGE_LOOP('',(#3907,#3908,#3909,#3910));
#691=EDGE_LOOP('',(#3911,#3912,#3913,#3914));
#692=EDGE_LOOP('',(#3915,#3916,#3917,#3918));
#693=EDGE_LOOP('',(#3919,#3920,#3921,#3922));
#694=EDGE_LOOP('',(#3923,#3924,#3925,#3926));
#695=EDGE_LOOP('',(#3927,#3928,#3929,#3930));
#696=EDGE_LOOP('',(#3931,#3932,#3933,#3934));
#697=EDGE_LOOP('',(#3935,#3936,#3937,#3938));
#698=EDGE_LOOP('',(#3939,#3940,#3941,#3942));
#699=EDGE_LOOP('',(#3943,#3944,#3945,#3946));
#700=EDGE_LOOP('',(#3947,#3948,#3949,#3950));
#701=EDGE_LOOP('',(#3951,#3952,#3953,#3954));
#702=EDGE_LOOP('',(#3955,#3956,#3957,#3958));
#703=EDGE_LOOP('',(#3959,#3960,#3961,#3962));
#704=EDGE_LOOP('',(#3963,#3964,#3965,#3966));
#705=EDGE_LOOP('',(#3967,#3968,#3969,#3970));
#706=EDGE_LOOP('',(#3971,#3972,#3973,#3974));
#707=EDGE_LOOP('',(#3975,#3976,#3977,#3978));
#708=EDGE_LOOP('',(#3979,#3980,#3981,#3982));
#709=EDGE_LOOP('',(#3983,#3984,#3985,#3986));
#710=EDGE_LOOP('',(#3987,#3988,#3989,#3990));
#711=EDGE_LOOP('',(#3991,#3992,#3993,#3994));
#712=EDGE_LOOP('',(#3995,#3996,#3997,#3998));
#713=EDGE_LOOP('',(#3999,#4000,#4001,#4002));
#714=EDGE_LOOP('',(#4003,#4004,#4005,#4006));
#715=EDGE_LOOP('',(#4007,#4008,#4009,#4010));
#716=EDGE_LOOP('',(#4011,#4012,#4013,#4014));
#717=EDGE_LOOP('',(#4015,#4016,#4017,#4018));
#718=EDGE_LOOP('',(#4019,#4020,#4021,#4022));
#719=EDGE_LOOP('',(#4023,#4024,#4025,#4026));
#720=EDGE_LOOP('',(#4027,#4028,#4029,#4030));
#721=EDGE_LOOP('',(#4031,#4032,#4033,#4034));
#722=EDGE_LOOP('',(#4035,#4036,#4037,#4038));
#723=EDGE_LOOP('',(#4039,#4040,#4041,#4042));
#724=EDGE_LOOP('',(#4043,#4044,#4045,#4046));
#725=EDGE_LOOP('',(#4047,#4048,#4049,#4050));
#726=EDGE_LOOP('',(#4051,#4052,#4053,#4054));
#727=EDGE_LOOP('',(#4055,#4056,#4057,#4058));
#728=EDGE_LOOP('',(#4059,#4060,#4061,#4062));
#729=EDGE_LOOP('',(#4063,#4064,#4065,#4066));
#730=EDGE_LOOP('',(#4067,#4068,#4069,#4070));
#731=EDGE_LOOP('',(#4071,#4072,#4073,#4074));
#732=EDGE_LOOP('',(#4075,#4076,#4077,#4078));
#733=EDGE_LOOP('',(#4079,#4080,#4081,#4082));
#734=EDGE_LOOP('',(#4083,#4084,#4085,#4086));
#735=EDGE_LOOP('',(#4087,#4088,#4089,#4090));
#736=EDGE_LOOP('',(#4091,#4092,#4093,#4094));
#737=EDGE_LOOP('',(#4095,#4096,#4097,#4098));
#738=EDGE_LOOP('',(#4099,#4100,#4101,#4102));
#739=EDGE_LOOP('',(#4103,#4104,#4105,#4106));
#740=EDGE_LOOP('',(#4107,#4108,#4109,#4110));
#741=EDGE_LOOP('',(#4111,#4112,#4113,#4114));
#742=EDGE_LOOP('',(#4115,#4116,#4117,#4118));
#743=EDGE_LOOP('',(#4119,#4120,#4121,#4122));
#744=EDGE_LOOP('',(#4123,#4124,#4125,#4126));
#745=EDGE_LOOP('',(#4127,#4128,#4129,#4130));
#746=EDGE_LOOP('',(#4131,#4132,#4133,#4134));
#747=EDGE_LOOP('',(#4135,#4136,#4137,#4138));
#748=EDGE_LOOP('',(#4139,#4140,#4141,#4142));
#749=EDGE_LOOP('',(#4143,#4144,#4145,#4146));
#750=EDGE_LOOP('',(#4147,#4148,#4149,#4150));
#751=EDGE_LOOP('',(#4151,#4152,#4153,#4154));
#752=EDGE_LOOP('',(#4155,#4156,#4157,#4158));
#753=EDGE_LOOP('',(#4159,#4160,#4161,#4162));
#754=EDGE_LOOP('',(#4163,#4164,#4165,#4166));
#755=EDGE_LOOP('',(#4167,#4168,#4169,#4170));
#756=EDGE_LOOP('',(#4171,#4172,#4173,#4174));
#757=EDGE_LOOP('',(#4175,#4176,#4177,#4178,#4179,#4180));
#758=EDGE_LOOP('',(#4181,#4182,#4183,#4184,#4185,#4186));
#759=EDGE_LOOP('',(#4187));
#760=EDGE_LOOP('',(#4188));
#761=EDGE_LOOP('',(#4189));
#762=EDGE_LOOP('',(#4190));
#763=EDGE_LOOP('',(#4191));
#764=EDGE_LOOP('',(#4192));
#765=EDGE_LOOP('',(#4193,#4194,#4195,#4196));
#766=EDGE_LOOP('',(#4197,#4198,#4199,#4200));
#767=EDGE_LOOP('',(#4201,#4202,#4203,#4204));
#768=EDGE_LOOP('',(#4205,#4206,#4207,#4208));
#769=EDGE_LOOP('',(#4209,#4210,#4211,#4212));
#770=EDGE_LOOP('',(#4213,#4214,#4215,#4216));
#771=EDGE_LOOP('',(#4217,#4218,#4219,#4220));
#772=EDGE_LOOP('',(#4221,#4222,#4223,#4224));
#773=EDGE_LOOP('',(#4225,#4226,#4227,#4228));
#774=EDGE_LOOP('',(#4229,#4230,#4231,#4232));
#775=EDGE_LOOP('',(#4233,#4234,#4235,#4236));
#776=EDGE_LOOP('',(#4237,#4238,#4239,#4240));
#777=EDGE_LOOP('',(#4241,#4242,#4243,#4244));
#778=EDGE_LOOP('',(#4245,#4246,#4247,#4248));
#779=EDGE_LOOP('',(#4249,#4250,#4251,#4252));
#780=EDGE_LOOP('',(#4253,#4254,#4255,#4256));
#781=EDGE_LOOP('',(#4257,#4258,#4259,#4260));
#782=EDGE_LOOP('',(#4261,#4262,#4263,#4264));
#783=EDGE_LOOP('',(#4265,#4266,#4267,#4268));
#784=EDGE_LOOP('',(#4269,#4270,#4271,#4272));
#785=EDGE_LOOP('',(#4273,#4274,#4275,#4276));
#786=EDGE_LOOP('',(#4277,#4278,#4279,#4280));
#787=EDGE_LOOP('',(#4281,#4282,#4283,#4284));
#788=EDGE_LOOP('',(#4285,#4286,#4287,#4288));
#789=EDGE_LOOP('',(#4289,#4290,#4291,#4292));
#790=EDGE_LOOP('',(#4293,#4294,#4295,#4296));
#791=EDGE_LOOP('',(#4297,#4298,#4299,#4300));
#792=EDGE_LOOP('',(#4301,#4302,#4303,#4304));
#793=EDGE_LOOP('',(#4305,#4306,#4307,#4308));
#794=EDGE_LOOP('',(#4309,#4310,#4311,#4312));
#795=EDGE_LOOP('',(#4313,#4314,#4315,#4316));
#796=EDGE_LOOP('',(#4317,#4318,#4319,#4320));
#797=EDGE_LOOP('',(#4321,#4322,#4323,#4324));
#798=EDGE_LOOP('',(#4325,#4326,#4327,#4328));
#799=EDGE_LOOP('',(#4329,#4330,#4331,#4332));
#800=EDGE_LOOP('',(#4333,#4334,#4335,#4336));
#801=EDGE_LOOP('',(#4337,#4338,#4339,#4340));
#802=EDGE_LOOP('',(#4341,#4342,#4343,#4344));
#803=EDGE_LOOP('',(#4345,#4346,#4347,#4348));
#804=EDGE_LOOP('',(#4349,#4350,#4351,#4352));
#805=EDGE_LOOP('',(#4353,#4354,#4355,#4356));
#806=EDGE_LOOP('',(#4357,#4358,#4359,#4360));
#807=EDGE_LOOP('',(#4361,#4362,#4363,#4364));
#808=EDGE_LOOP('',(#4365,#4366,#4367,#4368));
#809=EDGE_LOOP('',(#4369,#4370,#4371,#4372));
#810=EDGE_LOOP('',(#4373,#4374,#4375,#4376));
#811=EDGE_LOOP('',(#4377,#4378,#4379,#4380));
#812=EDGE_LOOP('',(#4381,#4382,#4383,#4384));
#813=EDGE_LOOP('',(#4385,#4386,#4387,#4388));
#814=EDGE_LOOP('',(#4389,#4390,#4391,#4392));
#815=EDGE_LOOP('',(#4393,#4394,#4395,#4396));
#816=EDGE_LOOP('',(#4397,#4398,#4399,#4400));
#817=EDGE_LOOP('',(#4401,#4402,#4403,#4404));
#818=EDGE_LOOP('',(#4405,#4406,#4407,#4408));
#819=EDGE_LOOP('',(#4409,#4410,#4411,#4412));
#820=EDGE_LOOP('',(#4413,#4414,#4415,#4416));
#821=EDGE_LOOP('',(#4417,#4418,#4419,#4420));
#822=EDGE_LOOP('',(#4421,#4422,#4423,#4424));
#823=EDGE_LOOP('',(#4425,#4426,#4427,#4428));
#824=EDGE_LOOP('',(#4429,#4430,#4431,#4432));
#825=EDGE_LOOP('',(#4433,#4434,#4435,#4436));
#826=EDGE_LOOP('',(#4437,#4438,#4439,#4440));
#827=EDGE_LOOP('',(#4441,#4442,#4443,#4444));
#828=EDGE_LOOP('',(#4445,#4446,#4447,#4448));
#829=EDGE_LOOP('',(#4449,#4450,#4451,#4452));
#830=EDGE_LOOP('',(#4453,#4454,#4455,#4456));
#831=EDGE_LOOP('',(#4457,#4458,#4459,#4460));
#832=EDGE_LOOP('',(#4461,#4462,#4463,#4464));
#833=EDGE_LOOP('',(#4465,#4466,#4467,#4468));
#834=EDGE_LOOP('',(#4469,#4470,#4471,#4472));
#835=EDGE_LOOP('',(#4473,#4474,#4475,#4476));
#836=EDGE_LOOP('',(#4477,#4478,#4479,#4480));
#837=EDGE_LOOP('',(#4481,#4482,#4483,#4484));
#838=EDGE_LOOP('',(#4485,#4486,#4487,#4488));
#839=EDGE_LOOP('',(#4489,#4490,#4491,#4492));
#840=EDGE_LOOP('',(#4493,#4494,#4495,#4496));
#841=EDGE_LOOP('',(#4497,#4498,#4499,#4500));
#842=EDGE_LOOP('',(#4501,#4502,#4503,#4504));
#843=EDGE_LOOP('',(#4505,#4506,#4507,#4508));
#844=EDGE_LOOP('',(#4509,#4510,#4511,#4512));
#845=EDGE_LOOP('',(#4513,#4514,#4515,#4516));
#846=EDGE_LOOP('',(#4517,#4518,#4519,#4520));
#847=EDGE_LOOP('',(#4521,#4522,#4523,#4524));
#848=EDGE_LOOP('',(#4525,#4526,#4527,#4528));
#849=EDGE_LOOP('',(#4529,#4530,#4531,#4532));
#850=EDGE_LOOP('',(#4533,#4534,#4535,#4536));
#851=EDGE_LOOP('',(#4537,#4538,#4539,#4540));
#852=EDGE_LOOP('',(#4541,#4542,#4543,#4544));
#853=EDGE_LOOP('',(#4545,#4546,#4547,#4548));
#854=EDGE_LOOP('',(#4549,#4550,#4551,#4552));
#855=EDGE_LOOP('',(#4553,#4554,#4555,#4556));
#856=EDGE_LOOP('',(#4557,#4558,#4559,#4560));
#857=EDGE_LOOP('',(#4561,#4562,#4563,#4564));
#858=EDGE_LOOP('',(#4565,#4566,#4567,#4568));
#859=EDGE_LOOP('',(#4569,#4570,#4571,#4572));
#860=EDGE_LOOP('',(#4573,#4574,#4575,#4576));
#861=EDGE_LOOP('',(#4577,#4578,#4579,#4580));
#862=EDGE_LOOP('',(#4581,#4582,#4583,#4584));
#863=EDGE_LOOP('',(#4585,#4586,#4587,#4588));
#864=EDGE_LOOP('',(#4589,#4590,#4591,#4592));
#865=EDGE_LOOP('',(#4593,#4594,#4595,#4596));
#866=EDGE_LOOP('',(#4597,#4598,#4599,#4600));
#867=EDGE_LOOP('',(#4601,#4602,#4603,#4604));
#868=EDGE_LOOP('',(#4605,#4606,#4607,#4608));
#869=EDGE_LOOP('',(#4609,#4610,#4611,#4612));
#870=EDGE_LOOP('',(#4613,#4614,#4615,#4616));
#871=EDGE_LOOP('',(#4617,#4618,#4619,#4620));
#872=EDGE_LOOP('',(#4621,#4622,#4623,#4624));
#873=EDGE_LOOP('',(#4625,#4626,#4627,#4628));
#874=EDGE_LOOP('',(#4629,#4630,#4631,#4632));
#875=EDGE_LOOP('',(#4633,#4634,#4635,#4636));
#876=EDGE_LOOP('',(#4637,#4638,#4639,#4640));
#877=EDGE_LOOP('',(#4641,#4642,#4643,#4644));
#878=B_SPLINE_CURVE_WITH_KNOTS('',3,(#6172,#6173,#6174,#6175,#6176),
 .UNSPECIFIED.,.F.,.F.,(4,1,4),(-0.191852152418712,-0.067899932011214,0.),
 .UNSPECIFIED.);
#879=B_SPLINE_CURVE_WITH_KNOTS('',3,(#6178,#6179,#6180,#6181,#6182),
 .UNSPECIFIED.,.F.,.F.,(4,1,4),(-0.113872779291007,-0.0541366660785826,
0.),.UNSPECIFIED.);
#880=B_SPLINE_CURVE_WITH_KNOTS('',3,(#6184,#6185,#6186,#6187,#6188),
 .UNSPECIFIED.,.F.,.F.,(4,1,4),(-0.106839247046911,-0.0543782297406506,
0.),.UNSPECIFIED.);
#881=B_SPLINE_CURVE_WITH_KNOTS('',3,(#6190,#6191,#6192,#6193,#6194),
 .UNSPECIFIED.,.F.,.F.,(4,1,4),(-0.108135538470724,-0.0533391530784994,
0.),.UNSPECIFIED.);
#882=B_SPLINE_CURVE_WITH_KNOTS('',3,(#6196,#6197,#6198,#6199,#6200),
 .UNSPECIFIED.,.F.,.F.,(4,1,4),(-0.126618045840235,-0.0621077371229013,
0.),.UNSPECIFIED.);
#883=B_SPLINE_CURVE_WITH_KNOTS('',3,(#6202,#6203,#6204,#6205,#6206),
 .UNSPECIFIED.,.F.,.F.,(4,1,4),(-0.133438589119913,-0.0696687168304808,
0.),.UNSPECIFIED.);
#884=B_SPLINE_CURVE_WITH_KNOTS('',3,(#6208,#6209,#6210,#6211,#6212),
 .UNSPECIFIED.,.F.,.F.,(4,1,4),(-0.107613179385668,-0.0535400281302286,
0.),.UNSPECIFIED.);
#885=B_SPLINE_CURVE_WITH_KNOTS('',3,(#6214,#6215,#6216,#6217,#6218),
 .UNSPECIFIED.,.F.,.F.,(4,1,4),(-0.106942037642468,-0.0535605448903968,
0.),.UNSPECIFIED.);
#886=B_SPLINE_CURVE_WITH_KNOTS('',3,(#6220,#6221,#6222,#6223,#6224),
 .UNSPECIFIED.,.F.,.F.,(4,1,4),(-0.096109186044624,-0.0471932958601918,
0.),.UNSPECIFIED.);
#887=B_SPLINE_CURVE_WITH_KNOTS('',3,(#6226,#6227,#6228,#6229,#6230),
 .UNSPECIFIED.,.F.,.F.,(4,1,4),(-0.0898894944538387,-0.0439779274109118,
0.),.UNSPECIFIED.);
#888=B_SPLINE_CURVE_WITH_KNOTS('',3,(#6232,#6233,#6234,#6235,#6236),
 .UNSPECIFIED.,.F.,.F.,(4,1,4),(-0.0888940080309889,-0.0451352043469561,
0.),.UNSPECIFIED.);
#889=B_SPLINE_CURVE_WITH_KNOTS('',3,(#6238,#6239,#6240,#6241,#6242),
 .UNSPECIFIED.,.F.,.F.,(4,1,4),(-0.139697446355015,-0.0815966891424974,
0.),.UNSPECIFIED.);
#890=B_SPLINE_CURVE_WITH_KNOTS('',3,(#6248,#6249,#6250,#6251,#6252),
 .UNSPECIFIED.,.F.,.F.,(4,1,4),(-0.141725849442459,-0.05218559905521,0.),
 .UNSPECIFIED.);
#891=B_SPLINE_CURVE_WITH_KNOTS('',3,(#6254,#6255,#6256,#6257,#6258),
 .UNSPECIFIED.,.F.,.F.,(4,1,4),(-0.0621454401038722,-0.0299571501955005,
0.),.UNSPECIFIED.);
#892=B_SPLINE_CURVE_WITH_KNOTS('',3,(#6260,#6261,#6262,#6263,#6264),
 .UNSPECIFIED.,.F.,.F.,(4,1,4),(-0.0633183140061576,-0.0330442794272336,
0.),.UNSPECIFIED.);
#893=B_SPLINE_CURVE_WITH_KNOTS('',3,(#6266,#6267,#6268,#6269,#6270),
 .UNSPECIFIED.,.F.,.F.,(4,1,4),(-0.0717262942909237,-0.0336515295150353,
0.),.UNSPECIFIED.);
#894=B_SPLINE_CURVE_WITH_KNOTS('',3,(#6272,#6273,#6274,#6275,#6276),
 .UNSPECIFIED.,.F.,.F.,(4,1,4),(-0.0666967798934525,-0.0340139324677596,
0.),.UNSPECIFIED.);
#895=B_SPLINE_CURVE_WITH_KNOTS('',3,(#6278,#6279,#6280,#6281,#6282),
 .UNSPECIFIED.,.F.,.F.,(4,1,4),(-0.109212604990296,-0.0702374549415484,
0.),.UNSPECIFIED.);
#896=B_SPLINE_CURVE_WITH_KNOTS('',3,(#6290,#6291,#6292,#6293,#6294),
 .UNSPECIFIED.,.F.,.F.,(4,1,4),(-0.135935415809388,-0.0458328644294225,
0.),.UNSPECIFIED.);
#897=B_SPLINE_CURVE_WITH_KNOTS('',3,(#6296,#6297,#6298,#6299,#6300),
 .UNSPECIFIED.,.F.,.F.,(4,1,4),(-0.0671066623476804,-0.0310336128847226,
0.),.UNSPECIFIED.);
#898=B_SPLINE_CURVE_WITH_KNOTS('',3,(#6302,#6303,#6304,#6305,#6306),
 .UNSPECIFIED.,.F.,.F.,(4,1,4),(-0.0637675663924144,-0.0334801799108404,
0.),.UNSPECIFIED.);
#899=B_SPLINE_CURVE_WITH_KNOTS('',3,(#6308,#6309,#6310,#6311,#6312),
 .UNSPECIFIED.,.F.,.F.,(4,1,4),(-0.0671695752167625,-0.0322356623478072,
0.),.UNSPECIFIED.);
#900=B_SPLINE_CURVE_WITH_KNOTS('',3,(#6314,#6315,#6316,#6317,#6318),
 .UNSPECIFIED.,.F.,.F.,(4,1,4),(-0.0711277387254938,-0.0376653447786898,
0.),.UNSPECIFIED.);
#901=B_SPLINE_CURVE_WITH_KNOTS('',3,(#6320,#6321,#6322,#6323,#6324),
 .UNSPECIFIED.,.F.,.F.,(4,1,4),(-0.115531998163319,-0.0753325936242158,
0.),.UNSPECIFIED.);
#902=B_SPLINE_CURVE_WITH_KNOTS('',3,(#6331,#6332,#6333,#6334,#6335),
 .UNSPECIFIED.,.F.,.F.,(4,1,4),(-0.0730728323853753,-0.0329753764503853,
0.),.UNSPECIFIED.);
#903=B_SPLINE_CURVE_WITH_KNOTS('',3,(#6337,#6338,#6339,#6340,#6341),
 .UNSPECIFIED.,.F.,.F.,(4,1,4),(-0.0636246849989725,-0.0329855523714361,
0.),.UNSPECIFIED.);
#904=B_SPLINE_CURVE_WITH_KNOTS('',3,(#6343,#6344,#6345,#6346,#6347),
 .UNSPECIFIED.,.F.,.F.,(4,1,4),(-0.0968836340777912,-0.0481785145946231,
0.),.UNSPECIFIED.);
#905=B_SPLINE_CURVE_WITH_KNOTS('',3,(#6349,#6350,#6351,#6352,#6353),
 .UNSPECIFIED.,.F.,.F.,(4,1,4),(-0.112586946993772,-0.0605077699805215,
0.),.UNSPECIFIED.);
#906=B_SPLINE_CURVE_WITH_KNOTS('',3,(#6357,#6358,#6359,#6360,#6361),
 .UNSPECIFIED.,.F.,.F.,(4,1,4),(-0.271476887539399,-0.119505367243299,0.),
 .UNSPECIFIED.);
#907=B_SPLINE_CURVE_WITH_KNOTS('',3,(#6363,#6364,#6365,#6366,#6367),
 .UNSPECIFIED.,.F.,.F.,(4,1,4),(-0.223240084485598,-0.115790167089187,0.),
 .UNSPECIFIED.);
#908=B_SPLINE_CURVE_WITH_KNOTS('',3,(#6369,#6370,#6371,#6372,#6373),
 .UNSPECIFIED.,.F.,.F.,(4,1,4),(-0.208751687265966,-0.103295601841983,0.),
 .UNSPECIFIED.);
#909=B_SPLINE_CURVE_WITH_KNOTS('',3,(#6375,#6376,#6377,#6378,#6379),
 .UNSPECIFIED.,.F.,.F.,(4,1,4),(-0.238423747789889,-0.12777297998653,0.),
 .UNSPECIFIED.);
#910=B_SPLINE_CURVE_WITH_KNOTS('',3,(#6381,#6382,#6383,#6384,#6385),
 .UNSPECIFIED.,.F.,.F.,(4,1,4),(-0.207123168337777,-0.0977148986896701,
0.),.UNSPECIFIED.);
#911=B_SPLINE_CURVE_WITH_KNOTS('',3,(#6387,#6388,#6389,#6390,#6391),
 .UNSPECIFIED.,.F.,.F.,(4,1,4),(-0.248134291616706,-0.131705188018951,0.),
 .UNSPECIFIED.);
#912=B_SPLINE_CURVE_WITH_KNOTS('',3,(#6393,#6394,#6395,#6396,#6397),
 .UNSPECIFIED.,.F.,.F.,(4,1,4),(-0.164349997361472,-0.0775354704431154,
0.),.UNSPECIFIED.);
#913=B_SPLINE_CURVE_WITH_KNOTS('',3,(#6399,#6400,#6401,#6402,#6403),
 .UNSPECIFIED.,.F.,.F.,(4,1,4),(-0.157751213962198,-0.081883674269846,0.),
 .UNSPECIFIED.);
#914=B_SPLINE_CURVE_WITH_KNOTS('',3,(#6409,#6410,#6411,#6412,#6413),
 .UNSPECIFIED.,.F.,.F.,(4,1,4),(-0.10461552206694,-0.0487662969120392,0.),
 .UNSPECIFIED.);
#915=B_SPLINE_CURVE_WITH_KNOTS('',3,(#6415,#6416,#6417,#6418,#6419),
 .UNSPECIFIED.,.F.,.F.,(4,1,4),(-0.0914192313846593,-0.0460054994453571,
0.),.UNSPECIFIED.);
#916=B_SPLINE_CURVE_WITH_KNOTS('',3,(#6421,#6422,#6423,#6424,#6425),
 .UNSPECIFIED.,.F.,.F.,(4,1,4),(-0.0874758920017516,-0.0439327887481841,
0.),.UNSPECIFIED.);
#917=B_SPLINE_CURVE_WITH_KNOTS('',3,(#6426,#6427,#6428,#6429,#6430),
 .UNSPECIFIED.,.F.,.F.,(4,1,4),(-0.107038742603398,-0.0584115814128672,
0.),.UNSPECIFIED.);
#918=B_SPLINE_CURVE_WITH_KNOTS('',3,(#6434,#6435,#6436,#6437,#6438),
 .UNSPECIFIED.,.F.,.F.,(4,1,4),(-0.06729598716717,-0.0298780136684188,0.),
 .UNSPECIFIED.);
#919=B_SPLINE_CURVE_WITH_KNOTS('',3,(#6440,#6441,#6442,#6443,#6444),
 .UNSPECIFIED.,.F.,.F.,(4,1,4),(-0.0655601449469772,-0.0360701241454597,
0.),.UNSPECIFIED.);
#920=B_SPLINE_CURVE_WITH_KNOTS('',3,(#6446,#6447,#6448,#6449,#6450),
 .UNSPECIFIED.,.F.,.F.,(4,1,4),(-0.0842884815981107,-0.0339891507178961,
0.),.UNSPECIFIED.);
#921=B_SPLINE_CURVE_WITH_KNOTS('',3,(#6452,#6453,#6454,#6455,#6456),
 .UNSPECIFIED.,.F.,.F.,(4,1,4),(-0.0672003949761449,-0.0376470785922839,
0.),.UNSPECIFIED.);
#922=B_SPLINE_CURVE_WITH_KNOTS('',3,(#6460,#6461,#6462,#6463,#6464),
 .UNSPECIFIED.,.F.,.F.,(4,1,4),(-0.151395112111419,-0.0915981147417471,
0.),.UNSPECIFIED.);
#923=B_SPLINE_CURVE_WITH_KNOTS('',3,(#6466,#6467,#6468,#6469,#6470),
 .UNSPECIFIED.,.F.,.F.,(4,1,4),(-0.125329225922974,-0.0542125018028748,
0.),.UNSPECIFIED.);
#924=B_SPLINE_CURVE_WITH_KNOTS('',3,(#6472,#6473,#6474,#6475,#6476),
 .UNSPECIFIED.,.F.,.F.,(4,1,4),(-0.0878478903856764,-0.0434368740806844,
0.),.UNSPECIFIED.);
#925=B_SPLINE_CURVE_WITH_KNOTS('',3,(#6478,#6479,#6480,#6481,#6482),
 .UNSPECIFIED.,.F.,.F.,(4,1,4),(-0.0901191890654426,-0.0460845465628706,
0.),.UNSPECIFIED.);
#926=B_SPLINE_CURVE_WITH_KNOTS('',3,(#6484,#6485,#6486,#6487,#6488),
 .UNSPECIFIED.,.F.,.F.,(4,1,4),(-0.134093794339636,-0.0661623275804748,
0.),.UNSPECIFIED.);
#927=B_SPLINE_CURVE_WITH_KNOTS('',3,(#6490,#6491,#6492,#6493,#6494),
 .UNSPECIFIED.,.F.,.F.,(4,1,4),(-0.149627011810633,-0.0796551729850143,
0.),.UNSPECIFIED.);
#928=B_SPLINE_CURVE_WITH_KNOTS('',3,(#6496,#6497,#6498,#6499,#6500),
 .UNSPECIFIED.,.F.,.F.,(4,1,4),(-0.0963549349667616,-0.0476533317751087,
0.),.UNSPECIFIED.);
#929=B_SPLINE_CURVE_WITH_KNOTS('',3,(#6502,#6503,#6504,#6505,#6506),
 .UNSPECIFIED.,.F.,.F.,(4,1,4),(-0.100541133260568,-0.0518020731686848,
0.),.UNSPECIFIED.);
#930=B_SPLINE_CURVE_WITH_KNOTS('',3,(#6508,#6509,#6510,#6511,#6512),
 .UNSPECIFIED.,.F.,.F.,(4,1,4),(-0.0185230312247008,-0.0116016411835363,
0.),.UNSPECIFIED.);
#931=B_SPLINE_CURVE_WITH_KNOTS('',3,(#6514,#6515,#6516,#6517,#6518),
 .UNSPECIFIED.,.F.,.F.,(4,1,4),(-0.0468897122078603,-0.019790316845904,
0.),.UNSPECIFIED.);
#932=B_SPLINE_CURVE_WITH_KNOTS('',3,(#6522,#6523,#6524,#6525,#6526),
 .UNSPECIFIED.,.F.,.F.,(4,1,4),(-0.0813624789664648,-0.0384292285480636,
0.),.UNSPECIFIED.);
#933=B_SPLINE_CURVE_WITH_KNOTS('',3,(#6528,#6529,#6530,#6531,#6532),
 .UNSPECIFIED.,.F.,.F.,(4,1,4),(-0.11126145157527,-0.0653510607818292,0.),
 .UNSPECIFIED.);
#934=B_SPLINE_CURVE_WITH_KNOTS('',3,(#6536,#6537,#6538,#6539,#6540),
 .UNSPECIFIED.,.F.,.F.,(4,1,4),(-0.137378885470755,-0.0543098696428632,
0.),.UNSPECIFIED.);
#935=B_SPLINE_CURVE_WITH_KNOTS('',3,(#6542,#6543,#6544,#6545,#6546),
 .UNSPECIFIED.,.F.,.F.,(4,1,4),(-0.0934476298663575,-0.0500779270274739,
0.),.UNSPECIFIED.);
#936=B_SPLINE_CURVE_WITH_KNOTS('',3,(#6548,#6549,#6550,#6551,#6552),
 .UNSPECIFIED.,.F.,.F.,(4,1,4),(-0.153120585378567,-0.0882883266524202,
0.),.UNSPECIFIED.);
#937=B_SPLINE_CURVE_WITH_KNOTS('',3,(#6554,#6555,#6556,#6557,#6558),
 .UNSPECIFIED.,.F.,.F.,(4,1,4),(-0.174158597391178,-0.0761681931378997,
0.),.UNSPECIFIED.);
#938=B_SPLINE_CURVE_WITH_KNOTS('',3,(#6560,#6561,#6562,#6563,#6564),
 .UNSPECIFIED.,.F.,.F.,(4,1,4),(-0.148245543418319,-0.0785324189032466,
0.),.UNSPECIFIED.);
#939=B_SPLINE_CURVE_WITH_KNOTS('',3,(#6570,#6571,#6572,#6573,#6574),
 .UNSPECIFIED.,.F.,.F.,(4,1,4),(-0.0739555764195267,-0.0284116049706004,
0.),.UNSPECIFIED.);
#940=B_SPLINE_CURVE_WITH_KNOTS('',3,(#6576,#6577,#6578,#6579,#6580),
 .UNSPECIFIED.,.F.,.F.,(4,1,4),(-0.0624195308708698,-0.032092464917972,
0.),.UNSPECIFIED.);
#941=B_SPLINE_CURVE_WITH_KNOTS('',3,(#6582,#6583,#6584,#6585,#6586),
 .UNSPECIFIED.,.F.,.F.,(4,1,4),(-0.0834499386336937,-0.0404414688731575,
0.),.UNSPECIFIED.);
#942=B_SPLINE_CURVE_WITH_KNOTS('',3,(#6588,#6589,#6590,#6591,#6592),
 .UNSPECIFIED.,.F.,.F.,(4,1,4),(-0.0657549140173246,-0.0319571873615994,
0.),.UNSPECIFIED.);
#943=B_SPLINE_CURVE_WITH_KNOTS('',3,(#6594,#6595,#6596,#6597,#6598),
 .UNSPECIFIED.,.F.,.F.,(4,1,4),(-0.0609712112989075,-0.0301260523762272,
0.),.UNSPECIFIED.);
#944=B_SPLINE_CURVE_WITH_KNOTS('',3,(#6600,#6601,#6602,#6603,#6604),
 .UNSPECIFIED.,.F.,.F.,(4,1,4),(-0.062812279881278,-0.0324923601833206,
0.),.UNSPECIFIED.);
#945=B_SPLINE_CURVE_WITH_KNOTS('',3,(#6606,#6607,#6608,#6609,#6610),
 .UNSPECIFIED.,.F.,.F.,(4,1,4),(-0.0865390444074783,-0.053638619523882,
0.),.UNSPECIFIED.);
#946=B_SPLINE_CURVE_WITH_KNOTS('',3,(#6611,#6612,#6613,#6614,#6615),
 .UNSPECIFIED.,.F.,.F.,(4,1,4),(-0.0947339890966858,-0.0389363048687557,
0.),.UNSPECIFIED.);
#947=B_SPLINE_CURVE_WITH_KNOTS('',3,(#6625,#6626,#6627,#6628,#6629),
 .UNSPECIFIED.,.F.,.F.,(4,1,4),(-0.188154654491922,-0.0913483526120351,
0.),.UNSPECIFIED.);
#948=B_SPLINE_CURVE_WITH_KNOTS('',3,(#6631,#6632,#6633,#6634,#6635),
 .UNSPECIFIED.,.F.,.F.,(4,1,4),(-0.192785774580993,-0.0957320232398136,
0.),.UNSPECIFIED.);
#949=B_SPLINE_CURVE_WITH_KNOTS('',3,(#6637,#6638,#6639,#6640,#6641),
 .UNSPECIFIED.,.F.,.F.,(4,1,4),(-0.234778865365815,-0.128764812777141,0.),
 .UNSPECIFIED.);
#950=B_SPLINE_CURVE_WITH_KNOTS('',3,(#6643,#6644,#6645,#6646,#6647),
 .UNSPECIFIED.,.F.,.F.,(4,1,4),(-0.235823439146671,-0.10845863440257,0.),
 .UNSPECIFIED.);
#951=B_SPLINE_CURVE_WITH_KNOTS('',3,(#6649,#6650,#6651,#6652,#6653),
 .UNSPECIFIED.,.F.,.F.,(4,1,4),(-0.190738889769849,-0.0933662665078065,
0.),.UNSPECIFIED.);
#952=B_SPLINE_CURVE_WITH_KNOTS('',3,(#6655,#6656,#6657,#6658,#6659),
 .UNSPECIFIED.,.F.,.F.,(4,1,4),(-0.0994983979957458,-0.0509905777146999,
0.),.UNSPECIFIED.);
#953=B_SPLINE_CURVE_WITH_KNOTS('',3,(#6661,#6662,#6663,#6664,#6665),
 .UNSPECIFIED.,.F.,.F.,(4,1,4),(-0.110804151795634,-0.0571552106981987,
0.),.UNSPECIFIED.);
#954=B_SPLINE_CURVE_WITH_KNOTS('',3,(#6671,#6672,#6673,#6674,#6675),
 .UNSPECIFIED.,.F.,.F.,(4,1,4),(-0.134655742039797,-0.0597825942307695,
0.),.UNSPECIFIED.);
#955=B_SPLINE_CURVE_WITH_KNOTS('',3,(#6677,#6678,#6679,#6680,#6681),
 .UNSPECIFIED.,.F.,.F.,(4,1,4),(-0.102213627671018,-0.0504883755710974,
0.),.UNSPECIFIED.);
#956=B_SPLINE_CURVE_WITH_KNOTS('',3,(#6683,#6684,#6685,#6686,#6687),
 .UNSPECIFIED.,.F.,.F.,(4,1,4),(-0.103319525316305,-0.0518183920641879,
0.),.UNSPECIFIED.);
#957=B_SPLINE_CURVE_WITH_KNOTS('',3,(#6689,#6690,#6691,#6692,#6693),
 .UNSPECIFIED.,.F.,.F.,(4,1,4),(-0.147887193553779,-0.0849908622613367,
0.),.UNSPECIFIED.);
#958=B_SPLINE_CURVE_WITH_KNOTS('',3,(#6695,#6696,#6697,#6698,#6699),
 .UNSPECIFIED.,.F.,.F.,(4,1,4),(-0.139353260891634,-0.0616723899805865,
0.),.UNSPECIFIED.);
#959=B_SPLINE_CURVE_WITH_KNOTS('',3,(#6701,#6702,#6703,#6704,#6705),
 .UNSPECIFIED.,.F.,.F.,(4,1,4),(-0.101788434546977,-0.0494621135226268,
0.),.UNSPECIFIED.);
#960=B_SPLINE_CURVE_WITH_KNOTS('',3,(#6707,#6708,#6709,#6710,#6711),
 .UNSPECIFIED.,.F.,.F.,(4,1,4),(-0.122406406802478,-0.0622872881189745,
0.),.UNSPECIFIED.);
#961=B_SPLINE_CURVE_WITH_KNOTS('',3,(#6712,#6713,#6714,#6715,#6716),
 .UNSPECIFIED.,.F.,.F.,(4,1,4),(-0.135636179591144,-0.0789392095712351,
0.),.UNSPECIFIED.);
#962=B_SPLINE_CURVE_WITH_KNOTS('',3,(#6726,#6727,#6728,#6729,#6730),
 .UNSPECIFIED.,.F.,.F.,(4,1,4),(-0.165445987729604,-0.0702015517068627,
0.),.UNSPECIFIED.);
#963=B_SPLINE_CURVE_WITH_KNOTS('',3,(#6732,#6733,#6734,#6735,#6736),
 .UNSPECIFIED.,.F.,.F.,(4,1,4),(-0.0909465799064231,-0.0471256492777674,
0.),.UNSPECIFIED.);
#964=B_SPLINE_CURVE_WITH_KNOTS('',3,(#6738,#6739,#6740,#6741,#6742),
 .UNSPECIFIED.,.F.,.F.,(4,1,4),(-0.10318481108758,-0.0532758891823819,0.),
 .UNSPECIFIED.);
#965=B_SPLINE_CURVE_WITH_KNOTS('',3,(#6744,#6745,#6746,#6747,#6748),
 .UNSPECIFIED.,.F.,.F.,(4,1,4),(-0.125671147598041,-0.0670594298503714,
0.),.UNSPECIFIED.);
#966=B_SPLINE_CURVE_WITH_KNOTS('',3,(#6750,#6751,#6752,#6753,#6754),
 .UNSPECIFIED.,.F.,.F.,(4,1,4),(-0.162237711688844,-0.0761445083052227,
0.),.UNSPECIFIED.);
#967=B_SPLINE_CURVE_WITH_KNOTS('',3,(#6756,#6757,#6758,#6759,#6760),
 .UNSPECIFIED.,.F.,.F.,(4,1,4),(-0.139040114607752,-0.0682387810933076,
0.),.UNSPECIFIED.);
#968=B_SPLINE_CURVE_WITH_KNOTS('',3,(#6762,#6763,#6764,#6765,#6766),
 .UNSPECIFIED.,.F.,.F.,(4,1,4),(-0.189663492263935,-0.119811838277916,0.),
 .UNSPECIFIED.);
#969=B_SPLINE_CURVE_WITH_KNOTS('',3,(#6774,#6775,#6776,#6777,#6778),
 .UNSPECIFIED.,.F.,.F.,(4,1,4),(-0.114606037439261,-0.0430235226044433,
0.),.UNSPECIFIED.);
#970=B_SPLINE_CURVE_WITH_KNOTS('',3,(#6780,#6781,#6782,#6783,#6784),
 .UNSPECIFIED.,.F.,.F.,(4,1,4),(-0.0738792121318386,-0.0365101733648994,
0.),.UNSPECIFIED.);
#971=B_SPLINE_CURVE_WITH_KNOTS('',3,(#6786,#6787,#6788,#6789,#6790),
 .UNSPECIFIED.,.F.,.F.,(4,1,4),(-0.0766283106327883,-0.0397136536517068,
0.),.UNSPECIFIED.);
#972=B_SPLINE_CURVE_WITH_KNOTS('',3,(#6792,#6793,#6794,#6795,#6796),
 .UNSPECIFIED.,.F.,.F.,(4,1,4),(-0.0645745109086421,-0.0315035023564515,
0.),.UNSPECIFIED.);
#973=B_SPLINE_CURVE_WITH_KNOTS('',3,(#6798,#6799,#6800,#6801,#6802),
 .UNSPECIFIED.,.F.,.F.,(4,1,4),(-0.0637049029110251,-0.0324035013613118,
0.),.UNSPECIFIED.);
#974=B_SPLINE_CURVE_WITH_KNOTS('',3,(#6804,#6805,#6806,#6807,#6808),
 .UNSPECIFIED.,.F.,.F.,(4,1,4),(-0.126644099715599,-0.0784788075750535,
0.),.UNSPECIFIED.);
#975=B_SPLINE_CURVE_WITH_KNOTS('',3,(#6815,#6816,#6817,#6818,#6819),
 .UNSPECIFIED.,.F.,.F.,(4,1,4),(-0.0730728856916478,-0.0329753956247006,
0.),.UNSPECIFIED.);
#976=B_SPLINE_CURVE_WITH_KNOTS('',3,(#6821,#6822,#6823,#6824,#6825),
 .UNSPECIFIED.,.F.,.F.,(4,1,4),(-0.0636246849989725,-0.0329855523714361,
0.),.UNSPECIFIED.);
#977=B_SPLINE_CURVE_WITH_KNOTS('',3,(#6827,#6828,#6829,#6830,#6831),
 .UNSPECIFIED.,.F.,.F.,(4,1,4),(-0.0968836390739701,-0.0481784903406716,
0.),.UNSPECIFIED.);
#978=B_SPLINE_CURVE_WITH_KNOTS('',3,(#6833,#6834,#6835,#6836,#6837),
 .UNSPECIFIED.,.F.,.F.,(4,1,4),(-0.112586942365671,-0.060507757745241,0.),
 .UNSPECIFIED.);
#979=B_SPLINE_CURVE_WITH_KNOTS('',3,(#6841,#6842,#6843,#6844,#6845),
 .UNSPECIFIED.,.F.,.F.,(4,1,4),(-0.271476962643591,-0.119505448614612,0.),
 .UNSPECIFIED.);
#980=B_SPLINE_CURVE_WITH_KNOTS('',3,(#6847,#6848,#6849,#6850,#6851),
 .UNSPECIFIED.,.F.,.F.,(4,1,4),(-0.223239967255975,-0.115790049859564,0.),
 .UNSPECIFIED.);
#981=B_SPLINE_CURVE_WITH_KNOTS('',3,(#6853,#6854,#6855,#6856,#6857),
 .UNSPECIFIED.,.F.,.F.,(4,1,4),(-0.208751748302841,-0.103295589735415,0.),
 .UNSPECIFIED.);
#982=B_SPLINE_CURVE_WITH_KNOTS('',3,(#6859,#6860,#6861,#6862,#6863),
 .UNSPECIFIED.,.F.,.F.,(4,1,4),(-0.238423737139306,-0.127772984308609,0.),
 .UNSPECIFIED.);
#983=B_SPLINE_CURVE_WITH_KNOTS('',3,(#6865,#6866,#6867,#6868,#6869),
 .UNSPECIFIED.,.F.,.F.,(4,1,4),(-0.207123168337777,-0.0977148986896701,
0.),.UNSPECIFIED.);
#984=B_SPLINE_CURVE_WITH_KNOTS('',3,(#6871,#6872,#6873,#6874,#6875),
 .UNSPECIFIED.,.F.,.F.,(4,1,4),(-0.248134248175045,-0.131705202664201,0.),
 .UNSPECIFIED.);
#985=B_SPLINE_CURVE_WITH_KNOTS('',3,(#6877,#6878,#6879,#6880,#6881),
 .UNSPECIFIED.,.F.,.F.,(4,1,4),(-0.164349994861674,-0.0775354975137277,
0.),.UNSPECIFIED.);
#986=B_SPLINE_CURVE_WITH_KNOTS('',3,(#6883,#6884,#6885,#6886,#6887),
 .UNSPECIFIED.,.F.,.F.,(4,1,4),(-0.157751291422972,-0.0818836878805412,
0.),.UNSPECIFIED.);
#987=B_SPLINE_CURVE_WITH_KNOTS('',3,(#6893,#6894,#6895,#6896,#6897),
 .UNSPECIFIED.,.F.,.F.,(4,1,4),(-0.104615535537674,-0.0487663042564337,
0.),.UNSPECIFIED.);
#988=B_SPLINE_CURVE_WITH_KNOTS('',3,(#6899,#6900,#6901,#6902,#6903),
 .UNSPECIFIED.,.F.,.F.,(4,1,4),(-0.0914191197357347,-0.0460054117645974,
0.),.UNSPECIFIED.);
#989=B_SPLINE_CURVE_WITH_KNOTS('',3,(#6905,#6906,#6907,#6908,#6909),
 .UNSPECIFIED.,.F.,.F.,(4,1,4),(-0.0874758969975285,-0.043932764518609,
0.),.UNSPECIFIED.);
#990=B_SPLINE_CURVE_WITH_KNOTS('',3,(#6910,#6911,#6912,#6913,#6914),
 .UNSPECIFIED.,.F.,.F.,(4,1,4),(-0.107038752936186,-0.0584115766856611,
0.),.UNSPECIFIED.);
#991=B_SPLINE_CURVE_WITH_KNOTS('',3,(#7280,#7281,#7282,#7283,#7284,#7285,
#7286),.UNSPECIFIED.,.F.,.F.,(4,3,4),(-0.160582496065477,-0.0833532763395749,
0.),.UNSPECIFIED.);
#992=B_SPLINE_CURVE_WITH_KNOTS('',3,(#7288,#7289,#7290,#7291,#7292,#7293,
#7294),.UNSPECIFIED.,.F.,.F.,(4,3,4),(-0.180282017629761,-0.0850517576314315,
0.),.UNSPECIFIED.);
#993=B_SPLINE_CURVE_WITH_KNOTS('',3,(#7296,#7297,#7298,#7299,#7300,#7301,
#7302),.UNSPECIFIED.,.F.,.F.,(4,3,4),(-0.258665402244543,-0.137294950114269,
0.),.UNSPECIFIED.);
#994=B_SPLINE_CURVE_WITH_KNOTS('',3,(#7304,#7305,#7306,#7307,#7308,#7309,
#7310),.UNSPECIFIED.,.F.,.F.,(4,3,4),(-0.227434424424595,-0.107297179352482,
0.),.UNSPECIFIED.);
#995=B_SPLINE_CURVE_WITH_KNOTS('',3,(#7312,#7313,#7314,#7315,#7316,#7317,
#7318),.UNSPECIFIED.,.F.,.F.,(4,3,4),(-0.245259408169887,-0.131436269255858,
0.),.UNSPECIFIED.);
#996=B_SPLINE_CURVE_WITH_KNOTS('',3,(#7320,#7321,#7322,#7323,#7324,#7325,
#7326),.UNSPECIFIED.,.F.,.F.,(4,3,4),(-0.218755531747653,-0.108245712160345,
0.),.UNSPECIFIED.);
#997=B_SPLINE_CURVE_WITH_KNOTS('',3,(#7328,#7329,#7330,#7331,#7332,#7333,
#7334),.UNSPECIFIED.,.F.,.F.,(4,3,4),(-0.230515079182516,-0.119563503077026,
0.),.UNSPECIFIED.);
#998=B_SPLINE_CURVE_WITH_KNOTS('',3,(#7336,#7337,#7338,#7339,#7340,#7341,
#7342),.UNSPECIFIED.,.F.,.F.,(4,3,4),(-0.309301698341716,-0.136156076956391,
0.),.UNSPECIFIED.);
#999=B_SPLINE_CURVE_WITH_KNOTS('',3,(#7346,#7347,#7348,#7349,#7350,#7351,
#7352),.UNSPECIFIED.,.F.,.F.,(4,3,4),(-0.115727575014138,-0.0621956323376873,
-1.38777878078145E-17),.UNSPECIFIED.);
#1000=B_SPLINE_CURVE_WITH_KNOTS('',3,(#7354,#7355,#7356,#7357,#7358,#7359,
#7360),.UNSPECIFIED.,.F.,.F.,(4,3,4),(-0.100601607599555,-0.0500273691855305,
0.),.UNSPECIFIED.);
#1001=B_SPLINE_CURVE_WITH_KNOTS('',3,(#7362,#7363,#7364,#7365,#7366,#7367,
#7368),.UNSPECIFIED.,.F.,.F.,(4,3,4),(-0.0649257582413955,-0.0336600801836793,
0.),.UNSPECIFIED.);
#1002=B_SPLINE_CURVE_WITH_KNOTS('',3,(#7369,#7370,#7371,#7372,#7373,#7374,
#7375),.UNSPECIFIED.,.F.,.F.,(4,3,4),(-0.0822758142519922,-0.0371283753149211,
0.),.UNSPECIFIED.);
#1003=B_SPLINE_CURVE_WITH_KNOTS('',3,(#7380,#7381,#7382,#7383,#7384,#7385,
#7386),.UNSPECIFIED.,.F.,.F.,(4,3,4),(-0.151692552265431,-0.0803584565466231,
0.),.UNSPECIFIED.);
#1004=B_SPLINE_CURVE_WITH_KNOTS('',3,(#7388,#7389,#7390,#7391,#7392,#7393,
#7394),.UNSPECIFIED.,.F.,.F.,(4,3,4),(-0.197501210897269,-0.0863770758488791,
0.),.UNSPECIFIED.);
#1005=B_SPLINE_CURVE_WITH_KNOTS('',3,(#7396,#7397,#7398,#7399,#7400,#7401,
#7402),.UNSPECIFIED.,.F.,.F.,(4,3,4),(-0.157166859026427,-0.0906213815363485,
0.),.UNSPECIFIED.);
#1006=B_SPLINE_CURVE_WITH_KNOTS('',3,(#7404,#7405,#7406,#7407,#7408,#7409,
#7410),.UNSPECIFIED.,.F.,.F.,(4,3,4),(-0.0954036200274191,-0.0511261283857339,
1.38777878078145E-17),.UNSPECIFIED.);
#1007=B_SPLINE_CURVE_WITH_KNOTS('',3,(#7412,#7413,#7414,#7415,#7416,#7417,
#7418),.UNSPECIFIED.,.F.,.F.,(4,3,4),(-0.153406869361681,-0.0606461979131884,
0.),.UNSPECIFIED.);
#1008=B_SPLINE_CURVE_WITH_KNOTS('',3,(#7422,#7423,#7424,#7425,#7426,#7427,
#7428),.UNSPECIFIED.,.F.,.F.,(4,3,4),(-0.11395732594228,-0.066934522503066,
0.),.UNSPECIFIED.);
#1009=B_SPLINE_CURVE_WITH_KNOTS('',3,(#7430,#7431,#7432,#7433,#7434,#7435,
#7436),.UNSPECIFIED.,.F.,.F.,(4,3,4),(-0.0881735100780398,-0.0416462233417272,
0.),.UNSPECIFIED.);
#1010=B_SPLINE_CURVE_WITH_KNOTS('',3,(#7440,#7441,#7442,#7443,#7444,#7445,
#7446),.UNSPECIFIED.,.F.,.F.,(4,3,4),(-0.0526536472826439,-0.0222230488043242,
0.),.UNSPECIFIED.);
#1011=B_SPLINE_CURVE_WITH_KNOTS('',3,(#7448,#7449,#7450,#7451,#7452,#7453,
#7454),.UNSPECIFIED.,.F.,.F.,(4,3,4),(-0.0193132351468702,-0.0120965743429972,
0.),.UNSPECIFIED.);
#1012=B_SPLINE_CURVE_WITH_KNOTS('',3,(#7456,#7457,#7458,#7459,#7460,#7461,
#7462),.UNSPECIFIED.,.F.,.F.,(4,3,4),(-0.101183966933004,-0.0521332820565789,
0.),.UNSPECIFIED.);
#1013=B_SPLINE_CURVE_WITH_KNOTS('',3,(#7464,#7465,#7466,#7467,#7468,#7469,
#7470),.UNSPECIFIED.,.F.,.F.,(4,3,4),(-0.098954546255293,-0.0489389964819702,
1.38777878078145E-17),.UNSPECIFIED.);
#1014=B_SPLINE_CURVE_WITH_KNOTS('',3,(#7472,#7473,#7474,#7475,#7476,#7477,
#7478),.UNSPECIFIED.,.F.,.F.,(4,3,4),(-0.153886212917306,-0.0819225937991078,
0.),.UNSPECIFIED.);
#1015=B_SPLINE_CURVE_WITH_KNOTS('',3,(#7480,#7481,#7482,#7483,#7484,#7485,
#7486),.UNSPECIFIED.,.F.,.F.,(4,3,4),(-0.141095261839284,-0.0696168751122005,
0.),.UNSPECIFIED.);
#1016=B_SPLINE_CURVE_WITH_KNOTS('',3,(#7488,#7489,#7490,#7491,#7492,#7493,
#7494),.UNSPECIFIED.,.F.,.F.,(4,3,4),(-0.0912737146195497,-0.0466749400984542,
0.),.UNSPECIFIED.);
#1017=B_SPLINE_CURVE_WITH_KNOTS('',3,(#7496,#7497,#7498,#7499,#7500,#7501,
#7502),.UNSPECIFIED.,.F.,.F.,(4,3,4),(-0.0908444776403304,-0.0449185531816934,
1.38777878078145E-17),.UNSPECIFIED.);
#1018=B_SPLINE_CURVE_WITH_KNOTS('',3,(#7504,#7505,#7506,#7507,#7508,#7509,
#7510),.UNSPECIFIED.,.F.,.F.,(4,3,4),(-0.140923315931941,-0.0609578928040519,
0.),.UNSPECIFIED.);
#1019=B_SPLINE_CURVE_WITH_KNOTS('',3,(#7512,#7513,#7514,#7515,#7516,#7517,
#7518),.UNSPECIFIED.,.F.,.F.,(4,3,4),(-0.156359353472147,-0.0946016142829418,
0.),.UNSPECIFIED.);
#1020=B_SPLINE_CURVE_WITH_KNOTS('',3,(#7522,#7523,#7524,#7525,#7526,#7527,
#7528),.UNSPECIFIED.,.F.,.F.,(4,3,4),(-0.0702047363613126,-0.0393301740009584,
0.),.UNSPECIFIED.);
#1021=B_SPLINE_CURVE_WITH_KNOTS('',3,(#7530,#7531,#7532,#7533,#7534,#7535,
#7536),.UNSPECIFIED.,.F.,.F.,(4,3,4),(-0.0952587766524947,-0.0384128988380853,
0.),.UNSPECIFIED.);
#1022=B_SPLINE_CURVE_WITH_KNOTS('',3,(#7538,#7539,#7540,#7541,#7542,#7543,
#7544),.UNSPECIFIED.,.F.,.F.,(4,3,4),(-0.0671699403274477,-0.0369558073493226,
0.),.UNSPECIFIED.);
#1023=B_SPLINE_CURVE_WITH_KNOTS('',3,(#7545,#7546,#7547,#7548,#7549,#7550,
#7551),.UNSPECIFIED.,.F.,.F.,(4,3,4),(-0.0761401619034792,-0.0338046426515246,
0.),.UNSPECIFIED.);
#1024=B_SPLINE_CURVE_WITH_KNOTS('',3,(#7556,#7557,#7558,#7559,#7560,#7561,
#7562),.UNSPECIFIED.,.F.,.F.,(4,3,4),(-0.16058241389361,-0.0833532607608389,
0.),.UNSPECIFIED.);
#1025=B_SPLINE_CURVE_WITH_KNOTS('',3,(#7564,#7565,#7566,#7567,#7568,#7569,
#7570),.UNSPECIFIED.,.F.,.F.,(4,3,4),(-0.180282078943904,-0.0850517555691506,
0.),.UNSPECIFIED.);
#1026=B_SPLINE_CURVE_WITH_KNOTS('',3,(#7572,#7573,#7574,#7575,#7576,#7577,
#7578),.UNSPECIFIED.,.F.,.F.,(4,3,4),(-0.258665420115388,-0.137294920296315,
0.),.UNSPECIFIED.);
#1027=B_SPLINE_CURVE_WITH_KNOTS('',3,(#7580,#7581,#7582,#7583,#7584,#7585,
#7586),.UNSPECIFIED.,.F.,.F.,(4,3,4),(-0.227434424424556,-0.107297179352464,
-2.77555756156289E-17),.UNSPECIFIED.);
#1028=B_SPLINE_CURVE_WITH_KNOTS('',3,(#7588,#7589,#7590,#7591,#7592,#7593,
#7594),.UNSPECIFIED.,.F.,.F.,(4,3,4),(-0.245259429860547,-0.131436270562678,
2.77555756156289E-17),.UNSPECIFIED.);
#1029=B_SPLINE_CURVE_WITH_KNOTS('',3,(#7596,#7597,#7598,#7599,#7600,#7601,
#7602),.UNSPECIFIED.,.F.,.F.,(4,3,4),(-0.218755309916899,-0.10824564672958,
0.),.UNSPECIFIED.);
#1030=B_SPLINE_CURVE_WITH_KNOTS('',3,(#7604,#7605,#7606,#7607,#7608,#7609,
#7610),.UNSPECIFIED.,.F.,.F.,(4,3,4),(-0.230515217772841,-0.119563633224837,
2.77555756156289E-17),.UNSPECIFIED.);
#1031=B_SPLINE_CURVE_WITH_KNOTS('',3,(#7612,#7613,#7614,#7615,#7616,#7617,
#7618),.UNSPECIFIED.,.F.,.F.,(4,3,4),(-0.309301584740635,-0.136155971907551,
0.),.UNSPECIFIED.);
#1032=B_SPLINE_CURVE_WITH_KNOTS('',3,(#7622,#7623,#7624,#7625,#7626,#7627,
#7628),.UNSPECIFIED.,.F.,.F.,(4,3,4),(-0.115727562741412,-0.0621956357618534,
0.),.UNSPECIFIED.);
#1033=B_SPLINE_CURVE_WITH_KNOTS('',3,(#7630,#7631,#7632,#7633,#7634,#7635,
#7636),.UNSPECIFIED.,.F.,.F.,(4,3,4),(-0.100601494876162,-0.050027340894752,
0.),.UNSPECIFIED.);
#1034=B_SPLINE_CURVE_WITH_KNOTS('',3,(#7638,#7639,#7640,#7641,#7642,#7643,
#7644),.UNSPECIFIED.,.F.,.F.,(4,3,4),(-0.0649257582413972,-0.0336600801836802,
0.),.UNSPECIFIED.);
#1035=B_SPLINE_CURVE_WITH_KNOTS('',3,(#7645,#7646,#7647,#7648,#7649,#7650,
#7651),.UNSPECIFIED.,.F.,.F.,(4,3,4),(-0.0822757589605355,-0.0371283558594864,
0.),.UNSPECIFIED.);
#1036=B_SPLINE_CURVE_WITH_KNOTS('',3,(#7656,#7657,#7658,#7659,#7660,#7661,
#7662),.UNSPECIFIED.,.F.,.F.,(4,3,4),(-0.142813291166417,-0.083416640953543,
0.),.UNSPECIFIED.);
#1037=B_SPLINE_CURVE_WITH_KNOTS('',3,(#7664,#7665,#7666,#7667,#7668,#7669,
#7670),.UNSPECIFIED.,.F.,.F.,(4,3,4),(-0.0895788231118325,-0.045482913594164,
0.),.UNSPECIFIED.);
#1038=B_SPLINE_CURVE_WITH_KNOTS('',3,(#7672,#7673,#7674,#7675,#7676,#7677,
#7678),.UNSPECIFIED.,.F.,.F.,(4,3,4),(-0.0940231405667219,-0.0460002904222883,
0.),.UNSPECIFIED.);
#1039=B_SPLINE_CURVE_WITH_KNOTS('',3,(#7680,#7681,#7682,#7683,#7684,#7685,
#7686),.UNSPECIFIED.,.F.,.F.,(4,3,4),(-0.100326167166655,-0.0492639953002688,
0.),.UNSPECIFIED.);
#1040=B_SPLINE_CURVE_WITH_KNOTS('',3,(#7688,#7689,#7690,#7691,#7692,#7693,
#7694),.UNSPECIFIED.,.F.,.F.,(4,3,4),(-0.108355803097328,-0.0542686111455273,
0.),.UNSPECIFIED.);
#1041=B_SPLINE_CURVE_WITH_KNOTS('',3,(#7696,#7697,#7698,#7699,#7700,#7701,
#7702),.UNSPECIFIED.,.F.,.F.,(4,3,4),(-0.110073043816287,-0.0547638671763724,
-1.38777878078145E-17),.UNSPECIFIED.);
#1042=B_SPLINE_CURVE_WITH_KNOTS('',3,(#7704,#7705,#7706,#7707,#7708,#7709,
#7710),.UNSPECIFIED.,.F.,.F.,(4,3,4),(-0.135940251342921,-0.070974842728317,
-2.77555756156289E-17),.UNSPECIFIED.);
#1043=B_SPLINE_CURVE_WITH_KNOTS('',3,(#7712,#7713,#7714,#7715,#7716,#7717,
#7718),.UNSPECIFIED.,.F.,.F.,(4,3,4),(-0.133155361414604,-0.0653143722789571,
0.),.UNSPECIFIED.);
#1044=B_SPLINE_CURVE_WITH_KNOTS('',3,(#7720,#7721,#7722,#7723,#7724,#7725,
#7726),.UNSPECIFIED.,.F.,.F.,(4,3,4),(-0.111746956353284,-0.055120528322869,
-1.38777878078145E-17),.UNSPECIFIED.);
#1045=B_SPLINE_CURVE_WITH_KNOTS('',3,(#7728,#7729,#7730,#7731,#7732,#7733,
#7734),.UNSPECIFIED.,.F.,.F.,(4,3,4),(-0.107966241933161,-0.0549518390512266,
0.),.UNSPECIFIED.);
#1046=B_SPLINE_CURVE_WITH_KNOTS('',3,(#7736,#7737,#7738,#7739,#7740,#7741,
#7742),.UNSPECIFIED.,.F.,.F.,(4,3,4),(-0.123528194347953,-0.0587269815520655,
-1.38777878078145E-17),.UNSPECIFIED.);
#1047=B_SPLINE_CURVE_WITH_KNOTS('',3,(#7744,#7745,#7746,#7747,#7748,#7749,
#7750),.UNSPECIFIED.,.F.,.F.,(4,3,4),(-0.204033080187604,-0.0722109817279572,
0.),.UNSPECIFIED.);
#1048=B_SPLINE_CURVE_WITH_KNOTS('',3,(#7760,#7761,#7762,#7763,#7764,#7765,
#7766),.UNSPECIFIED.,.F.,.F.,(4,3,4),(-0.198715366952222,-0.125529974822379,
0.),.UNSPECIFIED.);
#1049=B_SPLINE_CURVE_WITH_KNOTS('',3,(#7768,#7769,#7770,#7771,#7772,#7773,
#7774),.UNSPECIFIED.,.F.,.F.,(4,3,4),(-0.14613727188138,-0.0717219583256202,
0.),.UNSPECIFIED.);
#1050=B_SPLINE_CURVE_WITH_KNOTS('',3,(#7776,#7777,#7778,#7779,#7780,#7781,
#7782),.UNSPECIFIED.,.F.,.F.,(4,3,4),(-0.179135240837523,-0.084075180127487,
0.),.UNSPECIFIED.);
#1051=B_SPLINE_CURVE_WITH_KNOTS('',3,(#7784,#7785,#7786,#7787,#7788,#7789,
#7790),.UNSPECIFIED.,.F.,.F.,(4,3,4),(-0.12744103233983,-0.0680038587344367,
0.),.UNSPECIFIED.);
#1052=B_SPLINE_CURVE_WITH_KNOTS('',3,(#7792,#7793,#7794,#7795,#7796,#7797,
#7798),.UNSPECIFIED.,.F.,.F.,(4,3,4),(-0.104241415447386,-0.0538214301024971,
0.),.UNSPECIFIED.);
#1053=B_SPLINE_CURVE_WITH_KNOTS('',3,(#7800,#7801,#7802,#7803,#7804,#7805,
#7806),.UNSPECIFIED.,.F.,.F.,(4,3,4),(-0.0916350935935135,-0.0474824153548881,
0.),.UNSPECIFIED.);
#1054=B_SPLINE_CURVE_WITH_KNOTS('',3,(#7808,#7809,#7810,#7811,#7812,#7813,
#7814),.UNSPECIFIED.,.F.,.F.,(4,3,4),(-0.185969337530489,-0.078909958734536,
0.),.UNSPECIFIED.);
#1055=B_SPLINE_CURVE_WITH_KNOTS('',3,(#7826,#7827,#7828,#7829,#7830,#7831,
#7832),.UNSPECIFIED.,.F.,.F.,(4,3,4),(-0.111979872441266,-0.0577616731829912,
0.),.UNSPECIFIED.);
#1056=B_SPLINE_CURVE_WITH_KNOTS('',3,(#7834,#7835,#7836,#7837,#7838,#7839,
#7840),.UNSPECIFIED.,.F.,.F.,(4,3,4),(-0.100439826523393,-0.051473037588113,
0.),.UNSPECIFIED.);
#1057=B_SPLINE_CURVE_WITH_KNOTS('',3,(#7842,#7843,#7844,#7845,#7846,#7847,
#7848),.UNSPECIFIED.,.F.,.F.,(4,3,4),(-0.203598292935427,-0.0996609160390973,
-2.77555756156289E-17),.UNSPECIFIED.);
#1058=B_SPLINE_CURVE_WITH_KNOTS('',3,(#7850,#7851,#7852,#7853,#7854,#7855,
#7856),.UNSPECIFIED.,.F.,.F.,(4,3,4),(-0.264713258709724,-0.121745483196241,
0.),.UNSPECIFIED.);
#1059=B_SPLINE_CURVE_WITH_KNOTS('',3,(#7858,#7859,#7860,#7861,#7862,#7863,
#7864),.UNSPECIFIED.,.F.,.F.,(4,3,4),(-0.242178756533452,-0.132823293932536,
0.),.UNSPECIFIED.);
#1060=B_SPLINE_CURVE_WITH_KNOTS('',3,(#7866,#7867,#7868,#7869,#7870,#7871,
#7872),.UNSPECIFIED.,.F.,.F.,(4,3,4),(-0.200938106256111,-0.0997802431205454,
2.77555756156289E-17),.UNSPECIFIED.);
#1061=B_SPLINE_CURVE_WITH_KNOTS('',3,(#7874,#7875,#7876,#7877,#7878,#7879,
#7880),.UNSPECIFIED.,.F.,.F.,(4,3,4),(-0.203147214949817,-0.0986271823755784,
0.),.UNSPECIFIED.);
#1062=B_SPLINE_CURVE_WITH_KNOTS('',3,(#8326,#8327,#8328,#8329,#8330),
 .UNSPECIFIED.,.F.,.F.,(4,1,4),(0.,0.0584115766856611,0.107038752936186),
 .UNSPECIFIED.);
#1063=B_SPLINE_CURVE_WITH_KNOTS('',3,(#8332,#8333,#8334,#8335,#8336),
 .UNSPECIFIED.,.F.,.F.,(4,1,4),(0.,0.043932764518609,0.0874758969975285),
 .UNSPECIFIED.);
#1064=B_SPLINE_CURVE_WITH_KNOTS('',3,(#8338,#8339,#8340,#8341,#8342),
 .UNSPECIFIED.,.F.,.F.,(4,1,4),(0.,0.0460054117645974,0.0914191197357347),
 .UNSPECIFIED.);
#1065=B_SPLINE_CURVE_WITH_KNOTS('',3,(#8344,#8345,#8346,#8347,#8348),
 .UNSPECIFIED.,.F.,.F.,(4,1,4),(0.,0.0487663042564337,0.104615535537674),
 .UNSPECIFIED.);
#1066=B_SPLINE_CURVE_WITH_KNOTS('',3,(#8353,#8354,#8355,#8356,#8357),
 .UNSPECIFIED.,.F.,.F.,(4,1,4),(0.,0.0389363048687557,0.0947339890966858),
 .UNSPECIFIED.);
#1067=B_SPLINE_CURVE_WITH_KNOTS('',3,(#8359,#8360,#8361,#8362,#8363),
 .UNSPECIFIED.,.F.,.F.,(4,1,4),(0.,0.053638619523882,0.0865390444074783),
 .UNSPECIFIED.);
#1068=B_SPLINE_CURVE_WITH_KNOTS('',3,(#8365,#8366,#8367,#8368,#8369),
 .UNSPECIFIED.,.F.,.F.,(4,1,4),(0.,0.0324923601833206,0.062812279881278),
 .UNSPECIFIED.);
#1069=B_SPLINE_CURVE_WITH_KNOTS('',3,(#8371,#8372,#8373,#8374,#8375),
 .UNSPECIFIED.,.F.,.F.,(4,1,4),(0.,0.0301260523762272,0.0609712112989075),
 .UNSPECIFIED.);
#1070=B_SPLINE_CURVE_WITH_KNOTS('',3,(#8377,#8378,#8379,#8380,#8381),
 .UNSPECIFIED.,.F.,.F.,(4,1,4),(0.,0.0319571873615994,0.0657549140173246),
 .UNSPECIFIED.);
#1071=B_SPLINE_CURVE_WITH_KNOTS('',3,(#8383,#8384,#8385,#8386,#8387),
 .UNSPECIFIED.,.F.,.F.,(4,1,4),(0.,0.0404414688731575,0.0834499386336937),
 .UNSPECIFIED.);
#1072=B_SPLINE_CURVE_WITH_KNOTS('',3,(#8389,#8390,#8391,#8392,#8393),
 .UNSPECIFIED.,.F.,.F.,(4,1,4),(0.,0.032092464917972,0.0624195308708698),
 .UNSPECIFIED.);
#1073=B_SPLINE_CURVE_WITH_KNOTS('',3,(#8395,#8396,#8397,#8398,#8399),
 .UNSPECIFIED.,.F.,.F.,(4,1,4),(0.,0.0284116049706004,0.0739555764195267),
 .UNSPECIFIED.);
#1074=B_SPLINE_CURVE_WITH_KNOTS('',3,(#8404,#8405,#8406,#8407,#8408),
 .UNSPECIFIED.,.F.,.F.,(4,1,4),(0.,0.0584115814128672,0.107038742603398),
 .UNSPECIFIED.);
#1075=B_SPLINE_CURVE_WITH_KNOTS('',3,(#8410,#8411,#8412,#8413,#8414),
 .UNSPECIFIED.,.F.,.F.,(4,1,4),(0.,0.0439327887481841,0.0874758920017516),
 .UNSPECIFIED.);
#1076=B_SPLINE_CURVE_WITH_KNOTS('',3,(#8416,#8417,#8418,#8419,#8420),
 .UNSPECIFIED.,.F.,.F.,(4,1,4),(0.,0.0460054994453571,0.0914192313846593),
 .UNSPECIFIED.);
#1077=B_SPLINE_CURVE_WITH_KNOTS('',3,(#8422,#8423,#8424,#8425,#8426),
 .UNSPECIFIED.,.F.,.F.,(4,1,4),(0.,0.0487662969120392,0.10461552206694),
 .UNSPECIFIED.);
#1078=B_SPLINE_CURVE_WITH_KNOTS('',3,(#8435,#8436,#8437,#8438,#8439),
 .UNSPECIFIED.,.F.,.F.,(4,1,4),(0.,0.0702374549415484,0.109212604990296),
 .UNSPECIFIED.);
#1079=B_SPLINE_CURVE_WITH_KNOTS('',3,(#8441,#8442,#8443,#8444,#8445),
 .UNSPECIFIED.,.F.,.F.,(4,1,4),(0.,0.0340139324677596,0.0666967798934525),
 .UNSPECIFIED.);
#1080=B_SPLINE_CURVE_WITH_KNOTS('',3,(#8447,#8448,#8449,#8450,#8451),
 .UNSPECIFIED.,.F.,.F.,(4,1,4),(0.,0.0336515295150353,0.0717262942909237),
 .UNSPECIFIED.);
#1081=B_SPLINE_CURVE_WITH_KNOTS('',3,(#8453,#8454,#8455,#8456,#8457),
 .UNSPECIFIED.,.F.,.F.,(4,1,4),(0.,0.0330442794272336,0.0633183140061576),
 .UNSPECIFIED.);
#1082=B_SPLINE_CURVE_WITH_KNOTS('',3,(#8459,#8460,#8461,#8462,#8463),
 .UNSPECIFIED.,.F.,.F.,(4,1,4),(0.,0.0299571501955005,0.0621454401038722),
 .UNSPECIFIED.);
#1083=B_SPLINE_CURVE_WITH_KNOTS('',3,(#8465,#8466,#8467,#8468,#8469),
 .UNSPECIFIED.,.F.,.F.,(4,1,4),(0.,0.05218559905521,0.141725849442459),
 .UNSPECIFIED.);
#1084=B_SPLINE_CURVE_WITH_KNOTS('',3,(#8478,#8479,#8480,#8481,#8482),
 .UNSPECIFIED.,.F.,.F.,(4,1,4),(0.,0.0753325936242158,0.115531998163319),
 .UNSPECIFIED.);
#1085=B_SPLINE_CURVE_WITH_KNOTS('',3,(#8484,#8485,#8486,#8487,#8488),
 .UNSPECIFIED.,.F.,.F.,(4,1,4),(0.,0.0376653447786898,0.0711277387254938),
 .UNSPECIFIED.);
#1086=B_SPLINE_CURVE_WITH_KNOTS('',3,(#8490,#8491,#8492,#8493,#8494),
 .UNSPECIFIED.,.F.,.F.,(4,1,4),(0.,0.0322356623478072,0.0671695752167625),
 .UNSPECIFIED.);
#1087=B_SPLINE_CURVE_WITH_KNOTS('',3,(#8496,#8497,#8498,#8499,#8500),
 .UNSPECIFIED.,.F.,.F.,(4,1,4),(0.,0.0334801799108404,0.0637675663924144),
 .UNSPECIFIED.);
#1088=B_SPLINE_CURVE_WITH_KNOTS('',3,(#8502,#8503,#8504,#8505,#8506),
 .UNSPECIFIED.,.F.,.F.,(4,1,4),(0.,0.0310336128847226,0.0671066623476804),
 .UNSPECIFIED.);
#1089=B_SPLINE_CURVE_WITH_KNOTS('',3,(#8508,#8509,#8510,#8511,#8512),
 .UNSPECIFIED.,.F.,.F.,(4,1,4),(0.,0.0458328644294225,0.135935415809388),
 .UNSPECIFIED.);
#1090=B_SPLINE_CURVE_WITH_KNOTS('',3,(#8521,#8522,#8523,#8524,#8525),
 .UNSPECIFIED.,.F.,.F.,(4,1,4),(0.,0.0784788075750535,0.126644099715599),
 .UNSPECIFIED.);
#1091=B_SPLINE_CURVE_WITH_KNOTS('',3,(#8527,#8528,#8529,#8530,#8531),
 .UNSPECIFIED.,.F.,.F.,(4,1,4),(0.,0.0324035013613118,0.0637049029110251),
 .UNSPECIFIED.);
#1092=B_SPLINE_CURVE_WITH_KNOTS('',3,(#8533,#8534,#8535,#8536,#8537),
 .UNSPECIFIED.,.F.,.F.,(4,1,4),(0.,0.0315035023564515,0.0645745109086421),
 .UNSPECIFIED.);
#1093=B_SPLINE_CURVE_WITH_KNOTS('',3,(#8539,#8540,#8541,#8542,#8543),
 .UNSPECIFIED.,.F.,.F.,(4,1,4),(0.,0.0397136536517068,0.0766283106327883),
 .UNSPECIFIED.);
#1094=B_SPLINE_CURVE_WITH_KNOTS('',3,(#8545,#8546,#8547,#8548,#8549),
 .UNSPECIFIED.,.F.,.F.,(4,1,4),(0.,0.0365101733648994,0.0738792121318386),
 .UNSPECIFIED.);
#1095=B_SPLINE_CURVE_WITH_KNOTS('',3,(#8551,#8552,#8553,#8554,#8555),
 .UNSPECIFIED.,.F.,.F.,(4,1,4),(0.,0.0430235226044433,0.114606037439261),
 .UNSPECIFIED.);
#1096=B_SPLINE_CURVE_WITH_KNOTS('',3,(#8560,#8561,#8562,#8563,#8564),
 .UNSPECIFIED.,.F.,.F.,(4,1,4),(0.,0.0789392095712351,0.135636179591144),
 .UNSPECIFIED.);
#1097=B_SPLINE_CURVE_WITH_KNOTS('',3,(#8566,#8567,#8568,#8569,#8570),
 .UNSPECIFIED.,.F.,.F.,(4,1,4),(0.,0.0622872881189745,0.122406406802478),
 .UNSPECIFIED.);
#1098=B_SPLINE_CURVE_WITH_KNOTS('',3,(#8572,#8573,#8574,#8575,#8576),
 .UNSPECIFIED.,.F.,.F.,(4,1,4),(0.,0.0494621135226268,0.101788434546977),
 .UNSPECIFIED.);
#1099=B_SPLINE_CURVE_WITH_KNOTS('',3,(#8578,#8579,#8580,#8581,#8582),
 .UNSPECIFIED.,.F.,.F.,(4,1,4),(0.,0.0616723899805865,0.139353260891634),
 .UNSPECIFIED.);
#1100=B_SPLINE_CURVE_WITH_KNOTS('',3,(#8584,#8585,#8586,#8587,#8588),
 .UNSPECIFIED.,.F.,.F.,(4,1,4),(0.,0.0849908622613367,0.147887193553779),
 .UNSPECIFIED.);
#1101=B_SPLINE_CURVE_WITH_KNOTS('',3,(#8590,#8591,#8592,#8593,#8594),
 .UNSPECIFIED.,.F.,.F.,(4,1,4),(0.,0.0518183920641879,0.103319525316305),
 .UNSPECIFIED.);
#1102=B_SPLINE_CURVE_WITH_KNOTS('',3,(#8596,#8597,#8598,#8599,#8600),
 .UNSPECIFIED.,.F.,.F.,(4,1,4),(0.,0.0504883755710974,0.102213627671018),
 .UNSPECIFIED.);
#1103=B_SPLINE_CURVE_WITH_KNOTS('',3,(#8601,#8602,#8603,#8604,#8605),
 .UNSPECIFIED.,.F.,.F.,(4,1,4),(0.,0.0597825942307695,0.134655742039797),
 .UNSPECIFIED.);
#1104=LINE('',#6168,#1527);
#1105=LINE('',#6170,#1528);
#1106=LINE('',#6243,#1529);
#1107=LINE('',#6246,#1530);
#1108=LINE('',#6284,#1531);
#1109=LINE('',#6285,#1532);
#1110=LINE('',#6288,#1533);
#1111=LINE('',#6326,#1534);
#1112=LINE('',#6327,#1535);
#1113=LINE('',#6355,#1536);
#1114=LINE('',#6404,#1537);
#1115=LINE('',#6407,#1538);
#1116=LINE('',#6458,#1539);
#1117=LINE('',#6520,#1540);
#1118=LINE('',#6534,#1541);
#1119=LINE('',#6565,#1542);
#1120=LINE('',#6568,#1543);
#1121=LINE('',#6619,#1544);
#1122=LINE('',#6621,#1545);
#1123=LINE('',#6623,#1546);
#1124=LINE('',#6667,#1547);
#1125=LINE('',#6668,#1548);
#1126=LINE('',#6720,#1549);
#1127=LINE('',#6722,#1550);
#1128=LINE('',#6724,#1551);
#1129=LINE('',#6768,#1552);
#1130=LINE('',#6769,#1553);
#1131=LINE('',#6772,#1554);
#1132=LINE('',#6810,#1555);
#1133=LINE('',#6811,#1556);
#1134=LINE('',#6839,#1557);
#1135=LINE('',#6888,#1558);
#1136=LINE('',#6891,#1559);
#1137=LINE('',#6918,#1560);
#1138=LINE('',#6920,#1561);
#1139=LINE('',#6922,#1562);
#1140=LINE('',#6924,#1563);
#1141=LINE('',#6926,#1564);
#1142=LINE('',#6927,#1565);
#1143=LINE('',#6930,#1566);
#1144=LINE('',#6934,#1567);
#1145=LINE('',#6938,#1568);
#1146=LINE('',#6942,#1569);
#1147=LINE('',#6946,#1570);
#1148=LINE('',#6950,#1571);
#1149=LINE('',#6954,#1572);
#1150=LINE('',#6958,#1573);
#1151=LINE('',#6962,#1574);
#1152=LINE('',#6966,#1575);
#1153=LINE('',#6970,#1576);
#1154=LINE('',#6974,#1577);
#1155=LINE('',#6978,#1578);
#1156=LINE('',#6982,#1579);
#1157=LINE('',#6986,#1580);
#1158=LINE('',#6990,#1581);
#1159=LINE('',#6994,#1582);
#1160=LINE('',#6998,#1583);
#1161=LINE('',#7002,#1584);
#1162=LINE('',#7006,#1585);
#1163=LINE('',#7010,#1586);
#1164=LINE('',#7014,#1587);
#1165=LINE('',#7018,#1588);
#1166=LINE('',#7022,#1589);
#1167=LINE('',#7026,#1590);
#1168=LINE('',#7030,#1591);
#1169=LINE('',#7034,#1592);
#1170=LINE('',#7038,#1593);
#1171=LINE('',#7042,#1594);
#1172=LINE('',#7046,#1595);
#1173=LINE('',#7050,#1596);
#1174=LINE('',#7054,#1597);
#1175=LINE('',#7058,#1598);
#1176=LINE('',#7062,#1599);
#1177=LINE('',#7066,#1600);
#1178=LINE('',#7070,#1601);
#1179=LINE('',#7086,#1602);
#1180=LINE('',#7088,#1603);
#1181=LINE('',#7090,#1604);
#1182=LINE('',#7091,#1605);
#1183=LINE('',#7094,#1606);
#1184=LINE('',#7096,#1607);
#1185=LINE('',#7098,#1608);
#1186=LINE('',#7099,#1609);
#1187=LINE('',#7103,#1610);
#1188=LINE('',#7105,#1611);
#1189=LINE('',#7107,#1612);
#1190=LINE('',#7108,#1613);
#1191=LINE('',#7114,#1614);
#1192=LINE('',#7116,#1615);
#1193=LINE('',#7118,#1616);
#1194=LINE('',#7120,#1617);
#1195=LINE('',#7122,#1618);
#1196=LINE('',#7123,#1619);
#1197=LINE('',#7126,#1620);
#1198=LINE('',#7130,#1621);
#1199=LINE('',#7134,#1622);
#1200=LINE('',#7138,#1623);
#1201=LINE('',#7142,#1624);
#1202=LINE('',#7146,#1625);
#1203=LINE('',#7150,#1626);
#1204=LINE('',#7154,#1627);
#1205=LINE('',#7158,#1628);
#1206=LINE('',#7162,#1629);
#1207=LINE('',#7166,#1630);
#1208=LINE('',#7170,#1631);
#1209=LINE('',#7174,#1632);
#1210=LINE('',#7178,#1633);
#1211=LINE('',#7182,#1634);
#1212=LINE('',#7186,#1635);
#1213=LINE('',#7190,#1636);
#1214=LINE('',#7194,#1637);
#1215=LINE('',#7198,#1638);
#1216=LINE('',#7202,#1639);
#1217=LINE('',#7206,#1640);
#1218=LINE('',#7210,#1641);
#1219=LINE('',#7214,#1642);
#1220=LINE('',#7218,#1643);
#1221=LINE('',#7222,#1644);
#1222=LINE('',#7226,#1645);
#1223=LINE('',#7230,#1646);
#1224=LINE('',#7234,#1647);
#1225=LINE('',#7238,#1648);
#1226=LINE('',#7242,#1649);
#1227=LINE('',#7246,#1650);
#1228=LINE('',#7250,#1651);
#1229=LINE('',#7254,#1652);
#1230=LINE('',#7258,#1653);
#1231=LINE('',#7262,#1654);
#1232=LINE('',#7266,#1655);
#1233=LINE('',#7270,#1656);
#1234=LINE('',#7272,#1657);
#1235=LINE('',#7274,#1658);
#1236=LINE('',#7275,#1659);
#1237=LINE('',#7278,#1660);
#1238=LINE('',#7344,#1661);
#1239=LINE('',#7378,#1662);
#1240=LINE('',#7420,#1663);
#1241=LINE('',#7438,#1664);
#1242=LINE('',#7520,#1665);
#1243=LINE('',#7554,#1666);
#1244=LINE('',#7620,#1667);
#1245=LINE('',#7654,#1668);
#1246=LINE('',#7752,#1669);
#1247=LINE('',#7753,#1670);
#1248=LINE('',#7756,#1671);
#1249=LINE('',#7758,#1672);
#1250=LINE('',#7816,#1673);
#1251=LINE('',#7818,#1674);
#1252=LINE('',#7819,#1675);
#1253=LINE('',#7822,#1676);
#1254=LINE('',#7824,#1677);
#1255=LINE('',#7882,#1678);
#1256=LINE('',#7884,#1679);
#1257=LINE('',#7885,#1680);
#1258=LINE('',#7898,#1681);
#1259=LINE('',#7899,#1682);
#1260=LINE('',#7910,#1683);
#1261=LINE('',#7921,#1684);
#1262=LINE('',#7932,#1685);
#1263=LINE('',#7934,#1686);
#1264=LINE('',#7936,#1687);
#1265=LINE('',#7947,#1688);
#1266=LINE('',#7948,#1689);
#1267=LINE('',#7959,#1690);
#1268=LINE('',#7970,#1691);
#1269=LINE('',#7981,#1692);
#1270=LINE('',#7983,#1693);
#1271=LINE('',#7985,#1694);
#1272=LINE('',#7996,#1695);
#1273=LINE('',#7997,#1696);
#1274=LINE('',#8008,#1697);
#1275=LINE('',#8019,#1698);
#1276=LINE('',#8030,#1699);
#1277=LINE('',#8041,#1700);
#1278=LINE('',#8052,#1701);
#1279=LINE('',#8054,#1702);
#1280=LINE('',#8065,#1703);
#1281=LINE('',#8066,#1704);
#1282=LINE('',#8077,#1705);
#1283=LINE('',#8088,#1706);
#1284=LINE('',#8099,#1707);
#1285=LINE('',#8110,#1708);
#1286=LINE('',#8121,#1709);
#1287=LINE('',#8123,#1710);
#1288=LINE('',#8134,#1711);
#1289=LINE('',#8135,#1712);
#1290=LINE('',#8146,#1713);
#1291=LINE('',#8148,#1714);
#1292=LINE('',#8159,#1715);
#1293=LINE('',#8170,#1716);
#1294=LINE('',#8172,#1717);
#1295=LINE('',#8183,#1718);
#1296=LINE('',#8194,#1719);
#1297=LINE('',#8205,#1720);
#1298=LINE('',#8216,#1721);
#1299=LINE('',#8227,#1722);
#1300=LINE('',#8229,#1723);
#1301=LINE('',#8240,#1724);
#1302=LINE('',#8241,#1725);
#1303=LINE('',#8252,#1726);
#1304=LINE('',#8263,#1727);
#1305=LINE('',#8274,#1728);
#1306=LINE('',#8285,#1729);
#1307=LINE('',#8296,#1730);
#1308=LINE('',#8298,#1731);
#1309=LINE('',#8301,#1732);
#1310=LINE('',#8303,#1733);
#1311=LINE('',#8304,#1734);
#1312=LINE('',#8307,#1735);
#1313=LINE('',#8308,#1736);
#1314=LINE('',#8311,#1737);
#1315=LINE('',#8312,#1738);
#1316=LINE('',#8314,#1739);
#1317=LINE('',#8315,#1740);
#1318=LINE('',#8317,#1741);
#1319=LINE('',#8319,#1742);
#1320=LINE('',#8322,#1743);
#1321=LINE('',#8349,#1744);
#1322=LINE('',#8400,#1745);
#1323=LINE('',#8427,#1746);
#1324=LINE('',#8431,#1747);
#1325=LINE('',#8433,#1748);
#1326=LINE('',#8470,#1749);
#1327=LINE('',#8474,#1750);
#1328=LINE('',#8476,#1751);
#1329=LINE('',#8513,#1752);
#1330=LINE('',#8517,#1753);
#1331=LINE('',#8519,#1754);
#1332=LINE('',#8556,#1755);
#1333=LINE('',#8607,#1756);
#1334=LINE('',#8608,#1757);
#1335=LINE('',#8610,#1758);
#1336=LINE('',#8612,#1759);
#1337=LINE('',#8615,#1760);
#1338=LINE('',#8616,#1761);
#1339=LINE('',#8618,#1762);
#1340=LINE('',#8620,#1763);
#1341=LINE('',#8622,#1764);
#1342=LINE('',#8624,#1765);
#1343=LINE('',#8626,#1766);
#1344=LINE('',#8628,#1767);
#1345=LINE('',#8631,#1768);
#1346=LINE('',#8632,#1769);
#1347=LINE('',#8634,#1770);
#1348=LINE('',#8636,#1771);
#1349=LINE('',#8638,#1772);
#1350=LINE('',#8640,#1773);
#1351=LINE('',#8642,#1774);
#1352=LINE('',#8644,#1775);
#1353=LINE('',#8647,#1776);
#1354=LINE('',#8648,#1777);
#1355=LINE('',#8650,#1778);
#1356=LINE('',#8652,#1779);
#1357=LINE('',#8654,#1780);
#1358=LINE('',#8656,#1781);
#1359=LINE('',#8658,#1782);
#1360=LINE('',#8660,#1783);
#1361=LINE('',#8663,#1784);
#1362=LINE('',#8664,#1785);
#1363=LINE('',#8666,#1786);
#1364=LINE('',#8668,#1787);
#1365=LINE('',#8670,#1788);
#1366=LINE('',#8672,#1789);
#1367=LINE('',#8674,#1790);
#1368=LINE('',#8676,#1791);
#1369=LINE('',#8679,#1792);
#1370=LINE('',#8680,#1793);
#1371=LINE('',#8682,#1794);
#1372=LINE('',#8684,#1795);
#1373=LINE('',#8686,#1796);
#1374=LINE('',#8688,#1797);
#1375=LINE('',#8690,#1798);
#1376=LINE('',#8692,#1799);
#1377=LINE('',#8695,#1800);
#1378=LINE('',#8696,#1801);
#1379=LINE('',#8698,#1802);
#1380=LINE('',#8700,#1803);
#1381=LINE('',#8702,#1804);
#1382=LINE('',#8704,#1805);
#1383=LINE('',#8706,#1806);
#1384=LINE('',#8708,#1807);
#1385=LINE('',#8711,#1808);
#1386=LINE('',#8712,#1809);
#1387=LINE('',#8714,#1810);
#1388=LINE('',#8716,#1811);
#1389=LINE('',#8718,#1812);
#1390=LINE('',#8720,#1813);
#1391=LINE('',#8722,#1814);
#1392=LINE('',#8724,#1815);
#1393=LINE('',#8727,#1816);
#1394=LINE('',#8728,#1817);
#1395=LINE('',#8730,#1818);
#1396=LINE('',#8732,#1819);
#1397=LINE('',#8734,#1820);
#1398=LINE('',#8736,#1821);
#1399=LINE('',#8738,#1822);
#1400=LINE('',#8740,#1823);
#1401=LINE('',#8743,#1824);
#1402=LINE('',#8744,#1825);
#1403=LINE('',#8746,#1826);
#1404=LINE('',#8748,#1827);
#1405=LINE('',#8750,#1828);
#1406=LINE('',#8752,#1829);
#1407=LINE('',#8754,#1830);
#1408=LINE('',#8756,#1831);
#1409=LINE('',#8760,#1832);
#1410=LINE('',#8761,#1833);
#1411=LINE('',#8764,#1834);
#1412=LINE('',#8765,#1835);
#1413=LINE('',#8767,#1836);
#1414=LINE('',#8771,#1837);
#1415=LINE('',#8773,#1838);
#1416=LINE('',#8775,#1839);
#1417=LINE('',#8777,#1840);
#1418=LINE('',#8779,#1841);
#1419=LINE('',#8780,#1842);
#1420=LINE('',#8794,#1843);
#1421=LINE('',#8796,#1844);
#1422=LINE('',#8798,#1845);
#1423=LINE('',#8800,#1846);
#1424=LINE('',#8802,#1847);
#1425=LINE('',#8804,#1848);
#1426=LINE('',#8806,#1849);
#1427=LINE('',#8807,#1850);
#1428=LINE('',#8809,#1851);
#1429=LINE('',#8811,#1852);
#1430=LINE('',#8813,#1853);
#1431=LINE('',#8815,#1854);
#1432=LINE('',#8827,#1855);
#1433=LINE('',#8828,#1856);
#1434=LINE('',#8839,#1857);
#1435=LINE('',#8850,#1858);
#1436=LINE('',#8861,#1859);
#1437=LINE('',#8873,#1860);
#1438=LINE('',#8884,#1861);
#1439=LINE('',#8886,#1862);
#1440=LINE('',#8897,#1863);
#1441=LINE('',#8908,#1864);
#1442=LINE('',#8919,#1865);
#1443=LINE('',#8940,#1866);
#1444=LINE('',#8941,#1867);
#1445=LINE('',#8952,#1868);
#1446=LINE('',#8963,#1869);
#1447=LINE('',#8974,#1870);
#1448=LINE('',#8985,#1871);
#1449=LINE('',#8996,#1872);
#1450=LINE('',#9007,#1873);
#1451=LINE('',#9018,#1874);
#1452=LINE('',#9030,#1875);
#1453=LINE('',#9041,#1876);
#1454=LINE('',#9052,#1877);
#1455=LINE('',#9063,#1878);
#1456=LINE('',#9074,#1879);
#1457=LINE('',#9085,#1880);
#1458=LINE('',#9096,#1881);
#1459=LINE('',#9107,#1882);
#1460=LINE('',#9109,#1883);
#1461=LINE('',#9120,#1884);
#1462=LINE('',#9131,#1885);
#1463=LINE('',#9142,#1886);
#1464=LINE('',#9163,#1887);
#1465=LINE('',#9164,#1888);
#1466=LINE('',#9175,#1889);
#1467=LINE('',#9186,#1890);
#1468=LINE('',#9197,#1891);
#1469=LINE('',#9209,#1892);
#1470=LINE('',#9220,#1893);
#1471=LINE('',#9222,#1894);
#1472=LINE('',#9233,#1895);
#1473=LINE('',#9244,#1896);
#1474=LINE('',#9255,#1897);
#1475=LINE('',#9267,#1898);
#1476=LINE('',#9268,#1899);
#1477=LINE('',#9270,#1900);
#1478=LINE('',#9281,#1901);
#1479=LINE('',#9292,#1902);
#1480=LINE('',#9303,#1903);
#1481=LINE('',#9314,#1904);
#1482=LINE('',#9325,#1905);
#1483=LINE('',#9336,#1906);
#1484=LINE('',#9339,#1907);
#1485=LINE('',#9340,#1908);
#1486=LINE('',#9342,#1909);
#1487=LINE('',#9353,#1910);
#1488=LINE('',#9364,#1911);
#1489=LINE('',#9375,#1912);
#1490=LINE('',#9386,#1913);
#1491=LINE('',#9397,#1914);
#1492=LINE('',#9408,#1915);
#1493=LINE('',#9420,#1916);
#1494=LINE('',#9431,#1917);
#1495=LINE('',#9442,#1918);
#1496=LINE('',#9453,#1919);
#1497=LINE('',#9464,#1920);
#1498=LINE('',#9475,#1921);
#1499=LINE('',#9477,#1922);
#1500=LINE('',#9480,#1923);
#1501=LINE('',#9481,#1924);
#1502=LINE('',#9483,#1925);
#1503=LINE('',#9494,#1926);
#1504=LINE('',#9505,#1927);
#1505=LINE('',#9516,#1928);
#1506=LINE('',#9527,#1929);
#1507=LINE('',#9538,#1930);
#1508=LINE('',#9549,#1931);
#1509=LINE('',#9561,#1932);
#1510=LINE('',#9572,#1933);
#1511=LINE('',#9583,#1934);
#1512=LINE('',#9585,#1935);
#1513=LINE('',#9587,#1936);
#1514=LINE('',#9599,#1937);
#1515=LINE('',#9600,#1938);
#1516=LINE('',#9611,#1939);
#1517=LINE('',#9622,#1940);
#1518=LINE('',#9633,#1941);
#1519=LINE('',#9644,#1942);
#1520=LINE('',#9655,#1943);
#1521=LINE('',#9666,#1944);
#1522=LINE('',#9687,#1945);
#1523=LINE('',#9698,#1946);
#1524=LINE('',#9709,#1947);
#1525=LINE('',#9711,#1948);
#1526=LINE('',#9713,#1949);
#1527=VECTOR('',#5273,10.);
#1528=VECTOR('',#5274,10.);
#1529=VECTOR('',#5275,10.);
#1530=VECTOR('',#5276,10.);
#1531=VECTOR('',#5277,10.);
#1532=VECTOR('',#5278,10.);
#1533=VECTOR('',#5279,10.);
#1534=VECTOR('',#5280,10.);
#1535=VECTOR('',#5281,10.);
#1536=VECTOR('',#5284,10.);
#1537=VECTOR('',#5285,10.);
#1538=VECTOR('',#5286,10.);
#1539=VECTOR('',#5289,10.);
#1540=VECTOR('',#5290,10.);
#1541=VECTOR('',#5291,10.);
#1542=VECTOR('',#5292,10.);
#1543=VECTOR('',#5293,10.);
#1544=VECTOR('',#5296,10.);
#1545=VECTOR('',#5297,10.);
#1546=VECTOR('',#5298,10.);
#1547=VECTOR('',#5299,10.);
#1548=VECTOR('',#5300,10.);
#1549=VECTOR('',#5303,10.);
#1550=VECTOR('',#5304,10.);
#1551=VECTOR('',#5305,10.);
#1552=VECTOR('',#5306,10.);
#1553=VECTOR('',#5307,10.);
#1554=VECTOR('',#5308,10.);
#1555=VECTOR('',#5309,10.);
#1556=VECTOR('',#5310,10.);
#1557=VECTOR('',#5313,10.);
#1558=VECTOR('',#5314,10.);
#1559=VECTOR('',#5315,10.);
#1560=VECTOR('',#5318,10.);
#1561=VECTOR('',#5319,10.);
#1562=VECTOR('',#5320,10.);
#1563=VECTOR('',#5321,10.);
#1564=VECTOR('',#5322,10.);
#1565=VECTOR('',#5323,10.);
#1566=VECTOR('',#5324,10.);
#1567=VECTOR('',#5327,10.);
#1568=VECTOR('',#5330,10.);
#1569=VECTOR('',#5333,10.);
#1570=VECTOR('',#5336,10.);
#1571=VECTOR('',#5339,10.);
#1572=VECTOR('',#5342,10.);
#1573=VECTOR('',#5345,10.);
#1574=VECTOR('',#5348,10.);
#1575=VECTOR('',#5351,10.);
#1576=VECTOR('',#5354,10.);
#1577=VECTOR('',#5357,10.);
#1578=VECTOR('',#5360,10.);
#1579=VECTOR('',#5363,10.);
#1580=VECTOR('',#5366,10.);
#1581=VECTOR('',#5369,10.);
#1582=VECTOR('',#5372,10.);
#1583=VECTOR('',#5375,10.);
#1584=VECTOR('',#5378,10.);
#1585=VECTOR('',#5381,10.);
#1586=VECTOR('',#5384,10.);
#1587=VECTOR('',#5387,10.);
#1588=VECTOR('',#5390,10.);
#1589=VECTOR('',#5393,10.);
#1590=VECTOR('',#5396,10.);
#1591=VECTOR('',#5399,10.);
#1592=VECTOR('',#5402,10.);
#1593=VECTOR('',#5405,10.);
#1594=VECTOR('',#5408,10.);
#1595=VECTOR('',#5411,10.);
#1596=VECTOR('',#5414,10.);
#1597=VECTOR('',#5417,10.);
#1598=VECTOR('',#5420,10.);
#1599=VECTOR('',#5423,10.);
#1600=VECTOR('',#5426,10.);
#1601=VECTOR('',#5429,10.);
#1602=VECTOR('',#5444,10.);
#1603=VECTOR('',#5445,10.);
#1604=VECTOR('',#5446,10.);
#1605=VECTOR('',#5447,10.);
#1606=VECTOR('',#5448,10.);
#1607=VECTOR('',#5449,10.);
#1608=VECTOR('',#5450,10.);
#1609=VECTOR('',#5451,10.);
#1610=VECTOR('',#5454,10.);
#1611=VECTOR('',#5455,10.);
#1612=VECTOR('',#5456,10.);
#1613=VECTOR('',#5457,10.);
#1614=VECTOR('',#5462,10.);
#1615=VECTOR('',#5463,10.);
#1616=VECTOR('',#5464,10.);
#1617=VECTOR('',#5465,10.);
#1618=VECTOR('',#5466,10.);
#1619=VECTOR('',#5467,10.);
#1620=VECTOR('',#5468,10.);
#1621=VECTOR('',#5471,10.);
#1622=VECTOR('',#5474,10.);
#1623=VECTOR('',#5477,10.);
#1624=VECTOR('',#5480,10.);
#1625=VECTOR('',#5483,10.);
#1626=VECTOR('',#5486,10.);
#1627=VECTOR('',#5489,10.);
#1628=VECTOR('',#5492,10.);
#1629=VECTOR('',#5495,10.);
#1630=VECTOR('',#5498,10.);
#1631=VECTOR('',#5501,10.);
#1632=VECTOR('',#5504,10.);
#1633=VECTOR('',#5507,10.);
#1634=VECTOR('',#5510,10.);
#1635=VECTOR('',#5513,10.);
#1636=VECTOR('',#5516,10.);
#1637=VECTOR('',#5519,10.);
#1638=VECTOR('',#5522,10.);
#1639=VECTOR('',#5525,10.);
#1640=VECTOR('',#5528,10.);
#1641=VECTOR('',#5531,10.);
#1642=VECTOR('',#5534,10.);
#1643=VECTOR('',#5537,10.);
#1644=VECTOR('',#5540,10.);
#1645=VECTOR('',#5543,10.);
#1646=VECTOR('',#5546,10.);
#1647=VECTOR('',#5549,10.);
#1648=VECTOR('',#5552,10.);
#1649=VECTOR('',#5555,10.);
#1650=VECTOR('',#5558,10.);
#1651=VECTOR('',#5561,10.);
#1652=VECTOR('',#5564,10.);
#1653=VECTOR('',#5567,10.);
#1654=VECTOR('',#5570,10.);
#1655=VECTOR('',#5573,10.);
#1656=VECTOR('',#5576,10.);
#1657=VECTOR('',#5577,10.);
#1658=VECTOR('',#5578,10.);
#1659=VECTOR('',#5579,10.);
#1660=VECTOR('',#5580,10.);
#1661=VECTOR('',#5581,10.);
#1662=VECTOR('',#5582,10.);
#1663=VECTOR('',#5583,10.);
#1664=VECTOR('',#5584,10.);
#1665=VECTOR('',#5585,10.);
#1666=VECTOR('',#5586,10.);
#1667=VECTOR('',#5587,10.);
#1668=VECTOR('',#5588,10.);
#1669=VECTOR('',#5589,10.);
#1670=VECTOR('',#5590,10.);
#1671=VECTOR('',#5591,10.);
#1672=VECTOR('',#5592,10.);
#1673=VECTOR('',#5593,10.);
#1674=VECTOR('',#5594,10.);
#1675=VECTOR('',#5595,10.);
#1676=VECTOR('',#5596,10.);
#1677=VECTOR('',#5597,10.);
#1678=VECTOR('',#5598,10.);
#1679=VECTOR('',#5599,10.);
#1680=VECTOR('',#5600,10.);
#1681=VECTOR('',#5603,10.);
#1682=VECTOR('',#5604,10.);
#1683=VECTOR('',#5605,10.);
#1684=VECTOR('',#5606,10.);
#1685=VECTOR('',#5607,10.);
#1686=VECTOR('',#5610,10.);
#1687=VECTOR('',#5613,10.);
#1688=VECTOR('',#5614,10.);
#1689=VECTOR('',#5615,10.);
#1690=VECTOR('',#5616,10.);
#1691=VECTOR('',#5617,10.);
#1692=VECTOR('',#5618,10.);
#1693=VECTOR('',#5621,10.);
#1694=VECTOR('',#5624,10.);
#1695=VECTOR('',#5625,10.);
#1696=VECTOR('',#5626,10.);
#1697=VECTOR('',#5627,10.);
#1698=VECTOR('',#5628,10.);
#1699=VECTOR('',#5629,10.);
#1700=VECTOR('',#5630,10.);
#1701=VECTOR('',#5631,10.);
#1702=VECTOR('',#5634,10.);
#1703=VECTOR('',#5635,10.);
#1704=VECTOR('',#5636,10.);
#1705=VECTOR('',#5637,10.);
#1706=VECTOR('',#5638,10.);
#1707=VECTOR('',#5639,10.);
#1708=VECTOR('',#5640,10.);
#1709=VECTOR('',#5641,10.);
#1710=VECTOR('',#5644,10.);
#1711=VECTOR('',#5645,10.);
#1712=VECTOR('',#5646,10.);
#1713=VECTOR('',#5647,10.);
#1714=VECTOR('',#5650,10.);
#1715=VECTOR('',#5651,10.);
#1716=VECTOR('',#5652,10.);
#1717=VECTOR('',#5655,10.);
#1718=VECTOR('',#5656,10.);
#1719=VECTOR('',#5657,10.);
#1720=VECTOR('',#5658,10.);
#1721=VECTOR('',#5659,10.);
#1722=VECTOR('',#5660,10.);
#1723=VECTOR('',#5663,10.);
#1724=VECTOR('',#5664,10.);
#1725=VECTOR('',#5665,10.);
#1726=VECTOR('',#5666,10.);
#1727=VECTOR('',#5667,10.);
#1728=VECTOR('',#5668,10.);
#1729=VECTOR('',#5669,10.);
#1730=VECTOR('',#5670,10.);
#1731=VECTOR('',#5673,10.);
#1732=VECTOR('',#5676,10.);
#1733=VECTOR('',#5677,10.);
#1734=VECTOR('',#5678,10.);
#1735=VECTOR('',#5681,10.);
#1736=VECTOR('',#5682,10.);
#1737=VECTOR('',#5685,10.);
#1738=VECTOR('',#5686,10.);
#1739=VECTOR('',#5689,10.);
#1740=VECTOR('',#5690,10.);
#1741=VECTOR('',#5693,10.);
#1742=VECTOR('',#5696,10.);
#1743=VECTOR('',#5701,3.90000000000001);
#1744=VECTOR('',#5704,10.);
#1745=VECTOR('',#5707,10.);
#1746=VECTOR('',#5710,10.);
#1747=VECTOR('',#5713,10.);
#1748=VECTOR('',#5714,10.);
#1749=VECTOR('',#5715,10.);
#1750=VECTOR('',#5718,10.);
#1751=VECTOR('',#5719,10.);
#1752=VECTOR('',#5720,10.);
#1753=VECTOR('',#5723,10.);
#1754=VECTOR('',#5724,10.);
#1755=VECTOR('',#5725,10.);
#1756=VECTOR('',#5730,10.);
#1757=VECTOR('',#5731,10.);
#1758=VECTOR('',#5734,10.);
#1759=VECTOR('',#5737,10.);
#1760=VECTOR('',#5742,10.);
#1761=VECTOR('',#5743,10.);
#1762=VECTOR('',#5746,10.);
#1763=VECTOR('',#5749,10.);
#1764=VECTOR('',#5752,10.);
#1765=VECTOR('',#5755,10.);
#1766=VECTOR('',#5758,10.);
#1767=VECTOR('',#5761,10.);
#1768=VECTOR('',#5766,10.);
#1769=VECTOR('',#5767,10.);
#1770=VECTOR('',#5770,10.);
#1771=VECTOR('',#5773,10.);
#1772=VECTOR('',#5776,10.);
#1773=VECTOR('',#5779,10.);
#1774=VECTOR('',#5782,10.);
#1775=VECTOR('',#5785,10.);
#1776=VECTOR('',#5790,10.);
#1777=VECTOR('',#5791,10.);
#1778=VECTOR('',#5794,10.);
#1779=VECTOR('',#5797,10.);
#1780=VECTOR('',#5800,10.);
#1781=VECTOR('',#5803,10.);
#1782=VECTOR('',#5806,10.);
#1783=VECTOR('',#5809,10.);
#1784=VECTOR('',#5814,10.);
#1785=VECTOR('',#5815,10.);
#1786=VECTOR('',#5818,10.);
#1787=VECTOR('',#5821,10.);
#1788=VECTOR('',#5824,10.);
#1789=VECTOR('',#5827,10.);
#1790=VECTOR('',#5830,10.);
#1791=VECTOR('',#5833,10.);
#1792=VECTOR('',#5838,10.);
#1793=VECTOR('',#5839,10.);
#1794=VECTOR('',#5842,10.);
#1795=VECTOR('',#5845,10.);
#1796=VECTOR('',#5848,10.);
#1797=VECTOR('',#5851,10.);
#1798=VECTOR('',#5854,10.);
#1799=VECTOR('',#5857,10.);
#1800=VECTOR('',#5862,10.);
#1801=VECTOR('',#5863,10.);
#1802=VECTOR('',#5866,10.);
#1803=VECTOR('',#5869,10.);
#1804=VECTOR('',#5872,10.);
#1805=VECTOR('',#5875,10.);
#1806=VECTOR('',#5878,10.);
#1807=VECTOR('',#5881,10.);
#1808=VECTOR('',#5886,10.);
#1809=VECTOR('',#5887,10.);
#1810=VECTOR('',#5890,10.);
#1811=VECTOR('',#5893,10.);
#1812=VECTOR('',#5896,10.);
#1813=VECTOR('',#5899,10.);
#1814=VECTOR('',#5902,10.);
#1815=VECTOR('',#5905,10.);
#1816=VECTOR('',#5910,10.);
#1817=VECTOR('',#5911,10.);
#1818=VECTOR('',#5914,10.);
#1819=VECTOR('',#5917,10.);
#1820=VECTOR('',#5920,10.);
#1821=VECTOR('',#5923,10.);
#1822=VECTOR('',#5926,10.);
#1823=VECTOR('',#5929,10.);
#1824=VECTOR('',#5934,10.);
#1825=VECTOR('',#5935,10.);
#1826=VECTOR('',#5938,10.);
#1827=VECTOR('',#5941,10.);
#1828=VECTOR('',#5944,10.);
#1829=VECTOR('',#5947,10.);
#1830=VECTOR('',#5950,10.);
#1831=VECTOR('',#5953,10.);
#1832=VECTOR('',#5958,10.);
#1833=VECTOR('',#5959,10.);
#1834=VECTOR('',#5962,10.);
#1835=VECTOR('',#5963,10.);
#1836=VECTOR('',#5966,10.);
#1837=VECTOR('',#5969,10.);
#1838=VECTOR('',#5970,10.);
#1839=VECTOR('',#5971,10.);
#1840=VECTOR('',#5972,10.);
#1841=VECTOR('',#5973,10.);
#1842=VECTOR('',#5974,10.);
#1843=VECTOR('',#5989,1.7);
#1844=VECTOR('',#5992,1.7);
#1845=VECTOR('',#5995,1.7);
#1846=VECTOR('',#5998,1.7);
#1847=VECTOR('',#6001,1.7);
#1848=VECTOR('',#6004,1.7);
#1849=VECTOR('',#6007,10.);
#1850=VECTOR('',#6008,10.);
#1851=VECTOR('',#6011,10.);
#1852=VECTOR('',#6014,10.);
#1853=VECTOR('',#6017,10.);
#1854=VECTOR('',#6020,10.);
#1855=VECTOR('',#6023,10.);
#1856=VECTOR('',#6024,10.);
#1857=VECTOR('',#6025,10.);
#1858=VECTOR('',#6026,10.);
#1859=VECTOR('',#6027,10.);
#1860=VECTOR('',#6030,10.);
#1861=VECTOR('',#6031,10.);
#1862=VECTOR('',#6034,10.);
#1863=VECTOR('',#6035,10.);
#1864=VECTOR('',#6036,10.);
#1865=VECTOR('',#6037,10.);
#1866=VECTOR('',#6038,10.);
#1867=VECTOR('',#6039,10.);
#1868=VECTOR('',#6040,10.);
#1869=VECTOR('',#6041,10.);
#1870=VECTOR('',#6042,10.);
#1871=VECTOR('',#6043,10.);
#1872=VECTOR('',#6044,10.);
#1873=VECTOR('',#6045,10.);
#1874=VECTOR('',#6046,10.);
#1875=VECTOR('',#6049,10.);
#1876=VECTOR('',#6050,10.);
#1877=VECTOR('',#6051,10.);
#1878=VECTOR('',#6052,10.);
#1879=VECTOR('',#6053,10.);
#1880=VECTOR('',#6054,10.);
#1881=VECTOR('',#6055,10.);
#1882=VECTOR('',#6056,10.);
#1883=VECTOR('',#6059,10.);
#1884=VECTOR('',#6060,10.);
#1885=VECTOR('',#6061,10.);
#1886=VECTOR('',#6062,10.);
#1887=VECTOR('',#6063,10.);
#1888=VECTOR('',#6064,10.);
#1889=VECTOR('',#6065,10.);
#1890=VECTOR('',#6066,10.);
#1891=VECTOR('',#6067,10.);
#1892=VECTOR('',#6070,10.);
#1893=VECTOR('',#6071,10.);
#1894=VECTOR('',#6074,10.);
#1895=VECTOR('',#6075,10.);
#1896=VECTOR('',#6076,10.);
#1897=VECTOR('',#6077,10.);
#1898=VECTOR('',#6080,10.);
#1899=VECTOR('',#6081,10.);
#1900=VECTOR('',#6084,10.);
#1901=VECTOR('',#6085,10.);
#1902=VECTOR('',#6086,10.);
#1903=VECTOR('',#6087,10.);
#1904=VECTOR('',#6088,10.);
#1905=VECTOR('',#6089,10.);
#1906=VECTOR('',#6090,10.);
#1907=VECTOR('',#6095,10.);
#1908=VECTOR('',#6096,10.);
#1909=VECTOR('',#6099,10.);
#1910=VECTOR('',#6100,10.);
#1911=VECTOR('',#6101,10.);
#1912=VECTOR('',#6102,10.);
#1913=VECTOR('',#6103,10.);
#1914=VECTOR('',#6104,10.);
#1915=VECTOR('',#6105,10.);
#1916=VECTOR('',#6108,10.);
#1917=VECTOR('',#6109,10.);
#1918=VECTOR('',#6110,10.);
#1919=VECTOR('',#6111,10.);
#1920=VECTOR('',#6112,10.);
#1921=VECTOR('',#6113,10.);
#1922=VECTOR('',#6116,10.);
#1923=VECTOR('',#6121,10.);
#1924=VECTOR('',#6122,10.);
#1925=VECTOR('',#6125,10.);
#1926=VECTOR('',#6126,10.);
#1927=VECTOR('',#6127,10.);
#1928=VECTOR('',#6128,10.);
#1929=VECTOR('',#6129,10.);
#1930=VECTOR('',#6130,10.);
#1931=VECTOR('',#6131,10.);
#1932=VECTOR('',#6134,10.);
#1933=VECTOR('',#6135,10.);
#1934=VECTOR('',#6136,10.);
#1935=VECTOR('',#6139,10.);
#1936=VECTOR('',#6142,10.);
#1937=VECTOR('',#6145,10.);
#1938=VECTOR('',#6146,10.);
#1939=VECTOR('',#6147,10.);
#1940=VECTOR('',#6148,10.);
#1941=VECTOR('',#6149,10.);
#1942=VECTOR('',#6150,10.);
#1943=VECTOR('',#6151,10.);
#1944=VECTOR('',#6152,10.);
#1945=VECTOR('',#6153,10.);
#1946=VECTOR('',#6154,10.);
#1947=VECTOR('',#6155,10.);
#1948=VECTOR('',#6158,10.);
#1949=VECTOR('',#6161,10.);
#1950=VERTEX_POINT('',#6166);
#1951=VERTEX_POINT('',#6167);
#1952=VERTEX_POINT('',#6169);
#1953=VERTEX_POINT('',#6171);
#1954=VERTEX_POINT('',#6177);
#1955=VERTEX_POINT('',#6183);
#1956=VERTEX_POINT('',#6189);
#1957=VERTEX_POINT('',#6195);
#1958=VERTEX_POINT('',#6201);
#1959=VERTEX_POINT('',#6207);
#1960=VERTEX_POINT('',#6213);
#1961=VERTEX_POINT('',#6219);
#1962=VERTEX_POINT('',#6225);
#1963=VERTEX_POINT('',#6231);
#1964=VERTEX_POINT('',#6237);
#1965=VERTEX_POINT('',#6244);
#1966=VERTEX_POINT('',#6245);
#1967=VERTEX_POINT('',#6247);
#1968=VERTEX_POINT('',#6253);
#1969=VERTEX_POINT('',#6259);
#1970=VERTEX_POINT('',#6265);
#1971=VERTEX_POINT('',#6271);
#1972=VERTEX_POINT('',#6277);
#1973=VERTEX_POINT('',#6283);
#1974=VERTEX_POINT('',#6286);
#1975=VERTEX_POINT('',#6287);
#1976=VERTEX_POINT('',#6289);
#1977=VERTEX_POINT('',#6295);
#1978=VERTEX_POINT('',#6301);
#1979=VERTEX_POINT('',#6307);
#1980=VERTEX_POINT('',#6313);
#1981=VERTEX_POINT('',#6319);
#1982=VERTEX_POINT('',#6325);
#1983=VERTEX_POINT('',#6329);
#1984=VERTEX_POINT('',#6330);
#1985=VERTEX_POINT('',#6336);
#1986=VERTEX_POINT('',#6342);
#1987=VERTEX_POINT('',#6348);
#1988=VERTEX_POINT('',#6354);
#1989=VERTEX_POINT('',#6356);
#1990=VERTEX_POINT('',#6362);
#1991=VERTEX_POINT('',#6368);
#1992=VERTEX_POINT('',#6374);
#1993=VERTEX_POINT('',#6380);
#1994=VERTEX_POINT('',#6386);
#1995=VERTEX_POINT('',#6392);
#1996=VERTEX_POINT('',#6398);
#1997=VERTEX_POINT('',#6405);
#1998=VERTEX_POINT('',#6406);
#1999=VERTEX_POINT('',#6408);
#2000=VERTEX_POINT('',#6414);
#2001=VERTEX_POINT('',#6420);
#2002=VERTEX_POINT('',#6432);
#2003=VERTEX_POINT('',#6433);
#2004=VERTEX_POINT('',#6439);
#2005=VERTEX_POINT('',#6445);
#2006=VERTEX_POINT('',#6451);
#2007=VERTEX_POINT('',#6457);
#2008=VERTEX_POINT('',#6459);
#2009=VERTEX_POINT('',#6465);
#2010=VERTEX_POINT('',#6471);
#2011=VERTEX_POINT('',#6477);
#2012=VERTEX_POINT('',#6483);
#2013=VERTEX_POINT('',#6489);
#2014=VERTEX_POINT('',#6495);
#2015=VERTEX_POINT('',#6501);
#2016=VERTEX_POINT('',#6507);
#2017=VERTEX_POINT('',#6513);
#2018=VERTEX_POINT('',#6519);
#2019=VERTEX_POINT('',#6521);
#2020=VERTEX_POINT('',#6527);
#2021=VERTEX_POINT('',#6533);
#2022=VERTEX_POINT('',#6535);
#2023=VERTEX_POINT('',#6541);
#2024=VERTEX_POINT('',#6547);
#2025=VERTEX_POINT('',#6553);
#2026=VERTEX_POINT('',#6559);
#2027=VERTEX_POINT('',#6566);
#2028=VERTEX_POINT('',#6567);
#2029=VERTEX_POINT('',#6569);
#2030=VERTEX_POINT('',#6575);
#2031=VERTEX_POINT('',#6581);
#2032=VERTEX_POINT('',#6587);
#2033=VERTEX_POINT('',#6593);
#2034=VERTEX_POINT('',#6599);
#2035=VERTEX_POINT('',#6605);
#2036=VERTEX_POINT('',#6617);
#2037=VERTEX_POINT('',#6618);
#2038=VERTEX_POINT('',#6620);
#2039=VERTEX_POINT('',#6622);
#2040=VERTEX_POINT('',#6624);
#2041=VERTEX_POINT('',#6630);
#2042=VERTEX_POINT('',#6636);
#2043=VERTEX_POINT('',#6642);
#2044=VERTEX_POINT('',#6648);
#2045=VERTEX_POINT('',#6654);
#2046=VERTEX_POINT('',#6660);
#2047=VERTEX_POINT('',#6666);
#2048=VERTEX_POINT('',#6669);
#2049=VERTEX_POINT('',#6670);
#2050=VERTEX_POINT('',#6676);
#2051=VERTEX_POINT('',#6682);
#2052=VERTEX_POINT('',#6688);
#2053=VERTEX_POINT('',#6694);
#2054=VERTEX_POINT('',#6700);
#2055=VERTEX_POINT('',#6706);
#2056=VERTEX_POINT('',#6718);
#2057=VERTEX_POINT('',#6719);
#2058=VERTEX_POINT('',#6721);
#2059=VERTEX_POINT('',#6723);
#2060=VERTEX_POINT('',#6725);
#2061=VERTEX_POINT('',#6731);
#2062=VERTEX_POINT('',#6737);
#2063=VERTEX_POINT('',#6743);
#2064=VERTEX_POINT('',#6749);
#2065=VERTEX_POINT('',#6755);
#2066=VERTEX_POINT('',#6761);
#2067=VERTEX_POINT('',#6767);
#2068=VERTEX_POINT('',#6770);
#2069=VERTEX_POINT('',#6771);
#2070=VERTEX_POINT('',#6773);
#2071=VERTEX_POINT('',#6779);
#2072=VERTEX_POINT('',#6785);
#2073=VERTEX_POINT('',#6791);
#2074=VERTEX_POINT('',#6797);
#2075=VERTEX_POINT('',#6803);
#2076=VERTEX_POINT('',#6809);
#2077=VERTEX_POINT('',#6813);
#2078=VERTEX_POINT('',#6814);
#2079=VERTEX_POINT('',#6820);
#2080=VERTEX_POINT('',#6826);
#2081=VERTEX_POINT('',#6832);
#2082=VERTEX_POINT('',#6838);
#2083=VERTEX_POINT('',#6840);
#2084=VERTEX_POINT('',#6846);
#2085=VERTEX_POINT('',#6852);
#2086=VERTEX_POINT('',#6858);
#2087=VERTEX_POINT('',#6864);
#2088=VERTEX_POINT('',#6870);
#2089=VERTEX_POINT('',#6876);
#2090=VERTEX_POINT('',#6882);
#2091=VERTEX_POINT('',#6889);
#2092=VERTEX_POINT('',#6890);
#2093=VERTEX_POINT('',#6892);
#2094=VERTEX_POINT('',#6898);
#2095=VERTEX_POINT('',#6904);
#2096=VERTEX_POINT('',#6916);
#2097=VERTEX_POINT('',#6917);
#2098=VERTEX_POINT('',#6919);
#2099=VERTEX_POINT('',#6921);
#2100=VERTEX_POINT('',#6923);
#2101=VERTEX_POINT('',#6925);
#2102=VERTEX_POINT('',#6928);
#2103=VERTEX_POINT('',#6929);
#2104=VERTEX_POINT('',#6931);
#2105=VERTEX_POINT('',#6933);
#2106=VERTEX_POINT('',#6935);
#2107=VERTEX_POINT('',#6937);
#2108=VERTEX_POINT('',#6939);
#2109=VERTEX_POINT('',#6941);
#2110=VERTEX_POINT('',#6944);
#2111=VERTEX_POINT('',#6945);
#2112=VERTEX_POINT('',#6947);
#2113=VERTEX_POINT('',#6949);
#2114=VERTEX_POINT('',#6951);
#2115=VERTEX_POINT('',#6953);
#2116=VERTEX_POINT('',#6955);
#2117=VERTEX_POINT('',#6957);
#2118=VERTEX_POINT('',#6960);
#2119=VERTEX_POINT('',#6961);
#2120=VERTEX_POINT('',#6963);
#2121=VERTEX_POINT('',#6965);
#2122=VERTEX_POINT('',#6967);
#2123=VERTEX_POINT('',#6969);
#2124=VERTEX_POINT('',#6971);
#2125=VERTEX_POINT('',#6973);
#2126=VERTEX_POINT('',#6976);
#2127=VERTEX_POINT('',#6977);
#2128=VERTEX_POINT('',#6979);
#2129=VERTEX_POINT('',#6981);
#2130=VERTEX_POINT('',#6983);
#2131=VERTEX_POINT('',#6985);
#2132=VERTEX_POINT('',#6987);
#2133=VERTEX_POINT('',#6989);
#2134=VERTEX_POINT('',#6992);
#2135=VERTEX_POINT('',#6993);
#2136=VERTEX_POINT('',#6995);
#2137=VERTEX_POINT('',#6997);
#2138=VERTEX_POINT('',#6999);
#2139=VERTEX_POINT('',#7001);
#2140=VERTEX_POINT('',#7003);
#2141=VERTEX_POINT('',#7005);
#2142=VERTEX_POINT('',#7008);
#2143=VERTEX_POINT('',#7009);
#2144=VERTEX_POINT('',#7011);
#2145=VERTEX_POINT('',#7013);
#2146=VERTEX_POINT('',#7015);
#2147=VERTEX_POINT('',#7017);
#2148=VERTEX_POINT('',#7019);
#2149=VERTEX_POINT('',#7021);
#2150=VERTEX_POINT('',#7024);
#2151=VERTEX_POINT('',#7025);
#2152=VERTEX_POINT('',#7027);
#2153=VERTEX_POINT('',#7029);
#2154=VERTEX_POINT('',#7031);
#2155=VERTEX_POINT('',#7033);
#2156=VERTEX_POINT('',#7035);
#2157=VERTEX_POINT('',#7037);
#2158=VERTEX_POINT('',#7040);
#2159=VERTEX_POINT('',#7041);
#2160=VERTEX_POINT('',#7043);
#2161=VERTEX_POINT('',#7045);
#2162=VERTEX_POINT('',#7047);
#2163=VERTEX_POINT('',#7049);
#2164=VERTEX_POINT('',#7051);
#2165=VERTEX_POINT('',#7053);
#2166=VERTEX_POINT('',#7056);
#2167=VERTEX_POINT('',#7057);
#2168=VERTEX_POINT('',#7059);
#2169=VERTEX_POINT('',#7061);
#2170=VERTEX_POINT('',#7063);
#2171=VERTEX_POINT('',#7065);
#2172=VERTEX_POINT('',#7067);
#2173=VERTEX_POINT('',#7069);
#2174=VERTEX_POINT('',#7072);
#2175=VERTEX_POINT('',#7074);
#2176=VERTEX_POINT('',#7076);
#2177=VERTEX_POINT('',#7078);
#2178=VERTEX_POINT('',#7080);
#2179=VERTEX_POINT('',#7082);
#2180=VERTEX_POINT('',#7084);
#2181=VERTEX_POINT('',#7085);
#2182=VERTEX_POINT('',#7087);
#2183=VERTEX_POINT('',#7089);
#2184=VERTEX_POINT('',#7092);
#2185=VERTEX_POINT('',#7093);
#2186=VERTEX_POINT('',#7095);
#2187=VERTEX_POINT('',#7097);
#2188=VERTEX_POINT('',#7101);
#2189=VERTEX_POINT('',#7102);
#2190=VERTEX_POINT('',#7104);
#2191=VERTEX_POINT('',#7106);
#2192=VERTEX_POINT('',#7109);
#2193=VERTEX_POINT('',#7112);
#2194=VERTEX_POINT('',#7113);
#2195=VERTEX_POINT('',#7115);
#2196=VERTEX_POINT('',#7117);
#2197=VERTEX_POINT('',#7119);
#2198=VERTEX_POINT('',#7121);
#2199=VERTEX_POINT('',#7124);
#2200=VERTEX_POINT('',#7125);
#2201=VERTEX_POINT('',#7127);
#2202=VERTEX_POINT('',#7129);
#2203=VERTEX_POINT('',#7131);
#2204=VERTEX_POINT('',#7133);
#2205=VERTEX_POINT('',#7135);
#2206=VERTEX_POINT('',#7137);
#2207=VERTEX_POINT('',#7140);
#2208=VERTEX_POINT('',#7141);
#2209=VERTEX_POINT('',#7143);
#2210=VERTEX_POINT('',#7145);
#2211=VERTEX_POINT('',#7147);
#2212=VERTEX_POINT('',#7149);
#2213=VERTEX_POINT('',#7151);
#2214=VERTEX_POINT('',#7153);
#2215=VERTEX_POINT('',#7156);
#2216=VERTEX_POINT('',#7157);
#2217=VERTEX_POINT('',#7159);
#2218=VERTEX_POINT('',#7161);
#2219=VERTEX_POINT('',#7163);
#2220=VERTEX_POINT('',#7165);
#2221=VERTEX_POINT('',#7167);
#2222=VERTEX_POINT('',#7169);
#2223=VERTEX_POINT('',#7172);
#2224=VERTEX_POINT('',#7173);
#2225=VERTEX_POINT('',#7175);
#2226=VERTEX_POINT('',#7177);
#2227=VERTEX_POINT('',#7179);
#2228=VERTEX_POINT('',#7181);
#2229=VERTEX_POINT('',#7183);
#2230=VERTEX_POINT('',#7185);
#2231=VERTEX_POINT('',#7188);
#2232=VERTEX_POINT('',#7189);
#2233=VERTEX_POINT('',#7191);
#2234=VERTEX_POINT('',#7193);
#2235=VERTEX_POINT('',#7195);
#2236=VERTEX_POINT('',#7197);
#2237=VERTEX_POINT('',#7199);
#2238=VERTEX_POINT('',#7201);
#2239=VERTEX_POINT('',#7204);
#2240=VERTEX_POINT('',#7205);
#2241=VERTEX_POINT('',#7207);
#2242=VERTEX_POINT('',#7209);
#2243=VERTEX_POINT('',#7211);
#2244=VERTEX_POINT('',#7213);
#2245=VERTEX_POINT('',#7215);
#2246=VERTEX_POINT('',#7217);
#2247=VERTEX_POINT('',#7220);
#2248=VERTEX_POINT('',#7221);
#2249=VERTEX_POINT('',#7223);
#2250=VERTEX_POINT('',#7225);
#2251=VERTEX_POINT('',#7227);
#2252=VERTEX_POINT('',#7229);
#2253=VERTEX_POINT('',#7231);
#2254=VERTEX_POINT('',#7233);
#2255=VERTEX_POINT('',#7236);
#2256=VERTEX_POINT('',#7237);
#2257=VERTEX_POINT('',#7239);
#2258=VERTEX_POINT('',#7241);
#2259=VERTEX_POINT('',#7243);
#2260=VERTEX_POINT('',#7245);
#2261=VERTEX_POINT('',#7247);
#2262=VERTEX_POINT('',#7249);
#2263=VERTEX_POINT('',#7252);
#2264=VERTEX_POINT('',#7253);
#2265=VERTEX_POINT('',#7255);
#2266=VERTEX_POINT('',#7257);
#2267=VERTEX_POINT('',#7259);
#2268=VERTEX_POINT('',#7261);
#2269=VERTEX_POINT('',#7263);
#2270=VERTEX_POINT('',#7265);
#2271=VERTEX_POINT('',#7268);
#2272=VERTEX_POINT('',#7269);
#2273=VERTEX_POINT('',#7271);
#2274=VERTEX_POINT('',#7273);
#2275=VERTEX_POINT('',#7276);
#2276=VERTEX_POINT('',#7277);
#2277=VERTEX_POINT('',#7279);
#2278=VERTEX_POINT('',#7287);
#2279=VERTEX_POINT('',#7295);
#2280=VERTEX_POINT('',#7303);
#2281=VERTEX_POINT('',#7311);
#2282=VERTEX_POINT('',#7319);
#2283=VERTEX_POINT('',#7327);
#2284=VERTEX_POINT('',#7335);
#2285=VERTEX_POINT('',#7343);
#2286=VERTEX_POINT('',#7345);
#2287=VERTEX_POINT('',#7353);
#2288=VERTEX_POINT('',#7361);
#2289=VERTEX_POINT('',#7376);
#2290=VERTEX_POINT('',#7377);
#2291=VERTEX_POINT('',#7379);
#2292=VERTEX_POINT('',#7387);
#2293=VERTEX_POINT('',#7395);
#2294=VERTEX_POINT('',#7403);
#2295=VERTEX_POINT('',#7411);
#2296=VERTEX_POINT('',#7419);
#2297=VERTEX_POINT('',#7421);
#2298=VERTEX_POINT('',#7429);
#2299=VERTEX_POINT('',#7437);
#2300=VERTEX_POINT('',#7439);
#2301=VERTEX_POINT('',#7447);
#2302=VERTEX_POINT('',#7455);
#2303=VERTEX_POINT('',#7463);
#2304=VERTEX_POINT('',#7471);
#2305=VERTEX_POINT('',#7479);
#2306=VERTEX_POINT('',#7487);
#2307=VERTEX_POINT('',#7495);
#2308=VERTEX_POINT('',#7503);
#2309=VERTEX_POINT('',#7511);
#2310=VERTEX_POINT('',#7519);
#2311=VERTEX_POINT('',#7521);
#2312=VERTEX_POINT('',#7529);
#2313=VERTEX_POINT('',#7537);
#2314=VERTEX_POINT('',#7552);
#2315=VERTEX_POINT('',#7553);
#2316=VERTEX_POINT('',#7555);
#2317=VERTEX_POINT('',#7563);
#2318=VERTEX_POINT('',#7571);
#2319=VERTEX_POINT('',#7579);
#2320=VERTEX_POINT('',#7587);
#2321=VERTEX_POINT('',#7595);
#2322=VERTEX_POINT('',#7603);
#2323=VERTEX_POINT('',#7611);
#2324=VERTEX_POINT('',#7619);
#2325=VERTEX_POINT('',#7621);
#2326=VERTEX_POINT('',#7629);
#2327=VERTEX_POINT('',#7637);
#2328=VERTEX_POINT('',#7652);
#2329=VERTEX_POINT('',#7653);
#2330=VERTEX_POINT('',#7655);
#2331=VERTEX_POINT('',#7663);
#2332=VERTEX_POINT('',#7671);
#2333=VERTEX_POINT('',#7679);
#2334=VERTEX_POINT('',#7687);
#2335=VERTEX_POINT('',#7695);
#2336=VERTEX_POINT('',#7703);
#2337=VERTEX_POINT('',#7711);
#2338=VERTEX_POINT('',#7719);
#2339=VERTEX_POINT('',#7727);
#2340=VERTEX_POINT('',#7735);
#2341=VERTEX_POINT('',#7743);
#2342=VERTEX_POINT('',#7751);
#2343=VERTEX_POINT('',#7754);
#2344=VERTEX_POINT('',#7755);
#2345=VERTEX_POINT('',#7757);
#2346=VERTEX_POINT('',#7759);
#2347=VERTEX_POINT('',#7767);
#2348=VERTEX_POINT('',#7775);
#2349=VERTEX_POINT('',#7783);
#2350=VERTEX_POINT('',#7791);
#2351=VERTEX_POINT('',#7799);
#2352=VERTEX_POINT('',#7807);
#2353=VERTEX_POINT('',#7815);
#2354=VERTEX_POINT('',#7817);
#2355=VERTEX_POINT('',#7820);
#2356=VERTEX_POINT('',#7821);
#2357=VERTEX_POINT('',#7823);
#2358=VERTEX_POINT('',#7825);
#2359=VERTEX_POINT('',#7833);
#2360=VERTEX_POINT('',#7841);
#2361=VERTEX_POINT('',#7849);
#2362=VERTEX_POINT('',#7857);
#2363=VERTEX_POINT('',#7865);
#2364=VERTEX_POINT('',#7873);
#2365=VERTEX_POINT('',#7881);
#2366=VERTEX_POINT('',#7883);
#2367=VERTEX_POINT('',#7886);
#2368=VERTEX_POINT('',#8300);
#2369=VERTEX_POINT('',#8302);
#2370=VERTEX_POINT('',#8306);
#2371=VERTEX_POINT('',#8310);
#2372=VERTEX_POINT('',#8324);
#2373=VERTEX_POINT('',#8325);
#2374=VERTEX_POINT('',#8331);
#2375=VERTEX_POINT('',#8337);
#2376=VERTEX_POINT('',#8343);
#2377=VERTEX_POINT('',#8351);
#2378=VERTEX_POINT('',#8352);
#2379=VERTEX_POINT('',#8358);
#2380=VERTEX_POINT('',#8364);
#2381=VERTEX_POINT('',#8370);
#2382=VERTEX_POINT('',#8376);
#2383=VERTEX_POINT('',#8382);
#2384=VERTEX_POINT('',#8388);
#2385=VERTEX_POINT('',#8394);
#2386=VERTEX_POINT('',#8402);
#2387=VERTEX_POINT('',#8403);
#2388=VERTEX_POINT('',#8409);
#2389=VERTEX_POINT('',#8415);
#2390=VERTEX_POINT('',#8421);
#2391=VERTEX_POINT('',#8429);
#2392=VERTEX_POINT('',#8430);
#2393=VERTEX_POINT('',#8432);
#2394=VERTEX_POINT('',#8434);
#2395=VERTEX_POINT('',#8440);
#2396=VERTEX_POINT('',#8446);
#2397=VERTEX_POINT('',#8452);
#2398=VERTEX_POINT('',#8458);
#2399=VERTEX_POINT('',#8464);
#2400=VERTEX_POINT('',#8472);
#2401=VERTEX_POINT('',#8473);
#2402=VERTEX_POINT('',#8475);
#2403=VERTEX_POINT('',#8477);
#2404=VERTEX_POINT('',#8483);
#2405=VERTEX_POINT('',#8489);
#2406=VERTEX_POINT('',#8495);
#2407=VERTEX_POINT('',#8501);
#2408=VERTEX_POINT('',#8507);
#2409=VERTEX_POINT('',#8515);
#2410=VERTEX_POINT('',#8516);
#2411=VERTEX_POINT('',#8518);
#2412=VERTEX_POINT('',#8520);
#2413=VERTEX_POINT('',#8526);
#2414=VERTEX_POINT('',#8532);
#2415=VERTEX_POINT('',#8538);
#2416=VERTEX_POINT('',#8544);
#2417=VERTEX_POINT('',#8550);
#2418=VERTEX_POINT('',#8558);
#2419=VERTEX_POINT('',#8559);
#2420=VERTEX_POINT('',#8565);
#2421=VERTEX_POINT('',#8571);
#2422=VERTEX_POINT('',#8577);
#2423=VERTEX_POINT('',#8583);
#2424=VERTEX_POINT('',#8589);
#2425=VERTEX_POINT('',#8595);
#2426=VERTEX_POINT('',#8759);
#2427=VERTEX_POINT('',#8763);
#2428=VERTEX_POINT('',#8769);
#2429=VERTEX_POINT('',#8770);
#2430=VERTEX_POINT('',#8772);
#2431=VERTEX_POINT('',#8774);
#2432=VERTEX_POINT('',#8776);
#2433=VERTEX_POINT('',#8778);
#2434=VERTEX_POINT('',#8781);
#2435=VERTEX_POINT('',#8783);
#2436=VERTEX_POINT('',#8785);
#2437=VERTEX_POINT('',#8787);
#2438=VERTEX_POINT('',#8789);
#2439=VERTEX_POINT('',#8791);
#2440=EDGE_CURVE('',#1950,#1951,#1104,.T.);
#2441=EDGE_CURVE('',#1951,#1952,#1105,.T.);
#2442=EDGE_CURVE('',#1952,#1953,#878,.T.);
#2443=EDGE_CURVE('',#1953,#1954,#879,.T.);
#2444=EDGE_CURVE('',#1954,#1955,#880,.T.);
#2445=EDGE_CURVE('',#1955,#1956,#881,.T.);
#2446=EDGE_CURVE('',#1956,#1957,#882,.T.);
#2447=EDGE_CURVE('',#1957,#1958,#883,.T.);
#2448=EDGE_CURVE('',#1958,#1959,#884,.T.);
#2449=EDGE_CURVE('',#1959,#1960,#885,.T.);
#2450=EDGE_CURVE('',#1960,#1961,#886,.T.);
#2451=EDGE_CURVE('',#1961,#1962,#887,.T.);
#2452=EDGE_CURVE('',#1962,#1963,#888,.T.);
#2453=EDGE_CURVE('',#1963,#1964,#889,.T.);
#2454=EDGE_CURVE('',#1964,#1950,#1106,.T.);
#2455=EDGE_CURVE('',#1965,#1966,#1107,.T.);
#2456=EDGE_CURVE('',#1966,#1967,#890,.T.);
#2457=EDGE_CURVE('',#1967,#1968,#891,.T.);
#2458=EDGE_CURVE('',#1968,#1969,#892,.T.);
#2459=EDGE_CURVE('',#1969,#1970,#893,.T.);
#2460=EDGE_CURVE('',#1970,#1971,#894,.T.);
#2461=EDGE_CURVE('',#1971,#1972,#895,.T.);
#2462=EDGE_CURVE('',#1972,#1973,#1108,.T.);
#2463=EDGE_CURVE('',#1973,#1965,#1109,.T.);
#2464=EDGE_CURVE('',#1974,#1975,#1110,.T.);
#2465=EDGE_CURVE('',#1975,#1976,#896,.T.);
#2466=EDGE_CURVE('',#1976,#1977,#897,.T.);
#2467=EDGE_CURVE('',#1977,#1978,#898,.T.);
#2468=EDGE_CURVE('',#1978,#1979,#899,.T.);
#2469=EDGE_CURVE('',#1979,#1980,#900,.T.);
#2470=EDGE_CURVE('',#1980,#1981,#901,.T.);
#2471=EDGE_CURVE('',#1981,#1982,#1111,.T.);
#2472=EDGE_CURVE('',#1982,#1974,#1112,.T.);
#2473=EDGE_CURVE('',#1983,#1984,#902,.T.);
#2474=EDGE_CURVE('',#1984,#1985,#903,.T.);
#2475=EDGE_CURVE('',#1985,#1986,#904,.T.);
#2476=EDGE_CURVE('',#1986,#1987,#905,.T.);
#2477=EDGE_CURVE('',#1987,#1988,#1113,.T.);
#2478=EDGE_CURVE('',#1988,#1989,#906,.T.);
#2479=EDGE_CURVE('',#1989,#1990,#907,.T.);
#2480=EDGE_CURVE('',#1990,#1991,#908,.T.);
#2481=EDGE_CURVE('',#1991,#1992,#909,.T.);
#2482=EDGE_CURVE('',#1992,#1993,#910,.T.);
#2483=EDGE_CURVE('',#1993,#1994,#911,.T.);
#2484=EDGE_CURVE('',#1994,#1995,#912,.T.);
#2485=EDGE_CURVE('',#1995,#1996,#913,.T.);
#2486=EDGE_CURVE('',#1996,#1983,#1114,.T.);
#2487=EDGE_CURVE('',#1997,#1998,#1115,.T.);
#2488=EDGE_CURVE('',#1998,#1999,#914,.T.);
#2489=EDGE_CURVE('',#1999,#2000,#915,.T.);
#2490=EDGE_CURVE('',#2000,#2001,#916,.T.);
#2491=EDGE_CURVE('',#2001,#1997,#917,.T.);
#2492=EDGE_CURVE('',#2002,#2003,#918,.T.);
#2493=EDGE_CURVE('',#2003,#2004,#919,.T.);
#2494=EDGE_CURVE('',#2004,#2005,#920,.T.);
#2495=EDGE_CURVE('',#2005,#2006,#921,.T.);
#2496=EDGE_CURVE('',#2006,#2007,#1116,.T.);
#2497=EDGE_CURVE('',#2007,#2008,#922,.T.);
#2498=EDGE_CURVE('',#2008,#2009,#923,.T.);
#2499=EDGE_CURVE('',#2009,#2010,#924,.T.);
#2500=EDGE_CURVE('',#2010,#2011,#925,.T.);
#2501=EDGE_CURVE('',#2011,#2012,#926,.T.);
#2502=EDGE_CURVE('',#2012,#2013,#927,.T.);
#2503=EDGE_CURVE('',#2013,#2014,#928,.T.);
#2504=EDGE_CURVE('',#2014,#2015,#929,.T.);
#2505=EDGE_CURVE('',#2015,#2016,#930,.T.);
#2506=EDGE_CURVE('',#2016,#2017,#931,.T.);
#2507=EDGE_CURVE('',#2017,#2018,#1117,.T.);
#2508=EDGE_CURVE('',#2018,#2019,#932,.T.);
#2509=EDGE_CURVE('',#2019,#2020,#933,.T.);
#2510=EDGE_CURVE('',#2020,#2021,#1118,.T.);
#2511=EDGE_CURVE('',#2021,#2022,#934,.T.);
#2512=EDGE_CURVE('',#2022,#2023,#935,.T.);
#2513=EDGE_CURVE('',#2023,#2024,#936,.T.);
#2514=EDGE_CURVE('',#2024,#2025,#937,.T.);
#2515=EDGE_CURVE('',#2025,#2026,#938,.T.);
#2516=EDGE_CURVE('',#2026,#2002,#1119,.T.);
#2517=EDGE_CURVE('',#2027,#2028,#1120,.T.);
#2518=EDGE_CURVE('',#2028,#2029,#939,.T.);
#2519=EDGE_CURVE('',#2029,#2030,#940,.T.);
#2520=EDGE_CURVE('',#2030,#2031,#941,.T.);
#2521=EDGE_CURVE('',#2031,#2032,#942,.T.);
#2522=EDGE_CURVE('',#2032,#2033,#943,.T.);
#2523=EDGE_CURVE('',#2033,#2034,#944,.T.);
#2524=EDGE_CURVE('',#2034,#2035,#945,.T.);
#2525=EDGE_CURVE('',#2035,#2027,#946,.T.);
#2526=EDGE_CURVE('',#2036,#2037,#1121,.T.);
#2527=EDGE_CURVE('',#2037,#2038,#1122,.T.);
#2528=EDGE_CURVE('',#2038,#2039,#1123,.T.);
#2529=EDGE_CURVE('',#2039,#2040,#947,.T.);
#2530=EDGE_CURVE('',#2040,#2041,#948,.T.);
#2531=EDGE_CURVE('',#2041,#2042,#949,.T.);
#2532=EDGE_CURVE('',#2042,#2043,#950,.T.);
#2533=EDGE_CURVE('',#2043,#2044,#951,.T.);
#2534=EDGE_CURVE('',#2044,#2045,#952,.T.);
#2535=EDGE_CURVE('',#2045,#2046,#953,.T.);
#2536=EDGE_CURVE('',#2046,#2047,#1124,.T.);
#2537=EDGE_CURVE('',#2047,#2036,#1125,.T.);
#2538=EDGE_CURVE('',#2048,#2049,#954,.T.);
#2539=EDGE_CURVE('',#2049,#2050,#955,.T.);
#2540=EDGE_CURVE('',#2050,#2051,#956,.T.);
#2541=EDGE_CURVE('',#2051,#2052,#957,.T.);
#2542=EDGE_CURVE('',#2052,#2053,#958,.T.);
#2543=EDGE_CURVE('',#2053,#2054,#959,.T.);
#2544=EDGE_CURVE('',#2054,#2055,#960,.T.);
#2545=EDGE_CURVE('',#2055,#2048,#961,.T.);
#2546=EDGE_CURVE('',#2056,#2057,#1126,.T.);
#2547=EDGE_CURVE('',#2057,#2058,#1127,.T.);
#2548=EDGE_CURVE('',#2058,#2059,#1128,.T.);
#2549=EDGE_CURVE('',#2059,#2060,#962,.T.);
#2550=EDGE_CURVE('',#2060,#2061,#963,.T.);
#2551=EDGE_CURVE('',#2061,#2062,#964,.T.);
#2552=EDGE_CURVE('',#2062,#2063,#965,.T.);
#2553=EDGE_CURVE('',#2063,#2064,#966,.T.);
#2554=EDGE_CURVE('',#2064,#2065,#967,.T.);
#2555=EDGE_CURVE('',#2065,#2066,#968,.T.);
#2556=EDGE_CURVE('',#2066,#2067,#1129,.T.);
#2557=EDGE_CURVE('',#2067,#2056,#1130,.T.);
#2558=EDGE_CURVE('',#2068,#2069,#1131,.T.);
#2559=EDGE_CURVE('',#2069,#2070,#969,.T.);
#2560=EDGE_CURVE('',#2070,#2071,#970,.T.);
#2561=EDGE_CURVE('',#2071,#2072,#971,.T.);
#2562=EDGE_CURVE('',#2072,#2073,#972,.T.);
#2563=EDGE_CURVE('',#2073,#2074,#973,.T.);
#2564=EDGE_CURVE('',#2074,#2075,#974,.T.);
#2565=EDGE_CURVE('',#2075,#2076,#1132,.T.);
#2566=EDGE_CURVE('',#2076,#2068,#1133,.T.);
#2567=EDGE_CURVE('',#2077,#2078,#975,.T.);
#2568=EDGE_CURVE('',#2078,#2079,#976,.T.);
#2569=EDGE_CURVE('',#2079,#2080,#977,.T.);
#2570=EDGE_CURVE('',#2080,#2081,#978,.T.);
#2571=EDGE_CURVE('',#2081,#2082,#1134,.T.);
#2572=EDGE_CURVE('',#2082,#2083,#979,.T.);
#2573=EDGE_CURVE('',#2083,#2084,#980,.T.);
#2574=EDGE_CURVE('',#2084,#2085,#981,.T.);
#2575=EDGE_CURVE('',#2085,#2086,#982,.T.);
#2576=EDGE_CURVE('',#2086,#2087,#983,.T.);
#2577=EDGE_CURVE('',#2087,#2088,#984,.T.);
#2578=EDGE_CURVE('',#2088,#2089,#985,.T.);
#2579=EDGE_CURVE('',#2089,#2090,#986,.T.);
#2580=EDGE_CURVE('',#2090,#2077,#1135,.T.);
#2581=EDGE_CURVE('',#2091,#2092,#1136,.T.);
#2582=EDGE_CURVE('',#2092,#2093,#987,.T.);
#2583=EDGE_CURVE('',#2093,#2094,#988,.T.);
#2584=EDGE_CURVE('',#2094,#2095,#989,.T.);
#2585=EDGE_CURVE('',#2095,#2091,#990,.T.);
#2586=EDGE_CURVE('',#2096,#2097,#1137,.T.);
#2587=EDGE_CURVE('',#2097,#2098,#1138,.T.);
#2588=EDGE_CURVE('',#2098,#2099,#1139,.T.);
#2589=EDGE_CURVE('',#2099,#2100,#1140,.T.);
#2590=EDGE_CURVE('',#2100,#2101,#1141,.T.);
#2591=EDGE_CURVE('',#2101,#2096,#1142,.T.);
#2592=EDGE_CURVE('',#2102,#2103,#1143,.T.);
#2593=EDGE_CURVE('',#2103,#2104,#170,.T.);
#2594=EDGE_CURVE('',#2104,#2105,#1144,.T.);
#2595=EDGE_CURVE('',#2105,#2106,#171,.T.);
#2596=EDGE_CURVE('',#2106,#2107,#1145,.T.);
#2597=EDGE_CURVE('',#2107,#2108,#172,.T.);
#2598=EDGE_CURVE('',#2108,#2109,#1146,.T.);
#2599=EDGE_CURVE('',#2109,#2102,#173,.T.);
#2600=EDGE_CURVE('',#2110,#2111,#1147,.T.);
#2601=EDGE_CURVE('',#2111,#2112,#174,.T.);
#2602=EDGE_CURVE('',#2112,#2113,#1148,.T.);
#2603=EDGE_CURVE('',#2113,#2114,#175,.T.);
#2604=EDGE_CURVE('',#2114,#2115,#1149,.T.);
#2605=EDGE_CURVE('',#2115,#2116,#176,.T.);
#2606=EDGE_CURVE('',#2116,#2117,#1150,.T.);
#2607=EDGE_CURVE('',#2117,#2110,#177,.T.);
#2608=EDGE_CURVE('',#2118,#2119,#1151,.T.);
#2609=EDGE_CURVE('',#2119,#2120,#178,.T.);
#2610=EDGE_CURVE('',#2120,#2121,#1152,.T.);
#2611=EDGE_CURVE('',#2121,#2122,#179,.T.);
#2612=EDGE_CURVE('',#2122,#2123,#1153,.T.);
#2613=EDGE_CURVE('',#2123,#2124,#180,.T.);
#2614=EDGE_CURVE('',#2124,#2125,#1154,.T.);
#2615=EDGE_CURVE('',#2125,#2118,#181,.T.);
#2616=EDGE_CURVE('',#2126,#2127,#1155,.T.);
#2617=EDGE_CURVE('',#2127,#2128,#182,.T.);
#2618=EDGE_CURVE('',#2128,#2129,#1156,.T.);
#2619=EDGE_CURVE('',#2129,#2130,#183,.T.);
#2620=EDGE_CURVE('',#2130,#2131,#1157,.T.);
#2621=EDGE_CURVE('',#2131,#2132,#184,.T.);
#2622=EDGE_CURVE('',#2132,#2133,#1158,.T.);
#2623=EDGE_CURVE('',#2133,#2126,#185,.T.);
#2624=EDGE_CURVE('',#2134,#2135,#1159,.T.);
#2625=EDGE_CURVE('',#2135,#2136,#186,.T.);
#2626=EDGE_CURVE('',#2136,#2137,#1160,.T.);
#2627=EDGE_CURVE('',#2137,#2138,#187,.T.);
#2628=EDGE_CURVE('',#2138,#2139,#1161,.T.);
#2629=EDGE_CURVE('',#2139,#2140,#188,.T.);
#2630=EDGE_CURVE('',#2140,#2141,#1162,.T.);
#2631=EDGE_CURVE('',#2141,#2134,#189,.T.);
#2632=EDGE_CURVE('',#2142,#2143,#1163,.T.);
#2633=EDGE_CURVE('',#2143,#2144,#190,.T.);
#2634=EDGE_CURVE('',#2144,#2145,#1164,.T.);
#2635=EDGE_CURVE('',#2145,#2146,#191,.T.);
#2636=EDGE_CURVE('',#2146,#2147,#1165,.T.);
#2637=EDGE_CURVE('',#2147,#2148,#192,.T.);
#2638=EDGE_CURVE('',#2148,#2149,#1166,.T.);
#2639=EDGE_CURVE('',#2149,#2142,#193,.T.);
#2640=EDGE_CURVE('',#2150,#2151,#1167,.T.);
#2641=EDGE_CURVE('',#2151,#2152,#194,.T.);
#2642=EDGE_CURVE('',#2152,#2153,#1168,.T.);
#2643=EDGE_CURVE('',#2153,#2154,#195,.T.);
#2644=EDGE_CURVE('',#2154,#2155,#1169,.T.);
#2645=EDGE_CURVE('',#2155,#2156,#196,.T.);
#2646=EDGE_CURVE('',#2156,#2157,#1170,.T.);
#2647=EDGE_CURVE('',#2157,#2150,#197,.T.);
#2648=EDGE_CURVE('',#2158,#2159,#1171,.T.);
#2649=EDGE_CURVE('',#2159,#2160,#198,.T.);
#2650=EDGE_CURVE('',#2160,#2161,#1172,.T.);
#2651=EDGE_CURVE('',#2161,#2162,#199,.T.);
#2652=EDGE_CURVE('',#2162,#2163,#1173,.T.);
#2653=EDGE_CURVE('',#2163,#2164,#200,.T.);
#2654=EDGE_CURVE('',#2164,#2165,#1174,.T.);
#2655=EDGE_CURVE('',#2165,#2158,#201,.T.);
#2656=EDGE_CURVE('',#2166,#2167,#1175,.T.);
#2657=EDGE_CURVE('',#2167,#2168,#202,.T.);
#2658=EDGE_CURVE('',#2168,#2169,#1176,.T.);
#2659=EDGE_CURVE('',#2169,#2170,#203,.T.);
#2660=EDGE_CURVE('',#2170,#2171,#1177,.T.);
#2661=EDGE_CURVE('',#2171,#2172,#204,.T.);
#2662=EDGE_CURVE('',#2172,#2173,#1178,.T.);
#2663=EDGE_CURVE('',#2173,#2166,#205,.T.);
#2664=EDGE_CURVE('',#2174,#2174,#206,.T.);
#2665=EDGE_CURVE('',#2175,#2175,#207,.T.);
#2666=EDGE_CURVE('',#2176,#2176,#208,.T.);
#2667=EDGE_CURVE('',#2177,#2177,#209,.T.);
#2668=EDGE_CURVE('',#2178,#2178,#210,.T.);
#2669=EDGE_CURVE('',#2179,#2179,#211,.T.);
#2670=EDGE_CURVE('',#2180,#2181,#1179,.T.);
#2671=EDGE_CURVE('',#2181,#2182,#1180,.T.);
#2672=EDGE_CURVE('',#2182,#2183,#1181,.T.);
#2673=EDGE_CURVE('',#2183,#2180,#1182,.T.);
#2674=EDGE_CURVE('',#2184,#2185,#1183,.T.);
#2675=EDGE_CURVE('',#2185,#2186,#1184,.T.);
#2676=EDGE_CURVE('',#2186,#2187,#1185,.T.);
#2677=EDGE_CURVE('',#2187,#2184,#1186,.T.);
#2678=EDGE_CURVE('',#2188,#2189,#1187,.T.);
#2679=EDGE_CURVE('',#2190,#2188,#1188,.T.);
#2680=EDGE_CURVE('',#2191,#2190,#1189,.T.);
#2681=EDGE_CURVE('',#2189,#2191,#1190,.T.);
#2682=EDGE_CURVE('',#2192,#2192,#212,.T.);
#2683=EDGE_CURVE('',#2193,#2194,#1191,.T.);
#2684=EDGE_CURVE('',#2195,#2193,#1192,.T.);
#2685=EDGE_CURVE('',#2196,#2195,#1193,.T.);
#2686=EDGE_CURVE('',#2197,#2196,#1194,.T.);
#2687=EDGE_CURVE('',#2198,#2197,#1195,.T.);
#2688=EDGE_CURVE('',#2194,#2198,#1196,.T.);
#2689=EDGE_CURVE('',#2199,#2200,#1197,.T.);
#2690=EDGE_CURVE('',#2200,#2201,#213,.T.);
#2691=EDGE_CURVE('',#2201,#2202,#1198,.T.);
#2692=EDGE_CURVE('',#2202,#2203,#214,.T.);
#2693=EDGE_CURVE('',#2203,#2204,#1199,.T.);
#2694=EDGE_CURVE('',#2204,#2205,#215,.T.);
#2695=EDGE_CURVE('',#2205,#2206,#1200,.T.);
#2696=EDGE_CURVE('',#2206,#2199,#216,.T.);
#2697=EDGE_CURVE('',#2207,#2208,#1201,.T.);
#2698=EDGE_CURVE('',#2208,#2209,#217,.T.);
#2699=EDGE_CURVE('',#2209,#2210,#1202,.T.);
#2700=EDGE_CURVE('',#2210,#2211,#218,.T.);
#2701=EDGE_CURVE('',#2211,#2212,#1203,.T.);
#2702=EDGE_CURVE('',#2212,#2213,#219,.T.);
#2703=EDGE_CURVE('',#2213,#2214,#1204,.T.);
#2704=EDGE_CURVE('',#2214,#2207,#220,.T.);
#2705=EDGE_CURVE('',#2215,#2216,#1205,.T.);
#2706=EDGE_CURVE('',#2216,#2217,#221,.T.);
#2707=EDGE_CURVE('',#2217,#2218,#1206,.T.);
#2708=EDGE_CURVE('',#2218,#2219,#222,.T.);
#2709=EDGE_CURVE('',#2219,#2220,#1207,.T.);
#2710=EDGE_CURVE('',#2220,#2221,#223,.T.);
#2711=EDGE_CURVE('',#2221,#2222,#1208,.T.);
#2712=EDGE_CURVE('',#2222,#2215,#224,.T.);
#2713=EDGE_CURVE('',#2223,#2224,#1209,.T.);
#2714=EDGE_CURVE('',#2224,#2225,#225,.T.);
#2715=EDGE_CURVE('',#2225,#2226,#1210,.T.);
#2716=EDGE_CURVE('',#2226,#2227,#226,.T.);
#2717=EDGE_CURVE('',#2227,#2228,#1211,.T.);
#2718=EDGE_CURVE('',#2228,#2229,#227,.T.);
#2719=EDGE_CURVE('',#2229,#2230,#1212,.T.);
#2720=EDGE_CURVE('',#2230,#2223,#228,.T.);
#2721=EDGE_CURVE('',#2231,#2232,#1213,.T.);
#2722=EDGE_CURVE('',#2232,#2233,#229,.T.);
#2723=EDGE_CURVE('',#2233,#2234,#1214,.T.);
#2724=EDGE_CURVE('',#2234,#2235,#230,.T.);
#2725=EDGE_CURVE('',#2235,#2236,#1215,.T.);
#2726=EDGE_CURVE('',#2236,#2237,#231,.T.);
#2727=EDGE_CURVE('',#2237,#2238,#1216,.T.);
#2728=EDGE_CURVE('',#2238,#2231,#232,.T.);
#2729=EDGE_CURVE('',#2239,#2240,#1217,.T.);
#2730=EDGE_CURVE('',#2240,#2241,#233,.T.);
#2731=EDGE_CURVE('',#2241,#2242,#1218,.T.);
#2732=EDGE_CURVE('',#2242,#2243,#234,.T.);
#2733=EDGE_CURVE('',#2243,#2244,#1219,.T.);
#2734=EDGE_CURVE('',#2244,#2245,#235,.T.);
#2735=EDGE_CURVE('',#2245,#2246,#1220,.T.);
#2736=EDGE_CURVE('',#2246,#2239,#236,.T.);
#2737=EDGE_CURVE('',#2247,#2248,#1221,.T.);
#2738=EDGE_CURVE('',#2248,#2249,#237,.T.);
#2739=EDGE_CURVE('',#2249,#2250,#1222,.T.);
#2740=EDGE_CURVE('',#2250,#2251,#238,.T.);
#2741=EDGE_CURVE('',#2251,#2252,#1223,.T.);
#2742=EDGE_CURVE('',#2252,#2253,#239,.T.);
#2743=EDGE_CURVE('',#2253,#2254,#1224,.T.);
#2744=EDGE_CURVE('',#2254,#2247,#240,.T.);
#2745=EDGE_CURVE('',#2255,#2256,#1225,.T.);
#2746=EDGE_CURVE('',#2256,#2257,#241,.T.);
#2747=EDGE_CURVE('',#2257,#2258,#1226,.T.);
#2748=EDGE_CURVE('',#2258,#2259,#242,.T.);
#2749=EDGE_CURVE('',#2259,#2260,#1227,.T.);
#2750=EDGE_CURVE('',#2260,#2261,#243,.T.);
#2751=EDGE_CURVE('',#2261,#2262,#1228,.T.);
#2752=EDGE_CURVE('',#2262,#2255,#244,.T.);
#2753=EDGE_CURVE('',#2263,#2264,#1229,.T.);
#2754=EDGE_CURVE('',#2264,#2265,#245,.T.);
#2755=EDGE_CURVE('',#2265,#2266,#1230,.T.);
#2756=EDGE_CURVE('',#2266,#2267,#246,.T.);
#2757=EDGE_CURVE('',#2267,#2268,#1231,.T.);
#2758=EDGE_CURVE('',#2268,#2269,#247,.T.);
#2759=EDGE_CURVE('',#2269,#2270,#1232,.T.);
#2760=EDGE_CURVE('',#2270,#2263,#248,.T.);
#2761=EDGE_CURVE('',#2271,#2272,#1233,.T.);
#2762=EDGE_CURVE('',#2272,#2273,#1234,.T.);
#2763=EDGE_CURVE('',#2273,#2274,#1235,.T.);
#2764=EDGE_CURVE('',#2274,#2271,#1236,.T.);
#2765=EDGE_CURVE('',#2275,#2276,#1237,.T.);
#2766=EDGE_CURVE('',#2277,#2275,#991,.T.);
#2767=EDGE_CURVE('',#2278,#2277,#992,.T.);
#2768=EDGE_CURVE('',#2279,#2278,#993,.T.);
#2769=EDGE_CURVE('',#2280,#2279,#994,.T.);
#2770=EDGE_CURVE('',#2281,#2280,#995,.T.);
#2771=EDGE_CURVE('',#2282,#2281,#996,.T.);
#2772=EDGE_CURVE('',#2283,#2282,#997,.T.);
#2773=EDGE_CURVE('',#2284,#2283,#998,.T.);
#2774=EDGE_CURVE('',#2285,#2284,#1238,.T.);
#2775=EDGE_CURVE('',#2286,#2285,#999,.T.);
#2776=EDGE_CURVE('',#2287,#2286,#1000,.T.);
#2777=EDGE_CURVE('',#2288,#2287,#1001,.T.);
#2778=EDGE_CURVE('',#2276,#2288,#1002,.T.);
#2779=EDGE_CURVE('',#2289,#2290,#1239,.T.);
#2780=EDGE_CURVE('',#2291,#2289,#1003,.T.);
#2781=EDGE_CURVE('',#2292,#2291,#1004,.T.);
#2782=EDGE_CURVE('',#2293,#2292,#1005,.T.);
#2783=EDGE_CURVE('',#2294,#2293,#1006,.T.);
#2784=EDGE_CURVE('',#2295,#2294,#1007,.T.);
#2785=EDGE_CURVE('',#2296,#2295,#1240,.T.);
#2786=EDGE_CURVE('',#2297,#2296,#1008,.T.);
#2787=EDGE_CURVE('',#2298,#2297,#1009,.T.);
#2788=EDGE_CURVE('',#2299,#2298,#1241,.T.);
#2789=EDGE_CURVE('',#2300,#2299,#1010,.T.);
#2790=EDGE_CURVE('',#2301,#2300,#1011,.T.);
#2791=EDGE_CURVE('',#2302,#2301,#1012,.T.);
#2792=EDGE_CURVE('',#2303,#2302,#1013,.T.);
#2793=EDGE_CURVE('',#2304,#2303,#1014,.T.);
#2794=EDGE_CURVE('',#2305,#2304,#1015,.T.);
#2795=EDGE_CURVE('',#2306,#2305,#1016,.T.);
#2796=EDGE_CURVE('',#2307,#2306,#1017,.T.);
#2797=EDGE_CURVE('',#2308,#2307,#1018,.T.);
#2798=EDGE_CURVE('',#2309,#2308,#1019,.T.);
#2799=EDGE_CURVE('',#2310,#2309,#1242,.T.);
#2800=EDGE_CURVE('',#2311,#2310,#1020,.T.);
#2801=EDGE_CURVE('',#2312,#2311,#1021,.T.);
#2802=EDGE_CURVE('',#2313,#2312,#1022,.T.);
#2803=EDGE_CURVE('',#2290,#2313,#1023,.T.);
#2804=EDGE_CURVE('',#2314,#2315,#1243,.T.);
#2805=EDGE_CURVE('',#2316,#2314,#1024,.T.);
#2806=EDGE_CURVE('',#2317,#2316,#1025,.T.);
#2807=EDGE_CURVE('',#2318,#2317,#1026,.T.);
#2808=EDGE_CURVE('',#2319,#2318,#1027,.T.);
#2809=EDGE_CURVE('',#2320,#2319,#1028,.T.);
#2810=EDGE_CURVE('',#2321,#2320,#1029,.T.);
#2811=EDGE_CURVE('',#2322,#2321,#1030,.T.);
#2812=EDGE_CURVE('',#2323,#2322,#1031,.T.);
#2813=EDGE_CURVE('',#2324,#2323,#1244,.T.);
#2814=EDGE_CURVE('',#2325,#2324,#1032,.T.);
#2815=EDGE_CURVE('',#2326,#2325,#1033,.T.);
#2816=EDGE_CURVE('',#2327,#2326,#1034,.T.);
#2817=EDGE_CURVE('',#2315,#2327,#1035,.T.);
#2818=EDGE_CURVE('',#2328,#2329,#1245,.T.);
#2819=EDGE_CURVE('',#2330,#2328,#1036,.T.);
#2820=EDGE_CURVE('',#2331,#2330,#1037,.T.);
#2821=EDGE_CURVE('',#2332,#2331,#1038,.T.);
#2822=EDGE_CURVE('',#2333,#2332,#1039,.T.);
#2823=EDGE_CURVE('',#2334,#2333,#1040,.T.);
#2824=EDGE_CURVE('',#2335,#2334,#1041,.T.);
#2825=EDGE_CURVE('',#2336,#2335,#1042,.T.);
#2826=EDGE_CURVE('',#2337,#2336,#1043,.T.);
#2827=EDGE_CURVE('',#2338,#2337,#1044,.T.);
#2828=EDGE_CURVE('',#2339,#2338,#1045,.T.);
#2829=EDGE_CURVE('',#2340,#2339,#1046,.T.);
#2830=EDGE_CURVE('',#2341,#2340,#1047,.T.);
#2831=EDGE_CURVE('',#2342,#2341,#1246,.T.);
#2832=EDGE_CURVE('',#2329,#2342,#1247,.T.);
#2833=EDGE_CURVE('',#2343,#2344,#1248,.T.);
#2834=EDGE_CURVE('',#2345,#2343,#1249,.T.);
#2835=EDGE_CURVE('',#2346,#2345,#1048,.T.);
#2836=EDGE_CURVE('',#2347,#2346,#1049,.T.);
#2837=EDGE_CURVE('',#2348,#2347,#1050,.T.);
#2838=EDGE_CURVE('',#2349,#2348,#1051,.T.);
#2839=EDGE_CURVE('',#2350,#2349,#1052,.T.);
#2840=EDGE_CURVE('',#2351,#2350,#1053,.T.);
#2841=EDGE_CURVE('',#2352,#2351,#1054,.T.);
#2842=EDGE_CURVE('',#2353,#2352,#1250,.T.);
#2843=EDGE_CURVE('',#2354,#2353,#1251,.T.);
#2844=EDGE_CURVE('',#2344,#2354,#1252,.T.);
#2845=EDGE_CURVE('',#2355,#2356,#1253,.T.);
#2846=EDGE_CURVE('',#2357,#2355,#1254,.T.);
#2847=EDGE_CURVE('',#2358,#2357,#1055,.T.);
#2848=EDGE_CURVE('',#2359,#2358,#1056,.T.);
#2849=EDGE_CURVE('',#2360,#2359,#1057,.T.);
#2850=EDGE_CURVE('',#2361,#2360,#1058,.T.);
#2851=EDGE_CURVE('',#2362,#2361,#1059,.T.);
#2852=EDGE_CURVE('',#2363,#2362,#1060,.T.);
#2853=EDGE_CURVE('',#2364,#2363,#1061,.T.);
#2854=EDGE_CURVE('',#2365,#2364,#1255,.T.);
#2855=EDGE_CURVE('',#2366,#2365,#1256,.T.);
#2856=EDGE_CURVE('',#2356,#2366,#1257,.T.);
#2857=EDGE_CURVE('',#2367,#2367,#249,.T.);
#2858=EDGE_CURVE('',#2360,#2043,#1258,.T.);
#2859=EDGE_CURVE('',#2361,#2042,#1259,.T.);
#2860=EDGE_CURVE('',#2359,#2044,#1260,.T.);
#2861=EDGE_CURVE('',#2358,#2045,#1261,.T.);
#2862=EDGE_CURVE('',#2357,#2046,#1262,.T.);
#2863=EDGE_CURVE('',#2355,#2047,#1263,.T.);
#2864=EDGE_CURVE('',#2356,#2036,#1264,.T.);
#2865=EDGE_CURVE('',#2348,#2063,#1265,.T.);
#2866=EDGE_CURVE('',#2349,#2062,#1266,.T.);
#2867=EDGE_CURVE('',#2347,#2064,#1267,.T.);
#2868=EDGE_CURVE('',#2346,#2065,#1268,.T.);
#2869=EDGE_CURVE('',#2345,#2066,#1269,.T.);
#2870=EDGE_CURVE('',#2343,#2067,#1270,.T.);
#2871=EDGE_CURVE('',#2344,#2056,#1271,.T.);
#2872=EDGE_CURVE('',#2334,#1959,#1272,.T.);
#2873=EDGE_CURVE('',#2335,#1958,#1273,.T.);
#2874=EDGE_CURVE('',#2333,#1960,#1274,.T.);
#2875=EDGE_CURVE('',#2332,#1961,#1275,.T.);
#2876=EDGE_CURVE('',#2331,#1962,#1276,.T.);
#2877=EDGE_CURVE('',#2330,#1963,#1277,.T.);
#2878=EDGE_CURVE('',#2328,#1964,#1278,.T.);
#2879=EDGE_CURVE('',#2329,#1950,#1279,.T.);
#2880=EDGE_CURVE('',#2320,#1991,#1280,.T.);
#2881=EDGE_CURVE('',#2321,#1990,#1281,.T.);
#2882=EDGE_CURVE('',#2319,#1992,#1282,.T.);
#2883=EDGE_CURVE('',#2318,#1993,#1283,.T.);
#2884=EDGE_CURVE('',#2317,#1994,#1284,.T.);
#2885=EDGE_CURVE('',#2316,#1995,#1285,.T.);
#2886=EDGE_CURVE('',#2314,#1996,#1286,.T.);
#2887=EDGE_CURVE('',#2315,#1983,#1287,.T.);
#2888=EDGE_CURVE('',#2300,#2016,#1288,.T.);
#2889=EDGE_CURVE('',#2301,#2015,#1289,.T.);
#2890=EDGE_CURVE('',#2299,#2017,#1290,.T.);
#2891=EDGE_CURVE('',#2298,#2018,#1291,.T.);
#2892=EDGE_CURVE('',#2297,#2019,#1292,.T.);
#2893=EDGE_CURVE('',#2296,#2020,#1293,.T.);
#2894=EDGE_CURVE('',#2295,#2021,#1294,.T.);
#2895=EDGE_CURVE('',#2294,#2022,#1295,.T.);
#2896=EDGE_CURVE('',#2293,#2023,#1296,.T.);
#2897=EDGE_CURVE('',#2292,#2024,#1297,.T.);
#2898=EDGE_CURVE('',#2291,#2025,#1298,.T.);
#2899=EDGE_CURVE('',#2289,#2026,#1299,.T.);
#2900=EDGE_CURVE('',#2290,#2002,#1300,.T.);
#2901=EDGE_CURVE('',#2281,#2085,#1301,.T.);
#2902=EDGE_CURVE('',#2282,#2084,#1302,.T.);
#2903=EDGE_CURVE('',#2280,#2086,#1303,.T.);
#2904=EDGE_CURVE('',#2279,#2087,#1304,.T.);
#2905=EDGE_CURVE('',#2278,#2088,#1305,.T.);
#2906=EDGE_CURVE('',#2277,#2089,#1306,.T.);
#2907=EDGE_CURVE('',#2275,#2090,#1307,.T.);
#2908=EDGE_CURVE('',#2276,#2077,#1308,.T.);
#2909=EDGE_CURVE('',#2368,#2195,#1309,.T.);
#2910=EDGE_CURVE('',#2369,#2368,#1310,.T.);
#2911=EDGE_CURVE('',#2369,#2196,#1311,.T.);
#2912=EDGE_CURVE('',#2370,#2193,#1312,.T.);
#2913=EDGE_CURVE('',#2368,#2370,#1313,.T.);
#2914=EDGE_CURVE('',#2371,#2194,#1314,.T.);
#2915=EDGE_CURVE('',#2370,#2371,#1315,.T.);
#2916=EDGE_CURVE('',#2184,#2190,#1316,.T.);
#2917=EDGE_CURVE('',#2188,#2185,#1317,.T.);
#2918=EDGE_CURVE('',#2187,#2191,#1318,.T.);
#2919=EDGE_CURVE('',#2186,#2189,#1319,.T.);
#2920=EDGE_CURVE('',#2367,#2192,#1320,.T.);
#2921=EDGE_CURVE('',#2372,#2373,#1062,.T.);
#2922=EDGE_CURVE('',#2373,#2374,#1063,.T.);
#2923=EDGE_CURVE('',#2374,#2375,#1064,.T.);
#2924=EDGE_CURVE('',#2375,#2376,#1065,.T.);
#2925=EDGE_CURVE('',#2376,#2372,#1321,.T.);
#2926=EDGE_CURVE('',#2377,#2378,#1066,.T.);
#2927=EDGE_CURVE('',#2378,#2379,#1067,.T.);
#2928=EDGE_CURVE('',#2379,#2380,#1068,.T.);
#2929=EDGE_CURVE('',#2380,#2381,#1069,.T.);
#2930=EDGE_CURVE('',#2381,#2382,#1070,.T.);
#2931=EDGE_CURVE('',#2382,#2383,#1071,.T.);
#2932=EDGE_CURVE('',#2383,#2384,#1072,.T.);
#2933=EDGE_CURVE('',#2384,#2385,#1073,.T.);
#2934=EDGE_CURVE('',#2385,#2377,#1322,.T.);
#2935=EDGE_CURVE('',#2386,#2387,#1074,.T.);
#2936=EDGE_CURVE('',#2387,#2388,#1075,.T.);
#2937=EDGE_CURVE('',#2388,#2389,#1076,.T.);
#2938=EDGE_CURVE('',#2389,#2390,#1077,.T.);
#2939=EDGE_CURVE('',#2390,#2386,#1323,.T.);
#2940=EDGE_CURVE('',#2391,#2392,#1324,.T.);
#2941=EDGE_CURVE('',#2392,#2393,#1325,.T.);
#2942=EDGE_CURVE('',#2393,#2394,#1078,.T.);
#2943=EDGE_CURVE('',#2394,#2395,#1079,.T.);
#2944=EDGE_CURVE('',#2395,#2396,#1080,.T.);
#2945=EDGE_CURVE('',#2396,#2397,#1081,.T.);
#2946=EDGE_CURVE('',#2397,#2398,#1082,.T.);
#2947=EDGE_CURVE('',#2398,#2399,#1083,.T.);
#2948=EDGE_CURVE('',#2399,#2391,#1326,.T.);
#2949=EDGE_CURVE('',#2400,#2401,#1327,.T.);
#2950=EDGE_CURVE('',#2401,#2402,#1328,.T.);
#2951=EDGE_CURVE('',#2402,#2403,#1084,.T.);
#2952=EDGE_CURVE('',#2403,#2404,#1085,.T.);
#2953=EDGE_CURVE('',#2404,#2405,#1086,.T.);
#2954=EDGE_CURVE('',#2405,#2406,#1087,.T.);
#2955=EDGE_CURVE('',#2406,#2407,#1088,.T.);
#2956=EDGE_CURVE('',#2407,#2408,#1089,.T.);
#2957=EDGE_CURVE('',#2408,#2400,#1329,.T.);
#2958=EDGE_CURVE('',#2409,#2410,#1330,.T.);
#2959=EDGE_CURVE('',#2410,#2411,#1331,.T.);
#2960=EDGE_CURVE('',#2411,#2412,#1090,.T.);
#2961=EDGE_CURVE('',#2412,#2413,#1091,.T.);
#2962=EDGE_CURVE('',#2413,#2414,#1092,.T.);
#2963=EDGE_CURVE('',#2414,#2415,#1093,.T.);
#2964=EDGE_CURVE('',#2415,#2416,#1094,.T.);
#2965=EDGE_CURVE('',#2416,#2417,#1095,.T.);
#2966=EDGE_CURVE('',#2417,#2409,#1332,.T.);
#2967=EDGE_CURVE('',#2418,#2419,#1096,.T.);
#2968=EDGE_CURVE('',#2419,#2420,#1097,.T.);
#2969=EDGE_CURVE('',#2420,#2421,#1098,.T.);
#2970=EDGE_CURVE('',#2421,#2422,#1099,.T.);
#2971=EDGE_CURVE('',#2422,#2423,#1100,.T.);
#2972=EDGE_CURVE('',#2423,#2424,#1101,.T.);
#2973=EDGE_CURVE('',#2424,#2425,#1102,.T.);
#2974=EDGE_CURVE('',#2425,#2418,#1103,.T.);
#2975=EDGE_CURVE('',#2274,#2182,#1333,.T.);
#2976=EDGE_CURVE('',#2273,#2183,#1334,.T.);
#2977=EDGE_CURVE('',#2180,#2272,#1335,.T.);
#2978=EDGE_CURVE('',#2271,#2181,#1336,.T.);
#2979=EDGE_CURVE('',#2204,#2106,#1337,.T.);
#2980=EDGE_CURVE('',#2203,#2107,#1338,.T.);
#2981=EDGE_CURVE('',#2202,#2108,#1339,.T.);
#2982=EDGE_CURVE('',#2201,#2109,#1340,.T.);
#2983=EDGE_CURVE('',#2102,#2200,#1341,.T.);
#2984=EDGE_CURVE('',#2199,#2103,#1342,.T.);
#2985=EDGE_CURVE('',#2206,#2104,#1343,.T.);
#2986=EDGE_CURVE('',#2205,#2105,#1344,.T.);
#2987=EDGE_CURVE('',#2212,#2114,#1345,.T.);
#2988=EDGE_CURVE('',#2211,#2115,#1346,.T.);
#2989=EDGE_CURVE('',#2210,#2116,#1347,.T.);
#2990=EDGE_CURVE('',#2209,#2117,#1348,.T.);
#2991=EDGE_CURVE('',#2110,#2208,#1349,.T.);
#2992=EDGE_CURVE('',#2207,#2111,#1350,.T.);
#2993=EDGE_CURVE('',#2214,#2112,#1351,.T.);
#2994=EDGE_CURVE('',#2213,#2113,#1352,.T.);
#2995=EDGE_CURVE('',#2220,#2122,#1353,.T.);
#2996=EDGE_CURVE('',#2219,#2123,#1354,.T.);
#2997=EDGE_CURVE('',#2218,#2124,#1355,.T.);
#2998=EDGE_CURVE('',#2217,#2125,#1356,.T.);
#2999=EDGE_CURVE('',#2118,#2216,#1357,.T.);
#3000=EDGE_CURVE('',#2215,#2119,#1358,.T.);
#3001=EDGE_CURVE('',#2222,#2120,#1359,.T.);
#3002=EDGE_CURVE('',#2221,#2121,#1360,.T.);
#3003=EDGE_CURVE('',#2228,#2130,#1361,.T.);
#3004=EDGE_CURVE('',#2227,#2131,#1362,.T.);
#3005=EDGE_CURVE('',#2226,#2132,#1363,.T.);
#3006=EDGE_CURVE('',#2225,#2133,#1364,.T.);
#3007=EDGE_CURVE('',#2126,#2224,#1365,.T.);
#3008=EDGE_CURVE('',#2223,#2127,#1366,.T.);
#3009=EDGE_CURVE('',#2230,#2128,#1367,.T.);
#3010=EDGE_CURVE('',#2229,#2129,#1368,.T.);
#3011=EDGE_CURVE('',#2236,#2138,#1369,.T.);
#3012=EDGE_CURVE('',#2235,#2139,#1370,.T.);
#3013=EDGE_CURVE('',#2234,#2140,#1371,.T.);
#3014=EDGE_CURVE('',#2233,#2141,#1372,.T.);
#3015=EDGE_CURVE('',#2134,#2232,#1373,.T.);
#3016=EDGE_CURVE('',#2231,#2135,#1374,.T.);
#3017=EDGE_CURVE('',#2238,#2136,#1375,.T.);
#3018=EDGE_CURVE('',#2237,#2137,#1376,.T.);
#3019=EDGE_CURVE('',#2244,#2146,#1377,.T.);
#3020=EDGE_CURVE('',#2243,#2147,#1378,.T.);
#3021=EDGE_CURVE('',#2242,#2148,#1379,.T.);
#3022=EDGE_CURVE('',#2241,#2149,#1380,.T.);
#3023=EDGE_CURVE('',#2142,#2240,#1381,.T.);
#3024=EDGE_CURVE('',#2239,#2143,#1382,.T.);
#3025=EDGE_CURVE('',#2246,#2144,#1383,.T.);
#3026=EDGE_CURVE('',#2245,#2145,#1384,.T.);
#3027=EDGE_CURVE('',#2252,#2154,#1385,.T.);
#3028=EDGE_CURVE('',#2251,#2155,#1386,.T.);
#3029=EDGE_CURVE('',#2250,#2156,#1387,.T.);
#3030=EDGE_CURVE('',#2249,#2157,#1388,.T.);
#3031=EDGE_CURVE('',#2150,#2248,#1389,.T.);
#3032=EDGE_CURVE('',#2247,#2151,#1390,.T.);
#3033=EDGE_CURVE('',#2254,#2152,#1391,.T.);
#3034=EDGE_CURVE('',#2253,#2153,#1392,.T.);
#3035=EDGE_CURVE('',#2260,#2162,#1393,.T.);
#3036=EDGE_CURVE('',#2259,#2163,#1394,.T.);
#3037=EDGE_CURVE('',#2258,#2164,#1395,.T.);
#3038=EDGE_CURVE('',#2257,#2165,#1396,.T.);
#3039=EDGE_CURVE('',#2158,#2256,#1397,.T.);
#3040=EDGE_CURVE('',#2255,#2159,#1398,.T.);
#3041=EDGE_CURVE('',#2262,#2160,#1399,.T.);
#3042=EDGE_CURVE('',#2261,#2161,#1400,.T.);
#3043=EDGE_CURVE('',#2268,#2170,#1401,.T.);
#3044=EDGE_CURVE('',#2267,#2171,#1402,.T.);
#3045=EDGE_CURVE('',#2266,#2172,#1403,.T.);
#3046=EDGE_CURVE('',#2265,#2173,#1404,.T.);
#3047=EDGE_CURVE('',#2166,#2264,#1405,.T.);
#3048=EDGE_CURVE('',#2263,#2167,#1406,.T.);
#3049=EDGE_CURVE('',#2270,#2168,#1407,.T.);
#3050=EDGE_CURVE('',#2269,#2169,#1408,.T.);
#3051=EDGE_CURVE('',#2426,#2369,#1409,.T.);
#3052=EDGE_CURVE('',#2426,#2197,#1410,.T.);
#3053=EDGE_CURVE('',#2427,#2426,#1411,.T.);
#3054=EDGE_CURVE('',#2427,#2198,#1412,.T.);
#3055=EDGE_CURVE('',#2371,#2427,#1413,.T.);
#3056=EDGE_CURVE('',#2428,#2429,#1414,.T.);
#3057=EDGE_CURVE('',#2429,#2430,#1415,.T.);
#3058=EDGE_CURVE('',#2430,#2431,#1416,.T.);
#3059=EDGE_CURVE('',#2431,#2432,#1417,.T.);
#3060=EDGE_CURVE('',#2432,#2433,#1418,.T.);
#3061=EDGE_CURVE('',#2433,#2428,#1419,.T.);
#3062=EDGE_CURVE('',#2434,#2434,#250,.T.);
#3063=EDGE_CURVE('',#2435,#2435,#251,.T.);
#3064=EDGE_CURVE('',#2436,#2436,#252,.T.);
#3065=EDGE_CURVE('',#2437,#2437,#253,.T.);
#3066=EDGE_CURVE('',#2438,#2438,#254,.T.);
#3067=EDGE_CURVE('',#2439,#2439,#255,.T.);
#3068=EDGE_CURVE('',#2434,#2174,#1420,.T.);
#3069=EDGE_CURVE('',#2435,#2175,#1421,.T.);
#3070=EDGE_CURVE('',#2436,#2176,#1422,.T.);
#3071=EDGE_CURVE('',#2437,#2177,#1423,.T.);
#3072=EDGE_CURVE('',#2438,#2178,#1424,.T.);
#3073=EDGE_CURVE('',#2439,#2179,#1425,.T.);
#3074=EDGE_CURVE('',#2428,#2097,#1426,.T.);
#3075=EDGE_CURVE('',#2098,#2433,#1427,.T.);
#3076=EDGE_CURVE('',#2099,#2432,#1428,.T.);
#3077=EDGE_CURVE('',#2100,#2431,#1429,.T.);
#3078=EDGE_CURVE('',#2101,#2430,#1430,.T.);
#3079=EDGE_CURVE('',#2096,#2429,#1431,.T.);
#3080=EDGE_CURVE('',#2372,#2091,#1432,.T.);
#3081=EDGE_CURVE('',#2373,#2095,#1433,.T.);
#3082=EDGE_CURVE('',#2374,#2094,#1434,.T.);
#3083=EDGE_CURVE('',#2375,#2093,#1435,.T.);
#3084=EDGE_CURVE('',#2376,#2092,#1436,.T.);
#3085=EDGE_CURVE('',#2283,#2083,#1437,.T.);
#3086=EDGE_CURVE('',#2284,#2082,#1438,.T.);
#3087=EDGE_CURVE('',#2285,#2081,#1439,.T.);
#3088=EDGE_CURVE('',#2286,#2080,#1440,.T.);
#3089=EDGE_CURVE('',#2287,#2079,#1441,.T.);
#3090=EDGE_CURVE('',#2288,#2078,#1442,.T.);
#3091=EDGE_CURVE('',#2377,#2027,#1443,.T.);
#3092=EDGE_CURVE('',#2378,#2035,#1444,.T.);
#3093=EDGE_CURVE('',#2379,#2034,#1445,.T.);
#3094=EDGE_CURVE('',#2380,#2033,#1446,.T.);
#3095=EDGE_CURVE('',#2381,#2032,#1447,.T.);
#3096=EDGE_CURVE('',#2382,#2031,#1448,.T.);
#3097=EDGE_CURVE('',#2383,#2030,#1449,.T.);
#3098=EDGE_CURVE('',#2384,#2029,#1450,.T.);
#3099=EDGE_CURVE('',#2385,#2028,#1451,.T.);
#3100=EDGE_CURVE('',#2302,#2014,#1452,.T.);
#3101=EDGE_CURVE('',#2303,#2013,#1453,.T.);
#3102=EDGE_CURVE('',#2304,#2012,#1454,.T.);
#3103=EDGE_CURVE('',#2305,#2011,#1455,.T.);
#3104=EDGE_CURVE('',#2306,#2010,#1456,.T.);
#3105=EDGE_CURVE('',#2307,#2009,#1457,.T.);
#3106=EDGE_CURVE('',#2308,#2008,#1458,.T.);
#3107=EDGE_CURVE('',#2309,#2007,#1459,.T.);
#3108=EDGE_CURVE('',#2310,#2006,#1460,.T.);
#3109=EDGE_CURVE('',#2311,#2005,#1461,.T.);
#3110=EDGE_CURVE('',#2312,#2004,#1462,.T.);
#3111=EDGE_CURVE('',#2313,#2003,#1463,.T.);
#3112=EDGE_CURVE('',#2386,#1997,#1464,.T.);
#3113=EDGE_CURVE('',#2387,#2001,#1465,.T.);
#3114=EDGE_CURVE('',#2388,#2000,#1466,.T.);
#3115=EDGE_CURVE('',#2389,#1999,#1467,.T.);
#3116=EDGE_CURVE('',#2390,#1998,#1468,.T.);
#3117=EDGE_CURVE('',#2322,#1989,#1469,.T.);
#3118=EDGE_CURVE('',#2323,#1988,#1470,.T.);
#3119=EDGE_CURVE('',#2324,#1987,#1471,.T.);
#3120=EDGE_CURVE('',#2325,#1986,#1472,.T.);
#3121=EDGE_CURVE('',#2326,#1985,#1473,.T.);
#3122=EDGE_CURVE('',#2327,#1984,#1474,.T.);
#3123=EDGE_CURVE('',#2400,#1974,#1475,.T.);
#3124=EDGE_CURVE('',#2401,#1982,#1476,.T.);
#3125=EDGE_CURVE('',#2402,#1981,#1477,.T.);
#3126=EDGE_CURVE('',#2403,#1980,#1478,.T.);
#3127=EDGE_CURVE('',#2404,#1979,#1479,.T.);
#3128=EDGE_CURVE('',#2405,#1978,#1480,.T.);
#3129=EDGE_CURVE('',#2406,#1977,#1481,.T.);
#3130=EDGE_CURVE('',#2407,#1976,#1482,.T.);
#3131=EDGE_CURVE('',#2408,#1975,#1483,.T.);
#3132=EDGE_CURVE('',#2391,#1965,#1484,.T.);
#3133=EDGE_CURVE('',#2392,#1973,#1485,.T.);
#3134=EDGE_CURVE('',#2393,#1972,#1486,.T.);
#3135=EDGE_CURVE('',#2394,#1971,#1487,.T.);
#3136=EDGE_CURVE('',#2395,#1970,#1488,.T.);
#3137=EDGE_CURVE('',#2396,#1969,#1489,.T.);
#3138=EDGE_CURVE('',#2397,#1968,#1490,.T.);
#3139=EDGE_CURVE('',#2398,#1967,#1491,.T.);
#3140=EDGE_CURVE('',#2399,#1966,#1492,.T.);
#3141=EDGE_CURVE('',#2336,#1957,#1493,.T.);
#3142=EDGE_CURVE('',#2337,#1956,#1494,.T.);
#3143=EDGE_CURVE('',#2338,#1955,#1495,.T.);
#3144=EDGE_CURVE('',#2339,#1954,#1496,.T.);
#3145=EDGE_CURVE('',#2340,#1953,#1497,.T.);
#3146=EDGE_CURVE('',#2341,#1952,#1498,.T.);
#3147=EDGE_CURVE('',#2342,#1951,#1499,.T.);
#3148=EDGE_CURVE('',#2409,#2068,#1500,.T.);
#3149=EDGE_CURVE('',#2410,#2076,#1501,.T.);
#3150=EDGE_CURVE('',#2411,#2075,#1502,.T.);
#3151=EDGE_CURVE('',#2412,#2074,#1503,.T.);
#3152=EDGE_CURVE('',#2413,#2073,#1504,.T.);
#3153=EDGE_CURVE('',#2414,#2072,#1505,.T.);
#3154=EDGE_CURVE('',#2415,#2071,#1506,.T.);
#3155=EDGE_CURVE('',#2416,#2070,#1507,.T.);
#3156=EDGE_CURVE('',#2417,#2069,#1508,.T.);
#3157=EDGE_CURVE('',#2350,#2061,#1509,.T.);
#3158=EDGE_CURVE('',#2351,#2060,#1510,.T.);
#3159=EDGE_CURVE('',#2352,#2059,#1511,.T.);
#3160=EDGE_CURVE('',#2353,#2058,#1512,.T.);
#3161=EDGE_CURVE('',#2354,#2057,#1513,.T.);
#3162=EDGE_CURVE('',#2418,#2048,#1514,.T.);
#3163=EDGE_CURVE('',#2419,#2055,#1515,.T.);
#3164=EDGE_CURVE('',#2420,#2054,#1516,.T.);
#3165=EDGE_CURVE('',#2421,#2053,#1517,.T.);
#3166=EDGE_CURVE('',#2422,#2052,#1518,.T.);
#3167=EDGE_CURVE('',#2423,#2051,#1519,.T.);
#3168=EDGE_CURVE('',#2424,#2050,#1520,.T.);
#3169=EDGE_CURVE('',#2425,#2049,#1521,.T.);
#3170=EDGE_CURVE('',#2362,#2041,#1522,.T.);
#3171=EDGE_CURVE('',#2363,#2040,#1523,.T.);
#3172=EDGE_CURVE('',#2364,#2039,#1524,.T.);
#3173=EDGE_CURVE('',#2365,#2038,#1525,.T.);
#3174=EDGE_CURVE('',#2366,#2037,#1526,.T.);
#3175=ORIENTED_EDGE('',*,*,#2440,.T.);
#3176=ORIENTED_EDGE('',*,*,#2441,.T.);
#3177=ORIENTED_EDGE('',*,*,#2442,.T.);
#3178=ORIENTED_EDGE('',*,*,#2443,.T.);
#3179=ORIENTED_EDGE('',*,*,#2444,.T.);
#3180=ORIENTED_EDGE('',*,*,#2445,.T.);
#3181=ORIENTED_EDGE('',*,*,#2446,.T.);
#3182=ORIENTED_EDGE('',*,*,#2447,.T.);
#3183=ORIENTED_EDGE('',*,*,#2448,.T.);
#3184=ORIENTED_EDGE('',*,*,#2449,.T.);
#3185=ORIENTED_EDGE('',*,*,#2450,.T.);
#3186=ORIENTED_EDGE('',*,*,#2451,.T.);
#3187=ORIENTED_EDGE('',*,*,#2452,.T.);
#3188=ORIENTED_EDGE('',*,*,#2453,.T.);
#3189=ORIENTED_EDGE('',*,*,#2454,.T.);
#3190=ORIENTED_EDGE('',*,*,#2455,.T.);
#3191=ORIENTED_EDGE('',*,*,#2456,.T.);
#3192=ORIENTED_EDGE('',*,*,#2457,.T.);
#3193=ORIENTED_EDGE('',*,*,#2458,.T.);
#3194=ORIENTED_EDGE('',*,*,#2459,.T.);
#3195=ORIENTED_EDGE('',*,*,#2460,.T.);
#3196=ORIENTED_EDGE('',*,*,#2461,.T.);
#3197=ORIENTED_EDGE('',*,*,#2462,.T.);
#3198=ORIENTED_EDGE('',*,*,#2463,.T.);
#3199=ORIENTED_EDGE('',*,*,#2464,.T.);
#3200=ORIENTED_EDGE('',*,*,#2465,.T.);
#3201=ORIENTED_EDGE('',*,*,#2466,.T.);
#3202=ORIENTED_EDGE('',*,*,#2467,.T.);
#3203=ORIENTED_EDGE('',*,*,#2468,.T.);
#3204=ORIENTED_EDGE('',*,*,#2469,.T.);
#3205=ORIENTED_EDGE('',*,*,#2470,.T.);
#3206=ORIENTED_EDGE('',*,*,#2471,.T.);
#3207=ORIENTED_EDGE('',*,*,#2472,.T.);
#3208=ORIENTED_EDGE('',*,*,#2473,.T.);
#3209=ORIENTED_EDGE('',*,*,#2474,.T.);
#3210=ORIENTED_EDGE('',*,*,#2475,.T.);
#3211=ORIENTED_EDGE('',*,*,#2476,.T.);
#3212=ORIENTED_EDGE('',*,*,#2477,.T.);
#3213=ORIENTED_EDGE('',*,*,#2478,.T.);
#3214=ORIENTED_EDGE('',*,*,#2479,.T.);
#3215=ORIENTED_EDGE('',*,*,#2480,.T.);
#3216=ORIENTED_EDGE('',*,*,#2481,.T.);
#3217=ORIENTED_EDGE('',*,*,#2482,.T.);
#3218=ORIENTED_EDGE('',*,*,#2483,.T.);
#3219=ORIENTED_EDGE('',*,*,#2484,.T.);
#3220=ORIENTED_EDGE('',*,*,#2485,.T.);
#3221=ORIENTED_EDGE('',*,*,#2486,.T.);
#3222=ORIENTED_EDGE('',*,*,#2487,.T.);
#3223=ORIENTED_EDGE('',*,*,#2488,.T.);
#3224=ORIENTED_EDGE('',*,*,#2489,.T.);
#3225=ORIENTED_EDGE('',*,*,#2490,.T.);
#3226=ORIENTED_EDGE('',*,*,#2491,.T.);
#3227=ORIENTED_EDGE('',*,*,#2492,.T.);
#3228=ORIENTED_EDGE('',*,*,#2493,.T.);
#3229=ORIENTED_EDGE('',*,*,#2494,.T.);
#3230=ORIENTED_EDGE('',*,*,#2495,.T.);
#3231=ORIENTED_EDGE('',*,*,#2496,.T.);
#3232=ORIENTED_EDGE('',*,*,#2497,.T.);
#3233=ORIENTED_EDGE('',*,*,#2498,.T.);
#3234=ORIENTED_EDGE('',*,*,#2499,.T.);
#3235=ORIENTED_EDGE('',*,*,#2500,.T.);
#3236=ORIENTED_EDGE('',*,*,#2501,.T.);
#3237=ORIENTED_EDGE('',*,*,#2502,.T.);
#3238=ORIENTED_EDGE('',*,*,#2503,.T.);
#3239=ORIENTED_EDGE('',*,*,#2504,.T.);
#3240=ORIENTED_EDGE('',*,*,#2505,.T.);
#3241=ORIENTED_EDGE('',*,*,#2506,.T.);
#3242=ORIENTED_EDGE('',*,*,#2507,.T.);
#3243=ORIENTED_EDGE('',*,*,#2508,.T.);
#3244=ORIENTED_EDGE('',*,*,#2509,.T.);
#3245=ORIENTED_EDGE('',*,*,#2510,.T.);
#3246=ORIENTED_EDGE('',*,*,#2511,.T.);
#3247=ORIENTED_EDGE('',*,*,#2512,.T.);
#3248=ORIENTED_EDGE('',*,*,#2513,.T.);
#3249=ORIENTED_EDGE('',*,*,#2514,.T.);
#3250=ORIENTED_EDGE('',*,*,#2515,.T.);
#3251=ORIENTED_EDGE('',*,*,#2516,.T.);
#3252=ORIENTED_EDGE('',*,*,#2517,.T.);
#3253=ORIENTED_EDGE('',*,*,#2518,.T.);
#3254=ORIENTED_EDGE('',*,*,#2519,.T.);
#3255=ORIENTED_EDGE('',*,*,#2520,.T.);
#3256=ORIENTED_EDGE('',*,*,#2521,.T.);
#3257=ORIENTED_EDGE('',*,*,#2522,.T.);
#3258=ORIENTED_EDGE('',*,*,#2523,.T.);
#3259=ORIENTED_EDGE('',*,*,#2524,.T.);
#3260=ORIENTED_EDGE('',*,*,#2525,.T.);
#3261=ORIENTED_EDGE('',*,*,#2526,.T.);
#3262=ORIENTED_EDGE('',*,*,#2527,.T.);
#3263=ORIENTED_EDGE('',*,*,#2528,.T.);
#3264=ORIENTED_EDGE('',*,*,#2529,.T.);
#3265=ORIENTED_EDGE('',*,*,#2530,.T.);
#3266=ORIENTED_EDGE('',*,*,#2531,.T.);
#3267=ORIENTED_EDGE('',*,*,#2532,.T.);
#3268=ORIENTED_EDGE('',*,*,#2533,.T.);
#3269=ORIENTED_EDGE('',*,*,#2534,.T.);
#3270=ORIENTED_EDGE('',*,*,#2535,.T.);
#3271=ORIENTED_EDGE('',*,*,#2536,.T.);
#3272=ORIENTED_EDGE('',*,*,#2537,.T.);
#3273=ORIENTED_EDGE('',*,*,#2538,.T.);
#3274=ORIENTED_EDGE('',*,*,#2539,.T.);
#3275=ORIENTED_EDGE('',*,*,#2540,.T.);
#3276=ORIENTED_EDGE('',*,*,#2541,.T.);
#3277=ORIENTED_EDGE('',*,*,#2542,.T.);
#3278=ORIENTED_EDGE('',*,*,#2543,.T.);
#3279=ORIENTED_EDGE('',*,*,#2544,.T.);
#3280=ORIENTED_EDGE('',*,*,#2545,.T.);
#3281=ORIENTED_EDGE('',*,*,#2546,.T.);
#3282=ORIENTED_EDGE('',*,*,#2547,.T.);
#3283=ORIENTED_EDGE('',*,*,#2548,.T.);
#3284=ORIENTED_EDGE('',*,*,#2549,.T.);
#3285=ORIENTED_EDGE('',*,*,#2550,.T.);
#3286=ORIENTED_EDGE('',*,*,#2551,.T.);
#3287=ORIENTED_EDGE('',*,*,#2552,.T.);
#3288=ORIENTED_EDGE('',*,*,#2553,.T.);
#3289=ORIENTED_EDGE('',*,*,#2554,.T.);
#3290=ORIENTED_EDGE('',*,*,#2555,.T.);
#3291=ORIENTED_EDGE('',*,*,#2556,.T.);
#3292=ORIENTED_EDGE('',*,*,#2557,.T.);
#3293=ORIENTED_EDGE('',*,*,#2558,.T.);
#3294=ORIENTED_EDGE('',*,*,#2559,.T.);
#3295=ORIENTED_EDGE('',*,*,#2560,.T.);
#3296=ORIENTED_EDGE('',*,*,#2561,.T.);
#3297=ORIENTED_EDGE('',*,*,#2562,.T.);
#3298=ORIENTED_EDGE('',*,*,#2563,.T.);
#3299=ORIENTED_EDGE('',*,*,#2564,.T.);
#3300=ORIENTED_EDGE('',*,*,#2565,.T.);
#3301=ORIENTED_EDGE('',*,*,#2566,.T.);
#3302=ORIENTED_EDGE('',*,*,#2567,.T.);
#3303=ORIENTED_EDGE('',*,*,#2568,.T.);
#3304=ORIENTED_EDGE('',*,*,#2569,.T.);
#3305=ORIENTED_EDGE('',*,*,#2570,.T.);
#3306=ORIENTED_EDGE('',*,*,#2571,.T.);
#3307=ORIENTED_EDGE('',*,*,#2572,.T.);
#3308=ORIENTED_EDGE('',*,*,#2573,.T.);
#3309=ORIENTED_EDGE('',*,*,#2574,.T.);
#3310=ORIENTED_EDGE('',*,*,#2575,.T.);
#3311=ORIENTED_EDGE('',*,*,#2576,.T.);
#3312=ORIENTED_EDGE('',*,*,#2577,.T.);
#3313=ORIENTED_EDGE('',*,*,#2578,.T.);
#3314=ORIENTED_EDGE('',*,*,#2579,.T.);
#3315=ORIENTED_EDGE('',*,*,#2580,.T.);
#3316=ORIENTED_EDGE('',*,*,#2581,.T.);
#3317=ORIENTED_EDGE('',*,*,#2582,.T.);
#3318=ORIENTED_EDGE('',*,*,#2583,.T.);
#3319=ORIENTED_EDGE('',*,*,#2584,.T.);
#3320=ORIENTED_EDGE('',*,*,#2585,.T.);
#3321=ORIENTED_EDGE('',*,*,#2586,.T.);
#3322=ORIENTED_EDGE('',*,*,#2587,.T.);
#3323=ORIENTED_EDGE('',*,*,#2588,.T.);
#3324=ORIENTED_EDGE('',*,*,#2589,.T.);
#3325=ORIENTED_EDGE('',*,*,#2590,.T.);
#3326=ORIENTED_EDGE('',*,*,#2591,.T.);
#3327=ORIENTED_EDGE('',*,*,#2592,.T.);
#3328=ORIENTED_EDGE('',*,*,#2593,.T.);
#3329=ORIENTED_EDGE('',*,*,#2594,.T.);
#3330=ORIENTED_EDGE('',*,*,#2595,.T.);
#3331=ORIENTED_EDGE('',*,*,#2596,.T.);
#3332=ORIENTED_EDGE('',*,*,#2597,.T.);
#3333=ORIENTED_EDGE('',*,*,#2598,.T.);
#3334=ORIENTED_EDGE('',*,*,#2599,.T.);
#3335=ORIENTED_EDGE('',*,*,#2600,.T.);
#3336=ORIENTED_EDGE('',*,*,#2601,.T.);
#3337=ORIENTED_EDGE('',*,*,#2602,.T.);
#3338=ORIENTED_EDGE('',*,*,#2603,.T.);
#3339=ORIENTED_EDGE('',*,*,#2604,.T.);
#3340=ORIENTED_EDGE('',*,*,#2605,.T.);
#3341=ORIENTED_EDGE('',*,*,#2606,.T.);
#3342=ORIENTED_EDGE('',*,*,#2607,.T.);
#3343=ORIENTED_EDGE('',*,*,#2608,.T.);
#3344=ORIENTED_EDGE('',*,*,#2609,.T.);
#3345=ORIENTED_EDGE('',*,*,#2610,.T.);
#3346=ORIENTED_EDGE('',*,*,#2611,.T.);
#3347=ORIENTED_EDGE('',*,*,#2612,.T.);
#3348=ORIENTED_EDGE('',*,*,#2613,.T.);
#3349=ORIENTED_EDGE('',*,*,#2614,.T.);
#3350=ORIENTED_EDGE('',*,*,#2615,.T.);
#3351=ORIENTED_EDGE('',*,*,#2616,.T.);
#3352=ORIENTED_EDGE('',*,*,#2617,.T.);
#3353=ORIENTED_EDGE('',*,*,#2618,.T.);
#3354=ORIENTED_EDGE('',*,*,#2619,.T.);
#3355=ORIENTED_EDGE('',*,*,#2620,.T.);
#3356=ORIENTED_EDGE('',*,*,#2621,.T.);
#3357=ORIENTED_EDGE('',*,*,#2622,.T.);
#3358=ORIENTED_EDGE('',*,*,#2623,.T.);
#3359=ORIENTED_EDGE('',*,*,#2624,.T.);
#3360=ORIENTED_EDGE('',*,*,#2625,.T.);
#3361=ORIENTED_EDGE('',*,*,#2626,.T.);
#3362=ORIENTED_EDGE('',*,*,#2627,.T.);
#3363=ORIENTED_EDGE('',*,*,#2628,.T.);
#3364=ORIENTED_EDGE('',*,*,#2629,.T.);
#3365=ORIENTED_EDGE('',*,*,#2630,.T.);
#3366=ORIENTED_EDGE('',*,*,#2631,.T.);
#3367=ORIENTED_EDGE('',*,*,#2632,.T.);
#3368=ORIENTED_EDGE('',*,*,#2633,.T.);
#3369=ORIENTED_EDGE('',*,*,#2634,.T.);
#3370=ORIENTED_EDGE('',*,*,#2635,.T.);
#3371=ORIENTED_EDGE('',*,*,#2636,.T.);
#3372=ORIENTED_EDGE('',*,*,#2637,.T.);
#3373=ORIENTED_EDGE('',*,*,#2638,.T.);
#3374=ORIENTED_EDGE('',*,*,#2639,.T.);
#3375=ORIENTED_EDGE('',*,*,#2640,.T.);
#3376=ORIENTED_EDGE('',*,*,#2641,.T.);
#3377=ORIENTED_EDGE('',*,*,#2642,.T.);
#3378=ORIENTED_EDGE('',*,*,#2643,.T.);
#3379=ORIENTED_EDGE('',*,*,#2644,.T.);
#3380=ORIENTED_EDGE('',*,*,#2645,.T.);
#3381=ORIENTED_EDGE('',*,*,#2646,.T.);
#3382=ORIENTED_EDGE('',*,*,#2647,.T.);
#3383=ORIENTED_EDGE('',*,*,#2648,.T.);
#3384=ORIENTED_EDGE('',*,*,#2649,.T.);
#3385=ORIENTED_EDGE('',*,*,#2650,.T.);
#3386=ORIENTED_EDGE('',*,*,#2651,.T.);
#3387=ORIENTED_EDGE('',*,*,#2652,.T.);
#3388=ORIENTED_EDGE('',*,*,#2653,.T.);
#3389=ORIENTED_EDGE('',*,*,#2654,.T.);
#3390=ORIENTED_EDGE('',*,*,#2655,.T.);
#3391=ORIENTED_EDGE('',*,*,#2656,.T.);
#3392=ORIENTED_EDGE('',*,*,#2657,.T.);
#3393=ORIENTED_EDGE('',*,*,#2658,.T.);
#3394=ORIENTED_EDGE('',*,*,#2659,.T.);
#3395=ORIENTED_EDGE('',*,*,#2660,.T.);
#3396=ORIENTED_EDGE('',*,*,#2661,.T.);
#3397=ORIENTED_EDGE('',*,*,#2662,.T.);
#3398=ORIENTED_EDGE('',*,*,#2663,.T.);
#3399=ORIENTED_EDGE('',*,*,#2664,.T.);
#3400=ORIENTED_EDGE('',*,*,#2665,.T.);
#3401=ORIENTED_EDGE('',*,*,#2666,.T.);
#3402=ORIENTED_EDGE('',*,*,#2667,.T.);
#3403=ORIENTED_EDGE('',*,*,#2668,.T.);
#3404=ORIENTED_EDGE('',*,*,#2669,.T.);
#3405=ORIENTED_EDGE('',*,*,#2670,.T.);
#3406=ORIENTED_EDGE('',*,*,#2671,.T.);
#3407=ORIENTED_EDGE('',*,*,#2672,.T.);
#3408=ORIENTED_EDGE('',*,*,#2673,.T.);
#3409=ORIENTED_EDGE('',*,*,#2674,.T.);
#3410=ORIENTED_EDGE('',*,*,#2675,.T.);
#3411=ORIENTED_EDGE('',*,*,#2676,.T.);
#3412=ORIENTED_EDGE('',*,*,#2677,.T.);
#3413=ORIENTED_EDGE('',*,*,#2678,.F.);
#3414=ORIENTED_EDGE('',*,*,#2679,.F.);
#3415=ORIENTED_EDGE('',*,*,#2680,.F.);
#3416=ORIENTED_EDGE('',*,*,#2681,.F.);
#3417=ORIENTED_EDGE('',*,*,#2682,.F.);
#3418=ORIENTED_EDGE('',*,*,#2683,.F.);
#3419=ORIENTED_EDGE('',*,*,#2684,.F.);
#3420=ORIENTED_EDGE('',*,*,#2685,.F.);
#3421=ORIENTED_EDGE('',*,*,#2686,.F.);
#3422=ORIENTED_EDGE('',*,*,#2687,.F.);
#3423=ORIENTED_EDGE('',*,*,#2688,.F.);
#3424=ORIENTED_EDGE('',*,*,#2689,.T.);
#3425=ORIENTED_EDGE('',*,*,#2690,.T.);
#3426=ORIENTED_EDGE('',*,*,#2691,.T.);
#3427=ORIENTED_EDGE('',*,*,#2692,.T.);
#3428=ORIENTED_EDGE('',*,*,#2693,.T.);
#3429=ORIENTED_EDGE('',*,*,#2694,.T.);
#3430=ORIENTED_EDGE('',*,*,#2695,.T.);
#3431=ORIENTED_EDGE('',*,*,#2696,.T.);
#3432=ORIENTED_EDGE('',*,*,#2697,.T.);
#3433=ORIENTED_EDGE('',*,*,#2698,.T.);
#3434=ORIENTED_EDGE('',*,*,#2699,.T.);
#3435=ORIENTED_EDGE('',*,*,#2700,.T.);
#3436=ORIENTED_EDGE('',*,*,#2701,.T.);
#3437=ORIENTED_EDGE('',*,*,#2702,.T.);
#3438=ORIENTED_EDGE('',*,*,#2703,.T.);
#3439=ORIENTED_EDGE('',*,*,#2704,.T.);
#3440=ORIENTED_EDGE('',*,*,#2705,.T.);
#3441=ORIENTED_EDGE('',*,*,#2706,.T.);
#3442=ORIENTED_EDGE('',*,*,#2707,.T.);
#3443=ORIENTED_EDGE('',*,*,#2708,.T.);
#3444=ORIENTED_EDGE('',*,*,#2709,.T.);
#3445=ORIENTED_EDGE('',*,*,#2710,.T.);
#3446=ORIENTED_EDGE('',*,*,#2711,.T.);
#3447=ORIENTED_EDGE('',*,*,#2712,.T.);
#3448=ORIENTED_EDGE('',*,*,#2713,.T.);
#3449=ORIENTED_EDGE('',*,*,#2714,.T.);
#3450=ORIENTED_EDGE('',*,*,#2715,.T.);
#3451=ORIENTED_EDGE('',*,*,#2716,.T.);
#3452=ORIENTED_EDGE('',*,*,#2717,.T.);
#3453=ORIENTED_EDGE('',*,*,#2718,.T.);
#3454=ORIENTED_EDGE('',*,*,#2719,.T.);
#3455=ORIENTED_EDGE('',*,*,#2720,.T.);
#3456=ORIENTED_EDGE('',*,*,#2721,.T.);
#3457=ORIENTED_EDGE('',*,*,#2722,.T.);
#3458=ORIENTED_EDGE('',*,*,#2723,.T.);
#3459=ORIENTED_EDGE('',*,*,#2724,.T.);
#3460=ORIENTED_EDGE('',*,*,#2725,.T.);
#3461=ORIENTED_EDGE('',*,*,#2726,.T.);
#3462=ORIENTED_EDGE('',*,*,#2727,.T.);
#3463=ORIENTED_EDGE('',*,*,#2728,.T.);
#3464=ORIENTED_EDGE('',*,*,#2729,.T.);
#3465=ORIENTED_EDGE('',*,*,#2730,.T.);
#3466=ORIENTED_EDGE('',*,*,#2731,.T.);
#3467=ORIENTED_EDGE('',*,*,#2732,.T.);
#3468=ORIENTED_EDGE('',*,*,#2733,.T.);
#3469=ORIENTED_EDGE('',*,*,#2734,.T.);
#3470=ORIENTED_EDGE('',*,*,#2735,.T.);
#3471=ORIENTED_EDGE('',*,*,#2736,.T.);
#3472=ORIENTED_EDGE('',*,*,#2737,.T.);
#3473=ORIENTED_EDGE('',*,*,#2738,.T.);
#3474=ORIENTED_EDGE('',*,*,#2739,.T.);
#3475=ORIENTED_EDGE('',*,*,#2740,.T.);
#3476=ORIENTED_EDGE('',*,*,#2741,.T.);
#3477=ORIENTED_EDGE('',*,*,#2742,.T.);
#3478=ORIENTED_EDGE('',*,*,#2743,.T.);
#3479=ORIENTED_EDGE('',*,*,#2744,.T.);
#3480=ORIENTED_EDGE('',*,*,#2745,.T.);
#3481=ORIENTED_EDGE('',*,*,#2746,.T.);
#3482=ORIENTED_EDGE('',*,*,#2747,.T.);
#3483=ORIENTED_EDGE('',*,*,#2748,.T.);
#3484=ORIENTED_EDGE('',*,*,#2749,.T.);
#3485=ORIENTED_EDGE('',*,*,#2750,.T.);
#3486=ORIENTED_EDGE('',*,*,#2751,.T.);
#3487=ORIENTED_EDGE('',*,*,#2752,.T.);
#3488=ORIENTED_EDGE('',*,*,#2753,.T.);
#3489=ORIENTED_EDGE('',*,*,#2754,.T.);
#3490=ORIENTED_EDGE('',*,*,#2755,.T.);
#3491=ORIENTED_EDGE('',*,*,#2756,.T.);
#3492=ORIENTED_EDGE('',*,*,#2757,.T.);
#3493=ORIENTED_EDGE('',*,*,#2758,.T.);
#3494=ORIENTED_EDGE('',*,*,#2759,.T.);
#3495=ORIENTED_EDGE('',*,*,#2760,.T.);
#3496=ORIENTED_EDGE('',*,*,#2761,.T.);
#3497=ORIENTED_EDGE('',*,*,#2762,.T.);
#3498=ORIENTED_EDGE('',*,*,#2763,.T.);
#3499=ORIENTED_EDGE('',*,*,#2764,.T.);
#3500=ORIENTED_EDGE('',*,*,#2765,.F.);
#3501=ORIENTED_EDGE('',*,*,#2766,.F.);
#3502=ORIENTED_EDGE('',*,*,#2767,.F.);
#3503=ORIENTED_EDGE('',*,*,#2768,.F.);
#3504=ORIENTED_EDGE('',*,*,#2769,.F.);
#3505=ORIENTED_EDGE('',*,*,#2770,.F.);
#3506=ORIENTED_EDGE('',*,*,#2771,.F.);
#3507=ORIENTED_EDGE('',*,*,#2772,.F.);
#3508=ORIENTED_EDGE('',*,*,#2773,.F.);
#3509=ORIENTED_EDGE('',*,*,#2774,.F.);
#3510=ORIENTED_EDGE('',*,*,#2775,.F.);
#3511=ORIENTED_EDGE('',*,*,#2776,.F.);
#3512=ORIENTED_EDGE('',*,*,#2777,.F.);
#3513=ORIENTED_EDGE('',*,*,#2778,.F.);
#3514=ORIENTED_EDGE('',*,*,#2779,.F.);
#3515=ORIENTED_EDGE('',*,*,#2780,.F.);
#3516=ORIENTED_EDGE('',*,*,#2781,.F.);
#3517=ORIENTED_EDGE('',*,*,#2782,.F.);
#3518=ORIENTED_EDGE('',*,*,#2783,.F.);
#3519=ORIENTED_EDGE('',*,*,#2784,.F.);
#3520=ORIENTED_EDGE('',*,*,#2785,.F.);
#3521=ORIENTED_EDGE('',*,*,#2786,.F.);
#3522=ORIENTED_EDGE('',*,*,#2787,.F.);
#3523=ORIENTED_EDGE('',*,*,#2788,.F.);
#3524=ORIENTED_EDGE('',*,*,#2789,.F.);
#3525=ORIENTED_EDGE('',*,*,#2790,.F.);
#3526=ORIENTED_EDGE('',*,*,#2791,.F.);
#3527=ORIENTED_EDGE('',*,*,#2792,.F.);
#3528=ORIENTED_EDGE('',*,*,#2793,.F.);
#3529=ORIENTED_EDGE('',*,*,#2794,.F.);
#3530=ORIENTED_EDGE('',*,*,#2795,.F.);
#3531=ORIENTED_EDGE('',*,*,#2796,.F.);
#3532=ORIENTED_EDGE('',*,*,#2797,.F.);
#3533=ORIENTED_EDGE('',*,*,#2798,.F.);
#3534=ORIENTED_EDGE('',*,*,#2799,.F.);
#3535=ORIENTED_EDGE('',*,*,#2800,.F.);
#3536=ORIENTED_EDGE('',*,*,#2801,.F.);
#3537=ORIENTED_EDGE('',*,*,#2802,.F.);
#3538=ORIENTED_EDGE('',*,*,#2803,.F.);
#3539=ORIENTED_EDGE('',*,*,#2804,.F.);
#3540=ORIENTED_EDGE('',*,*,#2805,.F.);
#3541=ORIENTED_EDGE('',*,*,#2806,.F.);
#3542=ORIENTED_EDGE('',*,*,#2807,.F.);
#3543=ORIENTED_EDGE('',*,*,#2808,.F.);
#3544=ORIENTED_EDGE('',*,*,#2809,.F.);
#3545=ORIENTED_EDGE('',*,*,#2810,.F.);
#3546=ORIENTED_EDGE('',*,*,#2811,.F.);
#3547=ORIENTED_EDGE('',*,*,#2812,.F.);
#3548=ORIENTED_EDGE('',*,*,#2813,.F.);
#3549=ORIENTED_EDGE('',*,*,#2814,.F.);
#3550=ORIENTED_EDGE('',*,*,#2815,.F.);
#3551=ORIENTED_EDGE('',*,*,#2816,.F.);
#3552=ORIENTED_EDGE('',*,*,#2817,.F.);
#3553=ORIENTED_EDGE('',*,*,#2818,.F.);
#3554=ORIENTED_EDGE('',*,*,#2819,.F.);
#3555=ORIENTED_EDGE('',*,*,#2820,.F.);
#3556=ORIENTED_EDGE('',*,*,#2821,.F.);
#3557=ORIENTED_EDGE('',*,*,#2822,.F.);
#3558=ORIENTED_EDGE('',*,*,#2823,.F.);
#3559=ORIENTED_EDGE('',*,*,#2824,.F.);
#3560=ORIENTED_EDGE('',*,*,#2825,.F.);
#3561=ORIENTED_EDGE('',*,*,#2826,.F.);
#3562=ORIENTED_EDGE('',*,*,#2827,.F.);
#3563=ORIENTED_EDGE('',*,*,#2828,.F.);
#3564=ORIENTED_EDGE('',*,*,#2829,.F.);
#3565=ORIENTED_EDGE('',*,*,#2830,.F.);
#3566=ORIENTED_EDGE('',*,*,#2831,.F.);
#3567=ORIENTED_EDGE('',*,*,#2832,.F.);
#3568=ORIENTED_EDGE('',*,*,#2833,.F.);
#3569=ORIENTED_EDGE('',*,*,#2834,.F.);
#3570=ORIENTED_EDGE('',*,*,#2835,.F.);
#3571=ORIENTED_EDGE('',*,*,#2836,.F.);
#3572=ORIENTED_EDGE('',*,*,#2837,.F.);
#3573=ORIENTED_EDGE('',*,*,#2838,.F.);
#3574=ORIENTED_EDGE('',*,*,#2839,.F.);
#3575=ORIENTED_EDGE('',*,*,#2840,.F.);
#3576=ORIENTED_EDGE('',*,*,#2841,.F.);
#3577=ORIENTED_EDGE('',*,*,#2842,.F.);
#3578=ORIENTED_EDGE('',*,*,#2843,.F.);
#3579=ORIENTED_EDGE('',*,*,#2844,.F.);
#3580=ORIENTED_EDGE('',*,*,#2845,.F.);
#3581=ORIENTED_EDGE('',*,*,#2846,.F.);
#3582=ORIENTED_EDGE('',*,*,#2847,.F.);
#3583=ORIENTED_EDGE('',*,*,#2848,.F.);
#3584=ORIENTED_EDGE('',*,*,#2849,.F.);
#3585=ORIENTED_EDGE('',*,*,#2850,.F.);
#3586=ORIENTED_EDGE('',*,*,#2851,.F.);
#3587=ORIENTED_EDGE('',*,*,#2852,.F.);
#3588=ORIENTED_EDGE('',*,*,#2853,.F.);
#3589=ORIENTED_EDGE('',*,*,#2854,.F.);
#3590=ORIENTED_EDGE('',*,*,#2855,.F.);
#3591=ORIENTED_EDGE('',*,*,#2856,.F.);
#3592=ORIENTED_EDGE('',*,*,#2857,.T.);
#3593=ORIENTED_EDGE('',*,*,#2850,.T.);
#3594=ORIENTED_EDGE('',*,*,#2858,.T.);
#3595=ORIENTED_EDGE('',*,*,#2532,.F.);
#3596=ORIENTED_EDGE('',*,*,#2859,.F.);
#3597=ORIENTED_EDGE('',*,*,#2849,.T.);
#3598=ORIENTED_EDGE('',*,*,#2860,.T.);
#3599=ORIENTED_EDGE('',*,*,#2533,.F.);
#3600=ORIENTED_EDGE('',*,*,#2858,.F.);
#3601=ORIENTED_EDGE('',*,*,#2848,.T.);
#3602=ORIENTED_EDGE('',*,*,#2861,.T.);
#3603=ORIENTED_EDGE('',*,*,#2534,.F.);
#3604=ORIENTED_EDGE('',*,*,#2860,.F.);
#3605=ORIENTED_EDGE('',*,*,#2847,.T.);
#3606=ORIENTED_EDGE('',*,*,#2862,.T.);
#3607=ORIENTED_EDGE('',*,*,#2535,.F.);
#3608=ORIENTED_EDGE('',*,*,#2861,.F.);
#3609=ORIENTED_EDGE('',*,*,#2846,.T.);
#3610=ORIENTED_EDGE('',*,*,#2863,.T.);
#3611=ORIENTED_EDGE('',*,*,#2536,.F.);
#3612=ORIENTED_EDGE('',*,*,#2862,.F.);
#3613=ORIENTED_EDGE('',*,*,#2845,.T.);
#3614=ORIENTED_EDGE('',*,*,#2864,.T.);
#3615=ORIENTED_EDGE('',*,*,#2537,.F.);
#3616=ORIENTED_EDGE('',*,*,#2863,.F.);
#3617=ORIENTED_EDGE('',*,*,#2838,.T.);
#3618=ORIENTED_EDGE('',*,*,#2865,.T.);
#3619=ORIENTED_EDGE('',*,*,#2552,.F.);
#3620=ORIENTED_EDGE('',*,*,#2866,.F.);
#3621=ORIENTED_EDGE('',*,*,#2837,.T.);
#3622=ORIENTED_EDGE('',*,*,#2867,.T.);
#3623=ORIENTED_EDGE('',*,*,#2553,.F.);
#3624=ORIENTED_EDGE('',*,*,#2865,.F.);
#3625=ORIENTED_EDGE('',*,*,#2836,.T.);
#3626=ORIENTED_EDGE('',*,*,#2868,.T.);
#3627=ORIENTED_EDGE('',*,*,#2554,.F.);
#3628=ORIENTED_EDGE('',*,*,#2867,.F.);
#3629=ORIENTED_EDGE('',*,*,#2835,.T.);
#3630=ORIENTED_EDGE('',*,*,#2869,.T.);
#3631=ORIENTED_EDGE('',*,*,#2555,.F.);
#3632=ORIENTED_EDGE('',*,*,#2868,.F.);
#3633=ORIENTED_EDGE('',*,*,#2834,.T.);
#3634=ORIENTED_EDGE('',*,*,#2870,.T.);
#3635=ORIENTED_EDGE('',*,*,#2556,.F.);
#3636=ORIENTED_EDGE('',*,*,#2869,.F.);
#3637=ORIENTED_EDGE('',*,*,#2833,.T.);
#3638=ORIENTED_EDGE('',*,*,#2871,.T.);
#3639=ORIENTED_EDGE('',*,*,#2557,.F.);
#3640=ORIENTED_EDGE('',*,*,#2870,.F.);
#3641=ORIENTED_EDGE('',*,*,#2824,.T.);
#3642=ORIENTED_EDGE('',*,*,#2872,.T.);
#3643=ORIENTED_EDGE('',*,*,#2448,.F.);
#3644=ORIENTED_EDGE('',*,*,#2873,.F.);
#3645=ORIENTED_EDGE('',*,*,#2823,.T.);
#3646=ORIENTED_EDGE('',*,*,#2874,.T.);
#3647=ORIENTED_EDGE('',*,*,#2449,.F.);
#3648=ORIENTED_EDGE('',*,*,#2872,.F.);
#3649=ORIENTED_EDGE('',*,*,#2822,.T.);
#3650=ORIENTED_EDGE('',*,*,#2875,.T.);
#3651=ORIENTED_EDGE('',*,*,#2450,.F.);
#3652=ORIENTED_EDGE('',*,*,#2874,.F.);
#3653=ORIENTED_EDGE('',*,*,#2821,.T.);
#3654=ORIENTED_EDGE('',*,*,#2876,.T.);
#3655=ORIENTED_EDGE('',*,*,#2451,.F.);
#3656=ORIENTED_EDGE('',*,*,#2875,.F.);
#3657=ORIENTED_EDGE('',*,*,#2820,.T.);
#3658=ORIENTED_EDGE('',*,*,#2877,.T.);
#3659=ORIENTED_EDGE('',*,*,#2452,.F.);
#3660=ORIENTED_EDGE('',*,*,#2876,.F.);
#3661=ORIENTED_EDGE('',*,*,#2819,.T.);
#3662=ORIENTED_EDGE('',*,*,#2878,.T.);
#3663=ORIENTED_EDGE('',*,*,#2453,.F.);
#3664=ORIENTED_EDGE('',*,*,#2877,.F.);
#3665=ORIENTED_EDGE('',*,*,#2818,.T.);
#3666=ORIENTED_EDGE('',*,*,#2879,.T.);
#3667=ORIENTED_EDGE('',*,*,#2454,.F.);
#3668=ORIENTED_EDGE('',*,*,#2878,.F.);
#3669=ORIENTED_EDGE('',*,*,#2810,.T.);
#3670=ORIENTED_EDGE('',*,*,#2880,.T.);
#3671=ORIENTED_EDGE('',*,*,#2480,.F.);
#3672=ORIENTED_EDGE('',*,*,#2881,.F.);
#3673=ORIENTED_EDGE('',*,*,#2809,.T.);
#3674=ORIENTED_EDGE('',*,*,#2882,.T.);
#3675=ORIENTED_EDGE('',*,*,#2481,.F.);
#3676=ORIENTED_EDGE('',*,*,#2880,.F.);
#3677=ORIENTED_EDGE('',*,*,#2808,.T.);
#3678=ORIENTED_EDGE('',*,*,#2883,.T.);
#3679=ORIENTED_EDGE('',*,*,#2482,.F.);
#3680=ORIENTED_EDGE('',*,*,#2882,.F.);
#3681=ORIENTED_EDGE('',*,*,#2807,.T.);
#3682=ORIENTED_EDGE('',*,*,#2884,.T.);
#3683=ORIENTED_EDGE('',*,*,#2483,.F.);
#3684=ORIENTED_EDGE('',*,*,#2883,.F.);
#3685=ORIENTED_EDGE('',*,*,#2806,.T.);
#3686=ORIENTED_EDGE('',*,*,#2885,.T.);
#3687=ORIENTED_EDGE('',*,*,#2484,.F.);
#3688=ORIENTED_EDGE('',*,*,#2884,.F.);
#3689=ORIENTED_EDGE('',*,*,#2805,.T.);
#3690=ORIENTED_EDGE('',*,*,#2886,.T.);
#3691=ORIENTED_EDGE('',*,*,#2485,.F.);
#3692=ORIENTED_EDGE('',*,*,#2885,.F.);
#3693=ORIENTED_EDGE('',*,*,#2804,.T.);
#3694=ORIENTED_EDGE('',*,*,#2887,.T.);
#3695=ORIENTED_EDGE('',*,*,#2486,.F.);
#3696=ORIENTED_EDGE('',*,*,#2886,.F.);
#3697=ORIENTED_EDGE('',*,*,#2790,.T.);
#3698=ORIENTED_EDGE('',*,*,#2888,.T.);
#3699=ORIENTED_EDGE('',*,*,#2505,.F.);
#3700=ORIENTED_EDGE('',*,*,#2889,.F.);
#3701=ORIENTED_EDGE('',*,*,#2789,.T.);
#3702=ORIENTED_EDGE('',*,*,#2890,.T.);
#3703=ORIENTED_EDGE('',*,*,#2506,.F.);
#3704=ORIENTED_EDGE('',*,*,#2888,.F.);
#3705=ORIENTED_EDGE('',*,*,#2788,.T.);
#3706=ORIENTED_EDGE('',*,*,#2891,.T.);
#3707=ORIENTED_EDGE('',*,*,#2507,.F.);
#3708=ORIENTED_EDGE('',*,*,#2890,.F.);
#3709=ORIENTED_EDGE('',*,*,#2787,.T.);
#3710=ORIENTED_EDGE('',*,*,#2892,.T.);
#3711=ORIENTED_EDGE('',*,*,#2508,.F.);
#3712=ORIENTED_EDGE('',*,*,#2891,.F.);
#3713=ORIENTED_EDGE('',*,*,#2786,.T.);
#3714=ORIENTED_EDGE('',*,*,#2893,.T.);
#3715=ORIENTED_EDGE('',*,*,#2509,.F.);
#3716=ORIENTED_EDGE('',*,*,#2892,.F.);
#3717=ORIENTED_EDGE('',*,*,#2785,.T.);
#3718=ORIENTED_EDGE('',*,*,#2894,.T.);
#3719=ORIENTED_EDGE('',*,*,#2510,.F.);
#3720=ORIENTED_EDGE('',*,*,#2893,.F.);
#3721=ORIENTED_EDGE('',*,*,#2784,.T.);
#3722=ORIENTED_EDGE('',*,*,#2895,.T.);
#3723=ORIENTED_EDGE('',*,*,#2511,.F.);
#3724=ORIENTED_EDGE('',*,*,#2894,.F.);
#3725=ORIENTED_EDGE('',*,*,#2783,.T.);
#3726=ORIENTED_EDGE('',*,*,#2896,.T.);
#3727=ORIENTED_EDGE('',*,*,#2512,.F.);
#3728=ORIENTED_EDGE('',*,*,#2895,.F.);
#3729=ORIENTED_EDGE('',*,*,#2782,.T.);
#3730=ORIENTED_EDGE('',*,*,#2897,.T.);
#3731=ORIENTED_EDGE('',*,*,#2513,.F.);
#3732=ORIENTED_EDGE('',*,*,#2896,.F.);
#3733=ORIENTED_EDGE('',*,*,#2781,.T.);
#3734=ORIENTED_EDGE('',*,*,#2898,.T.);
#3735=ORIENTED_EDGE('',*,*,#2514,.F.);
#3736=ORIENTED_EDGE('',*,*,#2897,.F.);
#3737=ORIENTED_EDGE('',*,*,#2780,.T.);
#3738=ORIENTED_EDGE('',*,*,#2899,.T.);
#3739=ORIENTED_EDGE('',*,*,#2515,.F.);
#3740=ORIENTED_EDGE('',*,*,#2898,.F.);
#3741=ORIENTED_EDGE('',*,*,#2779,.T.);
#3742=ORIENTED_EDGE('',*,*,#2900,.T.);
#3743=ORIENTED_EDGE('',*,*,#2516,.F.);
#3744=ORIENTED_EDGE('',*,*,#2899,.F.);
#3745=ORIENTED_EDGE('',*,*,#2771,.T.);
#3746=ORIENTED_EDGE('',*,*,#2901,.T.);
#3747=ORIENTED_EDGE('',*,*,#2574,.F.);
#3748=ORIENTED_EDGE('',*,*,#2902,.F.);
#3749=ORIENTED_EDGE('',*,*,#2770,.T.);
#3750=ORIENTED_EDGE('',*,*,#2903,.T.);
#3751=ORIENTED_EDGE('',*,*,#2575,.F.);
#3752=ORIENTED_EDGE('',*,*,#2901,.F.);
#3753=ORIENTED_EDGE('',*,*,#2769,.T.);
#3754=ORIENTED_EDGE('',*,*,#2904,.T.);
#3755=ORIENTED_EDGE('',*,*,#2576,.F.);
#3756=ORIENTED_EDGE('',*,*,#2903,.F.);
#3757=ORIENTED_EDGE('',*,*,#2768,.T.);
#3758=ORIENTED_EDGE('',*,*,#2905,.T.);
#3759=ORIENTED_EDGE('',*,*,#2577,.F.);
#3760=ORIENTED_EDGE('',*,*,#2904,.F.);
#3761=ORIENTED_EDGE('',*,*,#2767,.T.);
#3762=ORIENTED_EDGE('',*,*,#2906,.T.);
#3763=ORIENTED_EDGE('',*,*,#2578,.F.);
#3764=ORIENTED_EDGE('',*,*,#2905,.F.);
#3765=ORIENTED_EDGE('',*,*,#2766,.T.);
#3766=ORIENTED_EDGE('',*,*,#2907,.T.);
#3767=ORIENTED_EDGE('',*,*,#2579,.F.);
#3768=ORIENTED_EDGE('',*,*,#2906,.F.);
#3769=ORIENTED_EDGE('',*,*,#2765,.T.);
#3770=ORIENTED_EDGE('',*,*,#2908,.T.);
#3771=ORIENTED_EDGE('',*,*,#2580,.F.);
#3772=ORIENTED_EDGE('',*,*,#2907,.F.);
#3773=ORIENTED_EDGE('',*,*,#2685,.T.);
#3774=ORIENTED_EDGE('',*,*,#2909,.F.);
#3775=ORIENTED_EDGE('',*,*,#2910,.F.);
#3776=ORIENTED_EDGE('',*,*,#2911,.T.);
#3777=ORIENTED_EDGE('',*,*,#2684,.T.);
#3778=ORIENTED_EDGE('',*,*,#2912,.F.);
#3779=ORIENTED_EDGE('',*,*,#2913,.F.);
#3780=ORIENTED_EDGE('',*,*,#2909,.T.);
#3781=ORIENTED_EDGE('',*,*,#2683,.T.);
#3782=ORIENTED_EDGE('',*,*,#2914,.F.);
#3783=ORIENTED_EDGE('',*,*,#2915,.F.);
#3784=ORIENTED_EDGE('',*,*,#2912,.T.);
#3785=ORIENTED_EDGE('',*,*,#2916,.T.);
#3786=ORIENTED_EDGE('',*,*,#2679,.T.);
#3787=ORIENTED_EDGE('',*,*,#2917,.T.);
#3788=ORIENTED_EDGE('',*,*,#2674,.F.);
#3789=ORIENTED_EDGE('',*,*,#2918,.T.);
#3790=ORIENTED_EDGE('',*,*,#2680,.T.);
#3791=ORIENTED_EDGE('',*,*,#2916,.F.);
#3792=ORIENTED_EDGE('',*,*,#2677,.F.);
#3793=ORIENTED_EDGE('',*,*,#2919,.T.);
#3794=ORIENTED_EDGE('',*,*,#2681,.T.);
#3795=ORIENTED_EDGE('',*,*,#2918,.F.);
#3796=ORIENTED_EDGE('',*,*,#2676,.F.);
#3797=ORIENTED_EDGE('',*,*,#2917,.F.);
#3798=ORIENTED_EDGE('',*,*,#2678,.T.);
#3799=ORIENTED_EDGE('',*,*,#2919,.F.);
#3800=ORIENTED_EDGE('',*,*,#2675,.F.);
#3801=ORIENTED_EDGE('',*,*,#2857,.F.);
#3802=ORIENTED_EDGE('',*,*,#2920,.T.);
#3803=ORIENTED_EDGE('',*,*,#2682,.T.);
#3804=ORIENTED_EDGE('',*,*,#2920,.F.);
#3805=ORIENTED_EDGE('',*,*,#2921,.T.);
#3806=ORIENTED_EDGE('',*,*,#2922,.T.);
#3807=ORIENTED_EDGE('',*,*,#2923,.T.);
#3808=ORIENTED_EDGE('',*,*,#2924,.T.);
#3809=ORIENTED_EDGE('',*,*,#2925,.T.);
#3810=ORIENTED_EDGE('',*,*,#2926,.T.);
#3811=ORIENTED_EDGE('',*,*,#2927,.T.);
#3812=ORIENTED_EDGE('',*,*,#2928,.T.);
#3813=ORIENTED_EDGE('',*,*,#2929,.T.);
#3814=ORIENTED_EDGE('',*,*,#2930,.T.);
#3815=ORIENTED_EDGE('',*,*,#2931,.T.);
#3816=ORIENTED_EDGE('',*,*,#2932,.T.);
#3817=ORIENTED_EDGE('',*,*,#2933,.T.);
#3818=ORIENTED_EDGE('',*,*,#2934,.T.);
#3819=ORIENTED_EDGE('',*,*,#2935,.T.);
#3820=ORIENTED_EDGE('',*,*,#2936,.T.);
#3821=ORIENTED_EDGE('',*,*,#2937,.T.);
#3822=ORIENTED_EDGE('',*,*,#2938,.T.);
#3823=ORIENTED_EDGE('',*,*,#2939,.T.);
#3824=ORIENTED_EDGE('',*,*,#2940,.T.);
#3825=ORIENTED_EDGE('',*,*,#2941,.T.);
#3826=ORIENTED_EDGE('',*,*,#2942,.T.);
#3827=ORIENTED_EDGE('',*,*,#2943,.T.);
#3828=ORIENTED_EDGE('',*,*,#2944,.T.);
#3829=ORIENTED_EDGE('',*,*,#2945,.T.);
#3830=ORIENTED_EDGE('',*,*,#2946,.T.);
#3831=ORIENTED_EDGE('',*,*,#2947,.T.);
#3832=ORIENTED_EDGE('',*,*,#2948,.T.);
#3833=ORIENTED_EDGE('',*,*,#2949,.T.);
#3834=ORIENTED_EDGE('',*,*,#2950,.T.);
#3835=ORIENTED_EDGE('',*,*,#2951,.T.);
#3836=ORIENTED_EDGE('',*,*,#2952,.T.);
#3837=ORIENTED_EDGE('',*,*,#2953,.T.);
#3838=ORIENTED_EDGE('',*,*,#2954,.T.);
#3839=ORIENTED_EDGE('',*,*,#2955,.T.);
#3840=ORIENTED_EDGE('',*,*,#2956,.T.);
#3841=ORIENTED_EDGE('',*,*,#2957,.T.);
#3842=ORIENTED_EDGE('',*,*,#2958,.T.);
#3843=ORIENTED_EDGE('',*,*,#2959,.T.);
#3844=ORIENTED_EDGE('',*,*,#2960,.T.);
#3845=ORIENTED_EDGE('',*,*,#2961,.T.);
#3846=ORIENTED_EDGE('',*,*,#2962,.T.);
#3847=ORIENTED_EDGE('',*,*,#2963,.T.);
#3848=ORIENTED_EDGE('',*,*,#2964,.T.);
#3849=ORIENTED_EDGE('',*,*,#2965,.T.);
#3850=ORIENTED_EDGE('',*,*,#2966,.T.);
#3851=ORIENTED_EDGE('',*,*,#2967,.T.);
#3852=ORIENTED_EDGE('',*,*,#2968,.T.);
#3853=ORIENTED_EDGE('',*,*,#2969,.T.);
#3854=ORIENTED_EDGE('',*,*,#2970,.T.);
#3855=ORIENTED_EDGE('',*,*,#2971,.T.);
#3856=ORIENTED_EDGE('',*,*,#2972,.T.);
#3857=ORIENTED_EDGE('',*,*,#2973,.T.);
#3858=ORIENTED_EDGE('',*,*,#2974,.T.);
#3859=ORIENTED_EDGE('',*,*,#2975,.F.);
#3860=ORIENTED_EDGE('',*,*,#2763,.F.);
#3861=ORIENTED_EDGE('',*,*,#2976,.T.);
#3862=ORIENTED_EDGE('',*,*,#2672,.F.);
#3863=ORIENTED_EDGE('',*,*,#2976,.F.);
#3864=ORIENTED_EDGE('',*,*,#2762,.F.);
#3865=ORIENTED_EDGE('',*,*,#2977,.F.);
#3866=ORIENTED_EDGE('',*,*,#2673,.F.);
#3867=ORIENTED_EDGE('',*,*,#2977,.T.);
#3868=ORIENTED_EDGE('',*,*,#2761,.F.);
#3869=ORIENTED_EDGE('',*,*,#2978,.T.);
#3870=ORIENTED_EDGE('',*,*,#2670,.F.);
#3871=ORIENTED_EDGE('',*,*,#2978,.F.);
#3872=ORIENTED_EDGE('',*,*,#2764,.F.);
#3873=ORIENTED_EDGE('',*,*,#2975,.T.);
#3874=ORIENTED_EDGE('',*,*,#2671,.F.);
#3875=ORIENTED_EDGE('',*,*,#2979,.F.);
#3876=ORIENTED_EDGE('',*,*,#2693,.F.);
#3877=ORIENTED_EDGE('',*,*,#2980,.T.);
#3878=ORIENTED_EDGE('',*,*,#2596,.F.);
#3879=ORIENTED_EDGE('',*,*,#2980,.F.);
#3880=ORIENTED_EDGE('',*,*,#2692,.F.);
#3881=ORIENTED_EDGE('',*,*,#2981,.T.);
#3882=ORIENTED_EDGE('',*,*,#2597,.F.);
#3883=ORIENTED_EDGE('',*,*,#2981,.F.);
#3884=ORIENTED_EDGE('',*,*,#2691,.F.);
#3885=ORIENTED_EDGE('',*,*,#2982,.T.);
#3886=ORIENTED_EDGE('',*,*,#2598,.F.);
#3887=ORIENTED_EDGE('',*,*,#2982,.F.);
#3888=ORIENTED_EDGE('',*,*,#2690,.F.);
#3889=ORIENTED_EDGE('',*,*,#2983,.F.);
#3890=ORIENTED_EDGE('',*,*,#2599,.F.);
#3891=ORIENTED_EDGE('',*,*,#2983,.T.);
#3892=ORIENTED_EDGE('',*,*,#2689,.F.);
#3893=ORIENTED_EDGE('',*,*,#2984,.T.);
#3894=ORIENTED_EDGE('',*,*,#2592,.F.);
#3895=ORIENTED_EDGE('',*,*,#2984,.F.);
#3896=ORIENTED_EDGE('',*,*,#2696,.F.);
#3897=ORIENTED_EDGE('',*,*,#2985,.T.);
#3898=ORIENTED_EDGE('',*,*,#2593,.F.);
#3899=ORIENTED_EDGE('',*,*,#2985,.F.);
#3900=ORIENTED_EDGE('',*,*,#2695,.F.);
#3901=ORIENTED_EDGE('',*,*,#2986,.T.);
#3902=ORIENTED_EDGE('',*,*,#2594,.F.);
#3903=ORIENTED_EDGE('',*,*,#2986,.F.);
#3904=ORIENTED_EDGE('',*,*,#2694,.F.);
#3905=ORIENTED_EDGE('',*,*,#2979,.T.);
#3906=ORIENTED_EDGE('',*,*,#2595,.F.);
#3907=ORIENTED_EDGE('',*,*,#2987,.F.);
#3908=ORIENTED_EDGE('',*,*,#2701,.F.);
#3909=ORIENTED_EDGE('',*,*,#2988,.T.);
#3910=ORIENTED_EDGE('',*,*,#2604,.F.);
#3911=ORIENTED_EDGE('',*,*,#2988,.F.);
#3912=ORIENTED_EDGE('',*,*,#2700,.F.);
#3913=ORIENTED_EDGE('',*,*,#2989,.T.);
#3914=ORIENTED_EDGE('',*,*,#2605,.F.);
#3915=ORIENTED_EDGE('',*,*,#2989,.F.);
#3916=ORIENTED_EDGE('',*,*,#2699,.F.);
#3917=ORIENTED_EDGE('',*,*,#2990,.T.);
#3918=ORIENTED_EDGE('',*,*,#2606,.F.);
#3919=ORIENTED_EDGE('',*,*,#2990,.F.);
#3920=ORIENTED_EDGE('',*,*,#2698,.F.);
#3921=ORIENTED_EDGE('',*,*,#2991,.F.);
#3922=ORIENTED_EDGE('',*,*,#2607,.F.);
#3923=ORIENTED_EDGE('',*,*,#2991,.T.);
#3924=ORIENTED_EDGE('',*,*,#2697,.F.);
#3925=ORIENTED_EDGE('',*,*,#2992,.T.);
#3926=ORIENTED_EDGE('',*,*,#2600,.F.);
#3927=ORIENTED_EDGE('',*,*,#2992,.F.);
#3928=ORIENTED_EDGE('',*,*,#2704,.F.);
#3929=ORIENTED_EDGE('',*,*,#2993,.T.);
#3930=ORIENTED_EDGE('',*,*,#2601,.F.);
#3931=ORIENTED_EDGE('',*,*,#2993,.F.);
#3932=ORIENTED_EDGE('',*,*,#2703,.F.);
#3933=ORIENTED_EDGE('',*,*,#2994,.T.);
#3934=ORIENTED_EDGE('',*,*,#2602,.F.);
#3935=ORIENTED_EDGE('',*,*,#2994,.F.);
#3936=ORIENTED_EDGE('',*,*,#2702,.F.);
#3937=ORIENTED_EDGE('',*,*,#2987,.T.);
#3938=ORIENTED_EDGE('',*,*,#2603,.F.);
#3939=ORIENTED_EDGE('',*,*,#2995,.F.);
#3940=ORIENTED_EDGE('',*,*,#2709,.F.);
#3941=ORIENTED_EDGE('',*,*,#2996,.T.);
#3942=ORIENTED_EDGE('',*,*,#2612,.F.);
#3943=ORIENTED_EDGE('',*,*,#2996,.F.);
#3944=ORIENTED_EDGE('',*,*,#2708,.F.);
#3945=ORIENTED_EDGE('',*,*,#2997,.T.);
#3946=ORIENTED_EDGE('',*,*,#2613,.F.);
#3947=ORIENTED_EDGE('',*,*,#2997,.F.);
#3948=ORIENTED_EDGE('',*,*,#2707,.F.);
#3949=ORIENTED_EDGE('',*,*,#2998,.T.);
#3950=ORIENTED_EDGE('',*,*,#2614,.F.);
#3951=ORIENTED_EDGE('',*,*,#2998,.F.);
#3952=ORIENTED_EDGE('',*,*,#2706,.F.);
#3953=ORIENTED_EDGE('',*,*,#2999,.F.);
#3954=ORIENTED_EDGE('',*,*,#2615,.F.);
#3955=ORIENTED_EDGE('',*,*,#2999,.T.);
#3956=ORIENTED_EDGE('',*,*,#2705,.F.);
#3957=ORIENTED_EDGE('',*,*,#3000,.T.);
#3958=ORIENTED_EDGE('',*,*,#2608,.F.);
#3959=ORIENTED_EDGE('',*,*,#3000,.F.);
#3960=ORIENTED_EDGE('',*,*,#2712,.F.);
#3961=ORIENTED_EDGE('',*,*,#3001,.T.);
#3962=ORIENTED_EDGE('',*,*,#2609,.F.);
#3963=ORIENTED_EDGE('',*,*,#3001,.F.);
#3964=ORIENTED_EDGE('',*,*,#2711,.F.);
#3965=ORIENTED_EDGE('',*,*,#3002,.T.);
#3966=ORIENTED_EDGE('',*,*,#2610,.F.);
#3967=ORIENTED_EDGE('',*,*,#3002,.F.);
#3968=ORIENTED_EDGE('',*,*,#2710,.F.);
#3969=ORIENTED_EDGE('',*,*,#2995,.T.);
#3970=ORIENTED_EDGE('',*,*,#2611,.F.);
#3971=ORIENTED_EDGE('',*,*,#3003,.F.);
#3972=ORIENTED_EDGE('',*,*,#2717,.F.);
#3973=ORIENTED_EDGE('',*,*,#3004,.T.);
#3974=ORIENTED_EDGE('',*,*,#2620,.F.);
#3975=ORIENTED_EDGE('',*,*,#3004,.F.);
#3976=ORIENTED_EDGE('',*,*,#2716,.F.);
#3977=ORIENTED_EDGE('',*,*,#3005,.T.);
#3978=ORIENTED_EDGE('',*,*,#2621,.F.);
#3979=ORIENTED_EDGE('',*,*,#3005,.F.);
#3980=ORIENTED_EDGE('',*,*,#2715,.F.);
#3981=ORIENTED_EDGE('',*,*,#3006,.T.);
#3982=ORIENTED_EDGE('',*,*,#2622,.F.);
#3983=ORIENTED_EDGE('',*,*,#3006,.F.);
#3984=ORIENTED_EDGE('',*,*,#2714,.F.);
#3985=ORIENTED_EDGE('',*,*,#3007,.F.);
#3986=ORIENTED_EDGE('',*,*,#2623,.F.);
#3987=ORIENTED_EDGE('',*,*,#3007,.T.);
#3988=ORIENTED_EDGE('',*,*,#2713,.F.);
#3989=ORIENTED_EDGE('',*,*,#3008,.T.);
#3990=ORIENTED_EDGE('',*,*,#2616,.F.);
#3991=ORIENTED_EDGE('',*,*,#3008,.F.);
#3992=ORIENTED_EDGE('',*,*,#2720,.F.);
#3993=ORIENTED_EDGE('',*,*,#3009,.T.);
#3994=ORIENTED_EDGE('',*,*,#2617,.F.);
#3995=ORIENTED_EDGE('',*,*,#3009,.F.);
#3996=ORIENTED_EDGE('',*,*,#2719,.F.);
#3997=ORIENTED_EDGE('',*,*,#3010,.T.);
#3998=ORIENTED_EDGE('',*,*,#2618,.F.);
#3999=ORIENTED_EDGE('',*,*,#3010,.F.);
#4000=ORIENTED_EDGE('',*,*,#2718,.F.);
#4001=ORIENTED_EDGE('',*,*,#3003,.T.);
#4002=ORIENTED_EDGE('',*,*,#2619,.F.);
#4003=ORIENTED_EDGE('',*,*,#3011,.F.);
#4004=ORIENTED_EDGE('',*,*,#2725,.F.);
#4005=ORIENTED_EDGE('',*,*,#3012,.T.);
#4006=ORIENTED_EDGE('',*,*,#2628,.F.);
#4007=ORIENTED_EDGE('',*,*,#3012,.F.);
#4008=ORIENTED_EDGE('',*,*,#2724,.F.);
#4009=ORIENTED_EDGE('',*,*,#3013,.T.);
#4010=ORIENTED_EDGE('',*,*,#2629,.F.);
#4011=ORIENTED_EDGE('',*,*,#3013,.F.);
#4012=ORIENTED_EDGE('',*,*,#2723,.F.);
#4013=ORIENTED_EDGE('',*,*,#3014,.T.);
#4014=ORIENTED_EDGE('',*,*,#2630,.F.);
#4015=ORIENTED_EDGE('',*,*,#3014,.F.);
#4016=ORIENTED_EDGE('',*,*,#2722,.F.);
#4017=ORIENTED_EDGE('',*,*,#3015,.F.);
#4018=ORIENTED_EDGE('',*,*,#2631,.F.);
#4019=ORIENTED_EDGE('',*,*,#3015,.T.);
#4020=ORIENTED_EDGE('',*,*,#2721,.F.);
#4021=ORIENTED_EDGE('',*,*,#3016,.T.);
#4022=ORIENTED_EDGE('',*,*,#2624,.F.);
#4023=ORIENTED_EDGE('',*,*,#3016,.F.);
#4024=ORIENTED_EDGE('',*,*,#2728,.F.);
#4025=ORIENTED_EDGE('',*,*,#3017,.T.);
#4026=ORIENTED_EDGE('',*,*,#2625,.F.);
#4027=ORIENTED_EDGE('',*,*,#3017,.F.);
#4028=ORIENTED_EDGE('',*,*,#2727,.F.);
#4029=ORIENTED_EDGE('',*,*,#3018,.T.);
#4030=ORIENTED_EDGE('',*,*,#2626,.F.);
#4031=ORIENTED_EDGE('',*,*,#3018,.F.);
#4032=ORIENTED_EDGE('',*,*,#2726,.F.);
#4033=ORIENTED_EDGE('',*,*,#3011,.T.);
#4034=ORIENTED_EDGE('',*,*,#2627,.F.);
#4035=ORIENTED_EDGE('',*,*,#3019,.F.);
#4036=ORIENTED_EDGE('',*,*,#2733,.F.);
#4037=ORIENTED_EDGE('',*,*,#3020,.T.);
#4038=ORIENTED_EDGE('',*,*,#2636,.F.);
#4039=ORIENTED_EDGE('',*,*,#3020,.F.);
#4040=ORIENTED_EDGE('',*,*,#2732,.F.);
#4041=ORIENTED_EDGE('',*,*,#3021,.T.);
#4042=ORIENTED_EDGE('',*,*,#2637,.F.);
#4043=ORIENTED_EDGE('',*,*,#3021,.F.);
#4044=ORIENTED_EDGE('',*,*,#2731,.F.);
#4045=ORIENTED_EDGE('',*,*,#3022,.T.);
#4046=ORIENTED_EDGE('',*,*,#2638,.F.);
#4047=ORIENTED_EDGE('',*,*,#3022,.F.);
#4048=ORIENTED_EDGE('',*,*,#2730,.F.);
#4049=ORIENTED_EDGE('',*,*,#3023,.F.);
#4050=ORIENTED_EDGE('',*,*,#2639,.F.);
#4051=ORIENTED_EDGE('',*,*,#3023,.T.);
#4052=ORIENTED_EDGE('',*,*,#2729,.F.);
#4053=ORIENTED_EDGE('',*,*,#3024,.T.);
#4054=ORIENTED_EDGE('',*,*,#2632,.F.);
#4055=ORIENTED_EDGE('',*,*,#3024,.F.);
#4056=ORIENTED_EDGE('',*,*,#2736,.F.);
#4057=ORIENTED_EDGE('',*,*,#3025,.T.);
#4058=ORIENTED_EDGE('',*,*,#2633,.F.);
#4059=ORIENTED_EDGE('',*,*,#3025,.F.);
#4060=ORIENTED_EDGE('',*,*,#2735,.F.);
#4061=ORIENTED_EDGE('',*,*,#3026,.T.);
#4062=ORIENTED_EDGE('',*,*,#2634,.F.);
#4063=ORIENTED_EDGE('',*,*,#3026,.F.);
#4064=ORIENTED_EDGE('',*,*,#2734,.F.);
#4065=ORIENTED_EDGE('',*,*,#3019,.T.);
#4066=ORIENTED_EDGE('',*,*,#2635,.F.);
#4067=ORIENTED_EDGE('',*,*,#3027,.F.);
#4068=ORIENTED_EDGE('',*,*,#2741,.F.);
#4069=ORIENTED_EDGE('',*,*,#3028,.T.);
#4070=ORIENTED_EDGE('',*,*,#2644,.F.);
#4071=ORIENTED_EDGE('',*,*,#3028,.F.);
#4072=ORIENTED_EDGE('',*,*,#2740,.F.);
#4073=ORIENTED_EDGE('',*,*,#3029,.T.);
#4074=ORIENTED_EDGE('',*,*,#2645,.F.);
#4075=ORIENTED_EDGE('',*,*,#3029,.F.);
#4076=ORIENTED_EDGE('',*,*,#2739,.F.);
#4077=ORIENTED_EDGE('',*,*,#3030,.T.);
#4078=ORIENTED_EDGE('',*,*,#2646,.F.);
#4079=ORIENTED_EDGE('',*,*,#3030,.F.);
#4080=ORIENTED_EDGE('',*,*,#2738,.F.);
#4081=ORIENTED_EDGE('',*,*,#3031,.F.);
#4082=ORIENTED_EDGE('',*,*,#2647,.F.);
#4083=ORIENTED_EDGE('',*,*,#3031,.T.);
#4084=ORIENTED_EDGE('',*,*,#2737,.F.);
#4085=ORIENTED_EDGE('',*,*,#3032,.T.);
#4086=ORIENTED_EDGE('',*,*,#2640,.F.);
#4087=ORIENTED_EDGE('',*,*,#3032,.F.);
#4088=ORIENTED_EDGE('',*,*,#2744,.F.);
#4089=ORIENTED_EDGE('',*,*,#3033,.T.);
#4090=ORIENTED_EDGE('',*,*,#2641,.F.);
#4091=ORIENTED_EDGE('',*,*,#3033,.F.);
#4092=ORIENTED_EDGE('',*,*,#2743,.F.);
#4093=ORIENTED_EDGE('',*,*,#3034,.T.);
#4094=ORIENTED_EDGE('',*,*,#2642,.F.);
#4095=ORIENTED_EDGE('',*,*,#3034,.F.);
#4096=ORIENTED_EDGE('',*,*,#2742,.F.);
#4097=ORIENTED_EDGE('',*,*,#3027,.T.);
#4098=ORIENTED_EDGE('',*,*,#2643,.F.);
#4099=ORIENTED_EDGE('',*,*,#3035,.F.);
#4100=ORIENTED_EDGE('',*,*,#2749,.F.);
#4101=ORIENTED_EDGE('',*,*,#3036,.T.);
#4102=ORIENTED_EDGE('',*,*,#2652,.F.);
#4103=ORIENTED_EDGE('',*,*,#3036,.F.);
#4104=ORIENTED_EDGE('',*,*,#2748,.F.);
#4105=ORIENTED_EDGE('',*,*,#3037,.T.);
#4106=ORIENTED_EDGE('',*,*,#2653,.F.);
#4107=ORIENTED_EDGE('',*,*,#3037,.F.);
#4108=ORIENTED_EDGE('',*,*,#2747,.F.);
#4109=ORIENTED_EDGE('',*,*,#3038,.T.);
#4110=ORIENTED_EDGE('',*,*,#2654,.F.);
#4111=ORIENTED_EDGE('',*,*,#3038,.F.);
#4112=ORIENTED_EDGE('',*,*,#2746,.F.);
#4113=ORIENTED_EDGE('',*,*,#3039,.F.);
#4114=ORIENTED_EDGE('',*,*,#2655,.F.);
#4115=ORIENTED_EDGE('',*,*,#3039,.T.);
#4116=ORIENTED_EDGE('',*,*,#2745,.F.);
#4117=ORIENTED_EDGE('',*,*,#3040,.T.);
#4118=ORIENTED_EDGE('',*,*,#2648,.F.);
#4119=ORIENTED_EDGE('',*,*,#3040,.F.);
#4120=ORIENTED_EDGE('',*,*,#2752,.F.);
#4121=ORIENTED_EDGE('',*,*,#3041,.T.);
#4122=ORIENTED_EDGE('',*,*,#2649,.F.);
#4123=ORIENTED_EDGE('',*,*,#3041,.F.);
#4124=ORIENTED_EDGE('',*,*,#2751,.F.);
#4125=ORIENTED_EDGE('',*,*,#3042,.T.);
#4126=ORIENTED_EDGE('',*,*,#2650,.F.);
#4127=ORIENTED_EDGE('',*,*,#3042,.F.);
#4128=ORIENTED_EDGE('',*,*,#2750,.F.);
#4129=ORIENTED_EDGE('',*,*,#3035,.T.);
#4130=ORIENTED_EDGE('',*,*,#2651,.F.);
#4131=ORIENTED_EDGE('',*,*,#3043,.F.);
#4132=ORIENTED_EDGE('',*,*,#2757,.F.);
#4133=ORIENTED_EDGE('',*,*,#3044,.T.);
#4134=ORIENTED_EDGE('',*,*,#2660,.F.);
#4135=ORIENTED_EDGE('',*,*,#3044,.F.);
#4136=ORIENTED_EDGE('',*,*,#2756,.F.);
#4137=ORIENTED_EDGE('',*,*,#3045,.T.);
#4138=ORIENTED_EDGE('',*,*,#2661,.F.);
#4139=ORIENTED_EDGE('',*,*,#3045,.F.);
#4140=ORIENTED_EDGE('',*,*,#2755,.F.);
#4141=ORIENTED_EDGE('',*,*,#3046,.T.);
#4142=ORIENTED_EDGE('',*,*,#2662,.F.);
#4143=ORIENTED_EDGE('',*,*,#3046,.F.);
#4144=ORIENTED_EDGE('',*,*,#2754,.F.);
#4145=ORIENTED_EDGE('',*,*,#3047,.F.);
#4146=ORIENTED_EDGE('',*,*,#2663,.F.);
#4147=ORIENTED_EDGE('',*,*,#3047,.T.);
#4148=ORIENTED_EDGE('',*,*,#2753,.F.);
#4149=ORIENTED_EDGE('',*,*,#3048,.T.);
#4150=ORIENTED_EDGE('',*,*,#2656,.F.);
#4151=ORIENTED_EDGE('',*,*,#3048,.F.);
#4152=ORIENTED_EDGE('',*,*,#2760,.F.);
#4153=ORIENTED_EDGE('',*,*,#3049,.T.);
#4154=ORIENTED_EDGE('',*,*,#2657,.F.);
#4155=ORIENTED_EDGE('',*,*,#3049,.F.);
#4156=ORIENTED_EDGE('',*,*,#2759,.F.);
#4157=ORIENTED_EDGE('',*,*,#3050,.T.);
#4158=ORIENTED_EDGE('',*,*,#2658,.F.);
#4159=ORIENTED_EDGE('',*,*,#3050,.F.);
#4160=ORIENTED_EDGE('',*,*,#2758,.F.);
#4161=ORIENTED_EDGE('',*,*,#3043,.T.);
#4162=ORIENTED_EDGE('',*,*,#2659,.F.);
#4163=ORIENTED_EDGE('',*,*,#2686,.T.);
#4164=ORIENTED_EDGE('',*,*,#2911,.F.);
#4165=ORIENTED_EDGE('',*,*,#3051,.F.);
#4166=ORIENTED_EDGE('',*,*,#3052,.T.);
#4167=ORIENTED_EDGE('',*,*,#2687,.T.);
#4168=ORIENTED_EDGE('',*,*,#3052,.F.);
#4169=ORIENTED_EDGE('',*,*,#3053,.F.);
#4170=ORIENTED_EDGE('',*,*,#3054,.T.);
#4171=ORIENTED_EDGE('',*,*,#2688,.T.);
#4172=ORIENTED_EDGE('',*,*,#3054,.F.);
#4173=ORIENTED_EDGE('',*,*,#3055,.F.);
#4174=ORIENTED_EDGE('',*,*,#2914,.T.);
#4175=ORIENTED_EDGE('',*,*,#3056,.T.);
#4176=ORIENTED_EDGE('',*,*,#3057,.T.);
#4177=ORIENTED_EDGE('',*,*,#3058,.T.);
#4178=ORIENTED_EDGE('',*,*,#3059,.T.);
#4179=ORIENTED_EDGE('',*,*,#3060,.T.);
#4180=ORIENTED_EDGE('',*,*,#3061,.T.);
#4181=ORIENTED_EDGE('',*,*,#2913,.T.);
#4182=ORIENTED_EDGE('',*,*,#2915,.T.);
#4183=ORIENTED_EDGE('',*,*,#3055,.T.);
#4184=ORIENTED_EDGE('',*,*,#3053,.T.);
#4185=ORIENTED_EDGE('',*,*,#3051,.T.);
#4186=ORIENTED_EDGE('',*,*,#2910,.T.);
#4187=ORIENTED_EDGE('',*,*,#3062,.T.);
#4188=ORIENTED_EDGE('',*,*,#3063,.T.);
#4189=ORIENTED_EDGE('',*,*,#3064,.T.);
#4190=ORIENTED_EDGE('',*,*,#3065,.T.);
#4191=ORIENTED_EDGE('',*,*,#3066,.T.);
#4192=ORIENTED_EDGE('',*,*,#3067,.T.);
#4193=ORIENTED_EDGE('',*,*,#3062,.F.);
#4194=ORIENTED_EDGE('',*,*,#3068,.T.);
#4195=ORIENTED_EDGE('',*,*,#2664,.F.);
#4196=ORIENTED_EDGE('',*,*,#3068,.F.);
#4197=ORIENTED_EDGE('',*,*,#3063,.F.);
#4198=ORIENTED_EDGE('',*,*,#3069,.T.);
#4199=ORIENTED_EDGE('',*,*,#2665,.F.);
#4200=ORIENTED_EDGE('',*,*,#3069,.F.);
#4201=ORIENTED_EDGE('',*,*,#3064,.F.);
#4202=ORIENTED_EDGE('',*,*,#3070,.T.);
#4203=ORIENTED_EDGE('',*,*,#2666,.F.);
#4204=ORIENTED_EDGE('',*,*,#3070,.F.);
#4205=ORIENTED_EDGE('',*,*,#3065,.F.);
#4206=ORIENTED_EDGE('',*,*,#3071,.T.);
#4207=ORIENTED_EDGE('',*,*,#2667,.F.);
#4208=ORIENTED_EDGE('',*,*,#3071,.F.);
#4209=ORIENTED_EDGE('',*,*,#3066,.F.);
#4210=ORIENTED_EDGE('',*,*,#3072,.T.);
#4211=ORIENTED_EDGE('',*,*,#2668,.F.);
#4212=ORIENTED_EDGE('',*,*,#3072,.F.);
#4213=ORIENTED_EDGE('',*,*,#3067,.F.);
#4214=ORIENTED_EDGE('',*,*,#3073,.T.);
#4215=ORIENTED_EDGE('',*,*,#2669,.F.);
#4216=ORIENTED_EDGE('',*,*,#3073,.F.);
#4217=ORIENTED_EDGE('',*,*,#3074,.F.);
#4218=ORIENTED_EDGE('',*,*,#3061,.F.);
#4219=ORIENTED_EDGE('',*,*,#3075,.F.);
#4220=ORIENTED_EDGE('',*,*,#2587,.F.);
#4221=ORIENTED_EDGE('',*,*,#3075,.T.);
#4222=ORIENTED_EDGE('',*,*,#3060,.F.);
#4223=ORIENTED_EDGE('',*,*,#3076,.F.);
#4224=ORIENTED_EDGE('',*,*,#2588,.F.);
#4225=ORIENTED_EDGE('',*,*,#3076,.T.);
#4226=ORIENTED_EDGE('',*,*,#3059,.F.);
#4227=ORIENTED_EDGE('',*,*,#3077,.F.);
#4228=ORIENTED_EDGE('',*,*,#2589,.F.);
#4229=ORIENTED_EDGE('',*,*,#3077,.T.);
#4230=ORIENTED_EDGE('',*,*,#3058,.F.);
#4231=ORIENTED_EDGE('',*,*,#3078,.F.);
#4232=ORIENTED_EDGE('',*,*,#2590,.F.);
#4233=ORIENTED_EDGE('',*,*,#3078,.T.);
#4234=ORIENTED_EDGE('',*,*,#3057,.F.);
#4235=ORIENTED_EDGE('',*,*,#3079,.F.);
#4236=ORIENTED_EDGE('',*,*,#2591,.F.);
#4237=ORIENTED_EDGE('',*,*,#3079,.T.);
#4238=ORIENTED_EDGE('',*,*,#3056,.F.);
#4239=ORIENTED_EDGE('',*,*,#3074,.T.);
#4240=ORIENTED_EDGE('',*,*,#2586,.F.);
#4241=ORIENTED_EDGE('',*,*,#2921,.F.);
#4242=ORIENTED_EDGE('',*,*,#3080,.T.);
#4243=ORIENTED_EDGE('',*,*,#2585,.F.);
#4244=ORIENTED_EDGE('',*,*,#3081,.F.);
#4245=ORIENTED_EDGE('',*,*,#2922,.F.);
#4246=ORIENTED_EDGE('',*,*,#3081,.T.);
#4247=ORIENTED_EDGE('',*,*,#2584,.F.);
#4248=ORIENTED_EDGE('',*,*,#3082,.F.);
#4249=ORIENTED_EDGE('',*,*,#2923,.F.);
#4250=ORIENTED_EDGE('',*,*,#3082,.T.);
#4251=ORIENTED_EDGE('',*,*,#2583,.F.);
#4252=ORIENTED_EDGE('',*,*,#3083,.F.);
#4253=ORIENTED_EDGE('',*,*,#2924,.F.);
#4254=ORIENTED_EDGE('',*,*,#3083,.T.);
#4255=ORIENTED_EDGE('',*,*,#2582,.F.);
#4256=ORIENTED_EDGE('',*,*,#3084,.F.);
#4257=ORIENTED_EDGE('',*,*,#2925,.F.);
#4258=ORIENTED_EDGE('',*,*,#3084,.T.);
#4259=ORIENTED_EDGE('',*,*,#2581,.F.);
#4260=ORIENTED_EDGE('',*,*,#3080,.F.);
#4261=ORIENTED_EDGE('',*,*,#2772,.T.);
#4262=ORIENTED_EDGE('',*,*,#2902,.T.);
#4263=ORIENTED_EDGE('',*,*,#2573,.F.);
#4264=ORIENTED_EDGE('',*,*,#3085,.F.);
#4265=ORIENTED_EDGE('',*,*,#2773,.T.);
#4266=ORIENTED_EDGE('',*,*,#3085,.T.);
#4267=ORIENTED_EDGE('',*,*,#2572,.F.);
#4268=ORIENTED_EDGE('',*,*,#3086,.F.);
#4269=ORIENTED_EDGE('',*,*,#2774,.T.);
#4270=ORIENTED_EDGE('',*,*,#3086,.T.);
#4271=ORIENTED_EDGE('',*,*,#2571,.F.);
#4272=ORIENTED_EDGE('',*,*,#3087,.F.);
#4273=ORIENTED_EDGE('',*,*,#2775,.T.);
#4274=ORIENTED_EDGE('',*,*,#3087,.T.);
#4275=ORIENTED_EDGE('',*,*,#2570,.F.);
#4276=ORIENTED_EDGE('',*,*,#3088,.F.);
#4277=ORIENTED_EDGE('',*,*,#2776,.T.);
#4278=ORIENTED_EDGE('',*,*,#3088,.T.);
#4279=ORIENTED_EDGE('',*,*,#2569,.F.);
#4280=ORIENTED_EDGE('',*,*,#3089,.F.);
#4281=ORIENTED_EDGE('',*,*,#2777,.T.);
#4282=ORIENTED_EDGE('',*,*,#3089,.T.);
#4283=ORIENTED_EDGE('',*,*,#2568,.F.);
#4284=ORIENTED_EDGE('',*,*,#3090,.F.);
#4285=ORIENTED_EDGE('',*,*,#2778,.T.);
#4286=ORIENTED_EDGE('',*,*,#3090,.T.);
#4287=ORIENTED_EDGE('',*,*,#2567,.F.);
#4288=ORIENTED_EDGE('',*,*,#2908,.F.);
#4289=ORIENTED_EDGE('',*,*,#2926,.F.);
#4290=ORIENTED_EDGE('',*,*,#3091,.T.);
#4291=ORIENTED_EDGE('',*,*,#2525,.F.);
#4292=ORIENTED_EDGE('',*,*,#3092,.F.);
#4293=ORIENTED_EDGE('',*,*,#2927,.F.);
#4294=ORIENTED_EDGE('',*,*,#3092,.T.);
#4295=ORIENTED_EDGE('',*,*,#2524,.F.);
#4296=ORIENTED_EDGE('',*,*,#3093,.F.);
#4297=ORIENTED_EDGE('',*,*,#2928,.F.);
#4298=ORIENTED_EDGE('',*,*,#3093,.T.);
#4299=ORIENTED_EDGE('',*,*,#2523,.F.);
#4300=ORIENTED_EDGE('',*,*,#3094,.F.);
#4301=ORIENTED_EDGE('',*,*,#2929,.F.);
#4302=ORIENTED_EDGE('',*,*,#3094,.T.);
#4303=ORIENTED_EDGE('',*,*,#2522,.F.);
#4304=ORIENTED_EDGE('',*,*,#3095,.F.);
#4305=ORIENTED_EDGE('',*,*,#2930,.F.);
#4306=ORIENTED_EDGE('',*,*,#3095,.T.);
#4307=ORIENTED_EDGE('',*,*,#2521,.F.);
#4308=ORIENTED_EDGE('',*,*,#3096,.F.);
#4309=ORIENTED_EDGE('',*,*,#2931,.F.);
#4310=ORIENTED_EDGE('',*,*,#3096,.T.);
#4311=ORIENTED_EDGE('',*,*,#2520,.F.);
#4312=ORIENTED_EDGE('',*,*,#3097,.F.);
#4313=ORIENTED_EDGE('',*,*,#2932,.F.);
#4314=ORIENTED_EDGE('',*,*,#3097,.T.);
#4315=ORIENTED_EDGE('',*,*,#2519,.F.);
#4316=ORIENTED_EDGE('',*,*,#3098,.F.);
#4317=ORIENTED_EDGE('',*,*,#2933,.F.);
#4318=ORIENTED_EDGE('',*,*,#3098,.T.);
#4319=ORIENTED_EDGE('',*,*,#2518,.F.);
#4320=ORIENTED_EDGE('',*,*,#3099,.F.);
#4321=ORIENTED_EDGE('',*,*,#2934,.F.);
#4322=ORIENTED_EDGE('',*,*,#3099,.T.);
#4323=ORIENTED_EDGE('',*,*,#2517,.F.);
#4324=ORIENTED_EDGE('',*,*,#3091,.F.);
#4325=ORIENTED_EDGE('',*,*,#2791,.T.);
#4326=ORIENTED_EDGE('',*,*,#2889,.T.);
#4327=ORIENTED_EDGE('',*,*,#2504,.F.);
#4328=ORIENTED_EDGE('',*,*,#3100,.F.);
#4329=ORIENTED_EDGE('',*,*,#2792,.T.);
#4330=ORIENTED_EDGE('',*,*,#3100,.T.);
#4331=ORIENTED_EDGE('',*,*,#2503,.F.);
#4332=ORIENTED_EDGE('',*,*,#3101,.F.);
#4333=ORIENTED_EDGE('',*,*,#2793,.T.);
#4334=ORIENTED_EDGE('',*,*,#3101,.T.);
#4335=ORIENTED_EDGE('',*,*,#2502,.F.);
#4336=ORIENTED_EDGE('',*,*,#3102,.F.);
#4337=ORIENTED_EDGE('',*,*,#2794,.T.);
#4338=ORIENTED_EDGE('',*,*,#3102,.T.);
#4339=ORIENTED_EDGE('',*,*,#2501,.F.);
#4340=ORIENTED_EDGE('',*,*,#3103,.F.);
#4341=ORIENTED_EDGE('',*,*,#2795,.T.);
#4342=ORIENTED_EDGE('',*,*,#3103,.T.);
#4343=ORIENTED_EDGE('',*,*,#2500,.F.);
#4344=ORIENTED_EDGE('',*,*,#3104,.F.);
#4345=ORIENTED_EDGE('',*,*,#2796,.T.);
#4346=ORIENTED_EDGE('',*,*,#3104,.T.);
#4347=ORIENTED_EDGE('',*,*,#2499,.F.);
#4348=ORIENTED_EDGE('',*,*,#3105,.F.);
#4349=ORIENTED_EDGE('',*,*,#2797,.T.);
#4350=ORIENTED_EDGE('',*,*,#3105,.T.);
#4351=ORIENTED_EDGE('',*,*,#2498,.F.);
#4352=ORIENTED_EDGE('',*,*,#3106,.F.);
#4353=ORIENTED_EDGE('',*,*,#2798,.T.);
#4354=ORIENTED_EDGE('',*,*,#3106,.T.);
#4355=ORIENTED_EDGE('',*,*,#2497,.F.);
#4356=ORIENTED_EDGE('',*,*,#3107,.F.);
#4357=ORIENTED_EDGE('',*,*,#2799,.T.);
#4358=ORIENTED_EDGE('',*,*,#3107,.T.);
#4359=ORIENTED_EDGE('',*,*,#2496,.F.);
#4360=ORIENTED_EDGE('',*,*,#3108,.F.);
#4361=ORIENTED_EDGE('',*,*,#2800,.T.);
#4362=ORIENTED_EDGE('',*,*,#3108,.T.);
#4363=ORIENTED_EDGE('',*,*,#2495,.F.);
#4364=ORIENTED_EDGE('',*,*,#3109,.F.);
#4365=ORIENTED_EDGE('',*,*,#2801,.T.);
#4366=ORIENTED_EDGE('',*,*,#3109,.T.);
#4367=ORIENTED_EDGE('',*,*,#2494,.F.);
#4368=ORIENTED_EDGE('',*,*,#3110,.F.);
#4369=ORIENTED_EDGE('',*,*,#2802,.T.);
#4370=ORIENTED_EDGE('',*,*,#3110,.T.);
#4371=ORIENTED_EDGE('',*,*,#2493,.F.);
#4372=ORIENTED_EDGE('',*,*,#3111,.F.);
#4373=ORIENTED_EDGE('',*,*,#2803,.T.);
#4374=ORIENTED_EDGE('',*,*,#3111,.T.);
#4375=ORIENTED_EDGE('',*,*,#2492,.F.);
#4376=ORIENTED_EDGE('',*,*,#2900,.F.);
#4377=ORIENTED_EDGE('',*,*,#2935,.F.);
#4378=ORIENTED_EDGE('',*,*,#3112,.T.);
#4379=ORIENTED_EDGE('',*,*,#2491,.F.);
#4380=ORIENTED_EDGE('',*,*,#3113,.F.);
#4381=ORIENTED_EDGE('',*,*,#2936,.F.);
#4382=ORIENTED_EDGE('',*,*,#3113,.T.);
#4383=ORIENTED_EDGE('',*,*,#2490,.F.);
#4384=ORIENTED_EDGE('',*,*,#3114,.F.);
#4385=ORIENTED_EDGE('',*,*,#2937,.F.);
#4386=ORIENTED_EDGE('',*,*,#3114,.T.);
#4387=ORIENTED_EDGE('',*,*,#2489,.F.);
#4388=ORIENTED_EDGE('',*,*,#3115,.F.);
#4389=ORIENTED_EDGE('',*,*,#2938,.F.);
#4390=ORIENTED_EDGE('',*,*,#3115,.T.);
#4391=ORIENTED_EDGE('',*,*,#2488,.F.);
#4392=ORIENTED_EDGE('',*,*,#3116,.F.);
#4393=ORIENTED_EDGE('',*,*,#2939,.F.);
#4394=ORIENTED_EDGE('',*,*,#3116,.T.);
#4395=ORIENTED_EDGE('',*,*,#2487,.F.);
#4396=ORIENTED_EDGE('',*,*,#3112,.F.);
#4397=ORIENTED_EDGE('',*,*,#2811,.T.);
#4398=ORIENTED_EDGE('',*,*,#2881,.T.);
#4399=ORIENTED_EDGE('',*,*,#2479,.F.);
#4400=ORIENTED_EDGE('',*,*,#3117,.F.);
#4401=ORIENTED_EDGE('',*,*,#2812,.T.);
#4402=ORIENTED_EDGE('',*,*,#3117,.T.);
#4403=ORIENTED_EDGE('',*,*,#2478,.F.);
#4404=ORIENTED_EDGE('',*,*,#3118,.F.);
#4405=ORIENTED_EDGE('',*,*,#2813,.T.);
#4406=ORIENTED_EDGE('',*,*,#3118,.T.);
#4407=ORIENTED_EDGE('',*,*,#2477,.F.);
#4408=ORIENTED_EDGE('',*,*,#3119,.F.);
#4409=ORIENTED_EDGE('',*,*,#2814,.T.);
#4410=ORIENTED_EDGE('',*,*,#3119,.T.);
#4411=ORIENTED_EDGE('',*,*,#2476,.F.);
#4412=ORIENTED_EDGE('',*,*,#3120,.F.);
#4413=ORIENTED_EDGE('',*,*,#2815,.T.);
#4414=ORIENTED_EDGE('',*,*,#3120,.T.);
#4415=ORIENTED_EDGE('',*,*,#2475,.F.);
#4416=ORIENTED_EDGE('',*,*,#3121,.F.);
#4417=ORIENTED_EDGE('',*,*,#2816,.T.);
#4418=ORIENTED_EDGE('',*,*,#3121,.T.);
#4419=ORIENTED_EDGE('',*,*,#2474,.F.);
#4420=ORIENTED_EDGE('',*,*,#3122,.F.);
#4421=ORIENTED_EDGE('',*,*,#2817,.T.);
#4422=ORIENTED_EDGE('',*,*,#3122,.T.);
#4423=ORIENTED_EDGE('',*,*,#2473,.F.);
#4424=ORIENTED_EDGE('',*,*,#2887,.F.);
#4425=ORIENTED_EDGE('',*,*,#2949,.F.);
#4426=ORIENTED_EDGE('',*,*,#3123,.T.);
#4427=ORIENTED_EDGE('',*,*,#2472,.F.);
#4428=ORIENTED_EDGE('',*,*,#3124,.F.);
#4429=ORIENTED_EDGE('',*,*,#2950,.F.);
#4430=ORIENTED_EDGE('',*,*,#3124,.T.);
#4431=ORIENTED_EDGE('',*,*,#2471,.F.);
#4432=ORIENTED_EDGE('',*,*,#3125,.F.);
#4433=ORIENTED_EDGE('',*,*,#2951,.F.);
#4434=ORIENTED_EDGE('',*,*,#3125,.T.);
#4435=ORIENTED_EDGE('',*,*,#2470,.F.);
#4436=ORIENTED_EDGE('',*,*,#3126,.F.);
#4437=ORIENTED_EDGE('',*,*,#2952,.F.);
#4438=ORIENTED_EDGE('',*,*,#3126,.T.);
#4439=ORIENTED_EDGE('',*,*,#2469,.F.);
#4440=ORIENTED_EDGE('',*,*,#3127,.F.);
#4441=ORIENTED_EDGE('',*,*,#2953,.F.);
#4442=ORIENTED_EDGE('',*,*,#3127,.T.);
#4443=ORIENTED_EDGE('',*,*,#2468,.F.);
#4444=ORIENTED_EDGE('',*,*,#3128,.F.);
#4445=ORIENTED_EDGE('',*,*,#2954,.F.);
#4446=ORIENTED_EDGE('',*,*,#3128,.T.);
#4447=ORIENTED_EDGE('',*,*,#2467,.F.);
#4448=ORIENTED_EDGE('',*,*,#3129,.F.);
#4449=ORIENTED_EDGE('',*,*,#2955,.F.);
#4450=ORIENTED_EDGE('',*,*,#3129,.T.);
#4451=ORIENTED_EDGE('',*,*,#2466,.F.);
#4452=ORIENTED_EDGE('',*,*,#3130,.F.);
#4453=ORIENTED_EDGE('',*,*,#2956,.F.);
#4454=ORIENTED_EDGE('',*,*,#3130,.T.);
#4455=ORIENTED_EDGE('',*,*,#2465,.F.);
#4456=ORIENTED_EDGE('',*,*,#3131,.F.);
#4457=ORIENTED_EDGE('',*,*,#2957,.F.);
#4458=ORIENTED_EDGE('',*,*,#3131,.T.);
#4459=ORIENTED_EDGE('',*,*,#2464,.F.);
#4460=ORIENTED_EDGE('',*,*,#3123,.F.);
#4461=ORIENTED_EDGE('',*,*,#2940,.F.);
#4462=ORIENTED_EDGE('',*,*,#3132,.T.);
#4463=ORIENTED_EDGE('',*,*,#2463,.F.);
#4464=ORIENTED_EDGE('',*,*,#3133,.F.);
#4465=ORIENTED_EDGE('',*,*,#2941,.F.);
#4466=ORIENTED_EDGE('',*,*,#3133,.T.);
#4467=ORIENTED_EDGE('',*,*,#2462,.F.);
#4468=ORIENTED_EDGE('',*,*,#3134,.F.);
#4469=ORIENTED_EDGE('',*,*,#2942,.F.);
#4470=ORIENTED_EDGE('',*,*,#3134,.T.);
#4471=ORIENTED_EDGE('',*,*,#2461,.F.);
#4472=ORIENTED_EDGE('',*,*,#3135,.F.);
#4473=ORIENTED_EDGE('',*,*,#2943,.F.);
#4474=ORIENTED_EDGE('',*,*,#3135,.T.);
#4475=ORIENTED_EDGE('',*,*,#2460,.F.);
#4476=ORIENTED_EDGE('',*,*,#3136,.F.);
#4477=ORIENTED_EDGE('',*,*,#2944,.F.);
#4478=ORIENTED_EDGE('',*,*,#3136,.T.);
#4479=ORIENTED_EDGE('',*,*,#2459,.F.);
#4480=ORIENTED_EDGE('',*,*,#3137,.F.);
#4481=ORIENTED_EDGE('',*,*,#2945,.F.);
#4482=ORIENTED_EDGE('',*,*,#3137,.T.);
#4483=ORIENTED_EDGE('',*,*,#2458,.F.);
#4484=ORIENTED_EDGE('',*,*,#3138,.F.);
#4485=ORIENTED_EDGE('',*,*,#2946,.F.);
#4486=ORIENTED_EDGE('',*,*,#3138,.T.);
#4487=ORIENTED_EDGE('',*,*,#2457,.F.);
#4488=ORIENTED_EDGE('',*,*,#3139,.F.);
#4489=ORIENTED_EDGE('',*,*,#2947,.F.);
#4490=ORIENTED_EDGE('',*,*,#3139,.T.);
#4491=ORIENTED_EDGE('',*,*,#2456,.F.);
#4492=ORIENTED_EDGE('',*,*,#3140,.F.);
#4493=ORIENTED_EDGE('',*,*,#2948,.F.);
#4494=ORIENTED_EDGE('',*,*,#3140,.T.);
#4495=ORIENTED_EDGE('',*,*,#2455,.F.);
#4496=ORIENTED_EDGE('',*,*,#3132,.F.);
#4497=ORIENTED_EDGE('',*,*,#2825,.T.);
#4498=ORIENTED_EDGE('',*,*,#2873,.T.);
#4499=ORIENTED_EDGE('',*,*,#2447,.F.);
#4500=ORIENTED_EDGE('',*,*,#3141,.F.);
#4501=ORIENTED_EDGE('',*,*,#2826,.T.);
#4502=ORIENTED_EDGE('',*,*,#3141,.T.);
#4503=ORIENTED_EDGE('',*,*,#2446,.F.);
#4504=ORIENTED_EDGE('',*,*,#3142,.F.);
#4505=ORIENTED_EDGE('',*,*,#2827,.T.);
#4506=ORIENTED_EDGE('',*,*,#3142,.T.);
#4507=ORIENTED_EDGE('',*,*,#2445,.F.);
#4508=ORIENTED_EDGE('',*,*,#3143,.F.);
#4509=ORIENTED_EDGE('',*,*,#2828,.T.);
#4510=ORIENTED_EDGE('',*,*,#3143,.T.);
#4511=ORIENTED_EDGE('',*,*,#2444,.F.);
#4512=ORIENTED_EDGE('',*,*,#3144,.F.);
#4513=ORIENTED_EDGE('',*,*,#2829,.T.);
#4514=ORIENTED_EDGE('',*,*,#3144,.T.);
#4515=ORIENTED_EDGE('',*,*,#2443,.F.);
#4516=ORIENTED_EDGE('',*,*,#3145,.F.);
#4517=ORIENTED_EDGE('',*,*,#2830,.T.);
#4518=ORIENTED_EDGE('',*,*,#3145,.T.);
#4519=ORIENTED_EDGE('',*,*,#2442,.F.);
#4520=ORIENTED_EDGE('',*,*,#3146,.F.);
#4521=ORIENTED_EDGE('',*,*,#2831,.T.);
#4522=ORIENTED_EDGE('',*,*,#3146,.T.);
#4523=ORIENTED_EDGE('',*,*,#2441,.F.);
#4524=ORIENTED_EDGE('',*,*,#3147,.F.);
#4525=ORIENTED_EDGE('',*,*,#2832,.T.);
#4526=ORIENTED_EDGE('',*,*,#3147,.T.);
#4527=ORIENTED_EDGE('',*,*,#2440,.F.);
#4528=ORIENTED_EDGE('',*,*,#2879,.F.);
#4529=ORIENTED_EDGE('',*,*,#2958,.F.);
#4530=ORIENTED_EDGE('',*,*,#3148,.T.);
#4531=ORIENTED_EDGE('',*,*,#2566,.F.);
#4532=ORIENTED_EDGE('',*,*,#3149,.F.);
#4533=ORIENTED_EDGE('',*,*,#2959,.F.);
#4534=ORIENTED_EDGE('',*,*,#3149,.T.);
#4535=ORIENTED_EDGE('',*,*,#2565,.F.);
#4536=ORIENTED_EDGE('',*,*,#3150,.F.);
#4537=ORIENTED_EDGE('',*,*,#2960,.F.);
#4538=ORIENTED_EDGE('',*,*,#3150,.T.);
#4539=ORIENTED_EDGE('',*,*,#2564,.F.);
#4540=ORIENTED_EDGE('',*,*,#3151,.F.);
#4541=ORIENTED_EDGE('',*,*,#2961,.F.);
#4542=ORIENTED_EDGE('',*,*,#3151,.T.);
#4543=ORIENTED_EDGE('',*,*,#2563,.F.);
#4544=ORIENTED_EDGE('',*,*,#3152,.F.);
#4545=ORIENTED_EDGE('',*,*,#2962,.F.);
#4546=ORIENTED_EDGE('',*,*,#3152,.T.);
#4547=ORIENTED_EDGE('',*,*,#2562,.F.);
#4548=ORIENTED_EDGE('',*,*,#3153,.F.);
#4549=ORIENTED_EDGE('',*,*,#2963,.F.);
#4550=ORIENTED_EDGE('',*,*,#3153,.T.);
#4551=ORIENTED_EDGE('',*,*,#2561,.F.);
#4552=ORIENTED_EDGE('',*,*,#3154,.F.);
#4553=ORIENTED_EDGE('',*,*,#2964,.F.);
#4554=ORIENTED_EDGE('',*,*,#3154,.T.);
#4555=ORIENTED_EDGE('',*,*,#2560,.F.);
#4556=ORIENTED_EDGE('',*,*,#3155,.F.);
#4557=ORIENTED_EDGE('',*,*,#2965,.F.);
#4558=ORIENTED_EDGE('',*,*,#3155,.T.);
#4559=ORIENTED_EDGE('',*,*,#2559,.F.);
#4560=ORIENTED_EDGE('',*,*,#3156,.F.);
#4561=ORIENTED_EDGE('',*,*,#2966,.F.);
#4562=ORIENTED_EDGE('',*,*,#3156,.T.);
#4563=ORIENTED_EDGE('',*,*,#2558,.F.);
#4564=ORIENTED_EDGE('',*,*,#3148,.F.);
#4565=ORIENTED_EDGE('',*,*,#2839,.T.);
#4566=ORIENTED_EDGE('',*,*,#2866,.T.);
#4567=ORIENTED_EDGE('',*,*,#2551,.F.);
#4568=ORIENTED_EDGE('',*,*,#3157,.F.);
#4569=ORIENTED_EDGE('',*,*,#2840,.T.);
#4570=ORIENTED_EDGE('',*,*,#3157,.T.);
#4571=ORIENTED_EDGE('',*,*,#2550,.F.);
#4572=ORIENTED_EDGE('',*,*,#3158,.F.);
#4573=ORIENTED_EDGE('',*,*,#2841,.T.);
#4574=ORIENTED_EDGE('',*,*,#3158,.T.);
#4575=ORIENTED_EDGE('',*,*,#2549,.F.);
#4576=ORIENTED_EDGE('',*,*,#3159,.F.);
#4577=ORIENTED_EDGE('',*,*,#2842,.T.);
#4578=ORIENTED_EDGE('',*,*,#3159,.T.);
#4579=ORIENTED_EDGE('',*,*,#2548,.F.);
#4580=ORIENTED_EDGE('',*,*,#3160,.F.);
#4581=ORIENTED_EDGE('',*,*,#2843,.T.);
#4582=ORIENTED_EDGE('',*,*,#3160,.T.);
#4583=ORIENTED_EDGE('',*,*,#2547,.F.);
#4584=ORIENTED_EDGE('',*,*,#3161,.F.);
#4585=ORIENTED_EDGE('',*,*,#2844,.T.);
#4586=ORIENTED_EDGE('',*,*,#3161,.T.);
#4587=ORIENTED_EDGE('',*,*,#2546,.F.);
#4588=ORIENTED_EDGE('',*,*,#2871,.F.);
#4589=ORIENTED_EDGE('',*,*,#2967,.F.);
#4590=ORIENTED_EDGE('',*,*,#3162,.T.);
#4591=ORIENTED_EDGE('',*,*,#2545,.F.);
#4592=ORIENTED_EDGE('',*,*,#3163,.F.);
#4593=ORIENTED_EDGE('',*,*,#2968,.F.);
#4594=ORIENTED_EDGE('',*,*,#3163,.T.);
#4595=ORIENTED_EDGE('',*,*,#2544,.F.);
#4596=ORIENTED_EDGE('',*,*,#3164,.F.);
#4597=ORIENTED_EDGE('',*,*,#2969,.F.);
#4598=ORIENTED_EDGE('',*,*,#3164,.T.);
#4599=ORIENTED_EDGE('',*,*,#2543,.F.);
#4600=ORIENTED_EDGE('',*,*,#3165,.F.);
#4601=ORIENTED_EDGE('',*,*,#2970,.F.);
#4602=ORIENTED_EDGE('',*,*,#3165,.T.);
#4603=ORIENTED_EDGE('',*,*,#2542,.F.);
#4604=ORIENTED_EDGE('',*,*,#3166,.F.);
#4605=ORIENTED_EDGE('',*,*,#2971,.F.);
#4606=ORIENTED_EDGE('',*,*,#3166,.T.);
#4607=ORIENTED_EDGE('',*,*,#2541,.F.);
#4608=ORIENTED_EDGE('',*,*,#3167,.F.);
#4609=ORIENTED_EDGE('',*,*,#2972,.F.);
#4610=ORIENTED_EDGE('',*,*,#3167,.T.);
#4611=ORIENTED_EDGE('',*,*,#2540,.F.);
#4612=ORIENTED_EDGE('',*,*,#3168,.F.);
#4613=ORIENTED_EDGE('',*,*,#2973,.F.);
#4614=ORIENTED_EDGE('',*,*,#3168,.T.);
#4615=ORIENTED_EDGE('',*,*,#2539,.F.);
#4616=ORIENTED_EDGE('',*,*,#3169,.F.);
#4617=ORIENTED_EDGE('',*,*,#2974,.F.);
#4618=ORIENTED_EDGE('',*,*,#3169,.T.);
#4619=ORIENTED_EDGE('',*,*,#2538,.F.);
#4620=ORIENTED_EDGE('',*,*,#3162,.F.);
#4621=ORIENTED_EDGE('',*,*,#2851,.T.);
#4622=ORIENTED_EDGE('',*,*,#2859,.T.);
#4623=ORIENTED_EDGE('',*,*,#2531,.F.);
#4624=ORIENTED_EDGE('',*,*,#3170,.F.);
#4625=ORIENTED_EDGE('',*,*,#2852,.T.);
#4626=ORIENTED_EDGE('',*,*,#3170,.T.);
#4627=ORIENTED_EDGE('',*,*,#2530,.F.);
#4628=ORIENTED_EDGE('',*,*,#3171,.F.);
#4629=ORIENTED_EDGE('',*,*,#2853,.T.);
#4630=ORIENTED_EDGE('',*,*,#3171,.T.);
#4631=ORIENTED_EDGE('',*,*,#2529,.F.);
#4632=ORIENTED_EDGE('',*,*,#3172,.F.);
#4633=ORIENTED_EDGE('',*,*,#2854,.T.);
#4634=ORIENTED_EDGE('',*,*,#3172,.T.);
#4635=ORIENTED_EDGE('',*,*,#2528,.F.);
#4636=ORIENTED_EDGE('',*,*,#3173,.F.);
#4637=ORIENTED_EDGE('',*,*,#2855,.T.);
#4638=ORIENTED_EDGE('',*,*,#3173,.T.);
#4639=ORIENTED_EDGE('',*,*,#2527,.F.);
#4640=ORIENTED_EDGE('',*,*,#3174,.F.);
#4641=ORIENTED_EDGE('',*,*,#2856,.T.);
#4642=ORIENTED_EDGE('',*,*,#3174,.T.);
#4643=ORIENTED_EDGE('',*,*,#2526,.F.);
#4644=ORIENTED_EDGE('',*,*,#2864,.F.);
#4645=PLANE('',#5034);
#4646=PLANE('',#5035);
#4647=PLANE('',#5036);
#4648=PLANE('',#5037);
#4649=PLANE('',#5038);
#4650=PLANE('',#5039);
#4651=PLANE('',#5040);
#4652=PLANE('',#5083);
#4653=PLANE('',#5085);
#4654=PLANE('',#5123);
#4655=PLANE('',#5124);
#4656=PLANE('',#5125);
#4657=PLANE('',#5126);
#4658=PLANE('',#5127);
#4659=PLANE('',#5128);
#4660=PLANE('',#5129);
#4661=PLANE('',#5130);
#4662=PLANE('',#5131);
#4663=PLANE('',#5132);
#4664=PLANE('',#5133);
#4665=PLANE('',#5134);
#4666=PLANE('',#5135);
#4667=PLANE('',#5136);
#4668=PLANE('',#5137);
#4669=PLANE('',#5138);
#4670=PLANE('',#5139);
#4671=PLANE('',#5141);
#4672=PLANE('',#5142);
#4673=PLANE('',#5143);
#4674=PLANE('',#5144);
#4675=PLANE('',#5145);
#4676=PLANE('',#5146);
#4677=PLANE('',#5147);
#4678=PLANE('',#5148);
#4679=PLANE('',#5149);
#4680=PLANE('',#5150);
#4681=PLANE('',#5151);
#4682=PLANE('',#5152);
#4683=PLANE('',#5154);
#4684=PLANE('',#5156);
#4685=PLANE('',#5158);
#4686=PLANE('',#5160);
#4687=PLANE('',#5162);
#4688=PLANE('',#5164);
#4689=PLANE('',#5166);
#4690=PLANE('',#5168);
#4691=PLANE('',#5170);
#4692=PLANE('',#5172);
#4693=PLANE('',#5174);
#4694=PLANE('',#5176);
#4695=PLANE('',#5178);
#4696=PLANE('',#5180);
#4697=PLANE('',#5182);
#4698=PLANE('',#5184);
#4699=PLANE('',#5186);
#4700=PLANE('',#5188);
#4701=PLANE('',#5190);
#4702=PLANE('',#5192);
#4703=PLANE('',#5194);
#4704=PLANE('',#5196);
#4705=PLANE('',#5198);
#4706=PLANE('',#5200);
#4707=PLANE('',#5202);
#4708=PLANE('',#5204);
#4709=PLANE('',#5206);
#4710=PLANE('',#5208);
#4711=PLANE('',#5210);
#4712=PLANE('',#5212);
#4713=PLANE('',#5214);
#4714=PLANE('',#5216);
#4715=PLANE('',#5218);
#4716=PLANE('',#5220);
#4717=PLANE('',#5222);
#4718=PLANE('',#5224);
#4719=PLANE('',#5225);
#4720=PLANE('',#5226);
#4721=PLANE('',#5227);
#4722=PLANE('',#5240);
#4723=PLANE('',#5241);
#4724=PLANE('',#5242);
#4725=PLANE('',#5243);
#4726=PLANE('',#5244);
#4727=PLANE('',#5245);
#4728=PLANE('',#5246);
#4729=PLANE('',#5247);
#4730=PLANE('',#5248);
#4731=PLANE('',#5249);
#4732=PLANE('',#5250);
#4733=PLANE('',#5251);
#4734=PLANE('',#5252);
#4735=PLANE('',#5253);
#4736=PLANE('',#5254);
#4737=PLANE('',#5255);
#4738=PLANE('',#5256);
#4739=PLANE('',#5257);
#4740=PLANE('',#5258);
#4741=PLANE('',#5259);
#4742=PLANE('',#5260);
#4743=PLANE('',#5261);
#4744=PLANE('',#5262);
#4745=PLANE('',#5263);
#4746=PLANE('',#5264);
#4747=PLANE('',#5265);
#4748=PLANE('',#5266);
#4749=PLANE('',#5267);
#4750=PLANE('',#5268);
#4751=STYLED_ITEM('',(#9736),#4758);
#4752=STYLED_ITEM('',(#9736),#4759);
#4753=STYLED_ITEM('',(#9736),#4760);
#4754=STYLED_ITEM('',(#9736),#4761);
#4755=STYLED_ITEM('',(#9736),#4762);
#4756=STYLED_ITEM('',(#9736),#4763);
#4757=STYLED_ITEM('',(#9735),#13);
#4758=ADVANCED_FACE('',(#305,#256,#257),#4645,.T.);
#4759=ADVANCED_FACE('',(#306,#258),#4646,.T.);
#4760=ADVANCED_FACE('',(#307,#259),#4647,.T.);
#4761=ADVANCED_FACE('',(#308,#260),#4648,.T.);
#4762=ADVANCED_FACE('',(#309,#261),#4649,.T.);
#4763=ADVANCED_FACE('',(#310,#262),#4650,.T.);
#4764=ADVANCED_FACE('',(#311,#263,#264,#265,#266,#267,#268,#269,#270,#271,
#272,#273,#274,#275,#276,#277,#278,#279),#4651,.F.);
#4765=ADVANCED_FACE('',(#312,#280),#4652,.T.);
#4766=ADVANCED_FACE('',(#313,#281,#282,#283,#284,#285,#286,#287,#288,#289,
#290,#291,#292,#293,#294,#295,#296,#297),#4653,.F.);
#4767=ADVANCED_FACE('',(#314),#57,.T.);
#4768=ADVANCED_FACE('',(#315),#58,.T.);
#4769=ADVANCED_FACE('',(#316),#59,.T.);
#4770=ADVANCED_FACE('',(#317),#60,.T.);
#4771=ADVANCED_FACE('',(#318),#4654,.T.);
#4772=ADVANCED_FACE('',(#319),#4655,.T.);
#4773=ADVANCED_FACE('',(#320),#61,.T.);
#4774=ADVANCED_FACE('',(#321),#62,.T.);
#4775=ADVANCED_FACE('',(#322),#63,.T.);
#4776=ADVANCED_FACE('',(#323),#64,.T.);
#4777=ADVANCED_FACE('',(#324),#4656,.T.);
#4778=ADVANCED_FACE('',(#325),#4657,.T.);
#4779=ADVANCED_FACE('',(#326),#65,.T.);
#4780=ADVANCED_FACE('',(#327),#66,.T.);
#4781=ADVANCED_FACE('',(#328),#67,.T.);
#4782=ADVANCED_FACE('',(#329),#68,.T.);
#4783=ADVANCED_FACE('',(#330),#69,.T.);
#4784=ADVANCED_FACE('',(#331),#70,.T.);
#4785=ADVANCED_FACE('',(#332),#4658,.T.);
#4786=ADVANCED_FACE('',(#333),#71,.T.);
#4787=ADVANCED_FACE('',(#334),#72,.T.);
#4788=ADVANCED_FACE('',(#335),#73,.T.);
#4789=ADVANCED_FACE('',(#336),#74,.T.);
#4790=ADVANCED_FACE('',(#337),#75,.T.);
#4791=ADVANCED_FACE('',(#338),#76,.T.);
#4792=ADVANCED_FACE('',(#339),#4659,.T.);
#4793=ADVANCED_FACE('',(#340),#77,.T.);
#4794=ADVANCED_FACE('',(#341),#78,.T.);
#4795=ADVANCED_FACE('',(#342),#4660,.T.);
#4796=ADVANCED_FACE('',(#343),#79,.T.);
#4797=ADVANCED_FACE('',(#344),#80,.T.);
#4798=ADVANCED_FACE('',(#345),#4661,.T.);
#4799=ADVANCED_FACE('',(#346),#81,.T.);
#4800=ADVANCED_FACE('',(#347),#82,.T.);
#4801=ADVANCED_FACE('',(#348),#83,.T.);
#4802=ADVANCED_FACE('',(#349),#84,.T.);
#4803=ADVANCED_FACE('',(#350),#85,.T.);
#4804=ADVANCED_FACE('',(#351),#4662,.T.);
#4805=ADVANCED_FACE('',(#352),#86,.T.);
#4806=ADVANCED_FACE('',(#353),#87,.T.);
#4807=ADVANCED_FACE('',(#354),#88,.T.);
#4808=ADVANCED_FACE('',(#355),#89,.T.);
#4809=ADVANCED_FACE('',(#356),#90,.T.);
#4810=ADVANCED_FACE('',(#357),#91,.T.);
#4811=ADVANCED_FACE('',(#358),#4663,.T.);
#4812=ADVANCED_FACE('',(#359),#4664,.F.);
#4813=ADVANCED_FACE('',(#360),#4665,.F.);
#4814=ADVANCED_FACE('',(#361),#4666,.F.);
#4815=ADVANCED_FACE('',(#362),#4667,.F.);
#4816=ADVANCED_FACE('',(#363),#4668,.F.);
#4817=ADVANCED_FACE('',(#364),#4669,.F.);
#4818=ADVANCED_FACE('',(#365),#4670,.F.);
#4819=ADVANCED_FACE('',(#366),#14,.F.);
#4820=ADVANCED_FACE('',(#367),#4671,.F.);
#4821=ADVANCED_FACE('',(#368),#4672,.F.);
#4822=ADVANCED_FACE('',(#369),#4673,.F.);
#4823=ADVANCED_FACE('',(#370),#4674,.F.);
#4824=ADVANCED_FACE('',(#371),#4675,.F.);
#4825=ADVANCED_FACE('',(#372),#4676,.F.);
#4826=ADVANCED_FACE('',(#373),#4677,.F.);
#4827=ADVANCED_FACE('',(#374),#4678,.F.);
#4828=ADVANCED_FACE('',(#375),#4679,.F.);
#4829=ADVANCED_FACE('',(#376),#4680,.F.);
#4830=ADVANCED_FACE('',(#377),#4681,.F.);
#4831=ADVANCED_FACE('',(#378),#4682,.F.);
#4832=ADVANCED_FACE('',(#379),#15,.F.);
#4833=ADVANCED_FACE('',(#380),#4683,.F.);
#4834=ADVANCED_FACE('',(#381),#16,.F.);
#4835=ADVANCED_FACE('',(#382),#4684,.F.);
#4836=ADVANCED_FACE('',(#383),#17,.F.);
#4837=ADVANCED_FACE('',(#384),#4685,.F.);
#4838=ADVANCED_FACE('',(#385),#18,.F.);
#4839=ADVANCED_FACE('',(#386),#4686,.F.);
#4840=ADVANCED_FACE('',(#387),#19,.F.);
#4841=ADVANCED_FACE('',(#388),#4687,.F.);
#4842=ADVANCED_FACE('',(#389),#20,.F.);
#4843=ADVANCED_FACE('',(#390),#4688,.F.);
#4844=ADVANCED_FACE('',(#391),#21,.F.);
#4845=ADVANCED_FACE('',(#392),#4689,.F.);
#4846=ADVANCED_FACE('',(#393),#22,.F.);
#4847=ADVANCED_FACE('',(#394),#4690,.F.);
#4848=ADVANCED_FACE('',(#395),#23,.F.);
#4849=ADVANCED_FACE('',(#396),#4691,.F.);
#4850=ADVANCED_FACE('',(#397),#24,.F.);
#4851=ADVANCED_FACE('',(#398),#4692,.F.);
#4852=ADVANCED_FACE('',(#399),#25,.F.);
#4853=ADVANCED_FACE('',(#400),#4693,.F.);
#4854=ADVANCED_FACE('',(#401),#26,.F.);
#4855=ADVANCED_FACE('',(#402),#4694,.F.);
#4856=ADVANCED_FACE('',(#403),#27,.F.);
#4857=ADVANCED_FACE('',(#404),#4695,.F.);
#4858=ADVANCED_FACE('',(#405),#28,.F.);
#4859=ADVANCED_FACE('',(#406),#4696,.F.);
#4860=ADVANCED_FACE('',(#407),#29,.F.);
#4861=ADVANCED_FACE('',(#408),#4697,.F.);
#4862=ADVANCED_FACE('',(#409),#30,.F.);
#4863=ADVANCED_FACE('',(#410),#4698,.F.);
#4864=ADVANCED_FACE('',(#411),#31,.F.);
#4865=ADVANCED_FACE('',(#412),#4699,.F.);
#4866=ADVANCED_FACE('',(#413),#32,.F.);
#4867=ADVANCED_FACE('',(#414),#4700,.F.);
#4868=ADVANCED_FACE('',(#415),#33,.F.);
#4869=ADVANCED_FACE('',(#416),#4701,.F.);
#4870=ADVANCED_FACE('',(#417),#34,.F.);
#4871=ADVANCED_FACE('',(#418),#4702,.F.);
#4872=ADVANCED_FACE('',(#419),#35,.F.);
#4873=ADVANCED_FACE('',(#420),#4703,.F.);
#4874=ADVANCED_FACE('',(#421),#36,.F.);
#4875=ADVANCED_FACE('',(#422),#4704,.F.);
#4876=ADVANCED_FACE('',(#423),#37,.F.);
#4877=ADVANCED_FACE('',(#424),#4705,.F.);
#4878=ADVANCED_FACE('',(#425),#38,.F.);
#4879=ADVANCED_FACE('',(#426),#4706,.F.);
#4880=ADVANCED_FACE('',(#427),#39,.F.);
#4881=ADVANCED_FACE('',(#428),#4707,.F.);
#4882=ADVANCED_FACE('',(#429),#40,.F.);
#4883=ADVANCED_FACE('',(#430),#4708,.F.);
#4884=ADVANCED_FACE('',(#431),#41,.F.);
#4885=ADVANCED_FACE('',(#432),#4709,.F.);
#4886=ADVANCED_FACE('',(#433),#42,.F.);
#4887=ADVANCED_FACE('',(#434),#4710,.F.);
#4888=ADVANCED_FACE('',(#435),#43,.F.);
#4889=ADVANCED_FACE('',(#436),#4711,.F.);
#4890=ADVANCED_FACE('',(#437),#44,.F.);
#4891=ADVANCED_FACE('',(#438),#4712,.F.);
#4892=ADVANCED_FACE('',(#439),#45,.F.);
#4893=ADVANCED_FACE('',(#440),#4713,.F.);
#4894=ADVANCED_FACE('',(#441),#46,.F.);
#4895=ADVANCED_FACE('',(#442),#4714,.F.);
#4896=ADVANCED_FACE('',(#443),#47,.F.);
#4897=ADVANCED_FACE('',(#444),#4715,.F.);
#4898=ADVANCED_FACE('',(#445),#48,.F.);
#4899=ADVANCED_FACE('',(#446),#4716,.F.);
#4900=ADVANCED_FACE('',(#447),#49,.F.);
#4901=ADVANCED_FACE('',(#448),#4717,.F.);
#4902=ADVANCED_FACE('',(#449),#50,.F.);
#4903=ADVANCED_FACE('',(#450),#4718,.F.);
#4904=ADVANCED_FACE('',(#451),#4719,.F.);
#4905=ADVANCED_FACE('',(#452),#4720,.F.);
#4906=ADVANCED_FACE('',(#453,#298,#299,#300,#301,#302,#303,#304),#4721,
 .T.);
#4907=ADVANCED_FACE('',(#454),#51,.F.);
#4908=ADVANCED_FACE('',(#455),#52,.F.);
#4909=ADVANCED_FACE('',(#456),#53,.F.);
#4910=ADVANCED_FACE('',(#457),#54,.F.);
#4911=ADVANCED_FACE('',(#458),#55,.F.);
#4912=ADVANCED_FACE('',(#459),#56,.F.);
#4913=ADVANCED_FACE('',(#460),#4722,.T.);
#4914=ADVANCED_FACE('',(#461),#4723,.T.);
#4915=ADVANCED_FACE('',(#462),#4724,.T.);
#4916=ADVANCED_FACE('',(#463),#4725,.T.);
#4917=ADVANCED_FACE('',(#464),#4726,.T.);
#4918=ADVANCED_FACE('',(#465),#4727,.T.);
#4919=ADVANCED_FACE('',(#466),#92,.T.);
#4920=ADVANCED_FACE('',(#467),#93,.T.);
#4921=ADVANCED_FACE('',(#468),#94,.T.);
#4922=ADVANCED_FACE('',(#469),#95,.T.);
#4923=ADVANCED_FACE('',(#470),#4728,.T.);
#4924=ADVANCED_FACE('',(#471),#96,.T.);
#4925=ADVANCED_FACE('',(#472),#97,.T.);
#4926=ADVANCED_FACE('',(#473),#4729,.T.);
#4927=ADVANCED_FACE('',(#474),#98,.T.);
#4928=ADVANCED_FACE('',(#475),#99,.T.);
#4929=ADVANCED_FACE('',(#476),#100,.T.);
#4930=ADVANCED_FACE('',(#477),#101,.T.);
#4931=ADVANCED_FACE('',(#478),#102,.T.);
#4932=ADVANCED_FACE('',(#479),#103,.T.);
#4933=ADVANCED_FACE('',(#480),#104,.T.);
#4934=ADVANCED_FACE('',(#481),#105,.T.);
#4935=ADVANCED_FACE('',(#482),#106,.T.);
#4936=ADVANCED_FACE('',(#483),#107,.T.);
#4937=ADVANCED_FACE('',(#484),#108,.T.);
#4938=ADVANCED_FACE('',(#485),#109,.T.);
#4939=ADVANCED_FACE('',(#486),#4730,.T.);
#4940=ADVANCED_FACE('',(#487),#110,.T.);
#4941=ADVANCED_FACE('',(#488),#111,.T.);
#4942=ADVANCED_FACE('',(#489),#112,.T.);
#4943=ADVANCED_FACE('',(#490),#113,.T.);
#4944=ADVANCED_FACE('',(#491),#114,.T.);
#4945=ADVANCED_FACE('',(#492),#115,.T.);
#4946=ADVANCED_FACE('',(#493),#116,.T.);
#4947=ADVANCED_FACE('',(#494),#117,.T.);
#4948=ADVANCED_FACE('',(#495),#4731,.T.);
#4949=ADVANCED_FACE('',(#496),#118,.T.);
#4950=ADVANCED_FACE('',(#497),#119,.T.);
#4951=ADVANCED_FACE('',(#498),#120,.T.);
#4952=ADVANCED_FACE('',(#499),#121,.T.);
#4953=ADVANCED_FACE('',(#500),#122,.T.);
#4954=ADVANCED_FACE('',(#501),#123,.T.);
#4955=ADVANCED_FACE('',(#502),#124,.T.);
#4956=ADVANCED_FACE('',(#503),#125,.T.);
#4957=ADVANCED_FACE('',(#504),#4732,.T.);
#4958=ADVANCED_FACE('',(#505),#126,.T.);
#4959=ADVANCED_FACE('',(#506),#127,.T.);
#4960=ADVANCED_FACE('',(#507),#4733,.T.);
#4961=ADVANCED_FACE('',(#508),#128,.T.);
#4962=ADVANCED_FACE('',(#509),#129,.T.);
#4963=ADVANCED_FACE('',(#510),#130,.T.);
#4964=ADVANCED_FACE('',(#511),#131,.T.);
#4965=ADVANCED_FACE('',(#512),#4734,.T.);
#4966=ADVANCED_FACE('',(#513),#4735,.T.);
#4967=ADVANCED_FACE('',(#514),#132,.T.);
#4968=ADVANCED_FACE('',(#515),#133,.T.);
#4969=ADVANCED_FACE('',(#516),#134,.T.);
#4970=ADVANCED_FACE('',(#517),#135,.T.);
#4971=ADVANCED_FACE('',(#518),#136,.T.);
#4972=ADVANCED_FACE('',(#519),#137,.T.);
#4973=ADVANCED_FACE('',(#520),#4736,.T.);
#4974=ADVANCED_FACE('',(#521),#4737,.T.);
#4975=ADVANCED_FACE('',(#522),#4738,.T.);
#4976=ADVANCED_FACE('',(#523),#138,.T.);
#4977=ADVANCED_FACE('',(#524),#139,.T.);
#4978=ADVANCED_FACE('',(#525),#140,.T.);
#4979=ADVANCED_FACE('',(#526),#141,.T.);
#4980=ADVANCED_FACE('',(#527),#142,.T.);
#4981=ADVANCED_FACE('',(#528),#143,.T.);
#4982=ADVANCED_FACE('',(#529),#4739,.T.);
#4983=ADVANCED_FACE('',(#530),#144,.T.);
#4984=ADVANCED_FACE('',(#531),#145,.T.);
#4985=ADVANCED_FACE('',(#532),#146,.T.);
#4986=ADVANCED_FACE('',(#533),#147,.T.);
#4987=ADVANCED_FACE('',(#534),#148,.T.);
#4988=ADVANCED_FACE('',(#535),#149,.T.);
#4989=ADVANCED_FACE('',(#536),#4740,.T.);
#4990=ADVANCED_FACE('',(#537),#4741,.T.);
#4991=ADVANCED_FACE('',(#538),#4742,.T.);
#4992=ADVANCED_FACE('',(#539),#4743,.T.);
#4993=ADVANCED_FACE('',(#540),#150,.T.);
#4994=ADVANCED_FACE('',(#541),#151,.T.);
#4995=ADVANCED_FACE('',(#542),#152,.T.);
#4996=ADVANCED_FACE('',(#543),#153,.T.);
#4997=ADVANCED_FACE('',(#544),#154,.T.);
#4998=ADVANCED_FACE('',(#545),#155,.T.);
#4999=ADVANCED_FACE('',(#546),#4744,.T.);
#5000=ADVANCED_FACE('',(#547),#156,.T.);
#5001=ADVANCED_FACE('',(#548),#157,.T.);
#5002=ADVANCED_FACE('',(#549),#158,.T.);
#5003=ADVANCED_FACE('',(#550),#4745,.T.);
#5004=ADVANCED_FACE('',(#551),#4746,.T.);
#5005=ADVANCED_FACE('',(#552),#4747,.T.);
#5006=ADVANCED_FACE('',(#553),#159,.T.);
#5007=ADVANCED_FACE('',(#554),#160,.T.);
#5008=ADVANCED_FACE('',(#555),#161,.T.);
#5009=ADVANCED_FACE('',(#556),#162,.T.);
#5010=ADVANCED_FACE('',(#557),#163,.T.);
#5011=ADVANCED_FACE('',(#558),#164,.T.);
#5012=ADVANCED_FACE('',(#559),#165,.T.);
#5013=ADVANCED_FACE('',(#560),#166,.T.);
#5014=ADVANCED_FACE('',(#561),#167,.T.);
#5015=ADVANCED_FACE('',(#562),#168,.T.);
#5016=ADVANCED_FACE('',(#563),#169,.T.);
#5017=ADVANCED_FACE('',(#564),#4748,.T.);
#5018=ADVANCED_FACE('',(#565),#4749,.T.);
#5019=ADVANCED_FACE('',(#566),#4750,.T.);
#5020=CLOSED_SHELL('',(#4758,#4759,#4760,#4761,#4762,#4763,#4764,#4765,
#4766,#4767,#4768,#4769,#4770,#4771,#4772,#4773,#4774,#4775,#4776,#4777,
#4778,#4779,#4780,#4781,#4782,#4783,#4784,#4785,#4786,#4787,#4788,#4789,
#4790,#4791,#4792,#4793,#4794,#4795,#4796,#4797,#4798,#4799,#4800,#4801,
#4802,#4803,#4804,#4805,#4806,#4807,#4808,#4809,#4810,#4811,#4812,#4813,
#4814,#4815,#4816,#4817,#4818,#4819,#4820,#4821,#4822,#4823,#4824,#4825,
#4826,#4827,#4828,#4829,#4830,#4831,#4832,#4833,#4834,#4835,#4836,#4837,
#4838,#4839,#4840,#4841,#4842,#4843,#4844,#4845,#4846,#4847,#4848,#4849,
#4850,#4851,#4852,#4853,#4854,#4855,#4856,#4857,#4858,#4859,#4860,#4861,
#4862,#4863,#4864,#4865,#4866,#4867,#4868,#4869,#4870,#4871,#4872,#4873,
#4874,#4875,#4876,#4877,#4878,#4879,#4880,#4881,#4882,#4883,#4884,#4885,
#4886,#4887,#4888,#4889,#4890,#4891,#4892,#4893,#4894,#4895,#4896,#4897,
#4898,#4899,#4900,#4901,#4902,#4903,#4904,#4905,#4906,#4907,#4908,#4909,
#4910,#4911,#4912,#4913,#4914,#4915,#4916,#4917,#4918,#4919,#4920,#4921,
#4922,#4923,#4924,#4925,#4926,#4927,#4928,#4929,#4930,#4931,#4932,#4933,
#4934,#4935,#4936,#4937,#4938,#4939,#4940,#4941,#4942,#4943,#4944,#4945,
#4946,#4947,#4948,#4949,#4950,#4951,#4952,#4953,#4954,#4955,#4956,#4957,
#4958,#4959,#4960,#4961,#4962,#4963,#4964,#4965,#4966,#4967,#4968,#4969,
#4970,#4971,#4972,#4973,#4974,#4975,#4976,#4977,#4978,#4979,#4980,#4981,
#4982,#4983,#4984,#4985,#4986,#4987,#4988,#4989,#4990,#4991,#4992,#4993,
#4994,#4995,#4996,#4997,#4998,#4999,#5000,#5001,#5002,#5003,#5004,#5005,
#5006,#5007,#5008,#5009,#5010,#5011,#5012,#5013,#5014,#5015,#5016,#5017,
#5018,#5019));
#5021=DERIVED_UNIT_ELEMENT(#5023,1.);
#5022=DERIVED_UNIT_ELEMENT(#9720,-3.);
#5023=(
MASS_UNIT()
NAMED_UNIT(*)
SI_UNIT(.KILO.,.GRAM.)
);
#5024=DERIVED_UNIT((#5021,#5022));
#5025=MEASURE_REPRESENTATION_ITEM('density measure',
POSITIVE_RATIO_MEASURE(7850.),#5024);
#5026=PROPERTY_DEFINITION_REPRESENTATION(#5031,#5028);
#5027=PROPERTY_DEFINITION_REPRESENTATION(#5032,#5029);
#5028=REPRESENTATION('material name',(#5030),#9717);
#5029=REPRESENTATION('density',(#5025),#9717);
#5030=DESCRIPTIVE_REPRESENTATION_ITEM('Steel','Steel');
#5031=PROPERTY_DEFINITION('material property','material name',#9727);
#5032=PROPERTY_DEFINITION('material property','density of part',#9727);
#5033=AXIS2_PLACEMENT_3D('',#6164,#5269,#5270);
#5034=AXIS2_PLACEMENT_3D('',#6165,#5271,#5272);
#5035=AXIS2_PLACEMENT_3D('',#6328,#5282,#5283);
#5036=AXIS2_PLACEMENT_3D('',#6431,#5287,#5288);
#5037=AXIS2_PLACEMENT_3D('',#6616,#5294,#5295);
#5038=AXIS2_PLACEMENT_3D('',#6717,#5301,#5302);
#5039=AXIS2_PLACEMENT_3D('',#6812,#5311,#5312);
#5040=AXIS2_PLACEMENT_3D('',#6915,#5316,#5317);
#5041=AXIS2_PLACEMENT_3D('',#6932,#5325,#5326);
#5042=AXIS2_PLACEMENT_3D('',#6936,#5328,#5329);
#5043=AXIS2_PLACEMENT_3D('',#6940,#5331,#5332);
#5044=AXIS2_PLACEMENT_3D('',#6943,#5334,#5335);
#5045=AXIS2_PLACEMENT_3D('',#6948,#5337,#5338);
#5046=AXIS2_PLACEMENT_3D('',#6952,#5340,#5341);
#5047=AXIS2_PLACEMENT_3D('',#6956,#5343,#5344);
#5048=AXIS2_PLACEMENT_3D('',#6959,#5346,#5347);
#5049=AXIS2_PLACEMENT_3D('',#6964,#5349,#5350);
#5050=AXIS2_PLACEMENT_3D('',#6968,#5352,#5353);
#5051=AXIS2_PLACEMENT_3D('',#6972,#5355,#5356);
#5052=AXIS2_PLACEMENT_3D('',#6975,#5358,#5359);
#5053=AXIS2_PLACEMENT_3D('',#6980,#5361,#5362);
#5054=AXIS2_PLACEMENT_3D('',#6984,#5364,#5365);
#5055=AXIS2_PLACEMENT_3D('',#6988,#5367,#5368);
#5056=AXIS2_PLACEMENT_3D('',#6991,#5370,#5371);
#5057=AXIS2_PLACEMENT_3D('',#6996,#5373,#5374);
#5058=AXIS2_PLACEMENT_3D('',#7000,#5376,#5377);
#5059=AXIS2_PLACEMENT_3D('',#7004,#5379,#5380);
#5060=AXIS2_PLACEMENT_3D('',#7007,#5382,#5383);
#5061=AXIS2_PLACEMENT_3D('',#7012,#5385,#5386);
#5062=AXIS2_PLACEMENT_3D('',#7016,#5388,#5389);
#5063=AXIS2_PLACEMENT_3D('',#7020,#5391,#5392);
#5064=AXIS2_PLACEMENT_3D('',#7023,#5394,#5395);
#5065=AXIS2_PLACEMENT_3D('',#7028,#5397,#5398);
#5066=AXIS2_PLACEMENT_3D('',#7032,#5400,#5401);
#5067=AXIS2_PLACEMENT_3D('',#7036,#5403,#5404);
#5068=AXIS2_PLACEMENT_3D('',#7039,#5406,#5407);
#5069=AXIS2_PLACEMENT_3D('',#7044,#5409,#5410);
#5070=AXIS2_PLACEMENT_3D('',#7048,#5412,#5413);
#5071=AXIS2_PLACEMENT_3D('',#7052,#5415,#5416);
#5072=AXIS2_PLACEMENT_3D('',#7055,#5418,#5419);
#5073=AXIS2_PLACEMENT_3D('',#7060,#5421,#5422);
#5074=AXIS2_PLACEMENT_3D('',#7064,#5424,#5425);
#5075=AXIS2_PLACEMENT_3D('',#7068,#5427,#5428);
#5076=AXIS2_PLACEMENT_3D('',#7071,#5430,#5431);
#5077=AXIS2_PLACEMENT_3D('',#7073,#5432,#5433);
#5078=AXIS2_PLACEMENT_3D('',#7075,#5434,#5435);
#5079=AXIS2_PLACEMENT_3D('',#7077,#5436,#5437);
#5080=AXIS2_PLACEMENT_3D('',#7079,#5438,#5439);
#5081=AXIS2_PLACEMENT_3D('',#7081,#5440,#5441);
#5082=AXIS2_PLACEMENT_3D('',#7083,#5442,#5443);
#5083=AXIS2_PLACEMENT_3D('',#7100,#5452,#5453);
#5084=AXIS2_PLACEMENT_3D('',#7110,#5458,#5459);
#5085=AXIS2_PLACEMENT_3D('',#7111,#5460,#5461);
#5086=AXIS2_PLACEMENT_3D('',#7128,#5469,#5470);
#5087=AXIS2_PLACEMENT_3D('',#7132,#5472,#5473);
#5088=AXIS2_PLACEMENT_3D('',#7136,#5475,#5476);
#5089=AXIS2_PLACEMENT_3D('',#7139,#5478,#5479);
#5090=AXIS2_PLACEMENT_3D('',#7144,#5481,#5482);
#5091=AXIS2_PLACEMENT_3D('',#7148,#5484,#5485);
#5092=AXIS2_PLACEMENT_3D('',#7152,#5487,#5488);
#5093=AXIS2_PLACEMENT_3D('',#7155,#5490,#5491);
#5094=AXIS2_PLACEMENT_3D('',#7160,#5493,#5494);
#5095=AXIS2_PLACEMENT_3D('',#7164,#5496,#5497);
#5096=AXIS2_PLACEMENT_3D('',#7168,#5499,#5500);
#5097=AXIS2_PLACEMENT_3D('',#7171,#5502,#5503);
#5098=AXIS2_PLACEMENT_3D('',#7176,#5505,#5506);
#5099=AXIS2_PLACEMENT_3D('',#7180,#5508,#5509);
#5100=AXIS2_PLACEMENT_3D('',#7184,#5511,#5512);
#5101=AXIS2_PLACEMENT_3D('',#7187,#5514,#5515);
#5102=AXIS2_PLACEMENT_3D('',#7192,#5517,#5518);
#5103=AXIS2_PLACEMENT_3D('',#7196,#5520,#5521);
#5104=AXIS2_PLACEMENT_3D('',#7200,#5523,#5524);
#5105=AXIS2_PLACEMENT_3D('',#7203,#5526,#5527);
#5106=AXIS2_PLACEMENT_3D('',#7208,#5529,#5530);
#5107=AXIS2_PLACEMENT_3D('',#7212,#5532,#5533);
#5108=AXIS2_PLACEMENT_3D('',#7216,#5535,#5536);
#5109=AXIS2_PLACEMENT_3D('',#7219,#5538,#5539);
#5110=AXIS2_PLACEMENT_3D('',#7224,#5541,#5542);
#5111=AXIS2_PLACEMENT_3D('',#7228,#5544,#5545);
#5112=AXIS2_PLACEMENT_3D('',#7232,#5547,#5548);
#5113=AXIS2_PLACEMENT_3D('',#7235,#5550,#5551);
#5114=AXIS2_PLACEMENT_3D('',#7240,#5553,#5554);
#5115=AXIS2_PLACEMENT_3D('',#7244,#5556,#5557);
#5116=AXIS2_PLACEMENT_3D('',#7248,#5559,#5560);
#5117=AXIS2_PLACEMENT_3D('',#7251,#5562,#5563);
#5118=AXIS2_PLACEMENT_3D('',#7256,#5565,#5566);
#5119=AXIS2_PLACEMENT_3D('',#7260,#5568,#5569);
#5120=AXIS2_PLACEMENT_3D('',#7264,#5571,#5572);
#5121=AXIS2_PLACEMENT_3D('',#7267,#5574,#5575);
#5122=AXIS2_PLACEMENT_3D('',#7887,#5601,#5602);
#5123=AXIS2_PLACEMENT_3D('',#7933,#5608,#5609);
#5124=AXIS2_PLACEMENT_3D('',#7935,#5611,#5612);
#5125=AXIS2_PLACEMENT_3D('',#7982,#5619,#5620);
#5126=AXIS2_PLACEMENT_3D('',#7984,#5622,#5623);
#5127=AXIS2_PLACEMENT_3D('',#8053,#5632,#5633);
#5128=AXIS2_PLACEMENT_3D('',#8122,#5642,#5643);
#5129=AXIS2_PLACEMENT_3D('',#8147,#5648,#5649);
#5130=AXIS2_PLACEMENT_3D('',#8171,#5653,#5654);
#5131=AXIS2_PLACEMENT_3D('',#8228,#5661,#5662);
#5132=AXIS2_PLACEMENT_3D('',#8297,#5671,#5672);
#5133=AXIS2_PLACEMENT_3D('',#8299,#5674,#5675);
#5134=AXIS2_PLACEMENT_3D('',#8305,#5679,#5680);
#5135=AXIS2_PLACEMENT_3D('',#8309,#5683,#5684);
#5136=AXIS2_PLACEMENT_3D('',#8313,#5687,#5688);
#5137=AXIS2_PLACEMENT_3D('',#8316,#5691,#5692);
#5138=AXIS2_PLACEMENT_3D('',#8318,#5694,#5695);
#5139=AXIS2_PLACEMENT_3D('',#8320,#5697,#5698);
#5140=AXIS2_PLACEMENT_3D('',#8321,#5699,#5700);
#5141=AXIS2_PLACEMENT_3D('',#8323,#5702,#5703);
#5142=AXIS2_PLACEMENT_3D('',#8350,#5705,#5706);
#5143=AXIS2_PLACEMENT_3D('',#8401,#5708,#5709);
#5144=AXIS2_PLACEMENT_3D('',#8428,#5711,#5712);
#5145=AXIS2_PLACEMENT_3D('',#8471,#5716,#5717);
#5146=AXIS2_PLACEMENT_3D('',#8514,#5721,#5722);
#5147=AXIS2_PLACEMENT_3D('',#8557,#5726,#5727);
#5148=AXIS2_PLACEMENT_3D('',#8606,#5728,#5729);
#5149=AXIS2_PLACEMENT_3D('',#8609,#5732,#5733);
#5150=AXIS2_PLACEMENT_3D('',#8611,#5735,#5736);
#5151=AXIS2_PLACEMENT_3D('',#8613,#5738,#5739);
#5152=AXIS2_PLACEMENT_3D('',#8614,#5740,#5741);
#5153=AXIS2_PLACEMENT_3D('',#8617,#5744,#5745);
#5154=AXIS2_PLACEMENT_3D('',#8619,#5747,#5748);
#5155=AXIS2_PLACEMENT_3D('',#8621,#5750,#5751);
#5156=AXIS2_PLACEMENT_3D('',#8623,#5753,#5754);
#5157=AXIS2_PLACEMENT_3D('',#8625,#5756,#5757);
#5158=AXIS2_PLACEMENT_3D('',#8627,#5759,#5760);
#5159=AXIS2_PLACEMENT_3D('',#8629,#5762,#5763);
#5160=AXIS2_PLACEMENT_3D('',#8630,#5764,#5765);
#5161=AXIS2_PLACEMENT_3D('',#8633,#5768,#5769);
#5162=AXIS2_PLACEMENT_3D('',#8635,#5771,#5772);
#5163=AXIS2_PLACEMENT_3D('',#8637,#5774,#5775);
#5164=AXIS2_PLACEMENT_3D('',#8639,#5777,#5778);
#5165=AXIS2_PLACEMENT_3D('',#8641,#5780,#5781);
#5166=AXIS2_PLACEMENT_3D('',#8643,#5783,#5784);
#5167=AXIS2_PLACEMENT_3D('',#8645,#5786,#5787);
#5168=AXIS2_PLACEMENT_3D('',#8646,#5788,#5789);
#5169=AXIS2_PLACEMENT_3D('',#8649,#5792,#5793);
#5170=AXIS2_PLACEMENT_3D('',#8651,#5795,#5796);
#5171=AXIS2_PLACEMENT_3D('',#8653,#5798,#5799);
#5172=AXIS2_PLACEMENT_3D('',#8655,#5801,#5802);
#5173=AXIS2_PLACEMENT_3D('',#8657,#5804,#5805);
#5174=AXIS2_PLACEMENT_3D('',#8659,#5807,#5808);
#5175=AXIS2_PLACEMENT_3D('',#8661,#5810,#5811);
#5176=AXIS2_PLACEMENT_3D('',#8662,#5812,#5813);
#5177=AXIS2_PLACEMENT_3D('',#8665,#5816,#5817);
#5178=AXIS2_PLACEMENT_3D('',#8667,#5819,#5820);
#5179=AXIS2_PLACEMENT_3D('',#8669,#5822,#5823);
#5180=AXIS2_PLACEMENT_3D('',#8671,#5825,#5826);
#5181=AXIS2_PLACEMENT_3D('',#8673,#5828,#5829);
#5182=AXIS2_PLACEMENT_3D('',#8675,#5831,#5832);
#5183=AXIS2_PLACEMENT_3D('',#8677,#5834,#5835);
#5184=AXIS2_PLACEMENT_3D('',#8678,#5836,#5837);
#5185=AXIS2_PLACEMENT_3D('',#8681,#5840,#5841);
#5186=AXIS2_PLACEMENT_3D('',#8683,#5843,#5844);
#5187=AXIS2_PLACEMENT_3D('',#8685,#5846,#5847);
#5188=AXIS2_PLACEMENT_3D('',#8687,#5849,#5850);
#5189=AXIS2_PLACEMENT_3D('',#8689,#5852,#5853);
#5190=AXIS2_PLACEMENT_3D('',#8691,#5855,#5856);
#5191=AXIS2_PLACEMENT_3D('',#8693,#5858,#5859);
#5192=AXIS2_PLACEMENT_3D('',#8694,#5860,#5861);
#5193=AXIS2_PLACEMENT_3D('',#8697,#5864,#5865);
#5194=AXIS2_PLACEMENT_3D('',#8699,#5867,#5868);
#5195=AXIS2_PLACEMENT_3D('',#8701,#5870,#5871);
#5196=AXIS2_PLACEMENT_3D('',#8703,#5873,#5874);
#5197=AXIS2_PLACEMENT_3D('',#8705,#5876,#5877);
#5198=AXIS2_PLACEMENT_3D('',#8707,#5879,#5880);
#5199=AXIS2_PLACEMENT_3D('',#8709,#5882,#5883);
#5200=AXIS2_PLACEMENT_3D('',#8710,#5884,#5885);
#5201=AXIS2_PLACEMENT_3D('',#8713,#5888,#5889);
#5202=AXIS2_PLACEMENT_3D('',#8715,#5891,#5892);
#5203=AXIS2_PLACEMENT_3D('',#8717,#5894,#5895);
#5204=AXIS2_PLACEMENT_3D('',#8719,#5897,#5898);
#5205=AXIS2_PLACEMENT_3D('',#8721,#5900,#5901);
#5206=AXIS2_PLACEMENT_3D('',#8723,#5903,#5904);
#5207=AXIS2_PLACEMENT_3D('',#8725,#5906,#5907);
#5208=AXIS2_PLACEMENT_3D('',#8726,#5908,#5909);
#5209=AXIS2_PLACEMENT_3D('',#8729,#5912,#5913);
#5210=AXIS2_PLACEMENT_3D('',#8731,#5915,#5916);
#5211=AXIS2_PLACEMENT_3D('',#8733,#5918,#5919);
#5212=AXIS2_PLACEMENT_3D('',#8735,#5921,#5922);
#5213=AXIS2_PLACEMENT_3D('',#8737,#5924,#5925);
#5214=AXIS2_PLACEMENT_3D('',#8739,#5927,#5928);
#5215=AXIS2_PLACEMENT_3D('',#8741,#5930,#5931);
#5216=AXIS2_PLACEMENT_3D('',#8742,#5932,#5933);
#5217=AXIS2_PLACEMENT_3D('',#8745,#5936,#5937);
#5218=AXIS2_PLACEMENT_3D('',#8747,#5939,#5940);
#5219=AXIS2_PLACEMENT_3D('',#8749,#5942,#5943);
#5220=AXIS2_PLACEMENT_3D('',#8751,#5945,#5946);
#5221=AXIS2_PLACEMENT_3D('',#8753,#5948,#5949);
#5222=AXIS2_PLACEMENT_3D('',#8755,#5951,#5952);
#5223=AXIS2_PLACEMENT_3D('',#8757,#5954,#5955);
#5224=AXIS2_PLACEMENT_3D('',#8758,#5956,#5957);
#5225=AXIS2_PLACEMENT_3D('',#8762,#5960,#5961);
#5226=AXIS2_PLACEMENT_3D('',#8766,#5964,#5965);
#5227=AXIS2_PLACEMENT_3D('',#8768,#5967,#5968);
#5228=AXIS2_PLACEMENT_3D('',#8782,#5975,#5976);
#5229=AXIS2_PLACEMENT_3D('',#8784,#5977,#5978);
#5230=AXIS2_PLACEMENT_3D('',#8786,#5979,#5980);
#5231=AXIS2_PLACEMENT_3D('',#8788,#5981,#5982);
#5232=AXIS2_PLACEMENT_3D('',#8790,#5983,#5984);
#5233=AXIS2_PLACEMENT_3D('',#8792,#5985,#5986);
#5234=AXIS2_PLACEMENT_3D('',#8793,#5987,#5988);
#5235=AXIS2_PLACEMENT_3D('',#8795,#5990,#5991);
#5236=AXIS2_PLACEMENT_3D('',#8797,#5993,#5994);
#5237=AXIS2_PLACEMENT_3D('',#8799,#5996,#5997);
#5238=AXIS2_PLACEMENT_3D('',#8801,#5999,#6000);
#5239=AXIS2_PLACEMENT_3D('',#8803,#6002,#6003);
#5240=AXIS2_PLACEMENT_3D('',#8805,#6005,#6006);
#5241=AXIS2_PLACEMENT_3D('',#8808,#6009,#6010);
#5242=AXIS2_PLACEMENT_3D('',#8810,#6012,#6013);
#5243=AXIS2_PLACEMENT_3D('',#8812,#6015,#6016);
#5244=AXIS2_PLACEMENT_3D('',#8814,#6018,#6019);
#5245=AXIS2_PLACEMENT_3D('',#8816,#6021,#6022);
#5246=AXIS2_PLACEMENT_3D('',#8862,#6028,#6029);
#5247=AXIS2_PLACEMENT_3D('',#8885,#6032,#6033);
#5248=AXIS2_PLACEMENT_3D('',#9019,#6047,#6048);
#5249=AXIS2_PLACEMENT_3D('',#9108,#6057,#6058);
#5250=AXIS2_PLACEMENT_3D('',#9198,#6068,#6069);
#5251=AXIS2_PLACEMENT_3D('',#9221,#6072,#6073);
#5252=AXIS2_PLACEMENT_3D('',#9266,#6078,#6079);
#5253=AXIS2_PLACEMENT_3D('',#9269,#6082,#6083);
#5254=AXIS2_PLACEMENT_3D('',#9337,#6091,#6092);
#5255=AXIS2_PLACEMENT_3D('',#9338,#6093,#6094);
#5256=AXIS2_PLACEMENT_3D('',#9341,#6097,#6098);
#5257=AXIS2_PLACEMENT_3D('',#9409,#6106,#6107);
#5258=AXIS2_PLACEMENT_3D('',#9476,#6114,#6115);
#5259=AXIS2_PLACEMENT_3D('',#9478,#6117,#6118);
#5260=AXIS2_PLACEMENT_3D('',#9479,#6119,#6120);
#5261=AXIS2_PLACEMENT_3D('',#9482,#6123,#6124);
#5262=AXIS2_PLACEMENT_3D('',#9550,#6132,#6133);
#5263=AXIS2_PLACEMENT_3D('',#9584,#6137,#6138);
#5264=AXIS2_PLACEMENT_3D('',#9586,#6140,#6141);
#5265=AXIS2_PLACEMENT_3D('',#9588,#6143,#6144);
#5266=AXIS2_PLACEMENT_3D('',#9710,#6156,#6157);
#5267=AXIS2_PLACEMENT_3D('',#9712,#6159,#6160);
#5268=AXIS2_PLACEMENT_3D('',#9714,#6162,#6163);
#5269=DIRECTION('axis',(0.,0.,1.));
#5270=DIRECTION('refdir',(1.,0.,0.));
#5271=DIRECTION('center_axis',(0.,0.,1.));
#5272=DIRECTION('ref_axis',(-1.,0.,0.));
#5273=DIRECTION('',(-1.,0.,0.));
#5274=DIRECTION('',(0.,-1.,0.));
#5275=DIRECTION('',(0.,1.,0.));
#5276=DIRECTION('',(0.,-1.,0.));
#5277=DIRECTION('',(0.,1.,0.));
#5278=DIRECTION('',(1.,0.,0.));
#5279=DIRECTION('',(0.,-1.,0.));
#5280=DIRECTION('',(0.,1.,0.));
#5281=DIRECTION('',(1.,0.,0.));
#5282=DIRECTION('center_axis',(0.,0.,1.));
#5283=DIRECTION('ref_axis',(-1.,0.,0.));
#5284=DIRECTION('',(0.,-1.,0.));
#5285=DIRECTION('',(0.165541425089047,0.986202837442424,0.));
#5286=DIRECTION('',(0.,1.,0.));
#5287=DIRECTION('center_axis',(0.,0.,1.));
#5288=DIRECTION('ref_axis',(-1.,0.,0.));
#5289=DIRECTION('',(-1.,0.,0.));
#5290=DIRECTION('',(0.,-1.,0.));
#5291=DIRECTION('',(0.999958179804835,-0.00914541641482935,0.));
#5292=DIRECTION('',(-0.177527133544712,-0.984115906209933,0.));
#5293=DIRECTION('',(-1.,0.,0.));
#5294=DIRECTION('center_axis',(0.,0.,1.));
#5295=DIRECTION('ref_axis',(-1.,0.,0.));
#5296=DIRECTION('',(1.,0.,0.));
#5297=DIRECTION('',(0.,1.,0.));
#5298=DIRECTION('',(-1.,0.,0.));
#5299=DIRECTION('',(-1.,0.,0.));
#5300=DIRECTION('',(0.,-1.,0.));
#5301=DIRECTION('center_axis',(0.,0.,1.));
#5302=DIRECTION('ref_axis',(-1.,0.,0.));
#5303=DIRECTION('',(0.,-1.,0.));
#5304=DIRECTION('',(1.,0.,0.));
#5305=DIRECTION('',(0.,-1.,0.));
#5306=DIRECTION('',(0.,1.,0.));
#5307=DIRECTION('',(-1.,0.,0.));
#5308=DIRECTION('',(0.,-1.,0.));
#5309=DIRECTION('',(0.,1.,0.));
#5310=DIRECTION('',(1.,0.,0.));
#5311=DIRECTION('center_axis',(0.,0.,1.));
#5312=DIRECTION('ref_axis',(-1.,0.,0.));
#5313=DIRECTION('',(0.,-1.,0.));
#5314=DIRECTION('',(0.165541425089047,0.986202837442424,0.));
#5315=DIRECTION('',(0.,1.,0.));
#5316=DIRECTION('center_axis',(0.,0.,1.));
#5317=DIRECTION('ref_axis',(1.,0.,0.));
#5318=DIRECTION('',(-0.841178475376554,0.540757591313499,0.));
#5319=DIRECTION('',(0.,1.,0.));
#5320=DIRECTION('',(0.841178475376554,0.540757591313499,0.));
#5321=DIRECTION('',(0.841178475376554,-0.540757591313499,0.));
#5322=DIRECTION('',(0.,-1.,0.));
#5323=DIRECTION('',(-0.841178475376554,-0.540757591313499,0.));
#5324=DIRECTION('',(0.,-1.,0.));
#5325=DIRECTION('center_axis',(0.,0.,1.));
#5326=DIRECTION('ref_axis',(-1.,0.,0.));
#5327=DIRECTION('',(1.,0.,0.));
#5328=DIRECTION('center_axis',(0.,0.,1.));
#5329=DIRECTION('ref_axis',(0.,-1.,0.));
#5330=DIRECTION('',(0.,1.,0.));
#5331=DIRECTION('center_axis',(0.,0.,1.));
#5332=DIRECTION('ref_axis',(1.,0.,0.));
#5333=DIRECTION('',(-1.,0.,0.));
#5334=DIRECTION('center_axis',(0.,0.,1.));
#5335=DIRECTION('ref_axis',(0.,1.,0.));
#5336=DIRECTION('',(0.,-1.,0.));
#5337=DIRECTION('center_axis',(0.,0.,1.));
#5338=DIRECTION('ref_axis',(-1.,0.,0.));
#5339=DIRECTION('',(1.,0.,0.));
#5340=DIRECTION('center_axis',(0.,0.,1.));
#5341=DIRECTION('ref_axis',(0.,-1.,0.));
#5342=DIRECTION('',(0.,1.,0.));
#5343=DIRECTION('center_axis',(0.,0.,1.));
#5344=DIRECTION('ref_axis',(1.,0.,0.));
#5345=DIRECTION('',(-1.,0.,0.));
#5346=DIRECTION('center_axis',(0.,0.,1.));
#5347=DIRECTION('ref_axis',(0.,1.,0.));
#5348=DIRECTION('',(0.,-1.,0.));
#5349=DIRECTION('center_axis',(0.,0.,1.));
#5350=DIRECTION('ref_axis',(-1.,0.,0.));
#5351=DIRECTION('',(1.,0.,0.));
#5352=DIRECTION('center_axis',(0.,0.,1.));
#5353=DIRECTION('ref_axis',(0.,-1.,0.));
#5354=DIRECTION('',(0.,1.,0.));
#5355=DIRECTION('center_axis',(0.,0.,1.));
#5356=DIRECTION('ref_axis',(1.,0.,0.));
#5357=DIRECTION('',(-1.,0.,0.));
#5358=DIRECTION('center_axis',(0.,0.,1.));
#5359=DIRECTION('ref_axis',(0.,1.,0.));
#5360=DIRECTION('',(0.,-1.,0.));
#5361=DIRECTION('center_axis',(0.,0.,1.));
#5362=DIRECTION('ref_axis',(-1.,0.,0.));
#5363=DIRECTION('',(1.,0.,0.));
#5364=DIRECTION('center_axis',(0.,0.,1.));
#5365=DIRECTION('ref_axis',(0.,-1.,0.));
#5366=DIRECTION('',(0.,1.,0.));
#5367=DIRECTION('center_axis',(0.,0.,1.));
#5368=DIRECTION('ref_axis',(1.,0.,0.));
#5369=DIRECTION('',(-1.,0.,0.));
#5370=DIRECTION('center_axis',(0.,0.,1.));
#5371=DIRECTION('ref_axis',(0.,1.,0.));
#5372=DIRECTION('',(0.,-1.,0.));
#5373=DIRECTION('center_axis',(0.,0.,1.));
#5374=DIRECTION('ref_axis',(-1.,0.,0.));
#5375=DIRECTION('',(1.,0.,0.));
#5376=DIRECTION('center_axis',(0.,0.,1.));
#5377=DIRECTION('ref_axis',(0.,-1.,0.));
#5378=DIRECTION('',(0.,1.,0.));
#5379=DIRECTION('center_axis',(0.,0.,1.));
#5380=DIRECTION('ref_axis',(1.,0.,0.));
#5381=DIRECTION('',(-1.,0.,0.));
#5382=DIRECTION('center_axis',(0.,0.,1.));
#5383=DIRECTION('ref_axis',(0.,1.,0.));
#5384=DIRECTION('',(0.,-1.,0.));
#5385=DIRECTION('center_axis',(0.,0.,1.));
#5386=DIRECTION('ref_axis',(-1.,0.,0.));
#5387=DIRECTION('',(1.,0.,0.));
#5388=DIRECTION('center_axis',(0.,0.,1.));
#5389=DIRECTION('ref_axis',(0.,-1.,0.));
#5390=DIRECTION('',(0.,1.,0.));
#5391=DIRECTION('center_axis',(0.,0.,1.));
#5392=DIRECTION('ref_axis',(1.,0.,0.));
#5393=DIRECTION('',(-1.,0.,0.));
#5394=DIRECTION('center_axis',(0.,0.,1.));
#5395=DIRECTION('ref_axis',(0.,1.,0.));
#5396=DIRECTION('',(0.,-1.,0.));
#5397=DIRECTION('center_axis',(0.,0.,1.));
#5398=DIRECTION('ref_axis',(-1.,0.,0.));
#5399=DIRECTION('',(1.,0.,0.));
#5400=DIRECTION('center_axis',(0.,0.,1.));
#5401=DIRECTION('ref_axis',(0.,-1.,0.));
#5402=DIRECTION('',(0.,1.,0.));
#5403=DIRECTION('center_axis',(0.,0.,1.));
#5404=DIRECTION('ref_axis',(1.,0.,0.));
#5405=DIRECTION('',(-1.,0.,0.));
#5406=DIRECTION('center_axis',(0.,0.,1.));
#5407=DIRECTION('ref_axis',(0.,1.,0.));
#5408=DIRECTION('',(0.,-1.,0.));
#5409=DIRECTION('center_axis',(0.,0.,1.));
#5410=DIRECTION('ref_axis',(-1.,0.,0.));
#5411=DIRECTION('',(1.,0.,0.));
#5412=DIRECTION('center_axis',(0.,0.,1.));
#5413=DIRECTION('ref_axis',(0.,-1.,0.));
#5414=DIRECTION('',(0.,1.,0.));
#5415=DIRECTION('center_axis',(0.,0.,1.));
#5416=DIRECTION('ref_axis',(1.,0.,0.));
#5417=DIRECTION('',(-1.,0.,0.));
#5418=DIRECTION('center_axis',(0.,0.,1.));
#5419=DIRECTION('ref_axis',(0.,1.,0.));
#5420=DIRECTION('',(0.,-1.,0.));
#5421=DIRECTION('center_axis',(0.,0.,1.));
#5422=DIRECTION('ref_axis',(-1.,0.,0.));
#5423=DIRECTION('',(1.,0.,0.));
#5424=DIRECTION('center_axis',(0.,0.,1.));
#5425=DIRECTION('ref_axis',(0.,-1.,0.));
#5426=DIRECTION('',(0.,1.,0.));
#5427=DIRECTION('center_axis',(0.,0.,1.));
#5428=DIRECTION('ref_axis',(1.,0.,0.));
#5429=DIRECTION('',(-1.,0.,0.));
#5430=DIRECTION('center_axis',(0.,0.,1.));
#5431=DIRECTION('ref_axis',(0.,1.,0.));
#5432=DIRECTION('center_axis',(0.,0.,1.));
#5433=DIRECTION('ref_axis',(-1.,0.,0.));
#5434=DIRECTION('center_axis',(0.,0.,1.));
#5435=DIRECTION('ref_axis',(-1.,0.,0.));
#5436=DIRECTION('center_axis',(0.,0.,1.));
#5437=DIRECTION('ref_axis',(-1.,0.,0.));
#5438=DIRECTION('center_axis',(0.,0.,1.));
#5439=DIRECTION('ref_axis',(-1.,0.,0.));
#5440=DIRECTION('center_axis',(0.,0.,1.));
#5441=DIRECTION('ref_axis',(-1.,0.,0.));
#5442=DIRECTION('center_axis',(0.,0.,1.));
#5443=DIRECTION('ref_axis',(-1.,0.,0.));
#5444=DIRECTION('',(-1.,0.,0.));
#5445=DIRECTION('',(0.,-1.,0.));
#5446=DIRECTION('',(1.,0.,0.));
#5447=DIRECTION('',(0.,1.,0.));
#5448=DIRECTION('',(1.,0.,0.));
#5449=DIRECTION('',(2.53765262771464E-15,1.,0.));
#5450=DIRECTION('',(-1.,0.,0.));
#5451=DIRECTION('',(-2.53765262771464E-15,-1.,0.));
#5452=DIRECTION('center_axis',(0.,0.,-1.));
#5453=DIRECTION('ref_axis',(1.,0.,0.));
#5454=DIRECTION('',(2.53765262771464E-15,1.,0.));
#5455=DIRECTION('',(1.,0.,0.));
#5456=DIRECTION('',(-2.53765262771464E-15,-1.,0.));
#5457=DIRECTION('',(-1.,0.,0.));
#5458=DIRECTION('center_axis',(0.,0.,-1.));
#5459=DIRECTION('ref_axis',(1.,0.,0.));
#5460=DIRECTION('center_axis',(0.,0.,-1.));
#5461=DIRECTION('ref_axis',(-1.,0.,0.));
#5462=DIRECTION('',(0.,1.,0.));
#5463=DIRECTION('',(-0.868136700244127,0.496325165279013,0.));
#5464=DIRECTION('',(-0.868136700244127,-0.496325165279013,0.));
#5465=DIRECTION('',(-2.00040184617145E-17,-1.,0.));
#5466=DIRECTION('',(0.868136700244127,-0.496325165279013,0.));
#5467=DIRECTION('',(0.868136700244127,0.496325165279013,0.));
#5468=DIRECTION('',(0.,1.,0.));
#5469=DIRECTION('center_axis',(0.,0.,-1.));
#5470=DIRECTION('ref_axis',(0.,1.,0.));
#5471=DIRECTION('',(1.,0.,0.));
#5472=DIRECTION('center_axis',(0.,0.,-1.));
#5473=DIRECTION('ref_axis',(1.,0.,0.));
#5474=DIRECTION('',(0.,-1.,0.));
#5475=DIRECTION('center_axis',(0.,0.,-1.));
#5476=DIRECTION('ref_axis',(0.,-1.,0.));
#5477=DIRECTION('',(-1.,0.,0.));
#5478=DIRECTION('center_axis',(0.,0.,-1.));
#5479=DIRECTION('ref_axis',(-1.,0.,0.));
#5480=DIRECTION('',(0.,1.,0.));
#5481=DIRECTION('center_axis',(0.,0.,-1.));
#5482=DIRECTION('ref_axis',(0.,1.,0.));
#5483=DIRECTION('',(1.,0.,0.));
#5484=DIRECTION('center_axis',(0.,0.,-1.));
#5485=DIRECTION('ref_axis',(1.,0.,0.));
#5486=DIRECTION('',(0.,-1.,0.));
#5487=DIRECTION('center_axis',(0.,0.,-1.));
#5488=DIRECTION('ref_axis',(0.,-1.,0.));
#5489=DIRECTION('',(-1.,0.,0.));
#5490=DIRECTION('center_axis',(0.,0.,-1.));
#5491=DIRECTION('ref_axis',(-1.,0.,0.));
#5492=DIRECTION('',(0.,1.,0.));
#5493=DIRECTION('center_axis',(0.,0.,-1.));
#5494=DIRECTION('ref_axis',(0.,1.,0.));
#5495=DIRECTION('',(1.,0.,0.));
#5496=DIRECTION('center_axis',(0.,0.,-1.));
#5497=DIRECTION('ref_axis',(1.,0.,0.));
#5498=DIRECTION('',(0.,-1.,0.));
#5499=DIRECTION('center_axis',(0.,0.,-1.));
#5500=DIRECTION('ref_axis',(0.,-1.,0.));
#5501=DIRECTION('',(-1.,0.,0.));
#5502=DIRECTION('center_axis',(0.,0.,-1.));
#5503=DIRECTION('ref_axis',(-1.,0.,0.));
#5504=DIRECTION('',(0.,1.,0.));
#5505=DIRECTION('center_axis',(0.,0.,-1.));
#5506=DIRECTION('ref_axis',(0.,1.,0.));
#5507=DIRECTION('',(1.,0.,0.));
#5508=DIRECTION('center_axis',(0.,0.,-1.));
#5509=DIRECTION('ref_axis',(1.,0.,0.));
#5510=DIRECTION('',(0.,-1.,0.));
#5511=DIRECTION('center_axis',(0.,0.,-1.));
#5512=DIRECTION('ref_axis',(0.,-1.,0.));
#5513=DIRECTION('',(-1.,0.,0.));
#5514=DIRECTION('center_axis',(0.,0.,-1.));
#5515=DIRECTION('ref_axis',(-1.,0.,0.));
#5516=DIRECTION('',(0.,1.,0.));
#5517=DIRECTION('center_axis',(0.,0.,-1.));
#5518=DIRECTION('ref_axis',(0.,1.,0.));
#5519=DIRECTION('',(1.,0.,0.));
#5520=DIRECTION('center_axis',(0.,0.,-1.));
#5521=DIRECTION('ref_axis',(1.,0.,0.));
#5522=DIRECTION('',(0.,-1.,0.));
#5523=DIRECTION('center_axis',(0.,0.,-1.));
#5524=DIRECTION('ref_axis',(0.,-1.,0.));
#5525=DIRECTION('',(-1.,0.,0.));
#5526=DIRECTION('center_axis',(0.,0.,-1.));
#5527=DIRECTION('ref_axis',(-1.,0.,0.));
#5528=DIRECTION('',(0.,1.,0.));
#5529=DIRECTION('center_axis',(0.,0.,-1.));
#5530=DIRECTION('ref_axis',(0.,1.,0.));
#5531=DIRECTION('',(1.,0.,0.));
#5532=DIRECTION('center_axis',(0.,0.,-1.));
#5533=DIRECTION('ref_axis',(1.,0.,0.));
#5534=DIRECTION('',(0.,-1.,0.));
#5535=DIRECTION('center_axis',(0.,0.,-1.));
#5536=DIRECTION('ref_axis',(0.,-1.,0.));
#5537=DIRECTION('',(-1.,0.,0.));
#5538=DIRECTION('center_axis',(0.,0.,-1.));
#5539=DIRECTION('ref_axis',(-1.,0.,0.));
#5540=DIRECTION('',(0.,1.,0.));
#5541=DIRECTION('center_axis',(0.,0.,-1.));
#5542=DIRECTION('ref_axis',(0.,1.,0.));
#5543=DIRECTION('',(1.,0.,0.));
#5544=DIRECTION('center_axis',(0.,0.,-1.));
#5545=DIRECTION('ref_axis',(1.,0.,0.));
#5546=DIRECTION('',(0.,-1.,0.));
#5547=DIRECTION('center_axis',(0.,0.,-1.));
#5548=DIRECTION('ref_axis',(0.,-1.,0.));
#5549=DIRECTION('',(-1.,0.,0.));
#5550=DIRECTION('center_axis',(0.,0.,-1.));
#5551=DIRECTION('ref_axis',(-1.,0.,0.));
#5552=DIRECTION('',(0.,1.,0.));
#5553=DIRECTION('center_axis',(0.,0.,-1.));
#5554=DIRECTION('ref_axis',(0.,1.,0.));
#5555=DIRECTION('',(1.,0.,0.));
#5556=DIRECTION('center_axis',(0.,0.,-1.));
#5557=DIRECTION('ref_axis',(1.,0.,0.));
#5558=DIRECTION('',(0.,-1.,0.));
#5559=DIRECTION('center_axis',(0.,0.,-1.));
#5560=DIRECTION('ref_axis',(0.,-1.,0.));
#5561=DIRECTION('',(-1.,0.,0.));
#5562=DIRECTION('center_axis',(0.,0.,-1.));
#5563=DIRECTION('ref_axis',(-1.,0.,0.));
#5564=DIRECTION('',(0.,1.,0.));
#5565=DIRECTION('center_axis',(0.,0.,-1.));
#5566=DIRECTION('ref_axis',(0.,1.,0.));
#5567=DIRECTION('',(1.,0.,0.));
#5568=DIRECTION('center_axis',(0.,0.,-1.));
#5569=DIRECTION('ref_axis',(1.,0.,0.));
#5570=DIRECTION('',(0.,-1.,0.));
#5571=DIRECTION('center_axis',(0.,0.,-1.));
#5572=DIRECTION('ref_axis',(0.,-1.,0.));
#5573=DIRECTION('',(-1.,0.,0.));
#5574=DIRECTION('center_axis',(0.,0.,-1.));
#5575=DIRECTION('ref_axis',(-1.,0.,0.));
#5576=DIRECTION('',(1.,0.,0.));
#5577=DIRECTION('',(0.,-1.,0.));
#5578=DIRECTION('',(-1.,0.,0.));
#5579=DIRECTION('',(0.,1.,0.));
#5580=DIRECTION('',(0.165541425089047,0.986202837442424,0.));
#5581=DIRECTION('',(0.,-1.,0.));
#5582=DIRECTION('',(-0.177527133544712,-0.984115906209933,0.));
#5583=DIRECTION('',(0.999958179804835,-0.00914541641482935,0.));
#5584=DIRECTION('',(0.,-1.,0.));
#5585=DIRECTION('',(-1.,0.,0.));
#5586=DIRECTION('',(0.165541425089047,0.986202837442424,0.));
#5587=DIRECTION('',(0.,-1.,0.));
#5588=DIRECTION('',(0.,1.,0.));
#5589=DIRECTION('',(0.,-1.,0.));
#5590=DIRECTION('',(-1.,0.,0.));
#5591=DIRECTION('',(-1.,0.,0.));
#5592=DIRECTION('',(0.,1.,0.));
#5593=DIRECTION('',(0.,-1.,0.));
#5594=DIRECTION('',(1.,0.,0.));
#5595=DIRECTION('',(0.,-1.,0.));
#5596=DIRECTION('',(0.,-1.,0.));
#5597=DIRECTION('',(-1.,0.,0.));
#5598=DIRECTION('',(-1.,0.,0.));
#5599=DIRECTION('',(0.,1.,0.));
#5600=DIRECTION('',(1.,0.,0.));
#5601=DIRECTION('center_axis',(0.,0.,-1.));
#5602=DIRECTION('ref_axis',(1.,0.,0.));
#5603=DIRECTION('',(0.,0.,1.));
#5604=DIRECTION('',(0.,0.,1.));
#5605=DIRECTION('',(0.,0.,1.));
#5606=DIRECTION('',(0.,0.,1.));
#5607=DIRECTION('',(0.,0.,1.));
#5608=DIRECTION('center_axis',(0.,1.,0.));
#5609=DIRECTION('ref_axis',(-1.,0.,0.));
#5610=DIRECTION('',(0.,0.,1.));
#5611=DIRECTION('center_axis',(-1.,0.,0.));
#5612=DIRECTION('ref_axis',(0.,-1.,0.));
#5613=DIRECTION('',(0.,0.,1.));
#5614=DIRECTION('',(0.,0.,1.));
#5615=DIRECTION('',(0.,0.,1.));
#5616=DIRECTION('',(0.,0.,1.));
#5617=DIRECTION('',(0.,0.,1.));
#5618=DIRECTION('',(0.,0.,1.));
#5619=DIRECTION('center_axis',(1.,0.,0.));
#5620=DIRECTION('ref_axis',(0.,1.,0.));
#5621=DIRECTION('',(0.,0.,1.));
#5622=DIRECTION('center_axis',(0.,1.,0.));
#5623=DIRECTION('ref_axis',(-1.,0.,0.));
#5624=DIRECTION('',(0.,0.,1.));
#5625=DIRECTION('',(0.,0.,1.));
#5626=DIRECTION('',(0.,0.,1.));
#5627=DIRECTION('',(0.,0.,1.));
#5628=DIRECTION('',(0.,0.,1.));
#5629=DIRECTION('',(0.,0.,1.));
#5630=DIRECTION('',(0.,0.,1.));
#5631=DIRECTION('',(0.,0.,1.));
#5632=DIRECTION('center_axis',(1.,0.,0.));
#5633=DIRECTION('ref_axis',(0.,1.,0.));
#5634=DIRECTION('',(0.,0.,1.));
#5635=DIRECTION('',(0.,0.,1.));
#5636=DIRECTION('',(0.,0.,1.));
#5637=DIRECTION('',(0.,0.,1.));
#5638=DIRECTION('',(0.,0.,1.));
#5639=DIRECTION('',(0.,0.,1.));
#5640=DIRECTION('',(0.,0.,1.));
#5641=DIRECTION('',(0.,0.,1.));
#5642=DIRECTION('center_axis',(0.986202837442424,-0.165541425089047,0.));
#5643=DIRECTION('ref_axis',(0.165541425089047,0.986202837442424,0.));
#5644=DIRECTION('',(0.,0.,1.));
#5645=DIRECTION('',(0.,0.,1.));
#5646=DIRECTION('',(0.,0.,1.));
#5647=DIRECTION('',(0.,0.,1.));
#5648=DIRECTION('center_axis',(-1.,0.,0.));
#5649=DIRECTION('ref_axis',(0.,-1.,0.));
#5650=DIRECTION('',(0.,0.,1.));
#5651=DIRECTION('',(0.,0.,1.));
#5652=DIRECTION('',(0.,0.,1.));
#5653=DIRECTION('center_axis',(-0.00914541641482935,-0.999958179804835,
0.));
#5654=DIRECTION('ref_axis',(0.999958179804835,-0.00914541641482935,0.));
#5655=DIRECTION('',(0.,0.,1.));
#5656=DIRECTION('',(0.,0.,1.));
#5657=DIRECTION('',(0.,0.,1.));
#5658=DIRECTION('',(0.,0.,1.));
#5659=DIRECTION('',(0.,0.,1.));
#5660=DIRECTION('',(0.,0.,1.));
#5661=DIRECTION('center_axis',(-0.984115906209933,0.177527133544712,0.));
#5662=DIRECTION('ref_axis',(-0.177527133544712,-0.984115906209933,0.));
#5663=DIRECTION('',(0.,0.,1.));
#5664=DIRECTION('',(0.,0.,1.));
#5665=DIRECTION('',(0.,0.,1.));
#5666=DIRECTION('',(0.,0.,1.));
#5667=DIRECTION('',(0.,0.,1.));
#5668=DIRECTION('',(0.,0.,1.));
#5669=DIRECTION('',(0.,0.,1.));
#5670=DIRECTION('',(0.,0.,1.));
#5671=DIRECTION('center_axis',(0.986202837442424,-0.165541425089047,0.));
#5672=DIRECTION('ref_axis',(0.165541425089047,0.986202837442424,0.));
#5673=DIRECTION('',(0.,0.,1.));
#5674=DIRECTION('center_axis',(0.496325165279013,-0.868136700244127,0.));
#5675=DIRECTION('ref_axis',(-0.868136700244127,-0.496325165279013,0.));
#5676=DIRECTION('',(0.,0.,-1.));
#5677=DIRECTION('',(-0.868136700244127,-0.496325165279013,0.));
#5678=DIRECTION('',(0.,0.,-1.));
#5679=DIRECTION('center_axis',(-0.496325165279013,-0.868136700244127,0.));
#5680=DIRECTION('ref_axis',(-0.868136700244127,0.496325165279013,0.));
#5681=DIRECTION('',(0.,0.,-1.));
#5682=DIRECTION('',(-0.868136700244127,0.496325165279013,0.));
#5683=DIRECTION('center_axis',(-1.,0.,0.));
#5684=DIRECTION('ref_axis',(0.,1.,0.));
#5685=DIRECTION('',(0.,0.,-1.));
#5686=DIRECTION('',(0.,1.,0.));
#5687=DIRECTION('center_axis',(0.,-1.,0.));
#5688=DIRECTION('ref_axis',(1.,0.,0.));
#5689=DIRECTION('',(0.,0.,1.));
#5690=DIRECTION('',(0.,0.,-1.));
#5691=DIRECTION('center_axis',(-1.,2.53765262771464E-15,0.));
#5692=DIRECTION('ref_axis',(-2.53765262771464E-15,-1.,0.));
#5693=DIRECTION('',(0.,0.,1.));
#5694=DIRECTION('center_axis',(0.,1.,0.));
#5695=DIRECTION('ref_axis',(-1.,0.,0.));
#5696=DIRECTION('',(0.,0.,1.));
#5697=DIRECTION('center_axis',(1.,-2.53765262771464E-15,0.));
#5698=DIRECTION('ref_axis',(2.53765262771464E-15,1.,0.));
#5699=DIRECTION('center_axis',(0.,0.,-1.));
#5700=DIRECTION('ref_axis',(1.,0.,0.));
#5701=DIRECTION('',(0.,0.,-1.));
#5702=DIRECTION('center_axis',(0.,0.,-1.));
#5703=DIRECTION('ref_axis',(-1.,0.,0.));
#5704=DIRECTION('',(0.,-1.,0.));
#5705=DIRECTION('center_axis',(0.,0.,-1.));
#5706=DIRECTION('ref_axis',(-1.,0.,0.));
#5707=DIRECTION('',(1.,0.,0.));
#5708=DIRECTION('center_axis',(0.,0.,-1.));
#5709=DIRECTION('ref_axis',(-1.,0.,0.));
#5710=DIRECTION('',(0.,-1.,0.));
#5711=DIRECTION('center_axis',(0.,0.,-1.));
#5712=DIRECTION('ref_axis',(-1.,0.,0.));
#5713=DIRECTION('',(-1.,0.,0.));
#5714=DIRECTION('',(0.,-1.,0.));
#5715=DIRECTION('',(0.,1.,0.));
#5716=DIRECTION('center_axis',(0.,0.,-1.));
#5717=DIRECTION('ref_axis',(-1.,0.,0.));
#5718=DIRECTION('',(-1.,0.,0.));
#5719=DIRECTION('',(0.,-1.,0.));
#5720=DIRECTION('',(0.,1.,0.));
#5721=DIRECTION('center_axis',(0.,0.,-1.));
#5722=DIRECTION('ref_axis',(-1.,0.,0.));
#5723=DIRECTION('',(-1.,0.,0.));
#5724=DIRECTION('',(0.,-1.,0.));
#5725=DIRECTION('',(0.,1.,0.));
#5726=DIRECTION('center_axis',(0.,0.,-1.));
#5727=DIRECTION('ref_axis',(-1.,0.,0.));
#5728=DIRECTION('center_axis',(0.,-1.,0.));
#5729=DIRECTION('ref_axis',(-1.,0.,0.));
#5730=DIRECTION('',(0.,0.,-1.));
#5731=DIRECTION('',(0.,0.,-1.));
#5732=DIRECTION('center_axis',(1.,0.,0.));
#5733=DIRECTION('ref_axis',(0.,-1.,0.));
#5734=DIRECTION('',(0.,0.,1.));
#5735=DIRECTION('center_axis',(0.,1.,0.));
#5736=DIRECTION('ref_axis',(1.,0.,0.));
#5737=DIRECTION('',(0.,0.,-1.));
#5738=DIRECTION('center_axis',(-1.,0.,0.));
#5739=DIRECTION('ref_axis',(0.,1.,0.));
#5740=DIRECTION('center_axis',(1.,0.,0.));
#5741=DIRECTION('ref_axis',(0.,-1.,0.));
#5742=DIRECTION('',(0.,0.,-1.));
#5743=DIRECTION('',(0.,0.,-1.));
#5744=DIRECTION('center_axis',(0.,0.,-1.));
#5745=DIRECTION('ref_axis',(1.,0.,0.));
#5746=DIRECTION('',(0.,0.,-1.));
#5747=DIRECTION('center_axis',(0.,1.,0.));
#5748=DIRECTION('ref_axis',(1.,0.,0.));
#5749=DIRECTION('',(0.,0.,-1.));
#5750=DIRECTION('center_axis',(0.,0.,-1.));
#5751=DIRECTION('ref_axis',(0.,1.,0.));
#5752=DIRECTION('',(0.,0.,1.));
#5753=DIRECTION('center_axis',(-1.,0.,0.));
#5754=DIRECTION('ref_axis',(0.,1.,0.));
#5755=DIRECTION('',(0.,0.,-1.));
#5756=DIRECTION('center_axis',(0.,0.,-1.));
#5757=DIRECTION('ref_axis',(-1.,0.,0.));
#5758=DIRECTION('',(0.,0.,-1.));
#5759=DIRECTION('center_axis',(0.,-1.,0.));
#5760=DIRECTION('ref_axis',(-1.,0.,0.));
#5761=DIRECTION('',(0.,0.,-1.));
#5762=DIRECTION('center_axis',(0.,0.,-1.));
#5763=DIRECTION('ref_axis',(0.,-1.,0.));
#5764=DIRECTION('center_axis',(1.,0.,0.));
#5765=DIRECTION('ref_axis',(0.,-1.,0.));
#5766=DIRECTION('',(0.,0.,-1.));
#5767=DIRECTION('',(0.,0.,-1.));
#5768=DIRECTION('center_axis',(0.,0.,-1.));
#5769=DIRECTION('ref_axis',(1.,0.,0.));
#5770=DIRECTION('',(0.,0.,-1.));
#5771=DIRECTION('center_axis',(0.,1.,0.));
#5772=DIRECTION('ref_axis',(1.,0.,0.));
#5773=DIRECTION('',(0.,0.,-1.));
#5774=DIRECTION('center_axis',(0.,0.,-1.));
#5775=DIRECTION('ref_axis',(0.,1.,0.));
#5776=DIRECTION('',(0.,0.,1.));
#5777=DIRECTION('center_axis',(-1.,0.,0.));
#5778=DIRECTION('ref_axis',(0.,1.,0.));
#5779=DIRECTION('',(0.,0.,-1.));
#5780=DIRECTION('center_axis',(0.,0.,-1.));
#5781=DIRECTION('ref_axis',(-1.,0.,0.));
#5782=DIRECTION('',(0.,0.,-1.));
#5783=DIRECTION('center_axis',(0.,-1.,0.));
#5784=DIRECTION('ref_axis',(-1.,0.,0.));
#5785=DIRECTION('',(0.,0.,-1.));
#5786=DIRECTION('center_axis',(0.,0.,-1.));
#5787=DIRECTION('ref_axis',(0.,-1.,0.));
#5788=DIRECTION('center_axis',(1.,0.,0.));
#5789=DIRECTION('ref_axis',(0.,-1.,0.));
#5790=DIRECTION('',(0.,0.,-1.));
#5791=DIRECTION('',(0.,0.,-1.));
#5792=DIRECTION('center_axis',(0.,0.,-1.));
#5793=DIRECTION('ref_axis',(1.,0.,0.));
#5794=DIRECTION('',(0.,0.,-1.));
#5795=DIRECTION('center_axis',(0.,1.,0.));
#5796=DIRECTION('ref_axis',(1.,0.,0.));
#5797=DIRECTION('',(0.,0.,-1.));
#5798=DIRECTION('center_axis',(0.,0.,-1.));
#5799=DIRECTION('ref_axis',(0.,1.,0.));
#5800=DIRECTION('',(0.,0.,1.));
#5801=DIRECTION('center_axis',(-1.,0.,0.));
#5802=DIRECTION('ref_axis',(0.,1.,0.));
#5803=DIRECTION('',(0.,0.,-1.));
#5804=DIRECTION('center_axis',(0.,0.,-1.));
#5805=DIRECTION('ref_axis',(-1.,0.,0.));
#5806=DIRECTION('',(0.,0.,-1.));
#5807=DIRECTION('center_axis',(0.,-1.,0.));
#5808=DIRECTION('ref_axis',(-1.,0.,0.));
#5809=DIRECTION('',(0.,0.,-1.));
#5810=DIRECTION('center_axis',(0.,0.,-1.));
#5811=DIRECTION('ref_axis',(0.,-1.,0.));
#5812=DIRECTION('center_axis',(1.,0.,0.));
#5813=DIRECTION('ref_axis',(0.,-1.,0.));
#5814=DIRECTION('',(0.,0.,-1.));
#5815=DIRECTION('',(0.,0.,-1.));
#5816=DIRECTION('center_axis',(0.,0.,-1.));
#5817=DIRECTION('ref_axis',(1.,0.,0.));
#5818=DIRECTION('',(0.,0.,-1.));
#5819=DIRECTION('center_axis',(0.,1.,0.));
#5820=DIRECTION('ref_axis',(1.,0.,0.));
#5821=DIRECTION('',(0.,0.,-1.));
#5822=DIRECTION('center_axis',(0.,0.,-1.));
#5823=DIRECTION('ref_axis',(0.,1.,0.));
#5824=DIRECTION('',(0.,0.,1.));
#5825=DIRECTION('center_axis',(-1.,0.,0.));
#5826=DIRECTION('ref_axis',(0.,1.,0.));
#5827=DIRECTION('',(0.,0.,-1.));
#5828=DIRECTION('center_axis',(0.,0.,-1.));
#5829=DIRECTION('ref_axis',(-1.,0.,0.));
#5830=DIRECTION('',(0.,0.,-1.));
#5831=DIRECTION('center_axis',(0.,-1.,0.));
#5832=DIRECTION('ref_axis',(-1.,0.,0.));
#5833=DIRECTION('',(0.,0.,-1.));
#5834=DIRECTION('center_axis',(0.,0.,-1.));
#5835=DIRECTION('ref_axis',(0.,-1.,0.));
#5836=DIRECTION('center_axis',(1.,0.,0.));
#5837=DIRECTION('ref_axis',(0.,-1.,0.));
#5838=DIRECTION('',(0.,0.,-1.));
#5839=DIRECTION('',(0.,0.,-1.));
#5840=DIRECTION('center_axis',(0.,0.,-1.));
#5841=DIRECTION('ref_axis',(1.,0.,0.));
#5842=DIRECTION('',(0.,0.,-1.));
#5843=DIRECTION('center_axis',(0.,1.,0.));
#5844=DIRECTION('ref_axis',(1.,0.,0.));
#5845=DIRECTION('',(0.,0.,-1.));
#5846=DIRECTION('center_axis',(0.,0.,-1.));
#5847=DIRECTION('ref_axis',(0.,1.,0.));
#5848=DIRECTION('',(0.,0.,1.));
#5849=DIRECTION('center_axis',(-1.,0.,0.));
#5850=DIRECTION('ref_axis',(0.,1.,0.));
#5851=DIRECTION('',(0.,0.,-1.));
#5852=DIRECTION('center_axis',(0.,0.,-1.));
#5853=DIRECTION('ref_axis',(-1.,0.,0.));
#5854=DIRECTION('',(0.,0.,-1.));
#5855=DIRECTION('center_axis',(0.,-1.,0.));
#5856=DIRECTION('ref_axis',(-1.,0.,0.));
#5857=DIRECTION('',(0.,0.,-1.));
#5858=DIRECTION('center_axis',(0.,0.,-1.));
#5859=DIRECTION('ref_axis',(0.,-1.,0.));
#5860=DIRECTION('center_axis',(1.,0.,0.));
#5861=DIRECTION('ref_axis',(0.,-1.,0.));
#5862=DIRECTION('',(0.,0.,-1.));
#5863=DIRECTION('',(0.,0.,-1.));
#5864=DIRECTION('center_axis',(0.,0.,-1.));
#5865=DIRECTION('ref_axis',(1.,0.,0.));
#5866=DIRECTION('',(0.,0.,-1.));
#5867=DIRECTION('center_axis',(0.,1.,0.));
#5868=DIRECTION('ref_axis',(1.,0.,0.));
#5869=DIRECTION('',(0.,0.,-1.));
#5870=DIRECTION('center_axis',(0.,0.,-1.));
#5871=DIRECTION('ref_axis',(0.,1.,0.));
#5872=DIRECTION('',(0.,0.,1.));
#5873=DIRECTION('center_axis',(-1.,0.,0.));
#5874=DIRECTION('ref_axis',(0.,1.,0.));
#5875=DIRECTION('',(0.,0.,-1.));
#5876=DIRECTION('center_axis',(0.,0.,-1.));
#5877=DIRECTION('ref_axis',(-1.,0.,0.));
#5878=DIRECTION('',(0.,0.,-1.));
#5879=DIRECTION('center_axis',(0.,-1.,0.));
#5880=DIRECTION('ref_axis',(-1.,0.,0.));
#5881=DIRECTION('',(0.,0.,-1.));
#5882=DIRECTION('center_axis',(0.,0.,-1.));
#5883=DIRECTION('ref_axis',(0.,-1.,0.));
#5884=DIRECTION('center_axis',(1.,0.,0.));
#5885=DIRECTION('ref_axis',(0.,-1.,0.));
#5886=DIRECTION('',(0.,0.,-1.));
#5887=DIRECTION('',(0.,0.,-1.));
#5888=DIRECTION('center_axis',(0.,0.,-1.));
#5889=DIRECTION('ref_axis',(1.,0.,0.));
#5890=DIRECTION('',(0.,0.,-1.));
#5891=DIRECTION('center_axis',(0.,1.,0.));
#5892=DIRECTION('ref_axis',(1.,0.,0.));
#5893=DIRECTION('',(0.,0.,-1.));
#5894=DIRECTION('center_axis',(0.,0.,-1.));
#5895=DIRECTION('ref_axis',(0.,1.,0.));
#5896=DIRECTION('',(0.,0.,1.));
#5897=DIRECTION('center_axis',(-1.,0.,0.));
#5898=DIRECTION('ref_axis',(0.,1.,0.));
#5899=DIRECTION('',(0.,0.,-1.));
#5900=DIRECTION('center_axis',(0.,0.,-1.));
#5901=DIRECTION('ref_axis',(-1.,0.,0.));
#5902=DIRECTION('',(0.,0.,-1.));
#5903=DIRECTION('center_axis',(0.,-1.,0.));
#5904=DIRECTION('ref_axis',(-1.,0.,0.));
#5905=DIRECTION('',(0.,0.,-1.));
#5906=DIRECTION('center_axis',(0.,0.,-1.));
#5907=DIRECTION('ref_axis',(0.,-1.,0.));
#5908=DIRECTION('center_axis',(1.,0.,0.));
#5909=DIRECTION('ref_axis',(0.,-1.,0.));
#5910=DIRECTION('',(0.,0.,-1.));
#5911=DIRECTION('',(0.,0.,-1.));
#5912=DIRECTION('center_axis',(0.,0.,-1.));
#5913=DIRECTION('ref_axis',(1.,0.,0.));
#5914=DIRECTION('',(0.,0.,-1.));
#5915=DIRECTION('center_axis',(0.,1.,0.));
#5916=DIRECTION('ref_axis',(1.,0.,0.));
#5917=DIRECTION('',(0.,0.,-1.));
#5918=DIRECTION('center_axis',(0.,0.,-1.));
#5919=DIRECTION('ref_axis',(0.,1.,0.));
#5920=DIRECTION('',(0.,0.,1.));
#5921=DIRECTION('center_axis',(-1.,0.,0.));
#5922=DIRECTION('ref_axis',(0.,1.,0.));
#5923=DIRECTION('',(0.,0.,-1.));
#5924=DIRECTION('center_axis',(0.,0.,-1.));
#5925=DIRECTION('ref_axis',(-1.,0.,0.));
#5926=DIRECTION('',(0.,0.,-1.));
#5927=DIRECTION('center_axis',(0.,-1.,0.));
#5928=DIRECTION('ref_axis',(-1.,0.,0.));
#5929=DIRECTION('',(0.,0.,-1.));
#5930=DIRECTION('center_axis',(0.,0.,-1.));
#5931=DIRECTION('ref_axis',(0.,-1.,0.));
#5932=DIRECTION('center_axis',(1.,0.,0.));
#5933=DIRECTION('ref_axis',(0.,-1.,0.));
#5934=DIRECTION('',(0.,0.,-1.));
#5935=DIRECTION('',(0.,0.,-1.));
#5936=DIRECTION('center_axis',(0.,0.,-1.));
#5937=DIRECTION('ref_axis',(1.,0.,0.));
#5938=DIRECTION('',(0.,0.,-1.));
#5939=DIRECTION('center_axis',(0.,1.,0.));
#5940=DIRECTION('ref_axis',(1.,0.,0.));
#5941=DIRECTION('',(0.,0.,-1.));
#5942=DIRECTION('center_axis',(0.,0.,-1.));
#5943=DIRECTION('ref_axis',(0.,1.,0.));
#5944=DIRECTION('',(0.,0.,1.));
#5945=DIRECTION('center_axis',(-1.,0.,0.));
#5946=DIRECTION('ref_axis',(0.,1.,0.));
#5947=DIRECTION('',(0.,0.,-1.));
#5948=DIRECTION('center_axis',(0.,0.,-1.));
#5949=DIRECTION('ref_axis',(-1.,0.,0.));
#5950=DIRECTION('',(0.,0.,-1.));
#5951=DIRECTION('center_axis',(0.,-1.,0.));
#5952=DIRECTION('ref_axis',(-1.,0.,0.));
#5953=DIRECTION('',(0.,0.,-1.));
#5954=DIRECTION('center_axis',(0.,0.,-1.));
#5955=DIRECTION('ref_axis',(0.,-1.,0.));
#5956=DIRECTION('center_axis',(1.,-2.00040184617145E-17,0.));
#5957=DIRECTION('ref_axis',(-2.00040184617145E-17,-1.,0.));
#5958=DIRECTION('',(-2.00040184617145E-17,-1.,0.));
#5959=DIRECTION('',(0.,0.,-1.));
#5960=DIRECTION('center_axis',(0.496325165279013,0.868136700244127,0.));
#5961=DIRECTION('ref_axis',(0.868136700244127,-0.496325165279013,0.));
#5962=DIRECTION('',(0.868136700244127,-0.496325165279013,0.));
#5963=DIRECTION('',(0.,0.,-1.));
#5964=DIRECTION('center_axis',(-0.496325165279013,0.868136700244127,0.));
#5965=DIRECTION('ref_axis',(0.868136700244127,0.496325165279013,0.));
#5966=DIRECTION('',(0.868136700244127,0.496325165279013,0.));
#5967=DIRECTION('center_axis',(0.,0.,1.));
#5968=DIRECTION('ref_axis',(1.,0.,0.));
#5969=DIRECTION('',(0.841178475376554,-0.540757591313499,0.));
#5970=DIRECTION('',(0.841178475376554,0.540757591313499,0.));
#5971=DIRECTION('',(0.,1.,0.));
#5972=DIRECTION('',(-0.841178475376554,0.540757591313499,0.));
#5973=DIRECTION('',(-0.841178475376554,-0.540757591313499,0.));
#5974=DIRECTION('',(0.,-1.,0.));
#5975=DIRECTION('center_axis',(0.,0.,-1.));
#5976=DIRECTION('ref_axis',(-1.,0.,0.));
#5977=DIRECTION('center_axis',(0.,0.,-1.));
#5978=DIRECTION('ref_axis',(-1.,0.,0.));
#5979=DIRECTION('center_axis',(0.,0.,-1.));
#5980=DIRECTION('ref_axis',(-1.,0.,0.));
#5981=DIRECTION('center_axis',(0.,0.,-1.));
#5982=DIRECTION('ref_axis',(-1.,0.,0.));
#5983=DIRECTION('center_axis',(0.,0.,-1.));
#5984=DIRECTION('ref_axis',(-1.,0.,0.));
#5985=DIRECTION('center_axis',(0.,0.,-1.));
#5986=DIRECTION('ref_axis',(-1.,0.,0.));
#5987=DIRECTION('center_axis',(0.,0.,-1.));
#5988=DIRECTION('ref_axis',(-1.,0.,0.));
#5989=DIRECTION('',(0.,0.,-1.));
#5990=DIRECTION('center_axis',(0.,0.,-1.));
#5991=DIRECTION('ref_axis',(-1.,0.,0.));
#5992=DIRECTION('',(0.,0.,-1.));
#5993=DIRECTION('center_axis',(0.,0.,-1.));
#5994=DIRECTION('ref_axis',(-1.,0.,0.));
#5995=DIRECTION('',(0.,0.,-1.));
#5996=DIRECTION('center_axis',(0.,0.,-1.));
#5997=DIRECTION('ref_axis',(-1.,0.,0.));
#5998=DIRECTION('',(0.,0.,-1.));
#5999=DIRECTION('center_axis',(0.,0.,-1.));
#6000=DIRECTION('ref_axis',(-1.,0.,0.));
#6001=DIRECTION('',(0.,0.,-1.));
#6002=DIRECTION('center_axis',(0.,0.,-1.));
#6003=DIRECTION('ref_axis',(-1.,0.,0.));
#6004=DIRECTION('',(0.,0.,-1.));
#6005=DIRECTION('center_axis',(-1.,0.,0.));
#6006=DIRECTION('ref_axis',(0.,-1.,0.));
#6007=DIRECTION('',(0.,0.,-1.));
#6008=DIRECTION('',(0.,0.,1.));
#6009=DIRECTION('center_axis',(-0.540757591313499,0.841178475376554,0.));
#6010=DIRECTION('ref_axis',(-0.841178475376554,-0.540757591313499,0.));
#6011=DIRECTION('',(0.,0.,1.));
#6012=DIRECTION('center_axis',(0.540757591313499,0.841178475376554,0.));
#6013=DIRECTION('ref_axis',(-0.841178475376554,0.540757591313499,0.));
#6014=DIRECTION('',(0.,0.,1.));
#6015=DIRECTION('center_axis',(1.,0.,0.));
#6016=DIRECTION('ref_axis',(0.,1.,0.));
#6017=DIRECTION('',(0.,0.,1.));
#6018=DIRECTION('center_axis',(0.540757591313499,-0.841178475376554,0.));
#6019=DIRECTION('ref_axis',(0.841178475376554,0.540757591313499,0.));
#6020=DIRECTION('',(0.,0.,1.));
#6021=DIRECTION('center_axis',(-0.540757591313499,-0.841178475376554,0.));
#6022=DIRECTION('ref_axis',(0.841178475376554,-0.540757591313499,0.));
#6023=DIRECTION('',(0.,0.,1.));
#6024=DIRECTION('',(0.,0.,1.));
#6025=DIRECTION('',(0.,0.,1.));
#6026=DIRECTION('',(0.,0.,1.));
#6027=DIRECTION('',(0.,0.,1.));
#6028=DIRECTION('center_axis',(1.,0.,0.));
#6029=DIRECTION('ref_axis',(0.,1.,0.));
#6030=DIRECTION('',(0.,0.,1.));
#6031=DIRECTION('',(0.,0.,1.));
#6032=DIRECTION('center_axis',(-1.,0.,0.));
#6033=DIRECTION('ref_axis',(0.,-1.,0.));
#6034=DIRECTION('',(0.,0.,1.));
#6035=DIRECTION('',(0.,0.,1.));
#6036=DIRECTION('',(0.,0.,1.));
#6037=DIRECTION('',(0.,0.,1.));
#6038=DIRECTION('',(0.,0.,1.));
#6039=DIRECTION('',(0.,0.,1.));
#6040=DIRECTION('',(0.,0.,1.));
#6041=DIRECTION('',(0.,0.,1.));
#6042=DIRECTION('',(0.,0.,1.));
#6043=DIRECTION('',(0.,0.,1.));
#6044=DIRECTION('',(0.,0.,1.));
#6045=DIRECTION('',(0.,0.,1.));
#6046=DIRECTION('',(0.,0.,1.));
#6047=DIRECTION('center_axis',(0.,1.,0.));
#6048=DIRECTION('ref_axis',(-1.,0.,0.));
#6049=DIRECTION('',(0.,0.,1.));
#6050=DIRECTION('',(0.,0.,1.));
#6051=DIRECTION('',(0.,0.,1.));
#6052=DIRECTION('',(0.,0.,1.));
#6053=DIRECTION('',(0.,0.,1.));
#6054=DIRECTION('',(0.,0.,1.));
#6055=DIRECTION('',(0.,0.,1.));
#6056=DIRECTION('',(0.,0.,1.));
#6057=DIRECTION('center_axis',(0.,1.,0.));
#6058=DIRECTION('ref_axis',(-1.,0.,0.));
#6059=DIRECTION('',(0.,0.,1.));
#6060=DIRECTION('',(0.,0.,1.));
#6061=DIRECTION('',(0.,0.,1.));
#6062=DIRECTION('',(0.,0.,1.));
#6063=DIRECTION('',(0.,0.,1.));
#6064=DIRECTION('',(0.,0.,1.));
#6065=DIRECTION('',(0.,0.,1.));
#6066=DIRECTION('',(0.,0.,1.));
#6067=DIRECTION('',(0.,0.,1.));
#6068=DIRECTION('center_axis',(1.,0.,0.));
#6069=DIRECTION('ref_axis',(0.,1.,0.));
#6070=DIRECTION('',(0.,0.,1.));
#6071=DIRECTION('',(0.,0.,1.));
#6072=DIRECTION('center_axis',(-1.,0.,0.));
#6073=DIRECTION('ref_axis',(0.,-1.,0.));
#6074=DIRECTION('',(0.,0.,1.));
#6075=DIRECTION('',(0.,0.,1.));
#6076=DIRECTION('',(0.,0.,1.));
#6077=DIRECTION('',(0.,0.,1.));
#6078=DIRECTION('center_axis',(0.,-1.,0.));
#6079=DIRECTION('ref_axis',(1.,0.,0.));
#6080=DIRECTION('',(0.,0.,1.));
#6081=DIRECTION('',(0.,0.,1.));
#6082=DIRECTION('center_axis',(1.,0.,0.));
#6083=DIRECTION('ref_axis',(0.,1.,0.));
#6084=DIRECTION('',(0.,0.,1.));
#6085=DIRECTION('',(0.,0.,1.));
#6086=DIRECTION('',(0.,0.,1.));
#6087=DIRECTION('',(0.,0.,1.));
#6088=DIRECTION('',(0.,0.,1.));
#6089=DIRECTION('',(0.,0.,1.));
#6090=DIRECTION('',(0.,0.,1.));
#6091=DIRECTION('center_axis',(-1.,0.,0.));
#6092=DIRECTION('ref_axis',(0.,-1.,0.));
#6093=DIRECTION('center_axis',(0.,-1.,0.));
#6094=DIRECTION('ref_axis',(1.,0.,0.));
#6095=DIRECTION('',(0.,0.,1.));
#6096=DIRECTION('',(0.,0.,1.));
#6097=DIRECTION('center_axis',(1.,0.,0.));
#6098=DIRECTION('ref_axis',(0.,1.,0.));
#6099=DIRECTION('',(0.,0.,1.));
#6100=DIRECTION('',(0.,0.,1.));
#6101=DIRECTION('',(0.,0.,1.));
#6102=DIRECTION('',(0.,0.,1.));
#6103=DIRECTION('',(0.,0.,1.));
#6104=DIRECTION('',(0.,0.,1.));
#6105=DIRECTION('',(0.,0.,1.));
#6106=DIRECTION('center_axis',(-1.,0.,0.));
#6107=DIRECTION('ref_axis',(0.,-1.,0.));
#6108=DIRECTION('',(0.,0.,1.));
#6109=DIRECTION('',(0.,0.,1.));
#6110=DIRECTION('',(0.,0.,1.));
#6111=DIRECTION('',(0.,0.,1.));
#6112=DIRECTION('',(0.,0.,1.));
#6113=DIRECTION('',(0.,0.,1.));
#6114=DIRECTION('center_axis',(-1.,0.,0.));
#6115=DIRECTION('ref_axis',(0.,-1.,0.));
#6116=DIRECTION('',(0.,0.,1.));
#6117=DIRECTION('center_axis',(0.,1.,0.));
#6118=DIRECTION('ref_axis',(-1.,0.,0.));
#6119=DIRECTION('center_axis',(0.,-1.,0.));
#6120=DIRECTION('ref_axis',(1.,0.,0.));
#6121=DIRECTION('',(0.,0.,1.));
#6122=DIRECTION('',(0.,0.,1.));
#6123=DIRECTION('center_axis',(1.,0.,0.));
#6124=DIRECTION('ref_axis',(0.,1.,0.));
#6125=DIRECTION('',(0.,0.,1.));
#6126=DIRECTION('',(0.,0.,1.));
#6127=DIRECTION('',(0.,0.,1.));
#6128=DIRECTION('',(0.,0.,1.));
#6129=DIRECTION('',(0.,0.,1.));
#6130=DIRECTION('',(0.,0.,1.));
#6131=DIRECTION('',(0.,0.,1.));
#6132=DIRECTION('center_axis',(-1.,0.,0.));
#6133=DIRECTION('ref_axis',(0.,-1.,0.));
#6134=DIRECTION('',(0.,0.,1.));
#6135=DIRECTION('',(0.,0.,1.));
#6136=DIRECTION('',(0.,0.,1.));
#6137=DIRECTION('center_axis',(-1.,0.,0.));
#6138=DIRECTION('ref_axis',(0.,-1.,0.));
#6139=DIRECTION('',(0.,0.,1.));
#6140=DIRECTION('center_axis',(0.,-1.,0.));
#6141=DIRECTION('ref_axis',(1.,0.,0.));
#6142=DIRECTION('',(0.,0.,1.));
#6143=DIRECTION('center_axis',(-1.,0.,0.));
#6144=DIRECTION('ref_axis',(0.,-1.,0.));
#6145=DIRECTION('',(0.,0.,1.));
#6146=DIRECTION('',(0.,0.,1.));
#6147=DIRECTION('',(0.,0.,1.));
#6148=DIRECTION('',(0.,0.,1.));
#6149=DIRECTION('',(0.,0.,1.));
#6150=DIRECTION('',(0.,0.,1.));
#6151=DIRECTION('',(0.,0.,1.));
#6152=DIRECTION('',(0.,0.,1.));
#6153=DIRECTION('',(0.,0.,1.));
#6154=DIRECTION('',(0.,0.,1.));
#6155=DIRECTION('',(0.,0.,1.));
#6156=DIRECTION('center_axis',(0.,1.,0.));
#6157=DIRECTION('ref_axis',(-1.,0.,0.));
#6158=DIRECTION('',(0.,0.,1.));
#6159=DIRECTION('center_axis',(1.,0.,0.));
#6160=DIRECTION('ref_axis',(0.,1.,0.));
#6161=DIRECTION('',(0.,0.,1.));
#6162=DIRECTION('center_axis',(0.,-1.,0.));
#6163=DIRECTION('ref_axis',(1.,0.,0.));
#6164=CARTESIAN_POINT('',(0.,0.,0.));
#6165=CARTESIAN_POINT('Origin',(-10.1940142482069,17.7443347454071,22.));
#6166=CARTESIAN_POINT('',(-6.19648461341857,37.1688960075378,22.));
#6167=CARTESIAN_POINT('',(-14.0705079317093,37.1688960075378,22.));
#6168=CARTESIAN_POINT('',(-14.0705079317093,37.1688960075378,22.));
#6169=CARTESIAN_POINT('',(-14.0705079317093,34.4887201070785,22.));
#6170=CARTESIAN_POINT('',(-14.0705079317093,34.4887201070785,22.));
#6171=CARTESIAN_POINT('',(-14.0167969942093,32.5712392807007,22.));
#6172=CARTESIAN_POINT('Ctrl Pts',(-14.0705079317093,34.4887201070785,22.));
#6173=CARTESIAN_POINT('Ctrl Pts',(-14.0690802060435,34.075432361135,22.));
#6174=CARTESIAN_POINT('Ctrl Pts',(-14.066870384863,33.4357492367271,22.));
#6175=CARTESIAN_POINT('Ctrl Pts',(-14.0298863206277,32.7972246365681,22.));
#6176=CARTESIAN_POINT('Ctrl Pts',(-14.0167969942093,32.5712392807007,22.));
#6177=CARTESIAN_POINT('',(-13.6435062170029,31.505077290535,22.));
#6178=CARTESIAN_POINT('Ctrl Pts',(-14.0167969942093,32.5712392807007,22.));
#6179=CARTESIAN_POINT('Ctrl Pts',(-13.9864817200341,32.372321462584,22.));
#6180=CARTESIAN_POINT('Ctrl Pts',(-13.9286928158077,31.993131662958,22.));
#6181=CARTESIAN_POINT('Ctrl Pts',(-13.7354001675818,31.6623400951942,22.));
#6182=CARTESIAN_POINT('Ctrl Pts',(-13.6435062170029,31.505077290535,22.));
#6183=CARTESIAN_POINT('',(-12.8324705839157,30.8229486227035,22.));
#6184=CARTESIAN_POINT('Ctrl Pts',(-13.6435062170029,31.505077290535,22.));
#6185=CARTESIAN_POINT('Ctrl Pts',(-13.5323765855817,31.367846268898,22.));
#6186=CARTESIAN_POINT('Ctrl Pts',(-13.3060560383395,31.0883690537008,22.));
#6187=CARTESIAN_POINT('Ctrl Pts',(-12.9922097087032,30.9124742340841,22.));
#6188=CARTESIAN_POINT('Ctrl Pts',(-12.8324705839157,30.8229486227035,22.));
#6189=CARTESIAN_POINT('',(-11.7877930879593,30.5731926441193,22.));
#6190=CARTESIAN_POINT('Ctrl Pts',(-12.8324705839157,30.8229486227035,22.));
#6191=CARTESIAN_POINT('Ctrl Pts',(-12.6632893252289,30.7501069602632,22.));
#6192=CARTESIAN_POINT('Ctrl Pts',(-12.3294259439801,30.6063607562989,22.));
#6193=CARTESIAN_POINT('Ctrl Pts',(-11.966708046969,30.5841489060319,22.));
#6194=CARTESIAN_POINT('Ctrl Pts',(-11.7877930879593,30.5731926441193,22.));
#6195=CARTESIAN_POINT('',(-10.6007814884186,30.9599117517471,22.));
#6196=CARTESIAN_POINT('Ctrl Pts',(-11.7877930879593,30.5731926441193,22.));
#6197=CARTESIAN_POINT('Ctrl Pts',(-11.5694659044324,30.5880474613294,22.));
#6198=CARTESIAN_POINT('Ctrl Pts',(-11.1409427446207,30.6172038545302,22.));
#6199=CARTESIAN_POINT('Ctrl Pts',(-10.7785430680896,30.8471300657681,22.));
#6200=CARTESIAN_POINT('Ctrl Pts',(-10.6007814884186,30.9599117517471,22.));
#6201=CARTESIAN_POINT('',(-9.88642578124999,32.0663569450378,22.));
#6202=CARTESIAN_POINT('Ctrl Pts',(-10.6007814884186,30.9599117517471,22.));
#6203=CARTESIAN_POINT('Ctrl Pts',(-10.4434293391962,31.107599044402,22.));
#6204=CARTESIAN_POINT('Ctrl Pts',(-10.1141696428318,31.4166350084911,22.));
#6205=CARTESIAN_POINT('Ctrl Pts',(-9.96454518974777,31.8434930091296,22.));
#6206=CARTESIAN_POINT('Ctrl Pts',(-9.88642578124999,32.0663569450378,22.));
#6207=CARTESIAN_POINT('',(-9.1935545682907,31.2580070972443,22.));
#6208=CARTESIAN_POINT('Ctrl Pts',(-9.88642578124999,32.0663569450378,22.));
#6209=CARTESIAN_POINT('Ctrl Pts',(-9.80020161996638,31.9053612430496,22.));
#6210=CARTESIAN_POINT('Ctrl Pts',(-9.62860340680215,31.5849571431197,22.));
#6211=CARTESIAN_POINT('Ctrl Pts',(-9.33809110846244,31.3666299098037,22.));
#6212=CARTESIAN_POINT('Ctrl Pts',(-9.1935545682907,31.2580070972443,22.));
#6213=CARTESIAN_POINT('',(-8.17841773033141,30.9599117517471,22.));
#6214=CARTESIAN_POINT('Ctrl Pts',(-9.1935545682907,31.2580070972443,22.));
#6215=CARTESIAN_POINT('Ctrl Pts',(-9.03562475851979,31.1710626909942,22.));
#6216=CARTESIAN_POINT('Ctrl Pts',(-8.71923541100136,30.996882249672,22.));
#6217=CARTESIAN_POINT('Ctrl Pts',(-8.35889139752061,30.9722489988025,22.));
#6218=CARTESIAN_POINT('Ctrl Pts',(-8.17841773033141,30.9599117517471,22.));
#6219=CARTESIAN_POINT('',(-7.25727562904357,31.2016109704971,22.));
#6220=CARTESIAN_POINT('Ctrl Pts',(-8.17841773033141,30.9599117517471,22.));
#6221=CARTESIAN_POINT('Ctrl Pts',(-8.01374825551558,30.969240778942,22.));
#6222=CARTESIAN_POINT('Ctrl Pts',(-7.69020821297981,30.987570307586,22.));
#6223=CARTESIAN_POINT('Ctrl Pts',(-7.39985177461788,31.1311217214862,22.));
#6224=CARTESIAN_POINT('Ctrl Pts',(-7.25727562904357,31.2016109704971,22.));
#6225=CARTESIAN_POINT('',(-6.59931664466857,31.8058590173721,22.));
#6226=CARTESIAN_POINT('Ctrl Pts',(-7.25727562904357,31.2016109704971,22.));
#6227=CARTESIAN_POINT('Ctrl Pts',(-7.12806967681041,31.2858605729325,22.));
#6228=CARTESIAN_POINT('Ctrl Pts',(-6.87509948923639,31.4508114700293,22.));
#6229=CARTESIAN_POINT('Ctrl Pts',(-6.68991641682099,31.6892193223144,22.));
#6230=CARTESIAN_POINT('Ctrl Pts',(-6.59931664466857,31.8058590173721,22.));
#6231=CARTESIAN_POINT('',(-6.27436523437499,32.6276360034943,22.));
#6232=CARTESIAN_POINT('Ctrl Pts',(-6.59931664466857,31.8058590173721,22.));
#6233=CARTESIAN_POINT('Ctrl Pts',(-6.52381778379961,31.9318877066128,22.));
#6234=CARTESIAN_POINT('Ctrl Pts',(-6.37044530147864,32.1879092238917,22.));
#6235=CARTESIAN_POINT('Ctrl Pts',(-6.30672081854543,32.4795551657271,22.));
#6236=CARTESIAN_POINT('Ctrl Pts',(-6.27436523437499,32.6276360034943,22.));
#6237=CARTESIAN_POINT('',(-6.19648461341857,34.0214345932007,22.));
#6238=CARTESIAN_POINT('Ctrl Pts',(-6.27436523437499,32.6276360034943,22.));
#6239=CARTESIAN_POINT('Ctrl Pts',(-6.25180721343994,32.8201314396518,22.));
#6240=CARTESIAN_POINT('Ctrl Pts',(-6.19756871345064,33.2829674190151,22.));
#6241=CARTESIAN_POINT('Ctrl Pts',(-6.19688434824714,33.7491432542617,22.));
#6242=CARTESIAN_POINT('Ctrl Pts',(-6.19648461341857,34.0214345932007,22.));
#6243=CARTESIAN_POINT('',(-6.19648461341857,37.1688960075378,22.));
#6244=CARTESIAN_POINT('',(-10.63837890625,35.5790523767471,22.));
#6245=CARTESIAN_POINT('',(-10.63837890625,34.2953608512878,22.));
#6246=CARTESIAN_POINT('',(-10.63837890625,34.2953608512878,22.));
#6247=CARTESIAN_POINT('',(-10.7511723518372,32.8854487419128,22.));
#6248=CARTESIAN_POINT('Ctrl Pts',(-10.63837890625,34.2953608512878,22.));
#6249=CARTESIAN_POINT('Ctrl Pts',(-10.6354637976929,33.9958411280443,22.));
#6250=CARTESIAN_POINT('Ctrl Pts',(-10.6308497136952,33.5217561548857,22.));
#6251=CARTESIAN_POINT('Ctrl Pts',(-10.7187910303629,33.0566922852236,22.));
#6252=CARTESIAN_POINT('Ctrl Pts',(-10.7511723518372,32.8854487419128,22.));
#6253=CARTESIAN_POINT('',(-11.1110353946686,32.3886225700378,22.));
#6254=CARTESIAN_POINT('Ctrl Pts',(-10.7511723518372,32.8854487419128,22.));
#6255=CARTESIAN_POINT('Ctrl Pts',(-10.7927913295365,32.7846318877562,22.));
#6256=CARTESIAN_POINT('Ctrl Pts',(-10.8731444546377,32.5899863259919,22.));
#6257=CARTESIAN_POINT('Ctrl Pts',(-11.0336593447932,32.4541178428791,22.));
#6258=CARTESIAN_POINT('Ctrl Pts',(-11.1110353946686,32.3886225700378,22.));
#6259=CARTESIAN_POINT('',(-11.71259765625,32.2167478084564,22.));
#6260=CARTESIAN_POINT('Ctrl Pts',(-11.1110353946686,32.3886225700378,22.));
#6261=CARTESIAN_POINT('Ctrl Pts',(-11.2002523629705,32.3385186983084,22.));
#6262=CARTESIAN_POINT('Ctrl Pts',(-11.3868501551772,32.2337261681017,22.));
#6263=CARTESIAN_POINT('Ctrl Pts',(-11.6008936115097,32.2225699603967,22.));
#6264=CARTESIAN_POINT('Ctrl Pts',(-11.71259765625,32.2167478084564,22.));
#6265=CARTESIAN_POINT('',(-12.3812985897064,32.4396477222443,22.));
#6266=CARTESIAN_POINT('Ctrl Pts',(-11.71259765625,32.2167478084564,22.));
#6267=CARTESIAN_POINT('Ctrl Pts',(-11.8422348763141,32.2235184818715,22.));
#6268=CARTESIAN_POINT('Ctrl Pts',(-12.0864490547105,32.2362732635958,22.));
#6269=CARTESIAN_POINT('Ctrl Pts',(-12.287140848817,32.3747017843739,22.));
#6270=CARTESIAN_POINT('Ctrl Pts',(-12.3812985897064,32.4396477222443,22.));
#6271=CARTESIAN_POINT('',(-12.6955080509186,33.0170403003693,22.));
#6272=CARTESIAN_POINT('Ctrl Pts',(-12.3812985897064,32.4396477222443,22.));
#6273=CARTESIAN_POINT('Ctrl Pts',(-12.4570297584238,32.5205681281786,22.));
#6274=CARTESIAN_POINT('Ctrl Pts',(-12.6115764239951,32.6857046119493,22.));
#6275=CARTESIAN_POINT('Ctrl Pts',(-12.6671610695186,32.9051353255573,22.));
#6276=CARTESIAN_POINT('Ctrl Pts',(-12.6955080509186,33.0170403003693,22.));
#6277=CARTESIAN_POINT('',(-12.7438474178314,34.1073725700378,22.));
#6278=CARTESIAN_POINT('Ctrl Pts',(-12.6955080509186,33.0170403003693,22.));
#6279=CARTESIAN_POINT('Ctrl Pts',(-12.7093501593217,33.1462971255326,22.));
#6280=CARTESIAN_POINT('Ctrl Pts',(-12.748137250978,33.5084887930748,22.));
#6281=CARTESIAN_POINT('Ctrl Pts',(-12.7455264752943,33.8729671186513,22.));
#6282=CARTESIAN_POINT('Ctrl Pts',(-12.7438474178314,34.1073725700378,22.));
#6283=CARTESIAN_POINT('',(-12.7438474178314,35.5790523767471,22.));
#6284=CARTESIAN_POINT('',(-12.7438474178314,35.5790523767471,22.));
#6285=CARTESIAN_POINT('',(-10.63837890625,35.5790523767471,22.));
#6286=CARTESIAN_POINT('',(-7.50703101158142,35.5790523767471,22.));
#6287=CARTESIAN_POINT('',(-7.50703101158142,34.6659658432007,22.));
#6288=CARTESIAN_POINT('',(-7.50703101158142,34.6659658432007,22.));
#6289=CARTESIAN_POINT('',(-7.53388648033142,33.3070794820785,22.));
#6290=CARTESIAN_POINT('Ctrl Pts',(-7.50703101158142,34.6659658432007,22.));
#6291=CARTESIAN_POINT('Ctrl Pts',(-7.50563637601992,34.3655389445078,22.));
#6292=CARTESIAN_POINT('Ctrl Pts',(-7.50353232500194,33.9122925628164,22.));
#6293=CARTESIAN_POINT('Ctrl Pts',(-7.52623268130632,33.4596839356385,22.));
#6294=CARTESIAN_POINT('Ctrl Pts',(-7.53388648033142,33.3070794820785,22.));
#6295=CARTESIAN_POINT('',(-7.8104979276657,32.7082024097443,22.));
#6296=CARTESIAN_POINT('Ctrl Pts',(-7.53388648033142,33.3070794820785,22.));
#6297=CARTESIAN_POINT('Ctrl Pts',(-7.55426730610973,33.1857908231011,22.));
#6298=CARTESIAN_POINT('Ctrl Pts',(-7.59218173846946,32.9601576369476,22.));
#6299=CARTESIAN_POINT('Ctrl Pts',(-7.74146266068749,32.7878749087952,22.));
#6300=CARTESIAN_POINT('Ctrl Pts',(-7.8104979276657,32.7082024097443,22.));
#6301=CARTESIAN_POINT('',(-8.40400402545928,32.5067863941193,22.));
#6302=CARTESIAN_POINT('Ctrl Pts',(-7.8104979276657,32.7082024097443,22.));
#6303=CARTESIAN_POINT('Ctrl Pts',(-7.89507979603043,32.6494961434621,22.));
#6304=CARTESIAN_POINT('Ctrl Pts',(-8.07315986608941,32.5258949956681,22.));
#6305=CARTESIAN_POINT('Ctrl Pts',(-8.29010193107436,32.5133650495845,22.));
#6306=CARTESIAN_POINT('Ctrl Pts',(-8.40400402545928,32.5067863941193,22.));
#6307=CARTESIAN_POINT('',(-9.0189940214157,32.7404294490814,22.));
#6308=CARTESIAN_POINT('Ctrl Pts',(-8.40400402545928,32.5067863941193,22.));
#6309=CARTESIAN_POINT('Ctrl Pts',(-8.52324959960068,32.514859051408,22.));
#6310=CARTESIAN_POINT('Ctrl Pts',(-8.75253037303143,32.5303808443142,22.));
#6311=CARTESIAN_POINT('Ctrl Pts',(-8.93258376368959,32.6723137635723,22.));
#6312=CARTESIAN_POINT('Ctrl Pts',(-9.0189940214157,32.7404294490814,22.));
#6313=CARTESIAN_POINT('',(-9.3009764432907,33.3822749137878,22.));
#6314=CARTESIAN_POINT('Ctrl Pts',(-9.0189940214157,32.7404294490814,22.));
#6315=CARTESIAN_POINT('Ctrl Pts',(-9.08952608432049,32.8292029778671,22.));
#6316=CARTESIAN_POINT('Ctrl Pts',(-9.23944919352892,33.0179001873747,22.));
#6317=CARTESIAN_POINT('Ctrl Pts',(-9.27967504249464,33.2561244338406,22.));
#6318=CARTESIAN_POINT('Ctrl Pts',(-9.3009764432907,33.3822749137878,22.));
#6319=CARTESIAN_POINT('',(-9.3278319120407,34.5370600700378,22.));
#6320=CARTESIAN_POINT('Ctrl Pts',(-9.3009764432907,33.3822749137878,22.));
#6321=CARTESIAN_POINT('Ctrl Pts',(-9.30865059034888,33.5160762720932,22.));
#6322=CARTESIAN_POINT('Ctrl Pts',(-9.33070588081884,33.9006177462574,22.));
#6323=CARTESIAN_POINT('Ctrl Pts',(-9.32896624251041,34.2858618226648,22.));
#6324=CARTESIAN_POINT('Ctrl Pts',(-9.3278319120407,34.5370600700378,22.));
#6325=CARTESIAN_POINT('',(-9.3278319120407,35.5790523767471,22.));
#6326=CARTESIAN_POINT('',(-9.3278319120407,35.5790523767471,22.));
#6327=CARTESIAN_POINT('',(-7.50703101158142,35.5790523767471,22.));
#6328=CARTESIAN_POINT('Origin',(-10.1940142482069,17.7443347454071,22.));
#6329=CARTESIAN_POINT('',(-12.2550780057907,19.8202631950378,22.));
#6330=CARTESIAN_POINT('',(-12.8781247615814,20.1854966163635,22.));
#6331=CARTESIAN_POINT('Ctrl Pts',(-12.2550780057907,19.8202631950378,22.));
#6332=CARTESIAN_POINT('Ctrl Pts',(-12.3844335857858,19.8616942347453,22.));
#6333=CARTESIAN_POINT('Ctrl Pts',(-12.6201687064982,19.937197364545,22.));
#6334=CARTESIAN_POINT('Ctrl Pts',(-12.7979140902517,20.1082886994081,22.));
#6335=CARTESIAN_POINT('Ctrl Pts',(-12.8781247615814,20.1854966163635,22.));
#6336=CARTESIAN_POINT('',(-13.0714846134186,20.7816884994507,22.));
#6337=CARTESIAN_POINT('Ctrl Pts',(-12.8781247615814,20.1854966163635,22.));
#6338=CARTESIAN_POINT('Ctrl Pts',(-12.9345005402696,20.2727989773836,22.));
#6339=CARTESIAN_POINT('Ctrl Pts',(-13.0515694927173,20.4540895278405,22.));
#6340=CARTESIAN_POINT('Ctrl Pts',(-13.0646850104494,20.6698366571511,22.));
#6341=CARTESIAN_POINT('Ctrl Pts',(-13.0714846134186,20.7816884994507,22.));
#6342=CARTESIAN_POINT('',(-12.6981932401657,21.6518054485321,22.));
#6343=CARTESIAN_POINT('Ctrl Pts',(-13.0714846134186,20.7816884994507,22.));
#6344=CARTESIAN_POINT('Ctrl Pts',(-13.0562716705748,20.9478720332566,22.));
#6345=CARTESIAN_POINT('Ctrl Pts',(-13.0260102688297,21.2784423069745,22.));
#6346=CARTESIAN_POINT('Ctrl Pts',(-12.8070689023863,21.5278028625422,22.));
#6347=CARTESIAN_POINT('Ctrl Pts',(-12.6981932401657,21.6518054485321,22.));
#6348=CARTESIAN_POINT('',(-11.6535157442093,22.0170400619507,22.));
#6349=CARTESIAN_POINT('Ctrl Pts',(-12.6981932401657,21.6518054485321,22.));
#6350=CARTESIAN_POINT('Ctrl Pts',(-12.5540028297926,21.754332038708,22.));
#6351=CARTESIAN_POINT('Ctrl Pts',(-12.242285959045,21.975978317232,22.));
#6352=CARTESIAN_POINT('Ctrl Pts',(-11.8593289160576,22.0026863332646,22.));
#6353=CARTESIAN_POINT('Ctrl Pts',(-11.6535157442093,22.0170400619507,22.));
#6354=CARTESIAN_POINT('',(-11.6535157442093,18.2357905387878,22.));
#6355=CARTESIAN_POINT('',(-11.6535157442093,18.2357905387878,22.));
#6356=CARTESIAN_POINT('',(-9.07807652950286,18.9394031047821,22.));
#6357=CARTESIAN_POINT('Ctrl Pts',(-11.6535157442093,18.2357905387878,22.));
#6358=CARTESIAN_POINT('Ctrl Pts',(-11.1350065029782,18.2394400973212,22.));
#6359=CARTESIAN_POINT('Ctrl Pts',(-10.2087587777756,18.2459595477392,22.));
#6360=CARTESIAN_POINT('Ctrl Pts',(-9.42367430449757,18.7274491709828,22.));
#6361=CARTESIAN_POINT('Ctrl Pts',(-9.07807652950286,18.9394031047821,22.));
#6362=CARTESIAN_POINT('',(-8.23750023841857,20.9481928825378,22.));
#6363=CARTESIAN_POINT('Ctrl Pts',(-9.07807652950286,18.9394031047821,22.));
#6364=CARTESIAN_POINT('Ctrl Pts',(-8.83300262162214,19.2144779760151,22.));
#6365=CARTESIAN_POINT('Ctrl Pts',(-8.32383219854338,19.7859789969732,22.));
#6366=CARTESIAN_POINT('Ctrl Pts',(-8.26698548948852,20.5512579795968,22.));
#6367=CARTESIAN_POINT('Ctrl Pts',(-8.23750023841857,20.9481928825378,22.));
#6368=CARTESIAN_POINT('',(-9.04047851562499,22.8227041244507,22.));
#6369=CARTESIAN_POINT('Ctrl Pts',(-8.23750023841857,20.9481928825378,22.));
#6370=CARTESIAN_POINT('Ctrl Pts',(-8.26955086368868,21.3083137242618,22.));
#6371=CARTESIAN_POINT('Ctrl Pts',(-8.33299549162233,22.0211775957708,22.));
#6372=CARTESIAN_POINT('Ctrl Pts',(-8.80628361213375,22.5573784252306,22.));
#6373=CARTESIAN_POINT('Ctrl Pts',(-9.04047851562499,22.8227041244507,22.));
#6374=CARTESIAN_POINT('',(-11.2614262580872,23.5639153003693,22.));
#6375=CARTESIAN_POINT('Ctrl Pts',(-9.04047851562499,22.8227041244507,22.));
#6376=CARTESIAN_POINT('Ctrl Pts',(-9.3487066018186,23.0385936507989,22.));
#6377=CARTESIAN_POINT('Ctrl Pts',(-10.0128583012897,23.5037796680528,22.));
#6378=CARTESIAN_POINT('Ctrl Pts',(-10.8257772299694,23.5429328383164,22.));
#6379=CARTESIAN_POINT('Ctrl Pts',(-11.2614262580872,23.5639153003693,22.));
#6380=CARTESIAN_POINT('',(-13.2272458553314,22.9999504566193,22.));
#6381=CARTESIAN_POINT('Ctrl Pts',(-11.2614262580872,23.5639153003693,22.));
#6382=CARTESIAN_POINT('Ctrl Pts',(-11.6317680700845,23.5461995786188,22.));
#6383=CARTESIAN_POINT('Ctrl Pts',(-12.332870187096,23.5126615615187,22.));
#6384=CARTESIAN_POINT('Ctrl Pts',(-12.9405565036231,23.1642984140803,22.));
#6385=CARTESIAN_POINT('Ctrl Pts',(-13.2272458553314,22.9999504566193,22.));
#6386=CARTESIAN_POINT('',(-14.1994143009186,20.7978020191193,22.));
#6387=CARTESIAN_POINT('Ctrl Pts',(-13.2272458553314,22.9999504566193,22.));
#6388=CARTESIAN_POINT('Ctrl Pts',(-13.5105060275621,22.715879872526,22.));
#6389=CARTESIAN_POINT('Ctrl Pts',(-14.1141915323695,22.1104672138779,22.));
#6390=CARTESIAN_POINT('Ctrl Pts',(-14.1698642373864,21.2529543283196,22.));
#6391=CARTESIAN_POINT('Ctrl Pts',(-14.1994143009186,20.7978020191193,22.));
#6392=CARTESIAN_POINT('',(-13.767041015625,19.2321274757385,22.));
#6393=CARTESIAN_POINT('Ctrl Pts',(-14.1994143009186,20.7978020191193,22.));
#6394=CARTESIAN_POINT('Ctrl Pts',(-14.1858326511178,20.5042612430506,22.));
#6395=CARTESIAN_POINT('Ctrl Pts',(-14.160121008284,19.9485544105094,22.));
#6396=CARTESIAN_POINT('Ctrl Pts',(-13.8930413182856,19.4617754158556,22.));
#6397=CARTESIAN_POINT('Ctrl Pts',(-13.767041015625,19.2321274757385,22.));
#6398=CARTESIAN_POINT('',(-12.5075197696686,18.3163569450378,22.));
#6399=CARTESIAN_POINT('Ctrl Pts',(-13.767041015625,19.2321274757385,22.));
#6400=CARTESIAN_POINT('Ctrl Pts',(-13.6015505037062,19.0358684966163,22.));
#6401=CARTESIAN_POINT('Ctrl Pts',(-13.2574464341625,18.6277876186405,22.));
#6402=CARTESIAN_POINT('Ctrl Pts',(-12.7637710658581,18.422773368886,22.));
#6403=CARTESIAN_POINT('Ctrl Pts',(-12.5075197696686,18.3163569450378,22.));
#6404=CARTESIAN_POINT('',(-12.2550780057907,19.8202631950378,22.));
#6405=CARTESIAN_POINT('',(-10.7296872615814,19.7343252182007,22.));
#6406=CARTESIAN_POINT('',(-10.7296872615814,21.9901845932007,22.));
#6407=CARTESIAN_POINT('',(-10.7296872615814,21.9901845932007,22.));
#6408=CARTESIAN_POINT('',(-9.75214843749999,21.6732905387878,22.));
#6409=CARTESIAN_POINT('Ctrl Pts',(-10.7296872615814,21.9901845932007,22.));
#6410=CARTESIAN_POINT('Ctrl Pts',(-10.5392935141943,21.9823539577082,22.));
#6411=CARTESIAN_POINT('Ctrl Pts',(-10.1826521959677,21.9676857860749,22.));
#6412=CARTESIAN_POINT('Ctrl Pts',(-9.88902303089665,21.7668907199192,22.));
#6413=CARTESIAN_POINT('Ctrl Pts',(-9.75214843749999,21.6732905387878,22.));
#6414=CARTESIAN_POINT('',(-9.39228539466857,20.8568833351135,22.));
#6415=CARTESIAN_POINT('Ctrl Pts',(-9.75214843749999,21.6732905387878,22.));
#6416=CARTESIAN_POINT('Ctrl Pts',(-9.6471897801916,21.5581803206015,22.));
#6417=CARTESIAN_POINT('Ctrl Pts',(-9.43590479284189,21.3264599307162,22.));
#6418=CARTESIAN_POINT('Ctrl Pts',(-9.40688780419377,21.0140828848458,22.));
#6419=CARTESIAN_POINT('Ctrl Pts',(-9.39228539466857,20.8568833351135,22.));
#6420=CARTESIAN_POINT('',(-9.73334972858428,20.0727043628693,22.));
#6421=CARTESIAN_POINT('Ctrl Pts',(-9.39228539466857,20.8568833351135,22.));
#6422=CARTESIAN_POINT('Ctrl Pts',(-9.40674772865047,20.7084941050947,22.));
#6423=CARTESIAN_POINT('Ctrl Pts',(-9.4358018261071,20.4103876475977,22.));
#6424=CARTESIAN_POINT('Ctrl Pts',(-9.63387297356784,20.1855992517541,22.));
#6425=CARTESIAN_POINT('Ctrl Pts',(-9.73334972858428,20.0727043628693,22.));
#6426=CARTESIAN_POINT('Ctrl Pts',(-9.73334972858428,20.0727043628693,22.));
#6427=CARTESIAN_POINT('Ctrl Pts',(-9.86864125619116,19.9780299224159,22.));
#6428=CARTESIAN_POINT('Ctrl Pts',(-10.1664467345573,19.7696313070186,22.));
#6429=CARTESIAN_POINT('Ctrl Pts',(-10.5308374249618,19.7467898929822,22.));
#6430=CARTESIAN_POINT('Ctrl Pts',(-10.7296872615814,19.7343252182007,22.));
#6431=CARTESIAN_POINT('Origin',(-10.1940142482069,17.7443347454071,22.));
#6432=CARTESIAN_POINT('',(-10.1066411018372,8.54096632003783,22.));
#6433=CARTESIAN_POINT('',(-9.55073242187499,8.17573051452636,22.));
#6434=CARTESIAN_POINT('Ctrl Pts',(-10.1066411018372,8.54096632003783,22.));
#6435=CARTESIAN_POINT('Ctrl Pts',(-9.98809986506162,8.49601060130392,22.));
#6436=CARTESIAN_POINT('Ctrl Pts',(-9.77490420525142,8.41515802731005,22.));
#6437=CARTESIAN_POINT('Ctrl Pts',(-9.6196583439344,8.24934710371723,22.));
#6438=CARTESIAN_POINT('Ctrl Pts',(-9.55073242187499,8.17573051452636,22.));
#6439=CARTESIAN_POINT('',(-9.39228539466857,7.54731397628783,22.));
#6440=CARTESIAN_POINT('Ctrl Pts',(-9.55073242187499,8.17573051452636,22.));
#6441=CARTESIAN_POINT('Ctrl Pts',(-9.50463972452404,8.08750560706205,22.));
#6442=CARTESIAN_POINT('Ctrl Pts',(-9.40216967407326,7.89137018348187,22.));
#6443=CARTESIAN_POINT('Ctrl Pts',(-9.39579347536539,7.66942474326039,22.));
#6444=CARTESIAN_POINT('Ctrl Pts',(-9.39228539466857,7.54731397628783,22.));
#6445=CARTESIAN_POINT('',(-9.57758789062499,6.73627834320067,22.));
#6446=CARTESIAN_POINT('Ctrl Pts',(-9.39228539466857,7.54731397628783,22.));
#6447=CARTESIAN_POINT('Ctrl Pts',(-9.39187956669601,7.37620171864726,22.));
#6448=CARTESIAN_POINT('Ctrl Pts',(-9.39119950549044,7.08946246929829,22.));
#6449=CARTESIAN_POINT('Ctrl Pts',(-9.5240259212961,6.83777199215221,22.));
#6450=CARTESIAN_POINT('Ctrl Pts',(-9.57758789062499,6.73627834320067,22.));
#6451=CARTESIAN_POINT('',(-10.1979494571686,6.52143459320067,22.));
#6452=CARTESIAN_POINT('Ctrl Pts',(-9.57758789062499,6.73627834320067,22.));
#6453=CARTESIAN_POINT('Ctrl Pts',(-9.65688719718836,6.6738473805563,22.));
#6454=CARTESIAN_POINT('Ctrl Pts',(-9.83720349919577,6.53188749713915,22.));
#6455=CARTESIAN_POINT('Ctrl Pts',(-10.068418139251,6.52518786719666,22.));
#6456=CARTESIAN_POINT('Ctrl Pts',(-10.1979494571686,6.52143459320067,22.));
#6457=CARTESIAN_POINT('',(-10.3483403205872,6.52143459320067,22.));
#6458=CARTESIAN_POINT('',(-10.3483403205872,6.52143459320067,22.));
#6459=CARTESIAN_POINT('',(-10.7189453125,7.98774223327636,22.));
#6460=CARTESIAN_POINT('Ctrl Pts',(-10.3483403205872,6.52143459320067,22.));
#6461=CARTESIAN_POINT('Ctrl Pts',(-10.4113743731297,6.71073890066356,22.));
#6462=CARTESIAN_POINT('Ctrl Pts',(-10.5709651196772,7.19002294688985,22.));
#6463=CARTESIAN_POINT('Ctrl Pts',(-10.6631630717469,7.68703598038031,22.));
#6464=CARTESIAN_POINT('Ctrl Pts',(-10.7189453125,7.98774223327636,22.));
#6465=CARTESIAN_POINT('',(-11.0707521915436,9.18818216323852,22.));
#6466=CARTESIAN_POINT('Ctrl Pts',(-10.7189453125,7.98774223327636,22.));
#6467=CARTESIAN_POINT('Ctrl Pts',(-10.7653516187245,8.22088600616974,22.));
#6468=CARTESIAN_POINT('Ctrl Pts',(-10.8471335977037,8.63175600822643,22.));
#6469=CARTESIAN_POINT('Ctrl Pts',(-11.0032307101851,9.02016966656799,22.));
#6470=CARTESIAN_POINT('Ctrl Pts',(-11.0707521915436,9.18818216323852,22.));
#6471=CARTESIAN_POINT('',(-11.6508299589157,9.83540039062499,22.));
#6472=CARTESIAN_POINT('Ctrl Pts',(-11.0707521915436,9.18818216323852,22.));
#6473=CARTESIAN_POINT('Ctrl Pts',(-11.1445623413595,9.3187764897766,22.));
#6474=CARTESIAN_POINT('Ctrl Pts',(-11.2905636376562,9.57710059575792,22.));
#6475=CARTESIAN_POINT('Ctrl Pts',(-11.531632252345,9.74993932657607,22.));
#6476=CARTESIAN_POINT('Ctrl Pts',(-11.6508299589157,9.83540039062499,22.));
#6477=CARTESIAN_POINT('',(-12.5128907442093,10.0663564682007,22.));
#6478=CARTESIAN_POINT('Ctrl Pts',(-11.6508299589157,9.83540039062499,22.));
#6479=CARTESIAN_POINT('Ctrl Pts',(-11.7831704013435,9.90275284319902,22.));
#6480=CARTESIAN_POINT('Ctrl Pts',(-12.0540120086408,10.040593144893,22.));
#6481=CARTESIAN_POINT('Ctrl Pts',(-12.3576290815356,10.0576394453737,22.));
#6482=CARTESIAN_POINT('Ctrl Pts',(-12.5128907442093,10.0663564682007,22.));
#6483=CARTESIAN_POINT('',(-13.7213868379593,9.55878715515136,22.));
#6484=CARTESIAN_POINT('Ctrl Pts',(-12.5128907442093,10.0663564682007,22.));
#6485=CARTESIAN_POINT('Ctrl Pts',(-12.744778811997,10.0463462147931,22.));
#6486=CARTESIAN_POINT('Ctrl Pts',(-13.2025158866575,10.0068468350045,22.));
#6487=CARTESIAN_POINT('Ctrl Pts',(-13.5499578223424,9.70682093823776,22.));
#6488=CARTESIAN_POINT('Ctrl Pts',(-13.7213868379593,9.55878715515136,22.));
#6489=CARTESIAN_POINT('',(-14.1994143009186,8.17036132812499,22.));
#6490=CARTESIAN_POINT('Ctrl Pts',(-13.7213868379593,9.55878715515136,22.));
#6491=CARTESIAN_POINT('Ctrl Pts',(-13.8606548866981,9.36557596217094,22.));
#6492=CARTESIAN_POINT('Ctrl Pts',(-14.158464152872,8.95241526868002,22.));
#6493=CARTESIAN_POINT('Ctrl Pts',(-14.1851877654844,8.44205553748559,22.));
#6494=CARTESIAN_POINT('Ctrl Pts',(-14.1994143009186,8.17036132812499,22.));
#6495=CARTESIAN_POINT('',(-14.0114260196686,7.23041992187499,22.));
#6496=CARTESIAN_POINT('Ctrl Pts',(-14.1994143009186,8.17036132812499,22.));
#6497=CARTESIAN_POINT('Ctrl Pts',(-14.1919279421176,8.00713496127686,22.));
#6498=CARTESIAN_POINT('Ctrl Pts',(-14.1771163636861,7.68419557259553,22.));
#6499=CARTESIAN_POINT('Ctrl Pts',(-14.06625410082,7.38057742411069,22.));
#6500=CARTESIAN_POINT('Ctrl Pts',(-14.0114260196686,7.23041992187499,22.));
#6501=CARTESIAN_POINT('',(-13.4474611759186,6.40326957702636,22.));
#6502=CARTESIAN_POINT('Ctrl Pts',(-14.0114260196686,7.23041992187499,22.));
#6503=CARTESIAN_POINT('Ctrl Pts',(-13.9391201459364,7.08400421365139,22.));
#6504=CARTESIAN_POINT('Ctrl Pts',(-13.7899643256821,6.78197128145703,22.));
#6505=CARTESIAN_POINT('Ctrl Pts',(-13.5639243490421,6.53204153779728,22.));
#6506=CARTESIAN_POINT('Ctrl Pts',(-13.4474611759186,6.40326957702636,22.));
#6507=CARTESIAN_POINT('',(-13.6247069120407,6.34955863952636,22.));
#6508=CARTESIAN_POINT('Ctrl Pts',(-13.4474611759186,6.40326957702636,22.));
#6509=CARTESIAN_POINT('Ctrl Pts',(-13.4693496343201,6.39596767655285,22.));
#6510=CARTESIAN_POINT('Ctrl Pts',(-13.5279275494527,6.37642632291348,22.));
#6511=CARTESIAN_POINT('Ctrl Pts',(-13.5874351560694,6.35990594614155,22.));
#6512=CARTESIAN_POINT('Ctrl Pts',(-13.6247069120407,6.34955863952636,22.));
#6513=CARTESIAN_POINT('',(-14.0705079317093,6.20454053878783,22.));
#6514=CARTESIAN_POINT('Ctrl Pts',(-13.6247069120407,6.34955863952636,22.));
#6515=CARTESIAN_POINT('Ctrl Pts',(-13.711436694284,6.32419890853576,22.));
#6516=CARTESIAN_POINT('Ctrl Pts',(-13.8615040472607,6.28031931373539,22.));
#6517=CARTESIAN_POINT('Ctrl Pts',(-14.0084765685867,6.22703132032599,22.));
#6518=CARTESIAN_POINT('Ctrl Pts',(-14.0705079317093,6.20454053878783,22.));
#6519=CARTESIAN_POINT('',(-14.0705079317093,4.71137504577636,22.));
#6520=CARTESIAN_POINT('',(-14.0705079317093,4.71137504577636,22.));
#6521=CARTESIAN_POINT('',(-13.3051270723343,4.98261671066283,22.));
#6522=CARTESIAN_POINT('Ctrl Pts',(-14.0705079317093,4.71137504577636,22.));
#6523=CARTESIAN_POINT('Ctrl Pts',(-13.9402615933994,4.77157841904364,22.));
#6524=CARTESIAN_POINT('Ctrl Pts',(-13.6934327402862,4.88566937752998,22.));
#6525=CARTESIAN_POINT('Ctrl Pts',(-13.4296956887256,4.9515159667183,22.));
#6526=CARTESIAN_POINT('Ctrl Pts',(-13.3051270723343,4.98261671066283,22.));
#6527=CARTESIAN_POINT('',(-12.19599609375,5.0551245689392,22.));
#6528=CARTESIAN_POINT('Ctrl Pts',(-13.3051270723343,4.98261671066283,22.));
#6529=CARTESIAN_POINT('Ctrl Pts',(-13.1533799291423,5.00360780010047,22.));
#6530=CARTESIAN_POINT('Ctrl Pts',(-12.7856285959006,5.05447861693769,22.));
#6531=CARTESIAN_POINT('Ctrl Pts',(-12.4141749134311,5.0548855504917,22.));
#6532=CARTESIAN_POINT('Ctrl Pts',(-12.19599609375,5.0551245689392,22.));
#6533=CARTESIAN_POINT('',(-10.4342771053314,5.03901224136352,22.));
#6534=CARTESIAN_POINT('',(-10.4342771053314,5.03901224136352,22.));
#6535=CARTESIAN_POINT('',(-9.08344750404357,5.24042825698852,22.));
#6536=CARTESIAN_POINT('Ctrl Pts',(-10.4342771053314,5.03901224136352,22.));
#6537=CARTESIAN_POINT('Ctrl Pts',(-10.1547399397134,5.03758612607871,22.));
#6538=CARTESIAN_POINT('Ctrl Pts',(-9.69244357231909,5.03522762782966,22.));
#6539=CARTESIAN_POINT('Ctrl Pts',(-9.25599021298576,5.18229016008426,22.));
#6540=CARTESIAN_POINT('Ctrl Pts',(-9.08344750404357,5.24042825698852,22.));
#6541=CARTESIAN_POINT('',(-8.47651367187499,5.93598585128783,22.));
#6542=CARTESIAN_POINT('Ctrl Pts',(-9.08344750404357,5.24042825698852,22.));
#6543=CARTESIAN_POINT('Ctrl Pts',(-8.96375371744283,5.32500065770194,22.));
#6544=CARTESIAN_POINT('Ctrl Pts',(-8.70585246529175,5.50722672524354,22.));
#6545=CARTESIAN_POINT('Ctrl Pts',(-8.55653294934618,5.78638623508643,22.));
#6546=CARTESIAN_POINT('Ctrl Pts',(-8.47651367187499,5.93598585128783,22.));
#6547=CARTESIAN_POINT('',(-8.23750023841857,7.43989210128783,22.));
#6548=CARTESIAN_POINT('Ctrl Pts',(-8.47651367187499,5.93598585128783,22.));
#6549=CARTESIAN_POINT('Ctrl Pts',(-8.40720672793491,6.14198958718731,22.));
#6550=CARTESIAN_POINT('Ctrl Pts',(-8.24351784780917,6.6285284376127,22.));
#6551=CARTESIAN_POINT('Ctrl Pts',(-8.23970100498959,7.14315931056444,22.));
#6552=CARTESIAN_POINT('Ctrl Pts',(-8.23750023841857,7.43989210128783,22.));
#6553=CARTESIAN_POINT('',(-8.63496129512786,9.11567192077636,22.));
#6554=CARTESIAN_POINT('Ctrl Pts',(-8.23750023841857,7.43989210128783,22.));
#6555=CARTESIAN_POINT('Ctrl Pts',(-8.24397729007336,7.77169905776641,22.));
#6556=CARTESIAN_POINT('Ctrl Pts',(-8.25548897063049,8.36142041451867,22.));
#6557=CARTESIAN_POINT('Ctrl Pts',(-8.51949734002456,8.88617201674386,22.));
#6558=CARTESIAN_POINT('Ctrl Pts',(-8.63496129512786,9.11567192077636,22.));
#6559=CARTESIAN_POINT('',(-9.85957031249999,9.91059522628783,22.));
#6560=CARTESIAN_POINT('Ctrl Pts',(-8.63496129512786,9.11567192077636,22.));
#6561=CARTESIAN_POINT('Ctrl Pts',(-8.79275164019843,9.29172535014785,22.));
#6562=CARTESIAN_POINT('Ctrl Pts',(-9.12829413114063,9.66610444288516,22.));
#6563=CARTESIAN_POINT('Ctrl Pts',(-9.60633191657928,9.82592891910524,22.));
#6564=CARTESIAN_POINT('Ctrl Pts',(-9.85957031249999,9.91059522628783,22.));
#6565=CARTESIAN_POINT('',(-10.1066411018372,8.54096632003783,22.));
#6566=CARTESIAN_POINT('',(-11.3312501192093,6.52143459320067,22.));
#6567=CARTESIAN_POINT('',(-11.63203125,6.52143459320067,22.));
#6568=CARTESIAN_POINT('',(-11.63203125,6.52143459320067,22.));
#6569=CARTESIAN_POINT('',(-12.3678708553314,6.58051710128783,22.));
#6570=CARTESIAN_POINT('Ctrl Pts',(-11.63203125,6.52143459320067,22.));
#6571=CARTESIAN_POINT('Ctrl Pts',(-11.7843120029402,6.52058462593484,22.));
#6572=CARTESIAN_POINT('Ctrl Pts',(-12.0315897545943,6.519204425283,22.));
#6573=CARTESIAN_POINT('Ctrl Pts',(-12.2745373702879,6.56350001137011,22.));
#6574=CARTESIAN_POINT('Ctrl Pts',(-12.3678708553314,6.58051710128783,22.));
#6575=CARTESIAN_POINT('',(-12.8673828125,6.94037895202636,22.));
#6576=CARTESIAN_POINT('Ctrl Pts',(-12.3678708553314,6.58051710128783,22.));
#6577=CARTESIAN_POINT('Ctrl Pts',(-12.4634394975232,6.61822851067699,22.));
#6578=CARTESIAN_POINT('Ctrl Pts',(-12.6601400230815,6.69584658577225,22.));
#6579=CARTESIAN_POINT('Ctrl Pts',(-12.7970115131384,6.85734561514866,22.));
#6580=CARTESIAN_POINT('Ctrl Pts',(-12.8673828125,6.94037895202636,22.));
#6581=CARTESIAN_POINT('',(-13.1359375,7.71918754577636,22.));
#6582=CARTESIAN_POINT('Ctrl Pts',(-12.8673828125,6.94037895202636,22.));
#6583=CARTESIAN_POINT('Ctrl Pts',(-12.9456894145729,7.06325859722521,22.));
#6584=CARTESIAN_POINT('Ctrl Pts',(-13.0976288156719,7.30168370065876,22.));
#6585=CARTESIAN_POINT('Ctrl Pts',(-13.1234325208735,7.58290312463268,22.));
#6586=CARTESIAN_POINT('Ctrl Pts',(-13.1359375,7.71918754577636,22.));
#6587=CARTESIAN_POINT('',(-12.9049802303314,8.32075099945067,22.));
#6588=CARTESIAN_POINT('Ctrl Pts',(-13.1359375,7.71918754577636,22.));
#6589=CARTESIAN_POINT('Ctrl Pts',(-13.127438423583,7.83438698067782,22.));
#6590=CARTESIAN_POINT('Ctrl Pts',(-13.110903109101,8.0585123786358,22.));
#6591=CARTESIAN_POINT('Ctrl Pts',(-12.9723282448149,8.23498466528569,22.));
#6592=CARTESIAN_POINT('Ctrl Pts',(-12.9049802303314,8.32075099945067,22.));
#6593=CARTESIAN_POINT('',(-12.35712890625,8.55707864761352,22.));
#6594=CARTESIAN_POINT('Ctrl Pts',(-12.9049802303314,8.32075099945067,22.));
#6595=CARTESIAN_POINT('Ctrl Pts',(-12.8250507041077,8.38967682424872,22.));
#6596=CARTESIAN_POINT('Ctrl Pts',(-12.6670550833161,8.52592157624521,22.));
#6597=CARTESIAN_POINT('Ctrl Pts',(-12.4596221301558,8.54677494005893,22.));
#6598=CARTESIAN_POINT('Ctrl Pts',(-12.35712890625,8.55707864761352,22.));
#6599=CARTESIAN_POINT('',(-11.8253905057907,8.26166849136352,22.));
#6600=CARTESIAN_POINT('Ctrl Pts',(-12.35712890625,8.55707864761352,22.));
#6601=CARTESIAN_POINT('Ctrl Pts',(-12.2532909268099,8.54315242643733,22.));
#6602=CARTESIAN_POINT('Ctrl Pts',(-12.0381749142388,8.51430216196033,22.));
#6603=CARTESIAN_POINT('Ctrl Pts',(-11.8979354273811,8.34779928430184,22.));
#6604=CARTESIAN_POINT('Ctrl Pts',(-11.8253905057907,8.26166849136352,22.));
#6605=CARTESIAN_POINT('',(-11.5622067928314,7.43989210128783,22.));
#6606=CARTESIAN_POINT('Ctrl Pts',(-11.8253905057907,8.26166849136352,22.));
#6607=CARTESIAN_POINT('Ctrl Pts',(-11.778887592952,8.1620133394563,22.));
#6608=CARTESIAN_POINT('Ctrl Pts',(-11.6565694875335,7.89988719224558,22.));
#6609=CARTESIAN_POINT('Ctrl Pts',(-11.5983144332102,7.61590802975143,22.));
#6610=CARTESIAN_POINT('Ctrl Pts',(-11.5622067928314,7.43989210128783,22.));
#6611=CARTESIAN_POINT('Ctrl Pts',(-11.5622067928314,7.43989210128783,22.));
#6612=CARTESIAN_POINT('Ctrl Pts',(-11.5232449937421,7.25793509437453,22.));
#6613=CARTESIAN_POINT('Ctrl Pts',(-11.4570951758564,6.94900626789177,22.));
#6614=CARTESIAN_POINT('Ctrl Pts',(-11.3679070408519,6.64598029879568,22.));
#6615=CARTESIAN_POINT('Ctrl Pts',(-11.3312501192093,6.52143459320067,22.));
#6616=CARTESIAN_POINT('Origin',(-10.1940142482069,17.7443347454071,22.));
#6617=CARTESIAN_POINT('',(-14.0705079317093,-1.68022651672364,22.));
#6618=CARTESIAN_POINT('',(-6.19648461341857,-1.68022651672364,22.));
#6619=CARTESIAN_POINT('',(-6.19648461341857,-1.68022651672364,22.));
#6620=CARTESIAN_POINT('',(-6.19648461341857,-0.170948696136484,22.));
#6621=CARTESIAN_POINT('',(-6.19648461341857,-0.170948696136484,22.));
#6622=CARTESIAN_POINT('',(-9.0324217557907,-0.170948696136484,22.));
#6623=CARTESIAN_POINT('',(-9.0324217557907,-0.170948696136484,22.));
#6624=CARTESIAN_POINT('',(-8.23750023841857,1.48334960937499,22.));
#6625=CARTESIAN_POINT('Ctrl Pts',(-9.0324217557907,-0.170948696136484,22.));
#6626=CARTESIAN_POINT('Ctrl Pts',(-8.80062697643897,0.0676603058666991,
22.));
#6627=CARTESIAN_POINT('Ctrl Pts',(-8.35010603126259,0.531425509771259,22.));
#6628=CARTESIAN_POINT('Ctrl Pts',(-8.2743025389643,1.17223775690697,22.));
#6629=CARTESIAN_POINT('Ctrl Pts',(-8.23750023841857,1.48334960937499,22.));
#6630=CARTESIAN_POINT('',(-8.9921385526657,3.20746879577636,22.));
#6631=CARTESIAN_POINT('Ctrl Pts',(-8.23750023841857,1.48334960937499,22.));
#6632=CARTESIAN_POINT('Ctrl Pts',(-8.26807235464031,1.81489361928583,22.));
#6633=CARTESIAN_POINT('Ctrl Pts',(-8.32880024021857,2.47346650158129,22.));
#6634=CARTESIAN_POINT('Ctrl Pts',(-8.7720387209649,2.96392220968464,22.));
#6635=CARTESIAN_POINT('Ctrl Pts',(-8.9921385526657,3.20746879577636,22.));
#6636=CARTESIAN_POINT('',(-11.1969727754593,3.88959865570067,22.));
#6637=CARTESIAN_POINT('Ctrl Pts',(-8.9921385526657,3.20746879577636,22.));
#6638=CARTESIAN_POINT('Ctrl Pts',(-9.29244588153948,3.40593727752711,22.));
#6639=CARTESIAN_POINT('Ctrl Pts',(-9.95750690139863,3.84546584773568,22.));
#6640=CARTESIAN_POINT('Ctrl Pts',(-10.7579620023045,3.87396710137419,22.));
#6641=CARTESIAN_POINT('Ctrl Pts',(-11.1969727754593,3.88959865570067,22.));
#6642=CARTESIAN_POINT('',(-13.4071779727936,3.18867187499999,22.));
#6643=CARTESIAN_POINT('Ctrl Pts',(-11.1969727754593,3.88959865570067,22.));
#6644=CARTESIAN_POINT('Ctrl Pts',(-11.6307616114327,3.8709828375124,22.));
#6645=CARTESIAN_POINT('Ctrl Pts',(-12.4339471960864,3.83651455346401,22.));
#6646=CARTESIAN_POINT('Ctrl Pts',(-13.1005826281332,3.39276072426696,22.));
#6647=CARTESIAN_POINT('Ctrl Pts',(-13.4071779727936,3.18867187499999,22.));
#6648=CARTESIAN_POINT('',(-14.1994143009186,1.50483350753783,22.));
#6649=CARTESIAN_POINT('Ctrl Pts',(-13.4071779727936,3.18867187499999,22.));
#6650=CARTESIAN_POINT('Ctrl Pts',(-13.6382171500122,2.9468573132422,22.));
#6651=CARTESIAN_POINT('Ctrl Pts',(-14.0907894920083,2.47317755095686,22.));
#6652=CARTESIAN_POINT('Ctrl Pts',(-14.1637166282999,1.82306309975526,22.));
#6653=CARTESIAN_POINT('Ctrl Pts',(-14.1994143009186,1.50483350753783,22.));
#6654=CARTESIAN_POINT('',(-13.9604002714157,0.546092796325675,22.));
#6655=CARTESIAN_POINT('Ctrl Pts',(-14.1994143009186,1.50483350753783,22.));
#6656=CARTESIAN_POINT('Ctrl Pts',(-14.1884975997684,1.34215647479815,22.));
#6657=CARTESIAN_POINT('Ctrl Pts',(-14.1661054520786,1.00847617223002,22.));
#6658=CARTESIAN_POINT('Ctrl Pts',(-14.0300999019128,0.702763378683815,22.));
#6659=CARTESIAN_POINT('Ctrl Pts',(-13.9604002714157,0.546092796325675,22.));
#6660=CARTESIAN_POINT('',(-13.2326174259186,-0.278370571136484,22.));
#6661=CARTESIAN_POINT('Ctrl Pts',(-13.9604002714157,0.546092796325675,22.));
#6662=CARTESIAN_POINT('Ctrl Pts',(-13.8678828781982,0.391186203827325,22.));
#6663=CARTESIAN_POINT('Ctrl Pts',(-13.6768015432807,0.0712489741593947,
22.));
#6664=CARTESIAN_POINT('Ctrl Pts',(-13.3837696834628,-0.159397871556681,
22.));
#6665=CARTESIAN_POINT('Ctrl Pts',(-13.2326174259186,-0.278370571136484,
22.));
#6666=CARTESIAN_POINT('',(-14.0705079317093,-0.278370571136484,22.));
#6667=CARTESIAN_POINT('',(-14.0705079317093,-0.278370571136484,22.));
#6668=CARTESIAN_POINT('',(-14.0705079317093,-1.68022651672364,22.));
#6669=CARTESIAN_POINT('',(-11.094921875,2.34809379577636,22.));
#6670=CARTESIAN_POINT('',(-9.81928710937499,1.98554496765136,22.));
#6671=CARTESIAN_POINT('Ctrl Pts',(-11.094921875,2.34809379577636,22.));
#6672=CARTESIAN_POINT('Ctrl Pts',(-10.8400978598357,2.34104125856519,22.));
#6673=CARTESIAN_POINT('Ctrl Pts',(-10.3818091694895,2.32835761083271,22.));
#6674=CARTESIAN_POINT('Ctrl Pts',(-9.99224182967709,2.09094717144295,22.));
#6675=CARTESIAN_POINT('Ctrl Pts',(-9.81928710937499,1.98554496765136,22.));
#6676=CARTESIAN_POINT('',(-9.39228539466857,1.08588676452636,22.));
#6677=CARTESIAN_POINT('Ctrl Pts',(-9.81928710937499,1.98554496765136,22.));
#6678=CARTESIAN_POINT('Ctrl Pts',(-9.6947503671875,1.85852963453324,22.));
#6679=CARTESIAN_POINT('Ctrl Pts',(-9.44865485908393,1.60753621370339,22.));
#6680=CARTESIAN_POINT('Ctrl Pts',(-9.4109230197797,1.25836147178182,22.));
#6681=CARTESIAN_POINT('Ctrl Pts',(-9.39228539466857,1.08588676452636,22.));
#6682=CARTESIAN_POINT('',(-9.82465867996215,0.178172397613516,22.));
#6683=CARTESIAN_POINT('Ctrl Pts',(-9.39228539466857,1.08588676452636,22.));
#6684=CARTESIAN_POINT('Ctrl Pts',(-9.4105210617647,0.90957945504659,22.));
#6685=CARTESIAN_POINT('Ctrl Pts',(-9.44710473185549,0.55587874255798,22.));
#6686=CARTESIAN_POINT('Ctrl Pts',(-9.69854999654861,0.304331983857415,22.));
#6687=CARTESIAN_POINT('Ctrl Pts',(-9.82465867996215,0.178172397613516,22.));
#6688=CARTESIAN_POINT('',(-11.2399411678314,-0.176320266723642,22.));
#6689=CARTESIAN_POINT('Ctrl Pts',(-9.82465867996215,0.178172397613516,22.));
#6690=CARTESIAN_POINT('Ctrl Pts',(-10.0107250206804,0.0753521024987203,
22.));
#6691=CARTESIAN_POINT('Ctrl Pts',(-10.4482199965909,-0.166407704034328,
22.));
#6692=CARTESIAN_POINT('Ctrl Pts',(-10.9509956732516,-0.172702591167071,
22.));
#6693=CARTESIAN_POINT('Ctrl Pts',(-11.2399411678314,-0.176320266723642,
22.));
#6694=CARTESIAN_POINT('',(-12.5639158964157,0.188915538787833,22.));
#6695=CARTESIAN_POINT('Ctrl Pts',(-11.2399411678314,-0.176320266723642,
22.));
#6696=CARTESIAN_POINT('Ctrl Pts',(-11.5040916966526,-0.169456016853897,
22.));
#6697=CARTESIAN_POINT('Ctrl Pts',(-11.9779565893316,-0.157142102350813,
22.));
#6698=CARTESIAN_POINT('Ctrl Pts',(-12.3841502260028,0.0827489789112024,
22.));
#6699=CARTESIAN_POINT('Ctrl Pts',(-12.5639158964157,0.188915538787833,22.));
#6700=CARTESIAN_POINT('',(-13.0070311307907,1.07514600753783,22.));
#6701=CARTESIAN_POINT('Ctrl Pts',(-12.5639158964157,0.188915538787833,22.));
#6702=CARTESIAN_POINT('Ctrl Pts',(-12.693127755241,0.314575875617731,22.));
#6703=CARTESIAN_POINT('Ctrl Pts',(-12.9444787498696,0.559018227385768,22.));
#6704=CARTESIAN_POINT('Ctrl Pts',(-12.9865751853035,0.906361357300964,22.));
#6705=CARTESIAN_POINT('Ctrl Pts',(-13.0070311307907,1.07514600753783,22.));
#6706=CARTESIAN_POINT('',(-12.4162108182907,2.09565382003783,22.));
#6707=CARTESIAN_POINT('Ctrl Pts',(-13.0070311307907,1.07514600753783,22.));
#6708=CARTESIAN_POINT('Ctrl Pts',(-12.9807149653134,1.28251900321717,22.));
#6709=CARTESIAN_POINT('Ctrl Pts',(-12.9271335534859,1.7047438099813,22.));
#6710=CARTESIAN_POINT('Ctrl Pts',(-12.5885176835964,1.96382081710107,22.));
#6711=CARTESIAN_POINT('Ctrl Pts',(-12.4162108182907,2.09565382003783,22.));
#6712=CARTESIAN_POINT('Ctrl Pts',(-12.4162108182907,2.09565382003783,22.));
#6713=CARTESIAN_POINT('Ctrl Pts',(-12.240210609446,2.16879641708347,22.));
#6714=CARTESIAN_POINT('Ctrl Pts',(-11.8191652532911,2.343775475491,22.));
#6715=CARTESIAN_POINT('Ctrl Pts',(-11.361360631293,2.34650514764978,22.));
#6716=CARTESIAN_POINT('Ctrl Pts',(-11.094921875,2.34809379577636,22.));
#6717=CARTESIAN_POINT('Origin',(-10.1940142482069,17.7443347454071,22.));
#6718=CARTESIAN_POINT('',(-14.0705079317093,16.9950674057007,22.));
#6719=CARTESIAN_POINT('',(-14.0705079317093,15.4052231788635,22.));
#6720=CARTESIAN_POINT('',(-14.0705079317093,15.4052231788635,22.));
#6721=CARTESIAN_POINT('',(-11.1002934455872,15.4052231788635,22.));
#6722=CARTESIAN_POINT('',(-11.1002934455872,15.4052231788635,22.));
#6723=CARTESIAN_POINT('',(-11.1002934455872,14.3686030387878,22.));
#6724=CARTESIAN_POINT('',(-11.1002934455872,14.3686030387878,22.));
#6725=CARTESIAN_POINT('',(-10.9875,12.7196763038635,22.));
#6726=CARTESIAN_POINT('Ctrl Pts',(-11.1002934455872,14.3686030387878,22.));
#6727=CARTESIAN_POINT('Ctrl Pts',(-11.0992005392951,14.0506348942272,22.));
#6728=CARTESIAN_POINT('Ctrl Pts',(-11.0973020876003,13.4983028532163,22.));
#6729=CARTESIAN_POINT('Ctrl Pts',(-11.0202110435722,12.9516362559829,22.));
#6730=CARTESIAN_POINT('Ctrl Pts',(-10.9875,12.7196763038635,22.));
#6731=CARTESIAN_POINT('',(-10.6142092227936,11.8952129364014,22.));
#6732=CARTESIAN_POINT('Ctrl Pts',(-10.9875,12.7196763038635,22.));
#6733=CARTESIAN_POINT('Ctrl Pts',(-10.9475110567273,12.5783056256313,22.));
#6734=CARTESIAN_POINT('Ctrl Pts',(-10.8645174376383,12.2849029182989,22.));
#6735=CARTESIAN_POINT('Ctrl Pts',(-10.6996423125163,12.0282186358274,22.));
#6736=CARTESIAN_POINT('Ctrl Pts',(-10.6142092227936,11.8952129364014,22.));
#6737=CARTESIAN_POINT('',(-9.8380858182907,11.2265131950378,22.));
#6738=CARTESIAN_POINT('Ctrl Pts',(-10.6142092227936,11.8952129364014,22.));
#6739=CARTESIAN_POINT('Ctrl Pts',(-10.5088393351133,11.764642971528,22.));
#6740=CARTESIAN_POINT('Ctrl Pts',(-10.2909910719258,11.494694500496,22.));
#6741=CARTESIAN_POINT('Ctrl Pts',(-9.99230301188085,11.3178306791455,22.));
#6742=CARTESIAN_POINT('Ctrl Pts',(-9.8380858182907,11.2265131950378,22.));
#6743=CARTESIAN_POINT('',(-8.61884777545928,10.9633276939392,22.));
#6744=CARTESIAN_POINT('Ctrl Pts',(-9.8380858182907,11.2265131950378,22.));
#6745=CARTESIAN_POINT('Ctrl Pts',(-9.6565675439597,11.1498436182461,22.));
#6746=CARTESIAN_POINT('Ctrl Pts',(-9.26736875024065,10.9854540717265,22.));
#6747=CARTESIAN_POINT('Ctrl Pts',(-8.84449669630313,10.9710264322438,22.));
#6748=CARTESIAN_POINT('Ctrl Pts',(-8.61884777545928,10.9633276939392,22.));
#6749=CARTESIAN_POINT('',(-7.0854002714157,11.4198706626892,22.));
#6750=CARTESIAN_POINT('Ctrl Pts',(-8.61884777545928,10.9633276939392,22.));
#6751=CARTESIAN_POINT('Ctrl Pts',(-8.32694260659037,10.9772270891006,22.));
#6752=CARTESIAN_POINT('Ctrl Pts',(-7.77686403167177,11.0034197033399,22.));
#6753=CARTESIAN_POINT('Ctrl Pts',(-7.30626895884084,11.2868470943472,22.));
#6754=CARTESIAN_POINT('Ctrl Pts',(-7.0854002714157,11.4198706626892,22.));
#6755=CARTESIAN_POINT('',(-6.31464843749999,12.5531719207764,22.));
#6756=CARTESIAN_POINT('Ctrl Pts',(-7.0854002714157,11.4198706626892,22.));
#6757=CARTESIAN_POINT('Ctrl Pts',(-6.9054861366753,11.5790764635439,22.));
#6758=CARTESIAN_POINT('Ctrl Pts',(-6.55216960050078,11.8917258403037,22.));
#6759=CARTESIAN_POINT('Ctrl Pts',(-6.3928433477547,12.3354156743542,22.));
#6760=CARTESIAN_POINT('Ctrl Pts',(-6.31464843749999,12.5531719207764,22.));
#6761=CARTESIAN_POINT('',(-6.19648461341857,14.4437978744507,22.));
#6762=CARTESIAN_POINT('Ctrl Pts',(-6.31464843749999,12.5531719207764,22.));
#6763=CARTESIAN_POINT('Ctrl Pts',(-6.28072479030592,12.7837957398347,22.));
#6764=CARTESIAN_POINT('Ctrl Pts',(-6.18861419549528,13.4099930655358,22.));
#6765=CARTESIAN_POINT('Ctrl Pts',(-6.19343762018084,14.0435654735037,22.));
#6766=CARTESIAN_POINT('Ctrl Pts',(-6.19648461341857,14.4437978744507,22.));
#6767=CARTESIAN_POINT('',(-6.19648461341857,16.9950674057007,22.));
#6768=CARTESIAN_POINT('',(-6.19648461341857,16.9950674057007,22.));
#6769=CARTESIAN_POINT('',(-14.0705079317093,16.9950674057007,22.));
#6770=CARTESIAN_POINT('',(-7.5285155057907,15.4052231788635,22.));
#6771=CARTESIAN_POINT('',(-7.5285155057907,14.6371577262878,22.));
#6772=CARTESIAN_POINT('',(-7.5285155057907,14.6371577262878,22.));
#6773=CARTESIAN_POINT('',(-7.5822264432907,13.4931133270264,22.));
#6774=CARTESIAN_POINT('Ctrl Pts',(-7.5285155057907,14.6371577262878,22.));
#6775=CARTESIAN_POINT('Ctrl Pts',(-7.52741216455571,14.3982770863406,22.));
#6776=CARTESIAN_POINT('Ctrl Pts',(-7.52564567776522,14.0158210685758,22.));
#6777=CARTESIAN_POINT('Ctrl Pts',(-7.56678324948944,13.6357815443825,22.));
#6778=CARTESIAN_POINT('Ctrl Pts',(-7.5822264432907,13.4931133270264,22.));
#6779=CARTESIAN_POINT('',(-7.9313475370407,12.8539536476135,22.));
#6780=CARTESIAN_POINT('Ctrl Pts',(-7.5822264432907,13.4931133270264,22.));
#6781=CARTESIAN_POINT('Ctrl Pts',(-7.61367777713296,13.3703047984583,22.));
#6782=CARTESIAN_POINT('Ctrl Pts',(-7.67585758805217,13.1275102917474,22.));
#6783=CARTESIAN_POINT('Ctrl Pts',(-7.84684681907234,12.9444297423712,22.));
#6784=CARTESIAN_POINT('Ctrl Pts',(-7.9313475370407,12.8539536476135,22.));
#6785=CARTESIAN_POINT('',(-8.64033226966857,12.6015112876892,22.));
#6786=CARTESIAN_POINT('Ctrl Pts',(-7.9313475370407,12.8539536476135,22.));
#6787=CARTESIAN_POINT('Ctrl Pts',(-8.03316043100849,12.7803511225536,22.));
#6788=CARTESIAN_POINT('Ctrl Pts',(-8.24450602388194,12.6275652750098,22.));
#6789=CARTESIAN_POINT('Ctrl Pts',(-8.50521587784811,12.6104048888507,22.));
#6790=CARTESIAN_POINT('Ctrl Pts',(-8.64033226966857,12.6015112876892,22.));
#6791=CARTESIAN_POINT('',(-9.25263648033141,12.7814434051514,22.));
#6792=CARTESIAN_POINT('Ctrl Pts',(-8.64033226966857,12.6015112876892,22.));
#6793=CARTESIAN_POINT('Ctrl Pts',(-8.75200314667501,12.6082530340549,22.));
#6794=CARTESIAN_POINT('Ctrl Pts',(-8.97005190240165,12.6214169801603,22.));
#6795=CARTESIAN_POINT('Ctrl Pts',(-9.15997840368963,12.7289715368698,22.));
#6796=CARTESIAN_POINT('Ctrl Pts',(-9.25263648033141,12.7814434051514,22.));
#6797=CARTESIAN_POINT('',(-9.63935558795928,13.2782695770264,22.));
#6798=CARTESIAN_POINT('Ctrl Pts',(-9.25263648033141,12.7814434051514,22.));
#6799=CARTESIAN_POINT('Ctrl Pts',(-9.33488628782289,12.8480135211661,22.));
#6800=CARTESIAN_POINT('Ctrl Pts',(-9.50228185930787,12.9834976390501,22.));
#6801=CARTESIAN_POINT('Ctrl Pts',(-9.59314039183169,13.1788855224704,22.));
#6802=CARTESIAN_POINT('Ctrl Pts',(-9.63935558795928,13.2782695770264,22.));
#6803=CARTESIAN_POINT('',(-9.76289038658141,14.535107421875,22.));
#6804=CARTESIAN_POINT('Ctrl Pts',(-9.63935558795928,13.2782695770264,22.));
#6805=CARTESIAN_POINT('Ctrl Pts',(-9.67491073841535,13.4352756081623,22.));
#6806=CARTESIAN_POINT('Ctrl Pts',(-9.76839818175154,13.8481016615184,22.));
#6807=CARTESIAN_POINT('Ctrl Pts',(-9.7649976363422,14.2722630931644,22.));
#6808=CARTESIAN_POINT('Ctrl Pts',(-9.76289038658141,14.535107421875,22.));
#6809=CARTESIAN_POINT('',(-9.76289038658141,15.4052231788635,22.));
#6810=CARTESIAN_POINT('',(-9.76289038658141,15.4052231788635,22.));
#6811=CARTESIAN_POINT('',(-7.5285155057907,15.4052231788635,22.));
#6812=CARTESIAN_POINT('Origin',(-10.1940142482069,17.7443347454071,22.));
#6813=CARTESIAN_POINT('',(-12.2550780057907,25.9379384994507,22.));
#6814=CARTESIAN_POINT('',(-12.8781247615814,26.3031731128693,22.));
#6815=CARTESIAN_POINT('Ctrl Pts',(-12.2550780057907,25.9379384994507,22.));
#6816=CARTESIAN_POINT('Ctrl Pts',(-12.3844335789214,25.979369878274,22.));
#6817=CARTESIAN_POINT('Ctrl Pts',(-12.6201686584284,26.0548736168808,22.));
#6818=CARTESIAN_POINT('Ctrl Pts',(-12.7979140834856,26.2259651278647,22.));
#6819=CARTESIAN_POINT('Ctrl Pts',(-12.8781247615814,26.3031731128693,22.));
#6820=CARTESIAN_POINT('',(-13.0714846134186,26.8993649959564,22.));
#6821=CARTESIAN_POINT('Ctrl Pts',(-12.8781247615814,26.3031731128693,22.));
#6822=CARTESIAN_POINT('Ctrl Pts',(-12.9345005402696,26.3904754738893,22.));
#6823=CARTESIAN_POINT('Ctrl Pts',(-13.0515694927173,26.5717660243463,22.));
#6824=CARTESIAN_POINT('Ctrl Pts',(-13.0646850104494,26.7875131536569,22.));
#6825=CARTESIAN_POINT('Ctrl Pts',(-13.0714846134186,26.8993649959564,22.));
#6826=CARTESIAN_POINT('',(-12.6981932401657,27.7694819450378,22.));
#6827=CARTESIAN_POINT('Ctrl Pts',(-13.0714846134186,26.8993649959564,22.));
#6828=CARTESIAN_POINT('Ctrl Pts',(-13.0562717054803,27.0655486464088,22.));
#6829=CARTESIAN_POINT('Ctrl Pts',(-13.026010389782,27.3961189706795,22.));
#6830=CARTESIAN_POINT('Ctrl Pts',(-12.8070689022012,27.6454794605419,22.));
#6831=CARTESIAN_POINT('Ctrl Pts',(-12.6981932401657,27.7694819450378,22.));
#6832=CARTESIAN_POINT('',(-11.6535157442093,28.13471596241,22.));
#6833=CARTESIAN_POINT('Ctrl Pts',(-12.6981932401657,27.7694819450378,22.));
#6834=CARTESIAN_POINT('Ctrl Pts',(-12.5540028445374,27.8720086461171,22.));
#6835=CARTESIAN_POINT('Ctrl Pts',(-12.2422860640116,28.0936551229099,22.));
#6836=CARTESIAN_POINT('Ctrl Pts',(-11.8593289311836,28.1203625516603,22.));
#6837=CARTESIAN_POINT('Ctrl Pts',(-11.6535157442093,28.13471596241,22.));
#6838=CARTESIAN_POINT('',(-11.6535157442093,24.3534658432007,22.));
#6839=CARTESIAN_POINT('',(-11.6535157442093,24.3534658432007,22.));
#6840=CARTESIAN_POINT('',(-9.07807652950286,25.0570796012878,22.));
#6841=CARTESIAN_POINT('Ctrl Pts',(-11.6535157442093,24.3534658432007,22.));
#6842=CARTESIAN_POINT('Ctrl Pts',(-11.1350064164906,24.3571149976517,22.));
#6843=CARTESIAN_POINT('Ctrl Pts',(-10.2087582423454,24.3636337283028,22.));
#6844=CARTESIAN_POINT('Ctrl Pts',(-9.4236742378467,24.8451249001176,22.));
#6845=CARTESIAN_POINT('Ctrl Pts',(-9.07807652950286,25.0570796012878,22.));
#6846=CARTESIAN_POINT('',(-8.23750023841857,27.0658681869507,22.));
#6847=CARTESIAN_POINT('Ctrl Pts',(-9.07807652950286,25.0570796012878,22.));
#6848=CARTESIAN_POINT('Ctrl Pts',(-8.83300261911752,25.3321544675857,22.));
#6849=CARTESIAN_POINT('Ctrl Pts',(-8.32383245821477,25.9036551781792,22.));
#6850=CARTESIAN_POINT('Ctrl Pts',(-8.26698556871392,26.6689337108296,22.));
#6851=CARTESIAN_POINT('Ctrl Pts',(-8.23750023841857,27.0658681869507,22.));
#6852=CARTESIAN_POINT('',(-9.04047851562499,28.94038002491,22.));
#6853=CARTESIAN_POINT('Ctrl Pts',(-8.23750023841857,27.0658681869507,22.));
#6854=CARTESIAN_POINT('Ctrl Pts',(-8.26955080772942,27.4259893001071,22.));
#6855=CARTESIAN_POINT('Ctrl Pts',(-8.33299529943696,28.1388534229178,22.));
#6856=CARTESIAN_POINT('Ctrl Pts',(-8.80628361268661,28.6750543741228,22.));
#6857=CARTESIAN_POINT('Ctrl Pts',(-9.04047851562499,28.94038002491,22.));
#6858=CARTESIAN_POINT('',(-11.2614262580872,29.6815912008285,22.));
#6859=CARTESIAN_POINT('Ctrl Pts',(-9.04047851562499,28.94038002491,22.));
#6860=CARTESIAN_POINT('Ctrl Pts',(-9.34870661710995,29.1562694082296,22.));
#6861=CARTESIAN_POINT('Ctrl Pts',(-10.0128584097312,29.6214551594602,22.));
#6862=CARTESIAN_POINT('Ctrl Pts',(-10.8257772455415,29.6606085949773,22.));
#6863=CARTESIAN_POINT('Ctrl Pts',(-11.2614262580872,29.6815912008285,22.));
#6864=CARTESIAN_POINT('',(-13.2272458553314,29.1176263570785,22.));
#6865=CARTESIAN_POINT('Ctrl Pts',(-11.2614262580872,29.6815912008285,22.));
#6866=CARTESIAN_POINT('Ctrl Pts',(-11.6317680700845,29.6638754790781,22.));
#6867=CARTESIAN_POINT('Ctrl Pts',(-12.332870187096,29.630337461978,22.));
#6868=CARTESIAN_POINT('Ctrl Pts',(-12.9405565036231,29.2819743145395,22.));
#6869=CARTESIAN_POINT('Ctrl Pts',(-13.2272458553314,29.1176263570785,22.));
#6870=CARTESIAN_POINT('',(-14.1994143009186,26.915478515625,22.));
#6871=CARTESIAN_POINT('Ctrl Pts',(-13.2272458553314,29.1176263570785,22.));
#6872=CARTESIAN_POINT('Ctrl Pts',(-13.5105060247893,28.8335560293177,22.));
#6873=CARTESIAN_POINT('Ctrl Pts',(-14.1141917191791,28.2281437209155,22.));
#6874=CARTESIAN_POINT('Ctrl Pts',(-14.1698642966345,27.3706309135948,22.));
#6875=CARTESIAN_POINT('Ctrl Pts',(-14.1994143009186,26.915478515625,22.));
#6876=CARTESIAN_POINT('',(-13.767041015625,25.3498039722443,22.));
#6877=CARTESIAN_POINT('Ctrl Pts',(-14.1994143009186,26.915478515625,22.));
#6878=CARTESIAN_POINT('Ctrl Pts',(-14.1858326217642,26.6219378487127,22.));
#6879=CARTESIAN_POINT('Ctrl Pts',(-14.1601209149939,26.066231041987,22.));
#6880=CARTESIAN_POINT('Ctrl Pts',(-13.8930413195742,25.5794520124772,22.));
#6881=CARTESIAN_POINT('Ctrl Pts',(-13.767041015625,25.3498039722443,22.));
#6882=CARTESIAN_POINT('',(-12.5075197696686,24.4340322494507,22.));
#6883=CARTESIAN_POINT('Ctrl Pts',(-13.767041015625,25.3498039722443,22.));
#6884=CARTESIAN_POINT('Ctrl Pts',(-13.6015505442866,25.153544658836,22.));
#6885=CARTESIAN_POINT('Ctrl Pts',(-13.2574466797533,24.7454632288404,22.));
#6886=CARTESIAN_POINT('Ctrl Pts',(-12.7637710949846,24.5404487550326,22.));
#6887=CARTESIAN_POINT('Ctrl Pts',(-12.5075197696686,24.4340322494507,22.));
#6888=CARTESIAN_POINT('',(-12.2550780057907,25.9379384994507,22.));
#6889=CARTESIAN_POINT('',(-10.7296872615814,25.8520017147064,22.));
#6890=CARTESIAN_POINT('',(-10.7296872615814,28.10786049366,22.));
#6891=CARTESIAN_POINT('',(-10.7296872615814,28.10786049366,22.));
#6892=CARTESIAN_POINT('',(-9.75214843749999,27.7909658432007,22.));
#6893=CARTESIAN_POINT('Ctrl Pts',(-10.7296872615814,28.10786049366,22.));
#6894=CARTESIAN_POINT('Ctrl Pts',(-10.5392935125397,28.1000296832257,22.));
#6895=CARTESIAN_POINT('Ctrl Pts',(-10.1826521844125,28.0853611836156,22.));
#6896=CARTESIAN_POINT('Ctrl Pts',(-9.88902302926164,27.8845660553354,22.));
#6897=CARTESIAN_POINT('Ctrl Pts',(-9.75214843749999,27.7909658432007,22.));
#6898=CARTESIAN_POINT('',(-9.39228539466857,26.9745598316193,22.));
#6899=CARTESIAN_POINT('Ctrl Pts',(-9.75214843749999,27.7909658432007,22.));
#6900=CARTESIAN_POINT('Ctrl Pts',(-9.64718977992676,27.6758557313757,22.));
#6901=CARTESIAN_POINT('Ctrl Pts',(-9.43590493857251,27.4441357162998,22.));
#6902=CARTESIAN_POINT('Ctrl Pts',(-9.40688784632968,27.1317590717666,22.));
#6903=CARTESIAN_POINT('Ctrl Pts',(-9.39228539466857,26.9745598316193,22.));
#6904=CARTESIAN_POINT('',(-9.73334972858428,26.190380859375,22.));
#6905=CARTESIAN_POINT('Ctrl Pts',(-9.39228539466857,26.9745598316193,22.));
#6906=CARTESIAN_POINT('Ctrl Pts',(-9.40674769436085,26.8261704852207,22.));
#6907=CARTESIAN_POINT('Ctrl Pts',(-9.43580170509014,26.5280639769815,22.));
#6908=CARTESIAN_POINT('Ctrl Pts',(-9.6338729734121,26.3032756466482,22.));
#6909=CARTESIAN_POINT('Ctrl Pts',(-9.73334972858428,26.190380859375,22.));
#6910=CARTESIAN_POINT('Ctrl Pts',(-9.73334972858428,26.190380859375,22.));
#6911=CARTESIAN_POINT('Ctrl Pts',(-9.86864124101428,26.0957062777904,22.));
#6912=CARTESIAN_POINT('Ctrl Pts',(-10.1664466224897,25.8873073961576,22.));
#6913=CARTESIAN_POINT('Ctrl Pts',(-10.5308374082267,25.8644662442376,22.));
#6914=CARTESIAN_POINT('Ctrl Pts',(-10.7296872615814,25.8520017147064,22.));
#6915=CARTESIAN_POINT('Origin',(-50.,18.55,15.));
#6916=CARTESIAN_POINT('',(-50.,-47.9,15.));
#6917=CARTESIAN_POINT('',(-110.2,-9.20000000000001,15.));
#6918=CARTESIAN_POINT('',(-110.2,-9.20000000000001,15.));
#6919=CARTESIAN_POINT('',(-110.2,46.3,15.));
#6920=CARTESIAN_POINT('',(-110.2,-9.20000000000001,15.));
#6921=CARTESIAN_POINT('',(-50.,85.,15.));
#6922=CARTESIAN_POINT('',(-110.2,46.3,15.));
#6923=CARTESIAN_POINT('',(10.2,46.3,15.));
#6924=CARTESIAN_POINT('',(-50.,85.,15.));
#6925=CARTESIAN_POINT('',(10.2,-9.20000000000001,15.));
#6926=CARTESIAN_POINT('',(10.2,46.3,15.));
#6927=CARTESIAN_POINT('',(-50.,-47.9,15.));
#6928=CARTESIAN_POINT('',(-76.05,6.00000000000001,15.));
#6929=CARTESIAN_POINT('',(-76.05,-7.,15.));
#6930=CARTESIAN_POINT('',(-76.05,5.775,15.));
#6931=CARTESIAN_POINT('',(-75.55,-7.5,15.));
#6932=CARTESIAN_POINT('Origin',(-75.55,-7.,15.));
#6933=CARTESIAN_POINT('',(-62.55,-7.5,15.));
#6934=CARTESIAN_POINT('',(-56.275,-7.5,15.));
#6935=CARTESIAN_POINT('',(-62.05,-7.,15.));
#6936=CARTESIAN_POINT('Origin',(-62.55,-7.,15.));
#6937=CARTESIAN_POINT('',(-62.05,6.00000000000001,15.));
#6938=CARTESIAN_POINT('',(-62.05,12.275,15.));
#6939=CARTESIAN_POINT('',(-62.55,6.5,15.));
#6940=CARTESIAN_POINT('Origin',(-62.55,6.00000000000001,15.));
#6941=CARTESIAN_POINT('',(-75.55,6.5,15.));
#6942=CARTESIAN_POINT('',(-62.775,6.5,15.));
#6943=CARTESIAN_POINT('Origin',(-75.55,6.00000000000001,15.));
#6944=CARTESIAN_POINT('',(-37.95,44.1,15.));
#6945=CARTESIAN_POINT('',(-37.95,31.1,15.));
#6946=CARTESIAN_POINT('',(-37.95,24.825,15.));
#6947=CARTESIAN_POINT('',(-37.45,30.6,15.));
#6948=CARTESIAN_POINT('Origin',(-37.45,31.1,15.));
#6949=CARTESIAN_POINT('',(-24.45,30.6,15.));
#6950=CARTESIAN_POINT('',(-37.225,30.6,15.));
#6951=CARTESIAN_POINT('',(-23.95,31.1,15.));
#6952=CARTESIAN_POINT('Origin',(-24.45,31.1,15.));
#6953=CARTESIAN_POINT('',(-23.95,44.1,15.));
#6954=CARTESIAN_POINT('',(-23.95,31.325,15.));
#6955=CARTESIAN_POINT('',(-24.45,44.6,15.));
#6956=CARTESIAN_POINT('Origin',(-24.45,44.1,15.));
#6957=CARTESIAN_POINT('',(-37.45,44.6,15.));
#6958=CARTESIAN_POINT('',(-43.725,44.6,15.));
#6959=CARTESIAN_POINT('Origin',(-37.45,44.1,15.));
#6960=CARTESIAN_POINT('',(-57.,44.1,15.));
#6961=CARTESIAN_POINT('',(-57.,31.1,15.));
#6962=CARTESIAN_POINT('',(-57.,24.825,15.));
#6963=CARTESIAN_POINT('',(-56.5,30.6,15.));
#6964=CARTESIAN_POINT('Origin',(-56.5,31.1,15.));
#6965=CARTESIAN_POINT('',(-43.5,30.6,15.));
#6966=CARTESIAN_POINT('',(-46.75,30.6,15.));
#6967=CARTESIAN_POINT('',(-43.,31.1,15.));
#6968=CARTESIAN_POINT('Origin',(-43.5,31.1,15.));
#6969=CARTESIAN_POINT('',(-43.,44.1,15.));
#6970=CARTESIAN_POINT('',(-43.,31.325,15.));
#6971=CARTESIAN_POINT('',(-43.5,44.6,15.));
#6972=CARTESIAN_POINT('Origin',(-43.5,44.1,15.));
#6973=CARTESIAN_POINT('',(-56.5,44.6,15.));
#6974=CARTESIAN_POINT('',(-53.25,44.6,15.));
#6975=CARTESIAN_POINT('Origin',(-56.5,44.1,15.));
#6976=CARTESIAN_POINT('',(-76.05,25.05,15.));
#6977=CARTESIAN_POINT('',(-76.05,12.05,15.));
#6978=CARTESIAN_POINT('',(-76.05,15.3,15.));
#6979=CARTESIAN_POINT('',(-75.55,11.55,15.));
#6980=CARTESIAN_POINT('Origin',(-75.55,12.05,15.));
#6981=CARTESIAN_POINT('',(-62.55,11.55,15.));
#6982=CARTESIAN_POINT('',(-56.275,11.55,15.));
#6983=CARTESIAN_POINT('',(-62.05,12.05,15.));
#6984=CARTESIAN_POINT('Origin',(-62.55,12.05,15.));
#6985=CARTESIAN_POINT('',(-62.05,25.05,15.));
#6986=CARTESIAN_POINT('',(-62.05,21.8,15.));
#6987=CARTESIAN_POINT('',(-62.55,25.55,15.));
#6988=CARTESIAN_POINT('Origin',(-62.55,25.05,15.));
#6989=CARTESIAN_POINT('',(-75.55,25.55,15.));
#6990=CARTESIAN_POINT('',(-62.775,25.55,15.));
#6991=CARTESIAN_POINT('Origin',(-75.55,25.05,15.));
#6992=CARTESIAN_POINT('',(-57.,6.00000000000001,15.));
#6993=CARTESIAN_POINT('',(-57.,-7.,15.));
#6994=CARTESIAN_POINT('',(-57.,5.775,15.));
#6995=CARTESIAN_POINT('',(-56.5,-7.49999999999999,15.));
#6996=CARTESIAN_POINT('Origin',(-56.5,-7.,15.));
#6997=CARTESIAN_POINT('',(-43.5,-7.5,15.));
#6998=CARTESIAN_POINT('',(-46.75,-7.5,15.));
#6999=CARTESIAN_POINT('',(-43.,-7.,15.));
#7000=CARTESIAN_POINT('Origin',(-43.5,-7.,15.));
#7001=CARTESIAN_POINT('',(-43.,6.00000000000001,15.));
#7002=CARTESIAN_POINT('',(-43.,12.275,15.));
#7003=CARTESIAN_POINT('',(-43.5,6.50000000000001,15.));
#7004=CARTESIAN_POINT('Origin',(-43.5,6.00000000000001,15.));
#7005=CARTESIAN_POINT('',(-56.5,6.5,15.));
#7006=CARTESIAN_POINT('',(-53.25,6.5,15.));
#7007=CARTESIAN_POINT('Origin',(-56.5,6.00000000000001,15.));
#7008=CARTESIAN_POINT('',(-37.95,25.05,15.));
#7009=CARTESIAN_POINT('',(-37.95,12.05,15.));
#7010=CARTESIAN_POINT('',(-37.95,15.3,15.));
#7011=CARTESIAN_POINT('',(-37.45,11.55,15.));
#7012=CARTESIAN_POINT('Origin',(-37.45,12.05,15.));
#7013=CARTESIAN_POINT('',(-24.45,11.55,15.));
#7014=CARTESIAN_POINT('',(-37.225,11.55,15.));
#7015=CARTESIAN_POINT('',(-23.95,12.05,15.));
#7016=CARTESIAN_POINT('Origin',(-24.45,12.05,15.));
#7017=CARTESIAN_POINT('',(-23.95,25.05,15.));
#7018=CARTESIAN_POINT('',(-23.95,21.8,15.));
#7019=CARTESIAN_POINT('',(-24.45,25.55,15.));
#7020=CARTESIAN_POINT('Origin',(-24.45,25.05,15.));
#7021=CARTESIAN_POINT('',(-37.45,25.55,15.));
#7022=CARTESIAN_POINT('',(-43.725,25.55,15.));
#7023=CARTESIAN_POINT('Origin',(-37.45,25.05,15.));
#7024=CARTESIAN_POINT('',(-76.05,44.1,15.));
#7025=CARTESIAN_POINT('',(-76.05,31.1,15.));
#7026=CARTESIAN_POINT('',(-76.05,24.825,15.));
#7027=CARTESIAN_POINT('',(-75.55,30.6,15.));
#7028=CARTESIAN_POINT('Origin',(-75.55,31.1,15.));
#7029=CARTESIAN_POINT('',(-62.55,30.6,15.));
#7030=CARTESIAN_POINT('',(-56.275,30.6,15.));
#7031=CARTESIAN_POINT('',(-62.05,31.1,15.));
#7032=CARTESIAN_POINT('Origin',(-62.55,31.1,15.));
#7033=CARTESIAN_POINT('',(-62.05,44.1,15.));
#7034=CARTESIAN_POINT('',(-62.05,31.325,15.));
#7035=CARTESIAN_POINT('',(-62.55,44.6,15.));
#7036=CARTESIAN_POINT('Origin',(-62.55,44.1,15.));
#7037=CARTESIAN_POINT('',(-75.55,44.6,15.));
#7038=CARTESIAN_POINT('',(-62.775,44.6,15.));
#7039=CARTESIAN_POINT('Origin',(-75.55,44.1,15.));
#7040=CARTESIAN_POINT('',(-57.,25.05,15.));
#7041=CARTESIAN_POINT('',(-57.,12.05,15.));
#7042=CARTESIAN_POINT('',(-57.,15.3,15.));
#7043=CARTESIAN_POINT('',(-56.5,11.55,15.));
#7044=CARTESIAN_POINT('Origin',(-56.5,12.05,15.));
#7045=CARTESIAN_POINT('',(-43.5,11.55,15.));
#7046=CARTESIAN_POINT('',(-46.75,11.55,15.));
#7047=CARTESIAN_POINT('',(-43.,12.05,15.));
#7048=CARTESIAN_POINT('Origin',(-43.5,12.05,15.));
#7049=CARTESIAN_POINT('',(-43.,25.05,15.));
#7050=CARTESIAN_POINT('',(-43.,21.8,15.));
#7051=CARTESIAN_POINT('',(-43.5,25.55,15.));
#7052=CARTESIAN_POINT('Origin',(-43.5,25.05,15.));
#7053=CARTESIAN_POINT('',(-56.5,25.55,15.));
#7054=CARTESIAN_POINT('',(-53.25,25.55,15.));
#7055=CARTESIAN_POINT('Origin',(-56.5,25.05,15.));
#7056=CARTESIAN_POINT('',(-37.95,6.00000000000001,15.));
#7057=CARTESIAN_POINT('',(-37.95,-7.,15.));
#7058=CARTESIAN_POINT('',(-37.95,5.775,15.));
#7059=CARTESIAN_POINT('',(-37.45,-7.5,15.));
#7060=CARTESIAN_POINT('Origin',(-37.45,-7.,15.));
#7061=CARTESIAN_POINT('',(-24.45,-7.5,15.));
#7062=CARTESIAN_POINT('',(-37.225,-7.5,15.));
#7063=CARTESIAN_POINT('',(-23.95,-7.,15.));
#7064=CARTESIAN_POINT('Origin',(-24.45,-7.,15.));
#7065=CARTESIAN_POINT('',(-23.95,6.00000000000001,15.));
#7066=CARTESIAN_POINT('',(-23.95,12.275,15.));
#7067=CARTESIAN_POINT('',(-24.45,6.5,15.));
#7068=CARTESIAN_POINT('Origin',(-24.45,6.00000000000001,15.));
#7069=CARTESIAN_POINT('',(-37.45,6.5,15.));
#7070=CARTESIAN_POINT('',(-43.725,6.5,15.));
#7071=CARTESIAN_POINT('Origin',(-37.45,6.00000000000001,15.));
#7072=CARTESIAN_POINT('',(-48.3,80.,15.));
#7073=CARTESIAN_POINT('Origin',(-50.,80.,15.));
#7074=CARTESIAN_POINT('',(-103.5,41.3,15.));
#7075=CARTESIAN_POINT('Origin',(-105.2,41.3,15.));
#7076=CARTESIAN_POINT('',(-103.5,-4.20000000000001,15.));
#7077=CARTESIAN_POINT('Origin',(-105.2,-4.20000000000001,15.));
#7078=CARTESIAN_POINT('',(-48.3,-42.9,15.));
#7079=CARTESIAN_POINT('Origin',(-50.,-42.9,15.));
#7080=CARTESIAN_POINT('',(6.9,-4.20000000000001,15.));
#7081=CARTESIAN_POINT('Origin',(5.2,-4.20000000000001,15.));
#7082=CARTESIAN_POINT('',(6.89999999999999,41.3,15.));
#7083=CARTESIAN_POINT('Origin',(5.2,41.3,15.));
#7084=CARTESIAN_POINT('',(-81.4600037321122,22.8120977512275,15.));
#7085=CARTESIAN_POINT('',(-93.4600037321122,22.8120977512275,15.));
#7086=CARTESIAN_POINT('',(-71.7300018660561,22.8120977512275,15.));
#7087=CARTESIAN_POINT('',(-93.4600037321122,-6.68790224877251,15.));
#7088=CARTESIAN_POINT('',(-93.4600037321122,5.93104887561374,15.));
#7089=CARTESIAN_POINT('',(-81.4600037321122,-6.68790224877251,15.));
#7090=CARTESIAN_POINT('',(-65.7300018660561,-6.68790224877251,15.));
#7091=CARTESIAN_POINT('',(-81.4600037321122,20.6810488756137,15.));
#7092=CARTESIAN_POINT('',(-95.5999980196357,31.3999991416931,15.));
#7093=CARTESIAN_POINT('',(-81.5999980196357,31.3999991416931,15.));
#7094=CARTESIAN_POINT('',(-72.7999990098179,31.3999991416931,15.));
#7095=CARTESIAN_POINT('',(-81.5999980196357,45.3999991416931,15.));
#7096=CARTESIAN_POINT('',(-81.5999980196357,24.9749995708466,15.));
#7097=CARTESIAN_POINT('',(-95.5999980196357,45.3999991416931,15.));
#7098=CARTESIAN_POINT('',(-65.7999990098178,45.3999991416931,15.));
#7099=CARTESIAN_POINT('',(-95.5999980196357,31.9749995708466,15.));
#7100=CARTESIAN_POINT('Origin',(-88.5999980196357,38.3999991416931,18.));
#7101=CARTESIAN_POINT('',(-81.5999980196357,31.3999991416931,18.));
#7102=CARTESIAN_POINT('',(-81.5999980196357,45.3999991416931,18.));
#7103=CARTESIAN_POINT('',(-81.5999980196357,45.3999991416931,18.));
#7104=CARTESIAN_POINT('',(-95.5999980196357,31.3999991416931,18.));
#7105=CARTESIAN_POINT('',(-81.5999980196357,31.3999991416931,18.));
#7106=CARTESIAN_POINT('',(-95.5999980196357,45.3999991416931,18.));
#7107=CARTESIAN_POINT('',(-95.5999980196357,31.3999991416931,18.));
#7108=CARTESIAN_POINT('',(-95.5999980196357,45.3999991416931,18.));
#7109=CARTESIAN_POINT('',(-92.4999980196357,38.3999991416931,18.));
#7110=CARTESIAN_POINT('Origin',(-88.5999980196357,38.3999991416931,18.));
#7111=CARTESIAN_POINT('Origin',(-50.,18.55,20.));
#7112=CARTESIAN_POINT('',(-100.2,-9.20000000000002,20.));
#7113=CARTESIAN_POINT('',(-100.2,46.3,20.));
#7114=CARTESIAN_POINT('',(-100.2,4.67499999999999,20.));
#7115=CARTESIAN_POINT('',(-50.,-37.9,20.));
#7116=CARTESIAN_POINT('',(-62.1615341250639,-30.9470910480212,20.));
#7117=CARTESIAN_POINT('',(0.199999999999996,-9.20000000000002,20.));
#7118=CARTESIAN_POINT('',(-12.7384658749361,-16.5970910480212,20.));
#7119=CARTESIAN_POINT('',(0.199999999999996,46.3,20.));
#7120=CARTESIAN_POINT('',(0.199999999999996,32.425,20.));
#7121=CARTESIAN_POINT('',(-50.,75.,20.));
#7122=CARTESIAN_POINT('',(-37.8384658749361,68.0470910480212,20.));
#7123=CARTESIAN_POINT('',(-87.2615341250639,53.6970910480212,20.));
#7124=CARTESIAN_POINT('',(-76.05,-7.,20.));
#7125=CARTESIAN_POINT('',(-76.05,6.00000000000001,20.));
#7126=CARTESIAN_POINT('',(-76.05,5.775,20.));
#7127=CARTESIAN_POINT('',(-75.55,6.5,20.));
#7128=CARTESIAN_POINT('Origin',(-75.55,6.00000000000001,20.));
#7129=CARTESIAN_POINT('',(-62.55,6.5,20.));
#7130=CARTESIAN_POINT('',(-62.775,6.5,20.));
#7131=CARTESIAN_POINT('',(-62.05,6.00000000000001,20.));
#7132=CARTESIAN_POINT('Origin',(-62.55,6.00000000000001,20.));
#7133=CARTESIAN_POINT('',(-62.05,-7.,20.));
#7134=CARTESIAN_POINT('',(-62.05,12.275,20.));
#7135=CARTESIAN_POINT('',(-62.55,-7.5,20.));
#7136=CARTESIAN_POINT('Origin',(-62.55,-7.,20.));
#7137=CARTESIAN_POINT('',(-75.55,-7.5,20.));
#7138=CARTESIAN_POINT('',(-56.275,-7.5,20.));
#7139=CARTESIAN_POINT('Origin',(-75.55,-7.,20.));
#7140=CARTESIAN_POINT('',(-37.95,31.1,20.));
#7141=CARTESIAN_POINT('',(-37.95,44.1,20.));
#7142=CARTESIAN_POINT('',(-37.95,24.825,20.));
#7143=CARTESIAN_POINT('',(-37.45,44.6,20.));
#7144=CARTESIAN_POINT('Origin',(-37.45,44.1,20.));
#7145=CARTESIAN_POINT('',(-24.45,44.6,20.));
#7146=CARTESIAN_POINT('',(-43.725,44.6,20.));
#7147=CARTESIAN_POINT('',(-23.95,44.1,20.));
#7148=CARTESIAN_POINT('Origin',(-24.45,44.1,20.));
#7149=CARTESIAN_POINT('',(-23.95,31.1,20.));
#7150=CARTESIAN_POINT('',(-23.95,31.325,20.));
#7151=CARTESIAN_POINT('',(-24.45,30.6,20.));
#7152=CARTESIAN_POINT('Origin',(-24.45,31.1,20.));
#7153=CARTESIAN_POINT('',(-37.45,30.6,20.));
#7154=CARTESIAN_POINT('',(-37.225,30.6,20.));
#7155=CARTESIAN_POINT('Origin',(-37.45,31.1,20.));
#7156=CARTESIAN_POINT('',(-57.,31.1,20.));
#7157=CARTESIAN_POINT('',(-57.,44.1,20.));
#7158=CARTESIAN_POINT('',(-57.,24.825,20.));
#7159=CARTESIAN_POINT('',(-56.5,44.6,20.));
#7160=CARTESIAN_POINT('Origin',(-56.5,44.1,20.));
#7161=CARTESIAN_POINT('',(-43.5,44.6,20.));
#7162=CARTESIAN_POINT('',(-53.25,44.6,20.));
#7163=CARTESIAN_POINT('',(-43.,44.1,20.));
#7164=CARTESIAN_POINT('Origin',(-43.5,44.1,20.));
#7165=CARTESIAN_POINT('',(-43.,31.1,20.));
#7166=CARTESIAN_POINT('',(-43.,31.325,20.));
#7167=CARTESIAN_POINT('',(-43.5,30.6,20.));
#7168=CARTESIAN_POINT('Origin',(-43.5,31.1,20.));
#7169=CARTESIAN_POINT('',(-56.5,30.6,20.));
#7170=CARTESIAN_POINT('',(-46.75,30.6,20.));
#7171=CARTESIAN_POINT('Origin',(-56.5,31.1,20.));
#7172=CARTESIAN_POINT('',(-76.05,12.05,20.));
#7173=CARTESIAN_POINT('',(-76.05,25.05,20.));
#7174=CARTESIAN_POINT('',(-76.05,15.3,20.));
#7175=CARTESIAN_POINT('',(-75.55,25.55,20.));
#7176=CARTESIAN_POINT('Origin',(-75.55,25.05,20.));
#7177=CARTESIAN_POINT('',(-62.55,25.55,20.));
#7178=CARTESIAN_POINT('',(-62.775,25.55,20.));
#7179=CARTESIAN_POINT('',(-62.05,25.05,20.));
#7180=CARTESIAN_POINT('Origin',(-62.55,25.05,20.));
#7181=CARTESIAN_POINT('',(-62.05,12.05,20.));
#7182=CARTESIAN_POINT('',(-62.05,21.8,20.));
#7183=CARTESIAN_POINT('',(-62.55,11.55,20.));
#7184=CARTESIAN_POINT('Origin',(-62.55,12.05,20.));
#7185=CARTESIAN_POINT('',(-75.55,11.55,20.));
#7186=CARTESIAN_POINT('',(-56.275,11.55,20.));
#7187=CARTESIAN_POINT('Origin',(-75.55,12.05,20.));
#7188=CARTESIAN_POINT('',(-57.,-7.,20.));
#7189=CARTESIAN_POINT('',(-57.,6.00000000000001,20.));
#7190=CARTESIAN_POINT('',(-57.,5.775,20.));
#7191=CARTESIAN_POINT('',(-56.5,6.5,20.));
#7192=CARTESIAN_POINT('Origin',(-56.5,6.00000000000001,20.));
#7193=CARTESIAN_POINT('',(-43.5,6.50000000000001,20.));
#7194=CARTESIAN_POINT('',(-53.25,6.5,20.));
#7195=CARTESIAN_POINT('',(-43.,6.00000000000001,20.));
#7196=CARTESIAN_POINT('Origin',(-43.5,6.00000000000001,20.));
#7197=CARTESIAN_POINT('',(-43.,-7.,20.));
#7198=CARTESIAN_POINT('',(-43.,12.275,20.));
#7199=CARTESIAN_POINT('',(-43.5,-7.5,20.));
#7200=CARTESIAN_POINT('Origin',(-43.5,-7.,20.));
#7201=CARTESIAN_POINT('',(-56.5,-7.49999999999999,20.));
#7202=CARTESIAN_POINT('',(-46.75,-7.5,20.));
#7203=CARTESIAN_POINT('Origin',(-56.5,-7.,20.));
#7204=CARTESIAN_POINT('',(-37.95,12.05,20.));
#7205=CARTESIAN_POINT('',(-37.95,25.05,20.));
#7206=CARTESIAN_POINT('',(-37.95,15.3,20.));
#7207=CARTESIAN_POINT('',(-37.45,25.55,20.));
#7208=CARTESIAN_POINT('Origin',(-37.45,25.05,20.));
#7209=CARTESIAN_POINT('',(-24.45,25.55,20.));
#7210=CARTESIAN_POINT('',(-43.725,25.55,20.));
#7211=CARTESIAN_POINT('',(-23.95,25.05,20.));
#7212=CARTESIAN_POINT('Origin',(-24.45,25.05,20.));
#7213=CARTESIAN_POINT('',(-23.95,12.05,20.));
#7214=CARTESIAN_POINT('',(-23.95,21.8,20.));
#7215=CARTESIAN_POINT('',(-24.45,11.55,20.));
#7216=CARTESIAN_POINT('Origin',(-24.45,12.05,20.));
#7217=CARTESIAN_POINT('',(-37.45,11.55,20.));
#7218=CARTESIAN_POINT('',(-37.225,11.55,20.));
#7219=CARTESIAN_POINT('Origin',(-37.45,12.05,20.));
#7220=CARTESIAN_POINT('',(-76.05,31.1,20.));
#7221=CARTESIAN_POINT('',(-76.05,44.1,20.));
#7222=CARTESIAN_POINT('',(-76.05,24.825,20.));
#7223=CARTESIAN_POINT('',(-75.55,44.6,20.));
#7224=CARTESIAN_POINT('Origin',(-75.55,44.1,20.));
#7225=CARTESIAN_POINT('',(-62.55,44.6,20.));
#7226=CARTESIAN_POINT('',(-62.775,44.6,20.));
#7227=CARTESIAN_POINT('',(-62.05,44.1,20.));
#7228=CARTESIAN_POINT('Origin',(-62.55,44.1,20.));
#7229=CARTESIAN_POINT('',(-62.05,31.1,20.));
#7230=CARTESIAN_POINT('',(-62.05,31.325,20.));
#7231=CARTESIAN_POINT('',(-62.55,30.6,20.));
#7232=CARTESIAN_POINT('Origin',(-62.55,31.1,20.));
#7233=CARTESIAN_POINT('',(-75.55,30.6,20.));
#7234=CARTESIAN_POINT('',(-56.275,30.6,20.));
#7235=CARTESIAN_POINT('Origin',(-75.55,31.1,20.));
#7236=CARTESIAN_POINT('',(-57.,12.05,20.));
#7237=CARTESIAN_POINT('',(-57.,25.05,20.));
#7238=CARTESIAN_POINT('',(-57.,15.3,20.));
#7239=CARTESIAN_POINT('',(-56.5,25.55,20.));
#7240=CARTESIAN_POINT('Origin',(-56.5,25.05,20.));
#7241=CARTESIAN_POINT('',(-43.5,25.55,20.));
#7242=CARTESIAN_POINT('',(-53.25,25.55,20.));
#7243=CARTESIAN_POINT('',(-43.,25.05,20.));
#7244=CARTESIAN_POINT('Origin',(-43.5,25.05,20.));
#7245=CARTESIAN_POINT('',(-43.,12.05,20.));
#7246=CARTESIAN_POINT('',(-43.,21.8,20.));
#7247=CARTESIAN_POINT('',(-43.5,11.55,20.));
#7248=CARTESIAN_POINT('Origin',(-43.5,12.05,20.));
#7249=CARTESIAN_POINT('',(-56.5,11.55,20.));
#7250=CARTESIAN_POINT('',(-46.75,11.55,20.));
#7251=CARTESIAN_POINT('Origin',(-56.5,12.05,20.));
#7252=CARTESIAN_POINT('',(-37.95,-7.,20.));
#7253=CARTESIAN_POINT('',(-37.95,6.00000000000001,20.));
#7254=CARTESIAN_POINT('',(-37.95,5.775,20.));
#7255=CARTESIAN_POINT('',(-37.45,6.5,20.));
#7256=CARTESIAN_POINT('Origin',(-37.45,6.00000000000001,20.));
#7257=CARTESIAN_POINT('',(-24.45,6.5,20.));
#7258=CARTESIAN_POINT('',(-43.725,6.5,20.));
#7259=CARTESIAN_POINT('',(-23.95,6.00000000000001,20.));
#7260=CARTESIAN_POINT('Origin',(-24.45,6.00000000000001,20.));
#7261=CARTESIAN_POINT('',(-23.95,-7.,20.));
#7262=CARTESIAN_POINT('',(-23.95,12.275,20.));
#7263=CARTESIAN_POINT('',(-24.45,-7.5,20.));
#7264=CARTESIAN_POINT('Origin',(-24.45,-7.,20.));
#7265=CARTESIAN_POINT('',(-37.45,-7.5,20.));
#7266=CARTESIAN_POINT('',(-37.225,-7.5,20.));
#7267=CARTESIAN_POINT('Origin',(-37.45,-7.,20.));
#7268=CARTESIAN_POINT('',(-93.4600037321122,22.8120977512275,20.));
#7269=CARTESIAN_POINT('',(-81.4600037321122,22.8120977512275,20.));
#7270=CARTESIAN_POINT('',(-71.7300018660561,22.8120977512275,20.));
#7271=CARTESIAN_POINT('',(-81.4600037321122,-6.68790224877251,20.));
#7272=CARTESIAN_POINT('',(-81.4600037321122,20.6810488756137,20.));
#7273=CARTESIAN_POINT('',(-93.4600037321122,-6.68790224877251,20.));
#7274=CARTESIAN_POINT('',(-65.7300018660561,-6.68790224877251,20.));
#7275=CARTESIAN_POINT('',(-93.4600037321122,5.93104887561374,20.));
#7276=CARTESIAN_POINT('',(-12.5075197696686,24.4340322494507,20.));
#7277=CARTESIAN_POINT('',(-12.2550780057907,25.9379384994507,20.));
#7278=CARTESIAN_POINT('',(-13.5015470194071,18.5121761722789,20.));
#7279=CARTESIAN_POINT('',(-13.767041015625,25.3498039722443,20.));
#7280=CARTESIAN_POINT('Ctrl Pts',(-13.767041015625,25.3498039722443,20.));
#7281=CARTESIAN_POINT('Ctrl Pts',(-13.6015505442866,25.153544658836,20.));
#7282=CARTESIAN_POINT('Ctrl Pts',(-13.4360600729482,24.9572853454278,20.));
#7283=CARTESIAN_POINT('Ctrl Pts',(-13.2359743595123,24.8079944729805,20.));
#7284=CARTESIAN_POINT('Ctrl Pts',(-13.0200224203006,24.6468652606145,20.));
#7285=CARTESIAN_POINT('Ctrl Pts',(-12.7637710949846,24.5404487550326,20.));
#7286=CARTESIAN_POINT('Ctrl Pts',(-12.5075197696686,24.4340322494507,20.));
#7287=CARTESIAN_POINT('',(-14.1994143009186,26.915478515625,20.));
#7288=CARTESIAN_POINT('Ctrl Pts',(-14.1994143009186,26.915478515625,20.));
#7289=CARTESIAN_POINT('Ctrl Pts',(-14.1858326217642,26.6219378487127,20.));
#7290=CARTESIAN_POINT('Ctrl Pts',(-14.1722509426099,26.3283971818004,20.));
#7291=CARTESIAN_POINT('Ctrl Pts',(-14.0913212776184,26.0540891766548,20.));
#7292=CARTESIAN_POINT('Ctrl Pts',(-14.0190416235235,25.8091000527102,20.));
#7293=CARTESIAN_POINT('Ctrl Pts',(-13.8930413195742,25.5794520124772,20.));
#7294=CARTESIAN_POINT('Ctrl Pts',(-13.767041015625,25.3498039722443,20.));
#7295=CARTESIAN_POINT('',(-13.2272458553314,29.1176263570785,20.));
#7296=CARTESIAN_POINT('Ctrl Pts',(-13.2272458553314,29.1176263570785,20.));
#7297=CARTESIAN_POINT('Ctrl Pts',(-13.5105060247893,28.8335560293177,20.));
#7298=CARTESIAN_POINT('Ctrl Pts',(-13.7937661942471,28.5494857015568,20.));
#7299=CARTESIAN_POINT('Ctrl Pts',(-13.9563727855682,28.2099115431309,20.));
#7300=CARTESIAN_POINT('Ctrl Pts',(-14.1403142923504,27.8257833115647,20.));
#7301=CARTESIAN_POINT('Ctrl Pts',(-14.1698642966345,27.3706309135948,20.));
#7302=CARTESIAN_POINT('Ctrl Pts',(-14.1994143009186,26.915478515625,20.));
#7303=CARTESIAN_POINT('',(-11.2614262580872,29.6815912008285,20.));
#7304=CARTESIAN_POINT('Ctrl Pts',(-11.2614262580872,29.6815912008285,20.));
#7305=CARTESIAN_POINT('Ctrl Pts',(-11.6317680700845,29.6638754790781,20.));
#7306=CARTESIAN_POINT('Ctrl Pts',(-12.0021098820819,29.6461597573276,20.));
#7307=CARTESIAN_POINT('Ctrl Pts',(-12.3463863611221,29.540599989891,20.));
#7308=CARTESIAN_POINT('Ctrl Pts',(-12.6538671519147,29.4463222720006,20.));
#7309=CARTESIAN_POINT('Ctrl Pts',(-12.9405565036231,29.2819743145395,20.));
#7310=CARTESIAN_POINT('Ctrl Pts',(-13.2272458553314,29.1176263570785,20.));
#7311=CARTESIAN_POINT('',(-9.040478515625,28.94038002491,20.));
#7312=CARTESIAN_POINT('Ctrl Pts',(-9.04047851562499,28.94038002491,20.));
#7313=CARTESIAN_POINT('Ctrl Pts',(-9.34870661710995,29.1562694082296,20.));
#7314=CARTESIAN_POINT('Ctrl Pts',(-9.6569347185949,29.3721587915493,20.));
#7315=CARTESIAN_POINT('Ctrl Pts',(-9.99720458984374,29.4962884068489,20.));
#7316=CARTESIAN_POINT('Ctrl Pts',(-10.3901282329959,29.6396259891262,20.));
#7317=CARTESIAN_POINT('Ctrl Pts',(-10.8257772455415,29.6606085949773,20.));
#7318=CARTESIAN_POINT('Ctrl Pts',(-11.2614262580872,29.6815912008285,20.));
#7319=CARTESIAN_POINT('',(-8.23750023841858,27.0658681869507,20.));
#7320=CARTESIAN_POINT('Ctrl Pts',(-8.23750023841857,27.0658681869507,20.));
#7321=CARTESIAN_POINT('Ctrl Pts',(-8.26955080772942,27.4259893001071,20.));
#7322=CARTESIAN_POINT('Ctrl Pts',(-8.30160137704026,27.7861104132634,20.));
#7323=CARTESIAN_POINT('Ctrl Pts',(-8.43824480772018,28.1011467754841,20.));
#7324=CARTESIAN_POINT('Ctrl Pts',(-8.57208870974822,28.4097287233356,20.));
#7325=CARTESIAN_POINT('Ctrl Pts',(-8.80628361268661,28.6750543741228,20.));
#7326=CARTESIAN_POINT('Ctrl Pts',(-9.04047851562499,28.94038002491,20.));
#7327=CARTESIAN_POINT('',(-9.07807652950287,25.0570796012878,20.));
#7328=CARTESIAN_POINT('Ctrl Pts',(-9.07807652950286,25.0570796012878,20.));
#7329=CARTESIAN_POINT('Ctrl Pts',(-8.83300261911752,25.3321544675857,20.));
#7330=CARTESIAN_POINT('Ctrl Pts',(-8.58792870873217,25.6072293338835,20.));
#7331=CARTESIAN_POINT('Ctrl Pts',(-8.44764416217803,25.9271965503693,20.));
#7332=CARTESIAN_POINT('Ctrl Pts',(-8.29647089900926,26.2719992347085,20.));
#7333=CARTESIAN_POINT('Ctrl Pts',(-8.26698556871392,26.6689337108296,20.));
#7334=CARTESIAN_POINT('Ctrl Pts',(-8.23750023841857,27.0658681869507,20.));
#7335=CARTESIAN_POINT('',(-11.6535157442093,24.3534658432007,20.));
#7336=CARTESIAN_POINT('Ctrl Pts',(-11.6535157442093,24.3534658432007,20.));
#7337=CARTESIAN_POINT('Ctrl Pts',(-11.1350064164906,24.3571149976517,20.));
#7338=CARTESIAN_POINT('Ctrl Pts',(-10.616497088772,24.3607641521028,20.));
#7339=CARTESIAN_POINT('Ctrl Pts',(-10.1422244787216,24.5132557630539,20.));
#7340=CARTESIAN_POINT('Ctrl Pts',(-9.76927194619053,24.6331701989475,20.));
#7341=CARTESIAN_POINT('Ctrl Pts',(-9.4236742378467,24.8451249001176,20.));
#7342=CARTESIAN_POINT('Ctrl Pts',(-9.07807652950286,25.0570796012878,20.));
#7343=CARTESIAN_POINT('',(-11.6535157442093,28.13471596241,20.));
#7344=CARTESIAN_POINT('',(-11.6535157442093,23.342357981205,20.));
#7345=CARTESIAN_POINT('',(-12.6981932401657,27.7694819450378,20.));
#7346=CARTESIAN_POINT('Ctrl Pts',(-12.6981932401657,27.7694819450378,20.));
#7347=CARTESIAN_POINT('Ctrl Pts',(-12.5540028445374,27.8720086461171,20.));
#7348=CARTESIAN_POINT('Ctrl Pts',(-12.4098124489091,27.9745353471964,20.));
#7349=CARTESIAN_POINT('Ctrl Pts',(-12.2503787755966,28.0353509962559,20.));
#7350=CARTESIAN_POINT('Ctrl Pts',(-12.0651421181579,28.1060091409106,20.));
#7351=CARTESIAN_POINT('Ctrl Pts',(-11.8593289311836,28.1203625516603,20.));
#7352=CARTESIAN_POINT('Ctrl Pts',(-11.6535157442093,28.13471596241,20.));
#7353=CARTESIAN_POINT('',(-13.0714846134186,26.8993649959564,20.));
#7354=CARTESIAN_POINT('Ctrl Pts',(-13.0714846134186,26.8993649959564,20.));
#7355=CARTESIAN_POINT('Ctrl Pts',(-13.0562717054803,27.0655486464088,20.));
#7356=CARTESIAN_POINT('Ctrl Pts',(-13.0410587975421,27.2317322968611,20.));
#7357=CARTESIAN_POINT('Ctrl Pts',(-12.9781616210937,27.3773921608925,20.));
#7358=CARTESIAN_POINT('Ctrl Pts',(-12.9159445642366,27.5214769760459,20.));
#7359=CARTESIAN_POINT('Ctrl Pts',(-12.8070689022012,27.6454794605419,20.));
#7360=CARTESIAN_POINT('Ctrl Pts',(-12.6981932401657,27.7694819450378,20.));
#7361=CARTESIAN_POINT('',(-12.8781247615814,26.3031731128693,20.));
#7362=CARTESIAN_POINT('Ctrl Pts',(-12.8781247615814,26.3031731128693,20.));
#7363=CARTESIAN_POINT('Ctrl Pts',(-12.9345005402696,26.3904754738893,20.));
#7364=CARTESIAN_POINT('Ctrl Pts',(-12.9908763189579,26.4777778349094,20.));
#7365=CARTESIAN_POINT('Ctrl Pts',(-13.0231452465057,26.573070693016,20.));
#7366=CARTESIAN_POINT('Ctrl Pts',(-13.0578854074802,26.6756613113574,20.));
#7367=CARTESIAN_POINT('Ctrl Pts',(-13.0646850104494,26.7875131536569,20.));
#7368=CARTESIAN_POINT('Ctrl Pts',(-13.0714846134186,26.8993649959564,20.));
#7369=CARTESIAN_POINT('Ctrl Pts',(-12.2550780057907,25.9379384994507,20.));
#7370=CARTESIAN_POINT('Ctrl Pts',(-12.3844335789214,25.979369878274,20.));
#7371=CARTESIAN_POINT('Ctrl Pts',(-12.5137891520522,26.0208012570973,20.));
#7372=CARTESIAN_POINT('Ctrl Pts',(-12.62568359375,26.0910148501396,20.));
#7373=CARTESIAN_POINT('Ctrl Pts',(-12.7177034053898,26.1487571428601,20.));
#7374=CARTESIAN_POINT('Ctrl Pts',(-12.7979140834856,26.2259651278647,20.));
#7375=CARTESIAN_POINT('Ctrl Pts',(-12.8781247615814,26.3031731128693,20.));
#7376=CARTESIAN_POINT('',(-9.8595703125,9.91059522628783,20.));
#7377=CARTESIAN_POINT('',(-10.1066411018372,8.54096632003783,20.));
#7378=CARTESIAN_POINT('',(-9.73741742147384,10.5877458153165,20.));
#7379=CARTESIAN_POINT('',(-8.63496129512787,9.11567192077636,20.));
#7380=CARTESIAN_POINT('Ctrl Pts',(-8.63496129512786,9.11567192077636,20.));
#7381=CARTESIAN_POINT('Ctrl Pts',(-8.79275164019843,9.29172535014785,20.));
#7382=CARTESIAN_POINT('Ctrl Pts',(-8.950541985269,9.46777877951935,20.));
#7383=CARTESIAN_POINT('Ctrl Pts',(-9.1398436307907,9.59638576507567,20.));
#7384=CARTESIAN_POINT('Ctrl Pts',(-9.35309352065858,9.74126261192264,20.));
#7385=CARTESIAN_POINT('Ctrl Pts',(-9.60633191657928,9.82592891910524,20.));
#7386=CARTESIAN_POINT('Ctrl Pts',(-9.85957031249999,9.91059522628783,20.));
#7387=CARTESIAN_POINT('',(-8.23750023841858,7.43989210128783,20.));
#7388=CARTESIAN_POINT('Ctrl Pts',(-8.23750023841857,7.43989210128783,20.));
#7389=CARTESIAN_POINT('Ctrl Pts',(-8.24397729007336,7.77169905776641,20.));
#7390=CARTESIAN_POINT('Ctrl Pts',(-8.25045434172814,8.103506014245,20.));
#7391=CARTESIAN_POINT('Ctrl Pts',(-8.33686565160751,8.41474514007568,20.));
#7392=CARTESIAN_POINT('Ctrl Pts',(-8.40403338492125,8.65667211271136,20.));
#7393=CARTESIAN_POINT('Ctrl Pts',(-8.51949734002456,8.88617201674386,20.));
#7394=CARTESIAN_POINT('Ctrl Pts',(-8.63496129512786,9.11567192077636,20.));
#7395=CARTESIAN_POINT('',(-8.476513671875,5.93598585128783,20.));
#7396=CARTESIAN_POINT('Ctrl Pts',(-8.47651367187499,5.93598585128783,20.));
#7397=CARTESIAN_POINT('Ctrl Pts',(-8.40720672793491,6.14198958718731,20.));
#7398=CARTESIAN_POINT('Ctrl Pts',(-8.33789978399483,6.3479933230868,20.));
#7399=CARTESIAN_POINT('Ctrl Pts',(-8.29725359678268,6.55903320312499,20.));
#7400=CARTESIAN_POINT('Ctrl Pts',(-8.24190177156061,6.84642651984103,20.));
#7401=CARTESIAN_POINT('Ctrl Pts',(-8.23970100498959,7.14315931056444,20.));
#7402=CARTESIAN_POINT('Ctrl Pts',(-8.23750023841857,7.43989210128783,20.));
#7403=CARTESIAN_POINT('',(-9.08344750404358,5.24042825698852,20.));
#7404=CARTESIAN_POINT('Ctrl Pts',(-9.08344750404357,5.24042825698852,20.));
#7405=CARTESIAN_POINT('Ctrl Pts',(-8.96375371744283,5.32500065770194,20.));
#7406=CARTESIAN_POINT('Ctrl Pts',(-8.8440599308421,5.40957305841537,20.));
#7407=CARTESIAN_POINT('Ctrl Pts',(-8.74775414466857,5.51502447128295,20.));
#7408=CARTESIAN_POINT('Ctrl Pts',(-8.63655222681736,5.63678661888503,20.));
#7409=CARTESIAN_POINT('Ctrl Pts',(-8.55653294934618,5.78638623508643,20.));
#7410=CARTESIAN_POINT('Ctrl Pts',(-8.47651367187499,5.93598585128783,20.));
#7411=CARTESIAN_POINT('',(-10.4342771053314,5.03901224136352,20.));
#7412=CARTESIAN_POINT('Ctrl Pts',(-10.4342771053314,5.03901224136352,20.));
#7413=CARTESIAN_POINT('Ctrl Pts',(-10.1547399397134,5.03758612607871,20.));
#7414=CARTESIAN_POINT('Ctrl Pts',(-9.8752027740954,5.0361600107939,20.));
#7415=CARTESIAN_POINT('Ctrl Pts',(-9.60511450767516,5.08936624526977,20.));
#7416=CARTESIAN_POINT('Ctrl Pts',(-9.42853292192795,5.12415206318001,20.));
#7417=CARTESIAN_POINT('Ctrl Pts',(-9.25599021298576,5.18229016008426,20.));
#7418=CARTESIAN_POINT('Ctrl Pts',(-9.08344750404357,5.24042825698852,20.));
#7419=CARTESIAN_POINT('',(-12.19599609375,5.0551245689392,20.));
#7420=CARTESIAN_POINT('',(-31.1581226561076,5.22854836507966,20.));
#7421=CARTESIAN_POINT('',(-13.3051270723343,4.98261671066283,20.));
#7422=CARTESIAN_POINT('Ctrl Pts',(-13.3051270723343,4.98261671066283,20.));
#7423=CARTESIAN_POINT('Ctrl Pts',(-13.1533799291423,5.00360780010047,20.));
#7424=CARTESIAN_POINT('Ctrl Pts',(-13.0016327859504,5.02459888953811,20.));
#7425=CARTESIAN_POINT('Ctrl Pts',(-12.8492552518845,5.03699760437011,20.));
#7426=CARTESIAN_POINT('Ctrl Pts',(-12.6323537331122,5.0546465320442,20.));
#7427=CARTESIAN_POINT('Ctrl Pts',(-12.4141749134311,5.0548855504917,20.));
#7428=CARTESIAN_POINT('Ctrl Pts',(-12.19599609375,5.0551245689392,20.));
#7429=CARTESIAN_POINT('',(-14.0705079317093,4.71137504577636,20.));
#7430=CARTESIAN_POINT('Ctrl Pts',(-14.0705079317093,4.71137504577636,20.));
#7431=CARTESIAN_POINT('Ctrl Pts',(-13.9402615933994,4.77157841904364,20.));
#7432=CARTESIAN_POINT('Ctrl Pts',(-13.8100152550895,4.83178179231092,20.));
#7433=CARTESIAN_POINT('Ctrl Pts',(-13.675060915947,4.87855176925658,20.));
#7434=CARTESIAN_POINT('Ctrl Pts',(-13.5542643051168,4.92041522277376,20.));
#7435=CARTESIAN_POINT('Ctrl Pts',(-13.4296956887256,4.9515159667183,20.));
#7436=CARTESIAN_POINT('Ctrl Pts',(-13.3051270723343,4.98261671066283,20.));
#7437=CARTESIAN_POINT('',(-14.0705079317093,6.20454053878783,20.));
#7438=CARTESIAN_POINT('',(-14.0705079317093,12.3772702693939,20.));
#7439=CARTESIAN_POINT('',(-13.6247069120407,6.34955863952636,20.));
#7440=CARTESIAN_POINT('Ctrl Pts',(-13.6247069120407,6.34955863952636,20.));
#7441=CARTESIAN_POINT('Ctrl Pts',(-13.711436694284,6.32419890853576,20.));
#7442=CARTESIAN_POINT('Ctrl Pts',(-13.7981664765273,6.29883917754517,20.));
#7443=CARTESIAN_POINT('Ctrl Pts',(-13.8838625431061,6.27033691406249,20.));
#7444=CARTESIAN_POINT('Ctrl Pts',(-13.946445205464,6.24952210186416,20.));
#7445=CARTESIAN_POINT('Ctrl Pts',(-14.0084765685867,6.22703132032599,20.));
#7446=CARTESIAN_POINT('Ctrl Pts',(-14.0705079317093,6.20454053878783,20.));
#7447=CARTESIAN_POINT('',(-13.4474611759186,6.40326957702636,20.));
#7448=CARTESIAN_POINT('Ctrl Pts',(-13.4474611759186,6.40326957702636,20.));
#7449=CARTESIAN_POINT('Ctrl Pts',(-13.4693496343201,6.39596767655285,20.));
#7450=CARTESIAN_POINT('Ctrl Pts',(-13.4912380927216,6.38866577607935,20.));
#7451=CARTESIAN_POINT('Ctrl Pts',(-13.5132563591003,6.38178567886352,20.));
#7452=CARTESIAN_POINT('Ctrl Pts',(-13.550163400098,6.37025325275674,20.));
#7453=CARTESIAN_POINT('Ctrl Pts',(-13.5874351560694,6.35990594614155,20.));
#7454=CARTESIAN_POINT('Ctrl Pts',(-13.6247069120407,6.34955863952636,20.));
#7455=CARTESIAN_POINT('',(-14.0114260196686,7.23041992187499,20.));
#7456=CARTESIAN_POINT('Ctrl Pts',(-14.0114260196686,7.23041992187499,20.));
#7457=CARTESIAN_POINT('Ctrl Pts',(-13.9391201459364,7.08400421365139,20.));
#7458=CARTESIAN_POINT('Ctrl Pts',(-13.8668142722042,6.9375885054278,20.));
#7459=CARTESIAN_POINT('Ctrl Pts',(-13.7764406681061,6.80341701507568,20.));
#7460=CARTESIAN_POINT('Ctrl Pts',(-13.6803875221655,6.66081349856819,20.));
#7461=CARTESIAN_POINT('Ctrl Pts',(-13.5639243490421,6.53204153779728,20.));
#7462=CARTESIAN_POINT('Ctrl Pts',(-13.4474611759186,6.40326957702636,20.));
#7463=CARTESIAN_POINT('',(-14.1994143009186,8.17036132812499,20.));
#7464=CARTESIAN_POINT('Ctrl Pts',(-14.1994143009186,8.17036132812499,20.));
#7465=CARTESIAN_POINT('Ctrl Pts',(-14.1919279421176,8.00713496127686,20.));
#7466=CARTESIAN_POINT('Ctrl Pts',(-14.1844415833165,7.84390859442872,20.));
#7467=CARTESIAN_POINT('Ctrl Pts',(-14.1524172306061,7.68561820983886,20.));
#7468=CARTESIAN_POINT('Ctrl Pts',(-14.1210821819714,7.53073492634639,20.));
#7469=CARTESIAN_POINT('Ctrl Pts',(-14.06625410082,7.38057742411069,20.));
#7470=CARTESIAN_POINT('Ctrl Pts',(-14.0114260196686,7.23041992187499,20.));
#7471=CARTESIAN_POINT('',(-13.7213868379593,9.55878715515136,20.));
#7472=CARTESIAN_POINT('Ctrl Pts',(-13.7213868379593,9.55878715515136,20.));
#7473=CARTESIAN_POINT('Ctrl Pts',(-13.8606548866981,9.36557596217094,20.));
#7474=CARTESIAN_POINT('Ctrl Pts',(-13.999922935437,9.17236476919053,20.));
#7475=CARTESIAN_POINT('Ctrl Pts',(-14.0799075841904,8.957897233963,20.));
#7476=CARTESIAN_POINT('Ctrl Pts',(-14.1709612300503,8.71374974684618,20.));
#7477=CARTESIAN_POINT('Ctrl Pts',(-14.1851877654844,8.44205553748559,20.));
#7478=CARTESIAN_POINT('Ctrl Pts',(-14.1994143009186,8.17036132812499,20.));
#7479=CARTESIAN_POINT('',(-12.5128907442093,10.0663564682007,20.));
#7480=CARTESIAN_POINT('Ctrl Pts',(-12.5128907442093,10.0663564682007,20.));
#7481=CARTESIAN_POINT('Ctrl Pts',(-12.744778811997,10.0463462147931,20.));
#7482=CARTESIAN_POINT('Ctrl Pts',(-12.9766668797847,10.0263359613855,20.));
#7483=CARTESIAN_POINT('Ctrl Pts',(-13.1802487850189,9.93946413993834,20.));
#7484=CARTESIAN_POINT('Ctrl Pts',(-13.3785288067255,9.85485472132416,20.));
#7485=CARTESIAN_POINT('Ctrl Pts',(-13.5499578223424,9.70682093823776,20.));
#7486=CARTESIAN_POINT('Ctrl Pts',(-13.7213868379593,9.55878715515136,20.));
#7487=CARTESIAN_POINT('',(-11.6508299589157,9.83540039062499,20.));
#7488=CARTESIAN_POINT('Ctrl Pts',(-11.6508299589157,9.83540039062499,20.));
#7489=CARTESIAN_POINT('Ctrl Pts',(-11.7831704013435,9.90275284319902,20.));
#7490=CARTESIAN_POINT('Ctrl Pts',(-11.9155108437714,9.97010529577306,20.));
#7491=CARTESIAN_POINT('Ctrl Pts',(-12.0556766271591,10.0086174488068,20.));
#7492=CARTESIAN_POINT('Ctrl Pts',(-12.202367418862,10.0489224225468,20.));
#7493=CARTESIAN_POINT('Ctrl Pts',(-12.3576290815356,10.0576394453737,20.));
#7494=CARTESIAN_POINT('Ctrl Pts',(-12.5128907442093,10.0663564682007,20.));
#7495=CARTESIAN_POINT('',(-11.0707521915436,9.18818216323852,20.));
#7496=CARTESIAN_POINT('Ctrl Pts',(-11.0707521915436,9.18818216323852,20.));
#7497=CARTESIAN_POINT('Ctrl Pts',(-11.1445623413595,9.3187764897766,20.));
#7498=CARTESIAN_POINT('Ctrl Pts',(-11.2183724911755,9.44937081631468,20.));
#7499=CARTESIAN_POINT('Ctrl Pts',(-11.3164794921875,9.55811719894409,20.));
#7500=CARTESIAN_POINT('Ctrl Pts',(-11.4124345457744,9.66447826252714,20.));
#7501=CARTESIAN_POINT('Ctrl Pts',(-11.531632252345,9.74993932657607,20.));
#7502=CARTESIAN_POINT('Ctrl Pts',(-11.6508299589157,9.83540039062499,20.));
#7503=CARTESIAN_POINT('',(-10.7189453125,7.98774223327636,20.));
#7504=CARTESIAN_POINT('Ctrl Pts',(-10.7189453125,7.98774223327636,20.));
#7505=CARTESIAN_POINT('Ctrl Pts',(-10.7653516187245,8.22088600616974,20.));
#7506=CARTESIAN_POINT('Ctrl Pts',(-10.8117579249489,8.45402977906313,20.));
#7507=CARTESIAN_POINT('Ctrl Pts',(-10.8820927619934,8.67994289398193,20.));
#7508=CARTESIAN_POINT('Ctrl Pts',(-10.9357092288267,8.85215716989747,20.));
#7509=CARTESIAN_POINT('Ctrl Pts',(-11.0032307101851,9.02016966656799,20.));
#7510=CARTESIAN_POINT('Ctrl Pts',(-11.0707521915436,9.18818216323852,20.));
#7511=CARTESIAN_POINT('',(-10.3483403205872,6.52143459320067,20.));
#7512=CARTESIAN_POINT('Ctrl Pts',(-10.3483403205872,6.52143459320067,20.));
#7513=CARTESIAN_POINT('Ctrl Pts',(-10.4113743731297,6.71073890066356,20.));
#7514=CARTESIAN_POINT('Ctrl Pts',(-10.4744084256723,6.90004320812646,20.));
#7515=CARTESIAN_POINT('Ctrl Pts',(-10.5269289493561,7.09211330413817,20.));
#7516=CARTESIAN_POINT('Ctrl Pts',(-10.6073808309939,7.38632972748426,20.));
#7517=CARTESIAN_POINT('Ctrl Pts',(-10.6631630717469,7.68703598038031,20.));
#7518=CARTESIAN_POINT('Ctrl Pts',(-10.7189453125,7.98774223327636,20.));
#7519=CARTESIAN_POINT('',(-10.1979494571686,6.52143459320067,20.));
#7520=CARTESIAN_POINT('',(-30.0989747285843,6.52143459320067,20.));
#7521=CARTESIAN_POINT('',(-9.577587890625,6.73627834320067,20.));
#7522=CARTESIAN_POINT('Ctrl Pts',(-9.57758789062499,6.73627834320067,20.));
#7523=CARTESIAN_POINT('Ctrl Pts',(-9.65688719718836,6.6738473805563,20.));
#7524=CARTESIAN_POINT('Ctrl Pts',(-9.73618650375173,6.61141641791193,20.));
#7525=CARTESIAN_POINT('Ctrl Pts',(-9.82532982826232,6.57514553070068,20.));
#7526=CARTESIAN_POINT('Ctrl Pts',(-9.93888682133334,6.52894114119265,20.));
#7527=CARTESIAN_POINT('Ctrl Pts',(-10.068418139251,6.52518786719666,20.));
#7528=CARTESIAN_POINT('Ctrl Pts',(-10.1979494571686,6.52143459320067,20.));
#7529=CARTESIAN_POINT('',(-9.39228539466858,7.54731397628783,20.));
#7530=CARTESIAN_POINT('Ctrl Pts',(-9.39228539466857,7.54731397628783,20.));
#7531=CARTESIAN_POINT('Ctrl Pts',(-9.39187956669601,7.37620171864726,20.));
#7532=CARTESIAN_POINT('Ctrl Pts',(-9.39147373872344,7.20508946100669,20.));
#7533=CARTESIAN_POINT('Ctrl Pts',(-9.4386113166809,7.04645853042602,20.));
#7534=CARTESIAN_POINT('Ctrl Pts',(-9.47046395196721,6.93926564110375,20.));
#7535=CARTESIAN_POINT('Ctrl Pts',(-9.5240259212961,6.83777199215221,20.));
#7536=CARTESIAN_POINT('Ctrl Pts',(-9.57758789062499,6.73627834320067,20.));
#7537=CARTESIAN_POINT('',(-9.550732421875,8.17573051452636,20.));
#7538=CARTESIAN_POINT('Ctrl Pts',(-9.55073242187499,8.17573051452636,20.));
#7539=CARTESIAN_POINT('Ctrl Pts',(-9.50463972452404,8.08750560706205,20.));
#7540=CARTESIAN_POINT('Ctrl Pts',(-9.45854702717308,7.99928069959774,20.));
#7541=CARTESIAN_POINT('Ctrl Pts',(-9.4318974494934,7.90583353042601,20.));
#7542=CARTESIAN_POINT('Ctrl Pts',(-9.39930155606221,7.79153551023295,20.));
#7543=CARTESIAN_POINT('Ctrl Pts',(-9.39579347536539,7.66942474326039,20.));
#7544=CARTESIAN_POINT('Ctrl Pts',(-9.39228539466857,7.54731397628783,20.));
#7545=CARTESIAN_POINT('Ctrl Pts',(-10.1066411018372,8.54096632003783,20.));
#7546=CARTESIAN_POINT('Ctrl Pts',(-9.98809986506162,8.49601060130392,20.));
#7547=CARTESIAN_POINT('Ctrl Pts',(-9.86955862828609,8.45105488257,20.));
#7548=CARTESIAN_POINT('Ctrl Pts',(-9.76893310546874,8.37983350753784,20.));
#7549=CARTESIAN_POINT('Ctrl Pts',(-9.68858426599381,8.32296369290809,20.));
#7550=CARTESIAN_POINT('Ctrl Pts',(-9.6196583439344,8.24934710371723,20.));
#7551=CARTESIAN_POINT('Ctrl Pts',(-9.55073242187499,8.17573051452636,20.));
#7552=CARTESIAN_POINT('',(-12.5075197696686,18.3163569450378,20.));
#7553=CARTESIAN_POINT('',(-12.2550780057907,19.8202631950378,20.));
#7554=CARTESIAN_POINT('',(-13.0021690665132,15.3695142449422,20.));
#7555=CARTESIAN_POINT('',(-13.767041015625,19.2321274757385,20.));
#7556=CARTESIAN_POINT('Ctrl Pts',(-13.767041015625,19.2321274757385,20.));
#7557=CARTESIAN_POINT('Ctrl Pts',(-13.6015505037062,19.0358684966163,20.));
#7558=CARTESIAN_POINT('Ctrl Pts',(-13.4360599917875,18.839609517494,20.));
#7559=CARTESIAN_POINT('Ctrl Pts',(-13.2359743595123,18.6903188705444,20.));
#7560=CARTESIAN_POINT('Ctrl Pts',(-13.0200223620476,18.5291897927343,20.));
#7561=CARTESIAN_POINT('Ctrl Pts',(-12.7637710658581,18.422773368886,20.));
#7562=CARTESIAN_POINT('Ctrl Pts',(-12.5075197696686,18.3163569450378,20.));
#7563=CARTESIAN_POINT('',(-14.1994143009186,20.7978020191193,20.));
#7564=CARTESIAN_POINT('Ctrl Pts',(-14.1994143009186,20.7978020191193,20.));
#7565=CARTESIAN_POINT('Ctrl Pts',(-14.1858326511178,20.5042612430506,20.));
#7566=CARTESIAN_POINT('Ctrl Pts',(-14.1722510013171,20.210720466982,20.));
#7567=CARTESIAN_POINT('Ctrl Pts',(-14.0913212776184,19.9364123821258,20.));
#7568=CARTESIAN_POINT('Ctrl Pts',(-14.0190416209463,19.6914233559727,20.));
#7569=CARTESIAN_POINT('Ctrl Pts',(-13.8930413182856,19.4617754158556,20.));
#7570=CARTESIAN_POINT('Ctrl Pts',(-13.767041015625,19.2321274757385,20.));
#7571=CARTESIAN_POINT('',(-13.2272458553314,22.9999504566193,20.));
#7572=CARTESIAN_POINT('Ctrl Pts',(-13.2272458553314,22.9999504566193,20.));
#7573=CARTESIAN_POINT('Ctrl Pts',(-13.5105060275621,22.715879872526,20.));
#7574=CARTESIAN_POINT('Ctrl Pts',(-13.7937661997928,22.4318092884327,20.));
#7575=CARTESIAN_POINT('Ctrl Pts',(-13.9563727855682,22.0922348976135,20.));
#7576=CARTESIAN_POINT('Ctrl Pts',(-14.1403141738543,21.7081066375199,20.));
#7577=CARTESIAN_POINT('Ctrl Pts',(-14.1698642373864,21.2529543283196,20.));
#7578=CARTESIAN_POINT('Ctrl Pts',(-14.1994143009186,20.7978020191193,20.));
#7579=CARTESIAN_POINT('',(-11.2614262580872,23.5639153003693,20.));
#7580=CARTESIAN_POINT('Ctrl Pts',(-11.2614262580872,23.5639153003693,20.));
#7581=CARTESIAN_POINT('Ctrl Pts',(-11.6317680700845,23.5461995786188,20.));
#7582=CARTESIAN_POINT('Ctrl Pts',(-12.0021098820819,23.5284838568683,20.));
#7583=CARTESIAN_POINT('Ctrl Pts',(-12.3463863611221,23.4229240894318,20.));
#7584=CARTESIAN_POINT('Ctrl Pts',(-12.6538671519147,23.3286463715413,20.));
#7585=CARTESIAN_POINT('Ctrl Pts',(-12.9405565036231,23.1642984140803,20.));
#7586=CARTESIAN_POINT('Ctrl Pts',(-13.2272458553314,22.9999504566193,20.));
#7587=CARTESIAN_POINT('',(-9.040478515625,22.8227041244507,20.));
#7588=CARTESIAN_POINT('Ctrl Pts',(-9.04047851562499,22.8227041244507,20.));
#7589=CARTESIAN_POINT('Ctrl Pts',(-9.3487066018186,23.0385936507989,20.));
#7590=CARTESIAN_POINT('Ctrl Pts',(-9.6569346880122,23.2544831771472,20.));
#7591=CARTESIAN_POINT('Ctrl Pts',(-9.99720458984374,23.3786128044128,20.));
#7592=CARTESIAN_POINT('Ctrl Pts',(-10.3901282018516,23.5219503762636,20.));
#7593=CARTESIAN_POINT('Ctrl Pts',(-10.8257772299694,23.5429328383164,20.));
#7594=CARTESIAN_POINT('Ctrl Pts',(-11.2614262580872,23.5639153003693,20.));
#7595=CARTESIAN_POINT('',(-8.23750023841858,20.9481928825378,20.));
#7596=CARTESIAN_POINT('Ctrl Pts',(-8.23750023841857,20.9481928825378,20.));
#7597=CARTESIAN_POINT('Ctrl Pts',(-8.26955086368868,21.3083137242618,20.));
#7598=CARTESIAN_POINT('Ctrl Pts',(-8.30160148895879,21.6684345659858,20.));
#7599=CARTESIAN_POINT('Ctrl Pts',(-8.43824480772018,21.9834707260132,20.));
#7600=CARTESIAN_POINT('Ctrl Pts',(-8.5720887086425,22.2920527260105,20.));
#7601=CARTESIAN_POINT('Ctrl Pts',(-8.80628361213375,22.5573784252306,20.));
#7602=CARTESIAN_POINT('Ctrl Pts',(-9.04047851562499,22.8227041244507,20.));
#7603=CARTESIAN_POINT('',(-9.07807652950287,18.9394031047821,20.));
#7604=CARTESIAN_POINT('Ctrl Pts',(-9.07807652950286,18.9394031047821,20.));
#7605=CARTESIAN_POINT('Ctrl Pts',(-8.83300262162214,19.2144779760151,20.));
#7606=CARTESIAN_POINT('Ctrl Pts',(-8.58792871374142,19.489552847248,20.));
#7607=CARTESIAN_POINT('Ctrl Pts',(-8.44764416217803,19.8095200538635,20.));
#7608=CARTESIAN_POINT('Ctrl Pts',(-8.29647074055846,20.1543230766558,20.));
#7609=CARTESIAN_POINT('Ctrl Pts',(-8.26698548948852,20.5512579795968,20.));
#7610=CARTESIAN_POINT('Ctrl Pts',(-8.23750023841857,20.9481928825378,20.));
#7611=CARTESIAN_POINT('',(-11.6535157442093,18.2357905387878,20.));
#7612=CARTESIAN_POINT('Ctrl Pts',(-11.6535157442093,18.2357905387878,20.));
#7613=CARTESIAN_POINT('Ctrl Pts',(-11.1350065029782,18.2394400973212,20.));
#7614=CARTESIAN_POINT('Ctrl Pts',(-10.6164972617471,18.2430896558545,20.));
#7615=CARTESIAN_POINT('Ctrl Pts',(-10.1422244787216,18.3955810546875,20.));
#7616=CARTESIAN_POINT('Ctrl Pts',(-9.76927207949229,18.5154952371835,20.));
#7617=CARTESIAN_POINT('Ctrl Pts',(-9.42367430449757,18.7274491709828,20.));
#7618=CARTESIAN_POINT('Ctrl Pts',(-9.07807652950286,18.9394031047821,20.));
#7619=CARTESIAN_POINT('',(-11.6535157442093,22.0170400619507,20.));
#7620=CARTESIAN_POINT('',(-11.6535157442093,20.2835200309753,20.));
#7621=CARTESIAN_POINT('',(-12.6981932401657,21.6518054485321,20.));
#7622=CARTESIAN_POINT('Ctrl Pts',(-12.6981932401657,21.6518054485321,20.));
#7623=CARTESIAN_POINT('Ctrl Pts',(-12.5540028297926,21.754332038708,20.));
#7624=CARTESIAN_POINT('Ctrl Pts',(-12.4098124194196,21.8568586288838,20.));
#7625=CARTESIAN_POINT('Ctrl Pts',(-12.2503787755966,21.9176743507385,20.));
#7626=CARTESIAN_POINT('Ctrl Pts',(-12.0651420879059,21.9883326045786,20.));
#7627=CARTESIAN_POINT('Ctrl Pts',(-11.8593289160576,22.0026863332646,20.));
#7628=CARTESIAN_POINT('Ctrl Pts',(-11.6535157442093,22.0170400619507,20.));
#7629=CARTESIAN_POINT('',(-13.0714846134186,20.7816884994507,20.));
#7630=CARTESIAN_POINT('Ctrl Pts',(-13.0714846134186,20.7816884994507,20.));
#7631=CARTESIAN_POINT('Ctrl Pts',(-13.0562716705748,20.9478720332566,20.));
#7632=CARTESIAN_POINT('Ctrl Pts',(-13.041058727731,21.1140555670626,20.));
#7633=CARTESIAN_POINT('Ctrl Pts',(-12.9781616210937,21.2597153663635,20.));
#7634=CARTESIAN_POINT('Ctrl Pts',(-12.9159445646069,21.4038002765523,20.));
#7635=CARTESIAN_POINT('Ctrl Pts',(-12.8070689023863,21.5278028625422,20.));
#7636=CARTESIAN_POINT('Ctrl Pts',(-12.6981932401657,21.6518054485321,20.));
#7637=CARTESIAN_POINT('',(-12.8781247615814,20.1854966163635,20.));
#7638=CARTESIAN_POINT('Ctrl Pts',(-12.8781247615814,20.1854966163635,20.));
#7639=CARTESIAN_POINT('Ctrl Pts',(-12.9345005402696,20.2727989773836,20.));
#7640=CARTESIAN_POINT('Ctrl Pts',(-12.9908763189579,20.3601013384037,20.));
#7641=CARTESIAN_POINT('Ctrl Pts',(-13.0231452465057,20.4553941965103,20.));
#7642=CARTESIAN_POINT('Ctrl Pts',(-13.0578854074802,20.5579848148516,20.));
#7643=CARTESIAN_POINT('Ctrl Pts',(-13.0646850104494,20.6698366571511,20.));
#7644=CARTESIAN_POINT('Ctrl Pts',(-13.0714846134186,20.7816884994507,20.));
#7645=CARTESIAN_POINT('Ctrl Pts',(-12.2550780057907,19.8202631950378,20.));
#7646=CARTESIAN_POINT('Ctrl Pts',(-12.3844335857858,19.8616942347453,20.));
#7647=CARTESIAN_POINT('Ctrl Pts',(-12.5137891657809,19.9031252744528,20.));
#7648=CARTESIAN_POINT('Ctrl Pts',(-12.62568359375,19.9733386516571,20.));
#7649=CARTESIAN_POINT('Ctrl Pts',(-12.7177034189221,20.0310807824526,20.));
#7650=CARTESIAN_POINT('Ctrl Pts',(-12.7979140902517,20.1082886994081,20.));
#7651=CARTESIAN_POINT('Ctrl Pts',(-12.8781247615814,20.1854966163635,20.));
#7652=CARTESIAN_POINT('',(-6.19648461341858,34.0214345932007,20.));
#7653=CARTESIAN_POINT('',(-6.19648461341858,37.1688960075378,20.));
#7654=CARTESIAN_POINT('',(-6.19648461341857,26.2857172966003,20.));
#7655=CARTESIAN_POINT('',(-6.274365234375,32.6276360034943,20.));
#7656=CARTESIAN_POINT('Ctrl Pts',(-6.27436523437499,32.6276360034943,20.));
#7657=CARTESIAN_POINT('Ctrl Pts',(-6.25180721343994,32.8201314396518,20.));
#7658=CARTESIAN_POINT('Ctrl Pts',(-6.22924919250489,33.0126268758093,20.));
#7659=CARTESIAN_POINT('Ctrl Pts',(-6.21595476865768,33.2057000279426,20.));
#7660=CARTESIAN_POINT('Ctrl Pts',(-6.1972840830757,33.4768519153227,20.));
#7661=CARTESIAN_POINT('Ctrl Pts',(-6.19688434824714,33.7491432542617,20.));
#7662=CARTESIAN_POINT('Ctrl Pts',(-6.19648461341857,34.0214345932007,20.));
#7663=CARTESIAN_POINT('',(-6.59931664466858,31.8058590173721,20.));
#7664=CARTESIAN_POINT('Ctrl Pts',(-6.59931664466857,31.8058590173721,20.));
#7665=CARTESIAN_POINT('Ctrl Pts',(-6.52381778379961,31.9318877066128,20.));
#7666=CARTESIAN_POINT('Ctrl Pts',(-6.44831892293065,32.0579163958534,20.));
#7667=CARTESIAN_POINT('Ctrl Pts',(-6.3945433974266,32.1925775289535,20.));
#7668=CARTESIAN_POINT('Ctrl Pts',(-6.33907640271587,32.33147432796,20.));
#7669=CARTESIAN_POINT('Ctrl Pts',(-6.30672081854543,32.4795551657271,20.));
#7670=CARTESIAN_POINT('Ctrl Pts',(-6.27436523437499,32.6276360034943,20.));
#7671=CARTESIAN_POINT('',(-7.25727562904358,31.2016109704971,20.));
#7672=CARTESIAN_POINT('Ctrl Pts',(-7.25727562904357,31.2016109704971,20.));
#7673=CARTESIAN_POINT('Ctrl Pts',(-7.12806967681041,31.2858605729325,20.));
#7674=CARTESIAN_POINT('Ctrl Pts',(-6.99886372457724,31.3701101753678,20.));
#7675=CARTESIAN_POINT('Ctrl Pts',(-6.88734148740768,31.4735225915909,20.));
#7676=CARTESIAN_POINT('Ctrl Pts',(-6.78051618897341,31.5725796272567,20.));
#7677=CARTESIAN_POINT('Ctrl Pts',(-6.68991641682099,31.6892193223144,20.));
#7678=CARTESIAN_POINT('Ctrl Pts',(-6.59931664466857,31.8058590173721,20.));
#7679=CARTESIAN_POINT('',(-8.17841773033142,30.9599117517471,20.));
#7680=CARTESIAN_POINT('Ctrl Pts',(-8.17841773033141,30.9599117517471,20.));
#7681=CARTESIAN_POINT('Ctrl Pts',(-8.01374825551558,30.969240778942,20.));
#7682=CARTESIAN_POINT('Ctrl Pts',(-7.84907878069974,30.9785698061368,20.));
#7683=CARTESIAN_POINT('Ctrl Pts',(-7.69300525188445,31.0203365564346,20.));
#7684=CARTESIAN_POINT('Ctrl Pts',(-7.54242792019219,31.0606324724752,20.));
#7685=CARTESIAN_POINT('Ctrl Pts',(-7.39985177461788,31.1311217214862,20.));
#7686=CARTESIAN_POINT('Ctrl Pts',(-7.25727562904357,31.2016109704971,20.));
#7687=CARTESIAN_POINT('',(-9.19355456829071,31.2580070972443,20.));
#7688=CARTESIAN_POINT('Ctrl Pts',(-9.1935545682907,31.2580070972443,20.));
#7689=CARTESIAN_POINT('Ctrl Pts',(-9.03562475851979,31.1710626909942,20.));
#7690=CARTESIAN_POINT('Ctrl Pts',(-8.87769494874889,31.0841182847442,20.));
#7691=CARTESIAN_POINT('Ctrl Pts',(-8.70881323814391,31.0344355881214,20.));
#7692=CARTESIAN_POINT('Ctrl Pts',(-8.53936506470981,30.9845862458578,20.));
#7693=CARTESIAN_POINT('Ctrl Pts',(-8.35889139752061,30.9722489988025,20.));
#7694=CARTESIAN_POINT('Ctrl Pts',(-8.17841773033141,30.9599117517471,20.));
#7695=CARTESIAN_POINT('',(-9.88642578125,32.0663569450378,20.));
#7696=CARTESIAN_POINT('Ctrl Pts',(-9.88642578124999,32.0663569450378,20.));
#7697=CARTESIAN_POINT('Ctrl Pts',(-9.80020161996638,31.9053612430496,20.));
#7698=CARTESIAN_POINT('Ctrl Pts',(-9.71397745868276,31.7443655410615,20.));
#7699=CARTESIAN_POINT('Ctrl Pts',(-9.5977294921875,31.6091425299644,20.));
#7700=CARTESIAN_POINT('Ctrl Pts',(-9.48262764863418,31.4752527223631,20.));
#7701=CARTESIAN_POINT('Ctrl Pts',(-9.33809110846244,31.3666299098037,20.));
#7702=CARTESIAN_POINT('Ctrl Pts',(-9.1935545682907,31.2580070972443,20.));
#7703=CARTESIAN_POINT('',(-10.6007814884186,30.9599117517471,20.));
#7704=CARTESIAN_POINT('Ctrl Pts',(-10.6007814884186,30.9599117517471,20.));
#7705=CARTESIAN_POINT('Ctrl Pts',(-10.4434293391962,31.107599044402,20.));
#7706=CARTESIAN_POINT('Ctrl Pts',(-10.2860771899739,31.2552863370569,20.));
#7707=CARTESIAN_POINT('Ctrl Pts',(-10.1697510957718,31.4298824548721,20.));
#7708=CARTESIAN_POINT('Ctrl Pts',(-10.0426645982455,31.6206290732214,20.));
#7709=CARTESIAN_POINT('Ctrl Pts',(-9.96454518974777,31.8434930091296,20.));
#7710=CARTESIAN_POINT('Ctrl Pts',(-9.88642578124999,32.0663569450378,20.));
#7711=CARTESIAN_POINT('',(-11.7877930879593,30.5731926441193,20.));
#7712=CARTESIAN_POINT('Ctrl Pts',(-11.7877930879593,30.5731926441193,20.));
#7713=CARTESIAN_POINT('Ctrl Pts',(-11.5694659044324,30.5880474613294,20.));
#7714=CARTESIAN_POINT('Ctrl Pts',(-11.3511387209055,30.6029022785396,20.));
#7715=CARTESIAN_POINT('Ctrl Pts',(-11.1499757051468,30.6698724210262,20.));
#7716=CARTESIAN_POINT('Ctrl Pts',(-10.9563046477606,30.7343483797891,20.));
#7717=CARTESIAN_POINT('Ctrl Pts',(-10.7785430680896,30.8471300657681,20.));
#7718=CARTESIAN_POINT('Ctrl Pts',(-10.6007814884186,30.9599117517471,20.));
#7719=CARTESIAN_POINT('',(-12.8324705839157,30.8229486227035,20.));
#7720=CARTESIAN_POINT('Ctrl Pts',(-12.8324705839157,30.8229486227035,20.));
#7721=CARTESIAN_POINT('Ctrl Pts',(-12.6632893252289,30.7501069602632,20.));
#7722=CARTESIAN_POINT('Ctrl Pts',(-12.494108066542,30.6772652978228,20.));
#7723=CARTESIAN_POINT('Ctrl Pts',(-12.3175174474716,30.6356316387653,20.));
#7724=CARTESIAN_POINT('Ctrl Pts',(-12.1456230059788,30.5951051679445,20.));
#7725=CARTESIAN_POINT('Ctrl Pts',(-11.966708046969,30.5841489060319,20.));
#7726=CARTESIAN_POINT('Ctrl Pts',(-11.7877930879593,30.5731926441193,20.));
#7727=CARTESIAN_POINT('',(-13.6435062170029,31.505077290535,20.));
#7728=CARTESIAN_POINT('Ctrl Pts',(-13.6435062170029,31.505077290535,20.));
#7729=CARTESIAN_POINT('Ctrl Pts',(-13.5323765855817,31.367846268898,20.));
#7730=CARTESIAN_POINT('Ctrl Pts',(-13.4212469541606,31.2306152472611,20.));
#7731=CARTESIAN_POINT('Ctrl Pts',(-13.2890141487122,31.1183587789535,20.));
#7732=CARTESIAN_POINT('Ctrl Pts',(-13.1519488334906,31.0019998454646,20.));
#7733=CARTESIAN_POINT('Ctrl Pts',(-12.9922097087032,30.9124742340841,20.));
#7734=CARTESIAN_POINT('Ctrl Pts',(-12.8324705839157,30.8229486227035,20.));
#7735=CARTESIAN_POINT('',(-14.0167969942093,32.5712392807007,20.));
#7736=CARTESIAN_POINT('Ctrl Pts',(-14.0167969942093,32.5712392807007,20.));
#7737=CARTESIAN_POINT('Ctrl Pts',(-13.9864817200341,32.372321462584,20.));
#7738=CARTESIAN_POINT('Ctrl Pts',(-13.956166445859,32.1734036444672,20.));
#7739=CARTESIAN_POINT('Ctrl Pts',(-13.8885617733002,31.9878045797348,20.));
#7740=CARTESIAN_POINT('Ctrl Pts',(-13.8272941181607,31.8196028998534,20.));
#7741=CARTESIAN_POINT('Ctrl Pts',(-13.7354001675818,31.6623400951942,20.));
#7742=CARTESIAN_POINT('Ctrl Pts',(-13.6435062170029,31.505077290535,20.));
#7743=CARTESIAN_POINT('',(-14.0705079317093,34.4887201070785,20.));
#7744=CARTESIAN_POINT('Ctrl Pts',(-14.0705079317093,34.4887201070785,20.));
#7745=CARTESIAN_POINT('Ctrl Pts',(-14.0690802060435,34.075432361135,20.));
#7746=CARTESIAN_POINT('Ctrl Pts',(-14.0676524803778,33.6621446151914,20.));
#7747=CARTESIAN_POINT('Ctrl Pts',(-14.0517092227936,33.2493404626846,20.));
#7748=CARTESIAN_POINT('Ctrl Pts',(-14.042975647046,33.0232099924356,20.));
#7749=CARTESIAN_POINT('Ctrl Pts',(-14.0298863206277,32.7972246365681,20.));
#7750=CARTESIAN_POINT('Ctrl Pts',(-14.0167969942093,32.5712392807007,20.));
#7751=CARTESIAN_POINT('',(-14.0705079317093,37.1688960075378,20.));
#7752=CARTESIAN_POINT('',(-14.0705079317093,27.8594480037689,20.));
#7753=CARTESIAN_POINT('',(-28.0982423067093,37.1688960075378,20.));
#7754=CARTESIAN_POINT('',(-6.19648461341858,16.9950674057007,20.));
#7755=CARTESIAN_POINT('',(-14.0705079317093,16.9950674057007,20.));
#7756=CARTESIAN_POINT('',(-28.0982423067093,16.9950674057007,20.));
#7757=CARTESIAN_POINT('',(-6.19648461341858,14.4437978744507,20.));
#7758=CARTESIAN_POINT('',(-6.19648461341857,16.4968989372253,20.));
#7759=CARTESIAN_POINT('',(-6.3146484375,12.5531719207764,20.));
#7760=CARTESIAN_POINT('Ctrl Pts',(-6.31464843749999,12.5531719207764,20.));
#7761=CARTESIAN_POINT('Ctrl Pts',(-6.28072479030592,12.7837957398347,20.));
#7762=CARTESIAN_POINT('Ctrl Pts',(-6.24680114311183,13.014419558893,20.));
#7763=CARTESIAN_POINT('Ctrl Pts',(-6.22602556943893,13.2460437297821,20.));
#7764=CARTESIAN_POINT('Ctrl Pts',(-6.19039062694312,13.6433330725566,20.));
#7765=CARTESIAN_POINT('Ctrl Pts',(-6.19343762018084,14.0435654735037,20.));
#7766=CARTESIAN_POINT('Ctrl Pts',(-6.19648461341857,14.4437978744507,20.));
#7767=CARTESIAN_POINT('',(-7.08540027141571,11.4198706626892,20.));
#7768=CARTESIAN_POINT('Ctrl Pts',(-7.0854002714157,11.4198706626892,20.));
#7769=CARTESIAN_POINT('Ctrl Pts',(-6.9054861366753,11.5790764635439,20.));
#7770=CARTESIAN_POINT('Ctrl Pts',(-6.72557200193489,11.7382822643986,20.));
#7771=CARTESIAN_POINT('Ctrl Pts',(-6.59595956206321,11.9314668655395,20.));
#7772=CARTESIAN_POINT('Ctrl Pts',(-6.4710382580094,12.117659427932,20.));
#7773=CARTESIAN_POINT('Ctrl Pts',(-6.3928433477547,12.3354156743542,20.));
#7774=CARTESIAN_POINT('Ctrl Pts',(-6.31464843749999,12.5531719207764,20.));
#7775=CARTESIAN_POINT('',(-8.61884777545929,10.9633276939392,20.));
#7776=CARTESIAN_POINT('Ctrl Pts',(-8.61884777545928,10.9633276939392,20.));
#7777=CARTESIAN_POINT('Ctrl Pts',(-8.32694260659037,10.9772270891006,20.));
#7778=CARTESIAN_POINT('Ctrl Pts',(-8.03503743772145,10.991126484262,20.));
#7779=CARTESIAN_POINT('Ctrl Pts',(-7.76551489830017,11.0774634361267,20.));
#7780=CARTESIAN_POINT('Ctrl Pts',(-7.52713764626597,11.1538235260052,20.));
#7781=CARTESIAN_POINT('Ctrl Pts',(-7.30626895884084,11.2868470943472,20.));
#7782=CARTESIAN_POINT('Ctrl Pts',(-7.0854002714157,11.4198706626892,20.));
#7783=CARTESIAN_POINT('',(-9.83808581829071,11.2265131950378,20.));
#7784=CARTESIAN_POINT('Ctrl Pts',(-9.8380858182907,11.2265131950378,20.));
#7785=CARTESIAN_POINT('Ctrl Pts',(-9.6565675439597,11.1498436182461,20.));
#7786=CARTESIAN_POINT('Ctrl Pts',(-9.47504926962869,11.0731740414544,20.));
#7787=CARTESIAN_POINT('Ctrl Pts',(-9.28620641231536,11.0291240692139,20.));
#7788=CARTESIAN_POINT('Ctrl Pts',(-9.07014561714698,10.9787251705484,20.));
#7789=CARTESIAN_POINT('Ctrl Pts',(-8.84449669630313,10.9710264322438,20.));
#7790=CARTESIAN_POINT('Ctrl Pts',(-8.61884777545928,10.9633276939392,20.));
#7791=CARTESIAN_POINT('',(-10.6142092227936,11.8952129364014,20.));
#7792=CARTESIAN_POINT('Ctrl Pts',(-10.6142092227936,11.8952129364014,20.));
#7793=CARTESIAN_POINT('Ctrl Pts',(-10.5088393351133,11.764642971528,20.));
#7794=CARTESIAN_POINT('Ctrl Pts',(-10.403469447433,11.6340730066547,20.));
#7795=CARTESIAN_POINT('Ctrl Pts',(-10.2791870117187,11.5252802848816,20.));
#7796=CARTESIAN_POINT('Ctrl Pts',(-10.146520205471,11.4091481632532,20.));
#7797=CARTESIAN_POINT('Ctrl Pts',(-9.99230301188085,11.3178306791455,20.));
#7798=CARTESIAN_POINT('Ctrl Pts',(-9.8380858182907,11.2265131950378,20.));
#7799=CARTESIAN_POINT('',(-10.9875,12.7196763038635,20.));
#7800=CARTESIAN_POINT('Ctrl Pts',(-10.9875,12.7196763038635,20.));
#7801=CARTESIAN_POINT('Ctrl Pts',(-10.9475110567273,12.5783056256313,20.));
#7802=CARTESIAN_POINT('Ctrl Pts',(-10.9075221134546,12.436934947399,20.));
#7803=CARTESIAN_POINT('Ctrl Pts',(-10.8485234260559,12.3040888786316,20.));
#7804=CARTESIAN_POINT('Ctrl Pts',(-10.7850754022391,12.1612243352535,20.));
#7805=CARTESIAN_POINT('Ctrl Pts',(-10.6996423125163,12.0282186358274,20.));
#7806=CARTESIAN_POINT('Ctrl Pts',(-10.6142092227936,11.8952129364014,20.));
#7807=CARTESIAN_POINT('',(-11.1002934455872,14.3686030387878,20.));
#7808=CARTESIAN_POINT('Ctrl Pts',(-11.1002934455872,14.3686030387878,20.));
#7809=CARTESIAN_POINT('Ctrl Pts',(-11.0992005392951,14.0506348942272,20.));
#7810=CARTESIAN_POINT('Ctrl Pts',(-11.0981076330031,13.7326667496667,20.));
#7811=CARTESIAN_POINT('Ctrl Pts',(-11.0720950841904,13.4165761947632,20.));
#7812=CARTESIAN_POINT('Ctrl Pts',(-11.0529220871445,13.1835962081022,20.));
#7813=CARTESIAN_POINT('Ctrl Pts',(-11.0202110435722,12.9516362559829,20.));
#7814=CARTESIAN_POINT('Ctrl Pts',(-10.9875,12.7196763038635,20.));
#7815=CARTESIAN_POINT('',(-11.1002934455872,15.4052231788635,20.));
#7816=CARTESIAN_POINT('',(-11.1002934455872,16.9776115894318,20.));
#7817=CARTESIAN_POINT('',(-14.0705079317093,15.4052231788635,20.));
#7818=CARTESIAN_POINT('',(-32.0352539658546,15.4052231788635,20.));
#7819=CARTESIAN_POINT('',(-14.0705079317093,17.7725337028503,20.));
#7820=CARTESIAN_POINT('',(-14.0705079317093,-0.278370571136484,20.));
#7821=CARTESIAN_POINT('',(-14.0705079317093,-1.68022651672364,20.));
#7822=CARTESIAN_POINT('',(-14.0705079317093,9.13581471443176,20.));
#7823=CARTESIAN_POINT('',(-13.2326174259186,-0.278370571136484,20.));
#7824=CARTESIAN_POINT('',(-31.6163087129593,-0.278370571136484,20.));
#7825=CARTESIAN_POINT('',(-13.9604002714157,0.546092796325675,20.));
#7826=CARTESIAN_POINT('Ctrl Pts',(-13.9604002714157,0.546092796325675,20.));
#7827=CARTESIAN_POINT('Ctrl Pts',(-13.8678828781982,0.391186203827325,20.));
#7828=CARTESIAN_POINT('Ctrl Pts',(-13.7753654849807,0.236279611328977,20.));
#7829=CARTESIAN_POINT('Ctrl Pts',(-13.6589479923248,0.102305221557607,20.));
#7830=CARTESIAN_POINT('Ctrl Pts',(-13.5349219410069,-0.0404251719768748,
20.));
#7831=CARTESIAN_POINT('Ctrl Pts',(-13.3837696834628,-0.159397871556681,
20.));
#7832=CARTESIAN_POINT('Ctrl Pts',(-13.2326174259186,-0.278370571136484,
20.));
#7833=CARTESIAN_POINT('',(-14.1994143009186,1.50483350753783,20.));
#7834=CARTESIAN_POINT('Ctrl Pts',(-14.1994143009186,1.50483350753783,20.));
#7835=CARTESIAN_POINT('Ctrl Pts',(-14.1884975997684,1.34215647479815,20.));
#7836=CARTESIAN_POINT('Ctrl Pts',(-14.1775808986182,1.17947944205847,20.));
#7837=CARTESIAN_POINT('Ctrl Pts',(-14.1396606445312,1.02344970703124,20.));
#7838=CARTESIAN_POINT('Ctrl Pts',(-14.09979953241,0.859433961041958,20.));
#7839=CARTESIAN_POINT('Ctrl Pts',(-14.0300999019128,0.702763378683815,20.));
#7840=CARTESIAN_POINT('Ctrl Pts',(-13.9604002714157,0.546092796325675,20.));
#7841=CARTESIAN_POINT('',(-13.4071779727936,3.18867187499999,20.));
#7842=CARTESIAN_POINT('Ctrl Pts',(-13.4071779727936,3.18867187499999,20.));
#7843=CARTESIAN_POINT('Ctrl Pts',(-13.6382171500122,2.9468573132422,20.));
#7844=CARTESIAN_POINT('Ctrl Pts',(-13.8692563272307,2.70504275148441,20.));
#7845=CARTESIAN_POINT('Ctrl Pts',(-14.0013552188873,2.41724710464477,20.));
#7846=CARTESIAN_POINT('Ctrl Pts',(-14.1280189556812,2.14129269197269,20.));
#7847=CARTESIAN_POINT('Ctrl Pts',(-14.1637166282999,1.82306309975526,20.));
#7848=CARTESIAN_POINT('Ctrl Pts',(-14.1994143009186,1.50483350753783,20.));
#7849=CARTESIAN_POINT('',(-11.1969727754593,3.88959865570067,20.));
#7850=CARTESIAN_POINT('Ctrl Pts',(-11.1969727754593,3.88959865570067,20.));
#7851=CARTESIAN_POINT('Ctrl Pts',(-11.6307616114327,3.8709828375124,20.));
#7852=CARTESIAN_POINT('Ctrl Pts',(-12.0645504474062,3.85236701932412,20.));
#7853=CARTESIAN_POINT('Ctrl Pts',(-12.4585086584091,3.71436576843261,20.));
#7854=CARTESIAN_POINT('Ctrl Pts',(-12.7939872834728,3.59684957353393,20.));
#7855=CARTESIAN_POINT('Ctrl Pts',(-13.1005826281332,3.39276072426696,20.));
#7856=CARTESIAN_POINT('Ctrl Pts',(-13.4071779727936,3.18867187499999,20.));
#7857=CARTESIAN_POINT('',(-8.99213855266571,3.20746879577636,20.));
#7858=CARTESIAN_POINT('Ctrl Pts',(-8.9921385526657,3.20746879577636,20.));
#7859=CARTESIAN_POINT('Ctrl Pts',(-9.29244588153948,3.40593727752711,20.));
#7860=CARTESIAN_POINT('Ctrl Pts',(-9.59275321041326,3.60440575927785,20.));
#7861=CARTESIAN_POINT('Ctrl Pts',(-9.92066686153412,3.71906738281249,20.));
#7862=CARTESIAN_POINT('Ctrl Pts',(-10.3189512291497,3.85833554704771,20.));
#7863=CARTESIAN_POINT('Ctrl Pts',(-10.7579620023045,3.87396710137419,20.));
#7864=CARTESIAN_POINT('Ctrl Pts',(-11.1969727754593,3.88959865570067,20.));
#7865=CARTESIAN_POINT('',(-8.23750023841858,1.48334960937499,20.));
#7866=CARTESIAN_POINT('Ctrl Pts',(-8.23750023841857,1.48334960937499,20.));
#7867=CARTESIAN_POINT('Ctrl Pts',(-8.26807235464031,1.81489361928583,20.));
#7868=CARTESIAN_POINT('Ctrl Pts',(-8.29864447086205,2.14643762919666,20.));
#7869=CARTESIAN_POINT('Ctrl Pts',(-8.42615996599197,2.43537406921385,20.));
#7870=CARTESIAN_POINT('Ctrl Pts',(-8.55193888926409,2.72037562359292,20.));
#7871=CARTESIAN_POINT('Ctrl Pts',(-8.7720387209649,2.96392220968464,20.));
#7872=CARTESIAN_POINT('Ctrl Pts',(-8.9921385526657,3.20746879577636,20.));
#7873=CARTESIAN_POINT('',(-9.03242175579071,-0.170948696136484,20.));
#7874=CARTESIAN_POINT('Ctrl Pts',(-9.0324217557907,-0.170948696136484,20.));
#7875=CARTESIAN_POINT('Ctrl Pts',(-8.80062697643897,0.0676603058666992,
20.));
#7876=CARTESIAN_POINT('Ctrl Pts',(-8.56883219708724,0.306269307869887,20.));
#7877=CARTESIAN_POINT('Ctrl Pts',(-8.43623046874999,0.591745185852043,20.));
#7878=CARTESIAN_POINT('Ctrl Pts',(-8.31110483951002,0.861125904438941,20.));
#7879=CARTESIAN_POINT('Ctrl Pts',(-8.2743025389643,1.17223775690697,20.));
#7880=CARTESIAN_POINT('Ctrl Pts',(-8.23750023841857,1.48334960937499,20.));
#7881=CARTESIAN_POINT('',(-6.19648461341858,-0.170948696136484,20.));
#7882=CARTESIAN_POINT('',(-28.0982423067093,-0.170948696136484,20.));
#7883=CARTESIAN_POINT('',(-6.19648461341858,-1.68022651672364,20.));
#7884=CARTESIAN_POINT('',(-6.19648461341857,8.43488674163818,20.));
#7885=CARTESIAN_POINT('',(-32.0352539658546,-1.68022651672364,20.));
#7886=CARTESIAN_POINT('',(-92.4999980196357,38.3999991416931,20.));
#7887=CARTESIAN_POINT('Origin',(-88.5999980196357,38.3999991416931,20.));
#7888=CARTESIAN_POINT('Ctrl Pts',(-11.1969727754593,3.88959865570067,20.));
#7889=CARTESIAN_POINT('Ctrl Pts',(-11.1969727754593,3.88959865570067,22.));
#7890=CARTESIAN_POINT('Ctrl Pts',(-11.6307616114327,3.8709828375124,20.));
#7891=CARTESIAN_POINT('Ctrl Pts',(-11.6307616114327,3.8709828375124,22.));
#7892=CARTESIAN_POINT('Ctrl Pts',(-12.4339471960864,3.83651455346401,20.));
#7893=CARTESIAN_POINT('Ctrl Pts',(-12.4339471960864,3.83651455346401,22.));
#7894=CARTESIAN_POINT('Ctrl Pts',(-13.1005826281332,3.39276072426696,20.));
#7895=CARTESIAN_POINT('Ctrl Pts',(-13.1005826281332,3.39276072426696,22.));
#7896=CARTESIAN_POINT('Ctrl Pts',(-13.4071779727936,3.18867187499999,20.));
#7897=CARTESIAN_POINT('Ctrl Pts',(-13.4071779727936,3.18867187499999,22.));
#7898=CARTESIAN_POINT('',(-13.4071779727936,3.18867187499999,19.));
#7899=CARTESIAN_POINT('',(-11.1969727754593,3.88959865570067,19.));
#7900=CARTESIAN_POINT('Ctrl Pts',(-13.4071779727936,3.18867187499999,20.));
#7901=CARTESIAN_POINT('Ctrl Pts',(-13.4071779727936,3.18867187499999,22.));
#7902=CARTESIAN_POINT('Ctrl Pts',(-13.6382171500122,2.9468573132422,20.));
#7903=CARTESIAN_POINT('Ctrl Pts',(-13.6382171500122,2.9468573132422,22.));
#7904=CARTESIAN_POINT('Ctrl Pts',(-14.0907894920083,2.47317755095686,20.));
#7905=CARTESIAN_POINT('Ctrl Pts',(-14.0907894920083,2.47317755095686,22.));
#7906=CARTESIAN_POINT('Ctrl Pts',(-14.1637166282999,1.82306309975526,20.));
#7907=CARTESIAN_POINT('Ctrl Pts',(-14.1637166282999,1.82306309975526,22.));
#7908=CARTESIAN_POINT('Ctrl Pts',(-14.1994143009186,1.50483350753783,20.));
#7909=CARTESIAN_POINT('Ctrl Pts',(-14.1994143009186,1.50483350753783,22.));
#7910=CARTESIAN_POINT('',(-14.1994143009186,1.50483350753783,19.));
#7911=CARTESIAN_POINT('Ctrl Pts',(-14.1994143009186,1.50483350753783,20.));
#7912=CARTESIAN_POINT('Ctrl Pts',(-14.1994143009186,1.50483350753783,22.));
#7913=CARTESIAN_POINT('Ctrl Pts',(-14.1884975997684,1.34215647479815,20.));
#7914=CARTESIAN_POINT('Ctrl Pts',(-14.1884975997684,1.34215647479815,22.));
#7915=CARTESIAN_POINT('Ctrl Pts',(-14.1661054520786,1.00847617223002,20.));
#7916=CARTESIAN_POINT('Ctrl Pts',(-14.1661054520786,1.00847617223002,22.));
#7917=CARTESIAN_POINT('Ctrl Pts',(-14.0300999019128,0.702763378683815,20.));
#7918=CARTESIAN_POINT('Ctrl Pts',(-14.0300999019128,0.702763378683815,22.));
#7919=CARTESIAN_POINT('Ctrl Pts',(-13.9604002714157,0.546092796325675,20.));
#7920=CARTESIAN_POINT('Ctrl Pts',(-13.9604002714157,0.546092796325675,22.));
#7921=CARTESIAN_POINT('',(-13.9604002714157,0.546092796325675,19.));
#7922=CARTESIAN_POINT('Ctrl Pts',(-13.9604002714157,0.546092796325675,20.));
#7923=CARTESIAN_POINT('Ctrl Pts',(-13.9604002714157,0.546092796325675,22.));
#7924=CARTESIAN_POINT('Ctrl Pts',(-13.8678828781982,0.391186203827325,20.));
#7925=CARTESIAN_POINT('Ctrl Pts',(-13.8678828781982,0.391186203827325,22.));
#7926=CARTESIAN_POINT('Ctrl Pts',(-13.6768015432807,0.0712489741593947,
20.));
#7927=CARTESIAN_POINT('Ctrl Pts',(-13.6768015432807,0.0712489741593947,
22.));
#7928=CARTESIAN_POINT('Ctrl Pts',(-13.3837696834628,-0.159397871556681,
20.));
#7929=CARTESIAN_POINT('Ctrl Pts',(-13.3837696834628,-0.159397871556681,
22.));
#7930=CARTESIAN_POINT('Ctrl Pts',(-13.2326174259186,-0.278370571136484,
20.));
#7931=CARTESIAN_POINT('Ctrl Pts',(-13.2326174259186,-0.278370571136484,
22.));
#7932=CARTESIAN_POINT('',(-13.2326174259186,-0.278370571136484,19.));
#7933=CARTESIAN_POINT('Origin',(-13.2326174259186,-0.278370571136484,19.));
#7934=CARTESIAN_POINT('',(-14.0705079317093,-0.278370571136484,19.));
#7935=CARTESIAN_POINT('Origin',(-14.0705079317093,-0.278370571136484,19.));
#7936=CARTESIAN_POINT('',(-14.0705079317093,-1.68022651672364,19.));
#7937=CARTESIAN_POINT('Ctrl Pts',(-9.8380858182907,11.2265131950378,20.));
#7938=CARTESIAN_POINT('Ctrl Pts',(-9.8380858182907,11.2265131950378,22.));
#7939=CARTESIAN_POINT('Ctrl Pts',(-9.6565675439597,11.1498436182461,20.));
#7940=CARTESIAN_POINT('Ctrl Pts',(-9.6565675439597,11.1498436182461,22.));
#7941=CARTESIAN_POINT('Ctrl Pts',(-9.26736875024065,10.9854540717265,20.));
#7942=CARTESIAN_POINT('Ctrl Pts',(-9.26736875024065,10.9854540717265,22.));
#7943=CARTESIAN_POINT('Ctrl Pts',(-8.84449669630313,10.9710264322438,20.));
#7944=CARTESIAN_POINT('Ctrl Pts',(-8.84449669630313,10.9710264322438,22.));
#7945=CARTESIAN_POINT('Ctrl Pts',(-8.61884777545928,10.9633276939392,20.));
#7946=CARTESIAN_POINT('Ctrl Pts',(-8.61884777545928,10.9633276939392,22.));
#7947=CARTESIAN_POINT('',(-8.61884777545928,10.9633276939392,19.));
#7948=CARTESIAN_POINT('',(-9.8380858182907,11.2265131950378,19.));
#7949=CARTESIAN_POINT('Ctrl Pts',(-8.61884777545928,10.9633276939392,20.));
#7950=CARTESIAN_POINT('Ctrl Pts',(-8.61884777545928,10.9633276939392,22.));
#7951=CARTESIAN_POINT('Ctrl Pts',(-8.32694260659037,10.9772270891006,20.));
#7952=CARTESIAN_POINT('Ctrl Pts',(-8.32694260659037,10.9772270891006,22.));
#7953=CARTESIAN_POINT('Ctrl Pts',(-7.77686403167177,11.0034197033399,20.));
#7954=CARTESIAN_POINT('Ctrl Pts',(-7.77686403167177,11.0034197033399,22.));
#7955=CARTESIAN_POINT('Ctrl Pts',(-7.30626895884084,11.2868470943472,20.));
#7956=CARTESIAN_POINT('Ctrl Pts',(-7.30626895884084,11.2868470943472,22.));
#7957=CARTESIAN_POINT('Ctrl Pts',(-7.0854002714157,11.4198706626892,20.));
#7958=CARTESIAN_POINT('Ctrl Pts',(-7.0854002714157,11.4198706626892,22.));
#7959=CARTESIAN_POINT('',(-7.0854002714157,11.4198706626892,19.));
#7960=CARTESIAN_POINT('Ctrl Pts',(-7.0854002714157,11.4198706626892,20.));
#7961=CARTESIAN_POINT('Ctrl Pts',(-7.0854002714157,11.4198706626892,22.));
#7962=CARTESIAN_POINT('Ctrl Pts',(-6.9054861366753,11.5790764635439,20.));
#7963=CARTESIAN_POINT('Ctrl Pts',(-6.9054861366753,11.5790764635439,22.));
#7964=CARTESIAN_POINT('Ctrl Pts',(-6.55216960050078,11.8917258403037,20.));
#7965=CARTESIAN_POINT('Ctrl Pts',(-6.55216960050078,11.8917258403037,22.));
#7966=CARTESIAN_POINT('Ctrl Pts',(-6.3928433477547,12.3354156743542,20.));
#7967=CARTESIAN_POINT('Ctrl Pts',(-6.3928433477547,12.3354156743542,22.));
#7968=CARTESIAN_POINT('Ctrl Pts',(-6.31464843749999,12.5531719207764,20.));
#7969=CARTESIAN_POINT('Ctrl Pts',(-6.31464843749999,12.5531719207764,22.));
#7970=CARTESIAN_POINT('',(-6.31464843749999,12.5531719207764,19.));
#7971=CARTESIAN_POINT('Ctrl Pts',(-6.31464843749999,12.5531719207764,20.));
#7972=CARTESIAN_POINT('Ctrl Pts',(-6.31464843749999,12.5531719207764,22.));
#7973=CARTESIAN_POINT('Ctrl Pts',(-6.28072479030592,12.7837957398347,20.));
#7974=CARTESIAN_POINT('Ctrl Pts',(-6.28072479030592,12.7837957398347,22.));
#7975=CARTESIAN_POINT('Ctrl Pts',(-6.18861419549528,13.4099930655358,20.));
#7976=CARTESIAN_POINT('Ctrl Pts',(-6.18861419549528,13.4099930655358,22.));
#7977=CARTESIAN_POINT('Ctrl Pts',(-6.19343762018084,14.0435654735037,20.));
#7978=CARTESIAN_POINT('Ctrl Pts',(-6.19343762018084,14.0435654735037,22.));
#7979=CARTESIAN_POINT('Ctrl Pts',(-6.19648461341857,14.4437978744507,20.));
#7980=CARTESIAN_POINT('Ctrl Pts',(-6.19648461341857,14.4437978744507,22.));
#7981=CARTESIAN_POINT('',(-6.19648461341857,14.4437978744507,19.));
#7982=CARTESIAN_POINT('Origin',(-6.19648461341857,14.4437978744507,19.));
#7983=CARTESIAN_POINT('',(-6.19648461341857,16.9950674057007,19.));
#7984=CARTESIAN_POINT('Origin',(-6.19648461341857,16.9950674057007,19.));
#7985=CARTESIAN_POINT('',(-14.0705079317093,16.9950674057007,19.));
#7986=CARTESIAN_POINT('Ctrl Pts',(-9.88642578124999,32.0663569450378,20.));
#7987=CARTESIAN_POINT('Ctrl Pts',(-9.88642578124999,32.0663569450378,22.));
#7988=CARTESIAN_POINT('Ctrl Pts',(-9.80020161996638,31.9053612430496,20.));
#7989=CARTESIAN_POINT('Ctrl Pts',(-9.80020161996638,31.9053612430496,22.));
#7990=CARTESIAN_POINT('Ctrl Pts',(-9.62860340680215,31.5849571431197,20.));
#7991=CARTESIAN_POINT('Ctrl Pts',(-9.62860340680215,31.5849571431197,22.));
#7992=CARTESIAN_POINT('Ctrl Pts',(-9.33809110846244,31.3666299098037,20.));
#7993=CARTESIAN_POINT('Ctrl Pts',(-9.33809110846244,31.3666299098037,22.));
#7994=CARTESIAN_POINT('Ctrl Pts',(-9.1935545682907,31.2580070972443,20.));
#7995=CARTESIAN_POINT('Ctrl Pts',(-9.1935545682907,31.2580070972443,22.));
#7996=CARTESIAN_POINT('',(-9.1935545682907,31.2580070972443,19.));
#7997=CARTESIAN_POINT('',(-9.88642578124999,32.0663569450378,19.));
#7998=CARTESIAN_POINT('Ctrl Pts',(-9.1935545682907,31.2580070972443,20.));
#7999=CARTESIAN_POINT('Ctrl Pts',(-9.1935545682907,31.2580070972443,22.));
#8000=CARTESIAN_POINT('Ctrl Pts',(-9.03562475851979,31.1710626909942,20.));
#8001=CARTESIAN_POINT('Ctrl Pts',(-9.03562475851979,31.1710626909942,22.));
#8002=CARTESIAN_POINT('Ctrl Pts',(-8.71923541100136,30.996882249672,20.));
#8003=CARTESIAN_POINT('Ctrl Pts',(-8.71923541100136,30.996882249672,22.));
#8004=CARTESIAN_POINT('Ctrl Pts',(-8.35889139752061,30.9722489988025,20.));
#8005=CARTESIAN_POINT('Ctrl Pts',(-8.35889139752061,30.9722489988025,22.));
#8006=CARTESIAN_POINT('Ctrl Pts',(-8.17841773033141,30.9599117517471,20.));
#8007=CARTESIAN_POINT('Ctrl Pts',(-8.17841773033141,30.9599117517471,22.));
#8008=CARTESIAN_POINT('',(-8.17841773033141,30.9599117517471,19.));
#8009=CARTESIAN_POINT('Ctrl Pts',(-8.17841773033141,30.9599117517471,20.));
#8010=CARTESIAN_POINT('Ctrl Pts',(-8.17841773033141,30.9599117517471,22.));
#8011=CARTESIAN_POINT('Ctrl Pts',(-8.01374825551558,30.969240778942,20.));
#8012=CARTESIAN_POINT('Ctrl Pts',(-8.01374825551558,30.969240778942,22.));
#8013=CARTESIAN_POINT('Ctrl Pts',(-7.69020821297981,30.987570307586,20.));
#8014=CARTESIAN_POINT('Ctrl Pts',(-7.69020821297981,30.987570307586,22.));
#8015=CARTESIAN_POINT('Ctrl Pts',(-7.39985177461788,31.1311217214862,20.));
#8016=CARTESIAN_POINT('Ctrl Pts',(-7.39985177461788,31.1311217214862,22.));
#8017=CARTESIAN_POINT('Ctrl Pts',(-7.25727562904357,31.2016109704971,20.));
#8018=CARTESIAN_POINT('Ctrl Pts',(-7.25727562904357,31.2016109704971,22.));
#8019=CARTESIAN_POINT('',(-7.25727562904357,31.2016109704971,19.));
#8020=CARTESIAN_POINT('Ctrl Pts',(-7.25727562904357,31.2016109704971,20.));
#8021=CARTESIAN_POINT('Ctrl Pts',(-7.25727562904357,31.2016109704971,22.));
#8022=CARTESIAN_POINT('Ctrl Pts',(-7.12806967681041,31.2858605729325,20.));
#8023=CARTESIAN_POINT('Ctrl Pts',(-7.12806967681041,31.2858605729325,22.));
#8024=CARTESIAN_POINT('Ctrl Pts',(-6.87509948923639,31.4508114700293,20.));
#8025=CARTESIAN_POINT('Ctrl Pts',(-6.87509948923639,31.4508114700293,22.));
#8026=CARTESIAN_POINT('Ctrl Pts',(-6.68991641682099,31.6892193223144,20.));
#8027=CARTESIAN_POINT('Ctrl Pts',(-6.68991641682099,31.6892193223144,22.));
#8028=CARTESIAN_POINT('Ctrl Pts',(-6.59931664466857,31.8058590173721,20.));
#8029=CARTESIAN_POINT('Ctrl Pts',(-6.59931664466857,31.8058590173721,22.));
#8030=CARTESIAN_POINT('',(-6.59931664466857,31.8058590173721,19.));
#8031=CARTESIAN_POINT('Ctrl Pts',(-6.59931664466857,31.8058590173721,20.));
#8032=CARTESIAN_POINT('Ctrl Pts',(-6.59931664466857,31.8058590173721,22.));
#8033=CARTESIAN_POINT('Ctrl Pts',(-6.52381778379961,31.9318877066128,20.));
#8034=CARTESIAN_POINT('Ctrl Pts',(-6.52381778379961,31.9318877066128,22.));
#8035=CARTESIAN_POINT('Ctrl Pts',(-6.37044530147864,32.1879092238917,20.));
#8036=CARTESIAN_POINT('Ctrl Pts',(-6.37044530147864,32.1879092238917,22.));
#8037=CARTESIAN_POINT('Ctrl Pts',(-6.30672081854543,32.4795551657271,20.));
#8038=CARTESIAN_POINT('Ctrl Pts',(-6.30672081854543,32.4795551657271,22.));
#8039=CARTESIAN_POINT('Ctrl Pts',(-6.27436523437499,32.6276360034943,20.));
#8040=CARTESIAN_POINT('Ctrl Pts',(-6.27436523437499,32.6276360034943,22.));
#8041=CARTESIAN_POINT('',(-6.27436523437499,32.6276360034943,19.));
#8042=CARTESIAN_POINT('Ctrl Pts',(-6.27436523437499,32.6276360034943,20.));
#8043=CARTESIAN_POINT('Ctrl Pts',(-6.27436523437499,32.6276360034943,22.));
#8044=CARTESIAN_POINT('Ctrl Pts',(-6.25180721343994,32.8201314396518,20.));
#8045=CARTESIAN_POINT('Ctrl Pts',(-6.25180721343994,32.8201314396518,22.));
#8046=CARTESIAN_POINT('Ctrl Pts',(-6.19756871345064,33.2829674190151,20.));
#8047=CARTESIAN_POINT('Ctrl Pts',(-6.19756871345064,33.2829674190151,22.));
#8048=CARTESIAN_POINT('Ctrl Pts',(-6.19688434824714,33.7491432542617,20.));
#8049=CARTESIAN_POINT('Ctrl Pts',(-6.19688434824714,33.7491432542617,22.));
#8050=CARTESIAN_POINT('Ctrl Pts',(-6.19648461341857,34.0214345932007,20.));
#8051=CARTESIAN_POINT('Ctrl Pts',(-6.19648461341857,34.0214345932007,22.));
#8052=CARTESIAN_POINT('',(-6.19648461341857,34.0214345932007,19.));
#8053=CARTESIAN_POINT('Origin',(-6.19648461341857,34.0214345932007,19.));
#8054=CARTESIAN_POINT('',(-6.19648461341857,37.1688960075378,19.));
#8055=CARTESIAN_POINT('Ctrl Pts',(-8.23750023841857,20.9481928825378,20.));
#8056=CARTESIAN_POINT('Ctrl Pts',(-8.23750023841857,20.9481928825378,22.));
#8057=CARTESIAN_POINT('Ctrl Pts',(-8.26955086368868,21.3083137242618,20.));
#8058=CARTESIAN_POINT('Ctrl Pts',(-8.26955086368868,21.3083137242618,22.));
#8059=CARTESIAN_POINT('Ctrl Pts',(-8.33299549162233,22.0211775957708,20.));
#8060=CARTESIAN_POINT('Ctrl Pts',(-8.33299549162233,22.0211775957708,22.));
#8061=CARTESIAN_POINT('Ctrl Pts',(-8.80628361213375,22.5573784252306,20.));
#8062=CARTESIAN_POINT('Ctrl Pts',(-8.80628361213375,22.5573784252306,22.));
#8063=CARTESIAN_POINT('Ctrl Pts',(-9.04047851562499,22.8227041244507,20.));
#8064=CARTESIAN_POINT('Ctrl Pts',(-9.04047851562499,22.8227041244507,22.));
#8065=CARTESIAN_POINT('',(-9.04047851562499,22.8227041244507,19.));
#8066=CARTESIAN_POINT('',(-8.23750023841857,20.9481928825378,19.));
#8067=CARTESIAN_POINT('Ctrl Pts',(-9.04047851562499,22.8227041244507,20.));
#8068=CARTESIAN_POINT('Ctrl Pts',(-9.04047851562499,22.8227041244507,22.));
#8069=CARTESIAN_POINT('Ctrl Pts',(-9.3487066018186,23.0385936507989,20.));
#8070=CARTESIAN_POINT('Ctrl Pts',(-9.3487066018186,23.0385936507989,22.));
#8071=CARTESIAN_POINT('Ctrl Pts',(-10.0128583012897,23.5037796680528,20.));
#8072=CARTESIAN_POINT('Ctrl Pts',(-10.0128583012897,23.5037796680528,22.));
#8073=CARTESIAN_POINT('Ctrl Pts',(-10.8257772299694,23.5429328383164,20.));
#8074=CARTESIAN_POINT('Ctrl Pts',(-10.8257772299694,23.5429328383164,22.));
#8075=CARTESIAN_POINT('Ctrl Pts',(-11.2614262580872,23.5639153003693,20.));
#8076=CARTESIAN_POINT('Ctrl Pts',(-11.2614262580872,23.5639153003693,22.));
#8077=CARTESIAN_POINT('',(-11.2614262580872,23.5639153003693,19.));
#8078=CARTESIAN_POINT('Ctrl Pts',(-11.2614262580872,23.5639153003693,20.));
#8079=CARTESIAN_POINT('Ctrl Pts',(-11.2614262580872,23.5639153003693,22.));
#8080=CARTESIAN_POINT('Ctrl Pts',(-11.6317680700845,23.5461995786188,20.));
#8081=CARTESIAN_POINT('Ctrl Pts',(-11.6317680700845,23.5461995786188,22.));
#8082=CARTESIAN_POINT('Ctrl Pts',(-12.332870187096,23.5126615615187,20.));
#8083=CARTESIAN_POINT('Ctrl Pts',(-12.332870187096,23.5126615615187,22.));
#8084=CARTESIAN_POINT('Ctrl Pts',(-12.9405565036231,23.1642984140803,20.));
#8085=CARTESIAN_POINT('Ctrl Pts',(-12.9405565036231,23.1642984140803,22.));
#8086=CARTESIAN_POINT('Ctrl Pts',(-13.2272458553314,22.9999504566193,20.));
#8087=CARTESIAN_POINT('Ctrl Pts',(-13.2272458553314,22.9999504566193,22.));
#8088=CARTESIAN_POINT('',(-13.2272458553314,22.9999504566193,19.));
#8089=CARTESIAN_POINT('Ctrl Pts',(-13.2272458553314,22.9999504566193,20.));
#8090=CARTESIAN_POINT('Ctrl Pts',(-13.2272458553314,22.9999504566193,22.));
#8091=CARTESIAN_POINT('Ctrl Pts',(-13.5105060275621,22.715879872526,20.));
#8092=CARTESIAN_POINT('Ctrl Pts',(-13.5105060275621,22.715879872526,22.));
#8093=CARTESIAN_POINT('Ctrl Pts',(-14.1141915323695,22.1104672138779,20.));
#8094=CARTESIAN_POINT('Ctrl Pts',(-14.1141915323695,22.1104672138779,22.));
#8095=CARTESIAN_POINT('Ctrl Pts',(-14.1698642373864,21.2529543283196,20.));
#8096=CARTESIAN_POINT('Ctrl Pts',(-14.1698642373864,21.2529543283196,22.));
#8097=CARTESIAN_POINT('Ctrl Pts',(-14.1994143009186,20.7978020191193,20.));
#8098=CARTESIAN_POINT('Ctrl Pts',(-14.1994143009186,20.7978020191193,22.));
#8099=CARTESIAN_POINT('',(-14.1994143009186,20.7978020191193,19.));
#8100=CARTESIAN_POINT('Ctrl Pts',(-14.1994143009186,20.7978020191193,20.));
#8101=CARTESIAN_POINT('Ctrl Pts',(-14.1994143009186,20.7978020191193,22.));
#8102=CARTESIAN_POINT('Ctrl Pts',(-14.1858326511178,20.5042612430506,20.));
#8103=CARTESIAN_POINT('Ctrl Pts',(-14.1858326511178,20.5042612430506,22.));
#8104=CARTESIAN_POINT('Ctrl Pts',(-14.160121008284,19.9485544105094,20.));
#8105=CARTESIAN_POINT('Ctrl Pts',(-14.160121008284,19.9485544105094,22.));
#8106=CARTESIAN_POINT('Ctrl Pts',(-13.8930413182856,19.4617754158556,20.));
#8107=CARTESIAN_POINT('Ctrl Pts',(-13.8930413182856,19.4617754158556,22.));
#8108=CARTESIAN_POINT('Ctrl Pts',(-13.767041015625,19.2321274757385,20.));
#8109=CARTESIAN_POINT('Ctrl Pts',(-13.767041015625,19.2321274757385,22.));
#8110=CARTESIAN_POINT('',(-13.767041015625,19.2321274757385,19.));
#8111=CARTESIAN_POINT('Ctrl Pts',(-13.767041015625,19.2321274757385,20.));
#8112=CARTESIAN_POINT('Ctrl Pts',(-13.767041015625,19.2321274757385,22.));
#8113=CARTESIAN_POINT('Ctrl Pts',(-13.6015505037062,19.0358684966163,20.));
#8114=CARTESIAN_POINT('Ctrl Pts',(-13.6015505037062,19.0358684966163,22.));
#8115=CARTESIAN_POINT('Ctrl Pts',(-13.2574464341625,18.6277876186405,20.));
#8116=CARTESIAN_POINT('Ctrl Pts',(-13.2574464341625,18.6277876186405,22.));
#8117=CARTESIAN_POINT('Ctrl Pts',(-12.7637710658581,18.422773368886,20.));
#8118=CARTESIAN_POINT('Ctrl Pts',(-12.7637710658581,18.422773368886,22.));
#8119=CARTESIAN_POINT('Ctrl Pts',(-12.5075197696686,18.3163569450378,20.));
#8120=CARTESIAN_POINT('Ctrl Pts',(-12.5075197696686,18.3163569450378,22.));
#8121=CARTESIAN_POINT('',(-12.5075197696686,18.3163569450378,19.));
#8122=CARTESIAN_POINT('Origin',(-12.5075197696686,18.3163569450378,19.));
#8123=CARTESIAN_POINT('',(-12.2550780057907,19.8202631950378,19.));
#8124=CARTESIAN_POINT('Ctrl Pts',(-13.4474611759186,6.40326957702636,20.));
#8125=CARTESIAN_POINT('Ctrl Pts',(-13.4474611759186,6.40326957702636,22.));
#8126=CARTESIAN_POINT('Ctrl Pts',(-13.4693496343201,6.39596767655285,20.));
#8127=CARTESIAN_POINT('Ctrl Pts',(-13.4693496343201,6.39596767655285,22.));
#8128=CARTESIAN_POINT('Ctrl Pts',(-13.5279275494527,6.37642632291348,20.));
#8129=CARTESIAN_POINT('Ctrl Pts',(-13.5279275494527,6.37642632291348,22.));
#8130=CARTESIAN_POINT('Ctrl Pts',(-13.5874351560694,6.35990594614155,20.));
#8131=CARTESIAN_POINT('Ctrl Pts',(-13.5874351560694,6.35990594614155,22.));
#8132=CARTESIAN_POINT('Ctrl Pts',(-13.6247069120407,6.34955863952636,20.));
#8133=CARTESIAN_POINT('Ctrl Pts',(-13.6247069120407,6.34955863952636,22.));
#8134=CARTESIAN_POINT('',(-13.6247069120407,6.34955863952636,19.));
#8135=CARTESIAN_POINT('',(-13.4474611759186,6.40326957702636,19.));
#8136=CARTESIAN_POINT('Ctrl Pts',(-13.6247069120407,6.34955863952636,20.));
#8137=CARTESIAN_POINT('Ctrl Pts',(-13.6247069120407,6.34955863952636,22.));
#8138=CARTESIAN_POINT('Ctrl Pts',(-13.711436694284,6.32419890853576,20.));
#8139=CARTESIAN_POINT('Ctrl Pts',(-13.711436694284,6.32419890853576,22.));
#8140=CARTESIAN_POINT('Ctrl Pts',(-13.8615040472607,6.28031931373539,20.));
#8141=CARTESIAN_POINT('Ctrl Pts',(-13.8615040472607,6.28031931373539,22.));
#8142=CARTESIAN_POINT('Ctrl Pts',(-14.0084765685867,6.22703132032599,20.));
#8143=CARTESIAN_POINT('Ctrl Pts',(-14.0084765685867,6.22703132032599,22.));
#8144=CARTESIAN_POINT('Ctrl Pts',(-14.0705079317093,6.20454053878783,20.));
#8145=CARTESIAN_POINT('Ctrl Pts',(-14.0705079317093,6.20454053878783,22.));
#8146=CARTESIAN_POINT('',(-14.0705079317093,6.20454053878783,19.));
#8147=CARTESIAN_POINT('Origin',(-14.0705079317093,6.20454053878783,19.));
#8148=CARTESIAN_POINT('',(-14.0705079317093,4.71137504577636,19.));
#8149=CARTESIAN_POINT('Ctrl Pts',(-14.0705079317093,4.71137504577636,20.));
#8150=CARTESIAN_POINT('Ctrl Pts',(-14.0705079317093,4.71137504577636,22.));
#8151=CARTESIAN_POINT('Ctrl Pts',(-13.9402615933994,4.77157841904364,20.));
#8152=CARTESIAN_POINT('Ctrl Pts',(-13.9402615933994,4.77157841904364,22.));
#8153=CARTESIAN_POINT('Ctrl Pts',(-13.6934327402862,4.88566937752998,20.));
#8154=CARTESIAN_POINT('Ctrl Pts',(-13.6934327402862,4.88566937752998,22.));
#8155=CARTESIAN_POINT('Ctrl Pts',(-13.4296956887256,4.9515159667183,20.));
#8156=CARTESIAN_POINT('Ctrl Pts',(-13.4296956887256,4.9515159667183,22.));
#8157=CARTESIAN_POINT('Ctrl Pts',(-13.3051270723343,4.98261671066283,20.));
#8158=CARTESIAN_POINT('Ctrl Pts',(-13.3051270723343,4.98261671066283,22.));
#8159=CARTESIAN_POINT('',(-13.3051270723343,4.98261671066283,19.));
#8160=CARTESIAN_POINT('Ctrl Pts',(-13.3051270723343,4.98261671066283,20.));
#8161=CARTESIAN_POINT('Ctrl Pts',(-13.3051270723343,4.98261671066283,22.));
#8162=CARTESIAN_POINT('Ctrl Pts',(-13.1533799291423,5.00360780010047,20.));
#8163=CARTESIAN_POINT('Ctrl Pts',(-13.1533799291423,5.00360780010047,22.));
#8164=CARTESIAN_POINT('Ctrl Pts',(-12.7856285959006,5.05447861693769,20.));
#8165=CARTESIAN_POINT('Ctrl Pts',(-12.7856285959006,5.05447861693769,22.));
#8166=CARTESIAN_POINT('Ctrl Pts',(-12.4141749134311,5.0548855504917,20.));
#8167=CARTESIAN_POINT('Ctrl Pts',(-12.4141749134311,5.0548855504917,22.));
#8168=CARTESIAN_POINT('Ctrl Pts',(-12.19599609375,5.0551245689392,20.));
#8169=CARTESIAN_POINT('Ctrl Pts',(-12.19599609375,5.0551245689392,22.));
#8170=CARTESIAN_POINT('',(-12.19599609375,5.0551245689392,19.));
#8171=CARTESIAN_POINT('Origin',(-12.19599609375,5.0551245689392,19.));
#8172=CARTESIAN_POINT('',(-10.4342771053314,5.03901224136352,19.));
#8173=CARTESIAN_POINT('Ctrl Pts',(-10.4342771053314,5.03901224136352,20.));
#8174=CARTESIAN_POINT('Ctrl Pts',(-10.4342771053314,5.03901224136352,22.));
#8175=CARTESIAN_POINT('Ctrl Pts',(-10.1547399397134,5.03758612607871,20.));
#8176=CARTESIAN_POINT('Ctrl Pts',(-10.1547399397134,5.03758612607871,22.));
#8177=CARTESIAN_POINT('Ctrl Pts',(-9.69244357231909,5.03522762782966,20.));
#8178=CARTESIAN_POINT('Ctrl Pts',(-9.69244357231909,5.03522762782966,22.));
#8179=CARTESIAN_POINT('Ctrl Pts',(-9.25599021298576,5.18229016008426,20.));
#8180=CARTESIAN_POINT('Ctrl Pts',(-9.25599021298576,5.18229016008426,22.));
#8181=CARTESIAN_POINT('Ctrl Pts',(-9.08344750404357,5.24042825698852,20.));
#8182=CARTESIAN_POINT('Ctrl Pts',(-9.08344750404357,5.24042825698852,22.));
#8183=CARTESIAN_POINT('',(-9.08344750404357,5.24042825698852,19.));
#8184=CARTESIAN_POINT('Ctrl Pts',(-9.08344750404357,5.24042825698852,20.));
#8185=CARTESIAN_POINT('Ctrl Pts',(-9.08344750404357,5.24042825698852,22.));
#8186=CARTESIAN_POINT('Ctrl Pts',(-8.96375371744283,5.32500065770194,20.));
#8187=CARTESIAN_POINT('Ctrl Pts',(-8.96375371744283,5.32500065770194,22.));
#8188=CARTESIAN_POINT('Ctrl Pts',(-8.70585246529175,5.50722672524354,20.));
#8189=CARTESIAN_POINT('Ctrl Pts',(-8.70585246529175,5.50722672524354,22.));
#8190=CARTESIAN_POINT('Ctrl Pts',(-8.55653294934618,5.78638623508643,20.));
#8191=CARTESIAN_POINT('Ctrl Pts',(-8.55653294934618,5.78638623508643,22.));
#8192=CARTESIAN_POINT('Ctrl Pts',(-8.47651367187499,5.93598585128783,20.));
#8193=CARTESIAN_POINT('Ctrl Pts',(-8.47651367187499,5.93598585128783,22.));
#8194=CARTESIAN_POINT('',(-8.47651367187499,5.93598585128783,19.));
#8195=CARTESIAN_POINT('Ctrl Pts',(-8.47651367187499,5.93598585128783,20.));
#8196=CARTESIAN_POINT('Ctrl Pts',(-8.47651367187499,5.93598585128783,22.));
#8197=CARTESIAN_POINT('Ctrl Pts',(-8.40720672793491,6.14198958718731,20.));
#8198=CARTESIAN_POINT('Ctrl Pts',(-8.40720672793491,6.14198958718731,22.));
#8199=CARTESIAN_POINT('Ctrl Pts',(-8.24351784780917,6.6285284376127,20.));
#8200=CARTESIAN_POINT('Ctrl Pts',(-8.24351784780917,6.6285284376127,22.));
#8201=CARTESIAN_POINT('Ctrl Pts',(-8.23970100498959,7.14315931056444,20.));
#8202=CARTESIAN_POINT('Ctrl Pts',(-8.23970100498959,7.14315931056444,22.));
#8203=CARTESIAN_POINT('Ctrl Pts',(-8.23750023841857,7.43989210128783,20.));
#8204=CARTESIAN_POINT('Ctrl Pts',(-8.23750023841857,7.43989210128783,22.));
#8205=CARTESIAN_POINT('',(-8.23750023841857,7.43989210128783,19.));
#8206=CARTESIAN_POINT('Ctrl Pts',(-8.23750023841857,7.43989210128783,20.));
#8207=CARTESIAN_POINT('Ctrl Pts',(-8.23750023841857,7.43989210128783,22.));
#8208=CARTESIAN_POINT('Ctrl Pts',(-8.24397729007336,7.77169905776641,20.));
#8209=CARTESIAN_POINT('Ctrl Pts',(-8.24397729007336,7.77169905776641,22.));
#8210=CARTESIAN_POINT('Ctrl Pts',(-8.25548897063049,8.36142041451867,20.));
#8211=CARTESIAN_POINT('Ctrl Pts',(-8.25548897063049,8.36142041451867,22.));
#8212=CARTESIAN_POINT('Ctrl Pts',(-8.51949734002456,8.88617201674386,20.));
#8213=CARTESIAN_POINT('Ctrl Pts',(-8.51949734002456,8.88617201674386,22.));
#8214=CARTESIAN_POINT('Ctrl Pts',(-8.63496129512786,9.11567192077636,20.));
#8215=CARTESIAN_POINT('Ctrl Pts',(-8.63496129512786,9.11567192077636,22.));
#8216=CARTESIAN_POINT('',(-8.63496129512786,9.11567192077636,19.));
#8217=CARTESIAN_POINT('Ctrl Pts',(-8.63496129512786,9.11567192077636,20.));
#8218=CARTESIAN_POINT('Ctrl Pts',(-8.63496129512786,9.11567192077636,22.));
#8219=CARTESIAN_POINT('Ctrl Pts',(-8.79275164019843,9.29172535014785,20.));
#8220=CARTESIAN_POINT('Ctrl Pts',(-8.79275164019843,9.29172535014785,22.));
#8221=CARTESIAN_POINT('Ctrl Pts',(-9.12829413114063,9.66610444288516,20.));
#8222=CARTESIAN_POINT('Ctrl Pts',(-9.12829413114063,9.66610444288516,22.));
#8223=CARTESIAN_POINT('Ctrl Pts',(-9.60633191657928,9.82592891910524,20.));
#8224=CARTESIAN_POINT('Ctrl Pts',(-9.60633191657928,9.82592891910524,22.));
#8225=CARTESIAN_POINT('Ctrl Pts',(-9.85957031249999,9.91059522628783,20.));
#8226=CARTESIAN_POINT('Ctrl Pts',(-9.85957031249999,9.91059522628783,22.));
#8227=CARTESIAN_POINT('',(-9.85957031249999,9.91059522628783,19.));
#8228=CARTESIAN_POINT('Origin',(-9.85957031249999,9.91059522628783,19.));
#8229=CARTESIAN_POINT('',(-10.1066411018372,8.54096632003783,19.));
#8230=CARTESIAN_POINT('Ctrl Pts',(-8.23750023841857,27.0658681869507,20.));
#8231=CARTESIAN_POINT('Ctrl Pts',(-8.23750023841857,27.0658681869507,22.));
#8232=CARTESIAN_POINT('Ctrl Pts',(-8.26955080772942,27.4259893001071,20.));
#8233=CARTESIAN_POINT('Ctrl Pts',(-8.26955080772942,27.4259893001071,22.));
#8234=CARTESIAN_POINT('Ctrl Pts',(-8.33299529943696,28.1388534229178,20.));
#8235=CARTESIAN_POINT('Ctrl Pts',(-8.33299529943696,28.1388534229178,22.));
#8236=CARTESIAN_POINT('Ctrl Pts',(-8.80628361268661,28.6750543741228,20.));
#8237=CARTESIAN_POINT('Ctrl Pts',(-8.80628361268661,28.6750543741228,22.));
#8238=CARTESIAN_POINT('Ctrl Pts',(-9.04047851562499,28.94038002491,20.));
#8239=CARTESIAN_POINT('Ctrl Pts',(-9.04047851562499,28.94038002491,22.));
#8240=CARTESIAN_POINT('',(-9.04047851562499,28.94038002491,19.));
#8241=CARTESIAN_POINT('',(-8.23750023841857,27.0658681869507,19.));
#8242=CARTESIAN_POINT('Ctrl Pts',(-9.04047851562499,28.94038002491,20.));
#8243=CARTESIAN_POINT('Ctrl Pts',(-9.04047851562499,28.94038002491,22.));
#8244=CARTESIAN_POINT('Ctrl Pts',(-9.34870661710995,29.1562694082296,20.));
#8245=CARTESIAN_POINT('Ctrl Pts',(-9.34870661710995,29.1562694082296,22.));
#8246=CARTESIAN_POINT('Ctrl Pts',(-10.0128584097312,29.6214551594602,20.));
#8247=CARTESIAN_POINT('Ctrl Pts',(-10.0128584097312,29.6214551594602,22.));
#8248=CARTESIAN_POINT('Ctrl Pts',(-10.8257772455415,29.6606085949773,20.));
#8249=CARTESIAN_POINT('Ctrl Pts',(-10.8257772455415,29.6606085949773,22.));
#8250=CARTESIAN_POINT('Ctrl Pts',(-11.2614262580872,29.6815912008285,20.));
#8251=CARTESIAN_POINT('Ctrl Pts',(-11.2614262580872,29.6815912008285,22.));
#8252=CARTESIAN_POINT('',(-11.2614262580872,29.6815912008285,19.));
#8253=CARTESIAN_POINT('Ctrl Pts',(-11.2614262580872,29.6815912008285,20.));
#8254=CARTESIAN_POINT('Ctrl Pts',(-11.2614262580872,29.6815912008285,22.));
#8255=CARTESIAN_POINT('Ctrl Pts',(-11.6317680700845,29.6638754790781,20.));
#8256=CARTESIAN_POINT('Ctrl Pts',(-11.6317680700845,29.6638754790781,22.));
#8257=CARTESIAN_POINT('Ctrl Pts',(-12.332870187096,29.630337461978,20.));
#8258=CARTESIAN_POINT('Ctrl Pts',(-12.332870187096,29.630337461978,22.));
#8259=CARTESIAN_POINT('Ctrl Pts',(-12.9405565036231,29.2819743145395,20.));
#8260=CARTESIAN_POINT('Ctrl Pts',(-12.9405565036231,29.2819743145395,22.));
#8261=CARTESIAN_POINT('Ctrl Pts',(-13.2272458553314,29.1176263570785,20.));
#8262=CARTESIAN_POINT('Ctrl Pts',(-13.2272458553314,29.1176263570785,22.));
#8263=CARTESIAN_POINT('',(-13.2272458553314,29.1176263570785,19.));
#8264=CARTESIAN_POINT('Ctrl Pts',(-13.2272458553314,29.1176263570785,20.));
#8265=CARTESIAN_POINT('Ctrl Pts',(-13.2272458553314,29.1176263570785,22.));
#8266=CARTESIAN_POINT('Ctrl Pts',(-13.5105060247893,28.8335560293177,20.));
#8267=CARTESIAN_POINT('Ctrl Pts',(-13.5105060247893,28.8335560293177,22.));
#8268=CARTESIAN_POINT('Ctrl Pts',(-14.1141917191791,28.2281437209155,20.));
#8269=CARTESIAN_POINT('Ctrl Pts',(-14.1141917191791,28.2281437209155,22.));
#8270=CARTESIAN_POINT('Ctrl Pts',(-14.1698642966345,27.3706309135948,20.));
#8271=CARTESIAN_POINT('Ctrl Pts',(-14.1698642966345,27.3706309135948,22.));
#8272=CARTESIAN_POINT('Ctrl Pts',(-14.1994143009186,26.915478515625,20.));
#8273=CARTESIAN_POINT('Ctrl Pts',(-14.1994143009186,26.915478515625,22.));
#8274=CARTESIAN_POINT('',(-14.1994143009186,26.915478515625,19.));
#8275=CARTESIAN_POINT('Ctrl Pts',(-14.1994143009186,26.915478515625,20.));
#8276=CARTESIAN_POINT('Ctrl Pts',(-14.1994143009186,26.915478515625,22.));
#8277=CARTESIAN_POINT('Ctrl Pts',(-14.1858326217642,26.6219378487127,20.));
#8278=CARTESIAN_POINT('Ctrl Pts',(-14.1858326217642,26.6219378487127,22.));
#8279=CARTESIAN_POINT('Ctrl Pts',(-14.1601209149939,26.066231041987,20.));
#8280=CARTESIAN_POINT('Ctrl Pts',(-14.1601209149939,26.066231041987,22.));
#8281=CARTESIAN_POINT('Ctrl Pts',(-13.8930413195742,25.5794520124772,20.));
#8282=CARTESIAN_POINT('Ctrl Pts',(-13.8930413195742,25.5794520124772,22.));
#8283=CARTESIAN_POINT('Ctrl Pts',(-13.767041015625,25.3498039722443,20.));
#8284=CARTESIAN_POINT('Ctrl Pts',(-13.767041015625,25.3498039722443,22.));
#8285=CARTESIAN_POINT('',(-13.767041015625,25.3498039722443,19.));
#8286=CARTESIAN_POINT('Ctrl Pts',(-13.767041015625,25.3498039722443,20.));
#8287=CARTESIAN_POINT('Ctrl Pts',(-13.767041015625,25.3498039722443,22.));
#8288=CARTESIAN_POINT('Ctrl Pts',(-13.6015505442866,25.153544658836,20.));
#8289=CARTESIAN_POINT('Ctrl Pts',(-13.6015505442866,25.153544658836,22.));
#8290=CARTESIAN_POINT('Ctrl Pts',(-13.2574466797533,24.7454632288404,20.));
#8291=CARTESIAN_POINT('Ctrl Pts',(-13.2574466797533,24.7454632288404,22.));
#8292=CARTESIAN_POINT('Ctrl Pts',(-12.7637710949846,24.5404487550326,20.));
#8293=CARTESIAN_POINT('Ctrl Pts',(-12.7637710949846,24.5404487550326,22.));
#8294=CARTESIAN_POINT('Ctrl Pts',(-12.5075197696686,24.4340322494507,20.));
#8295=CARTESIAN_POINT('Ctrl Pts',(-12.5075197696686,24.4340322494507,22.));
#8296=CARTESIAN_POINT('',(-12.5075197696686,24.4340322494507,19.));
#8297=CARTESIAN_POINT('Origin',(-12.5075197696686,24.4340322494507,19.));
#8298=CARTESIAN_POINT('',(-12.2550780057907,25.9379384994507,19.));
#8299=CARTESIAN_POINT('Origin',(0.199999999999996,-9.20000000000002,21.));
#8300=CARTESIAN_POINT('',(-50.,-37.9,21.));
#8301=CARTESIAN_POINT('',(-50.,-37.9,21.));
#8302=CARTESIAN_POINT('',(0.199999999999996,-9.20000000000002,21.));
#8303=CARTESIAN_POINT('',(-12.7384658749361,-16.5970910480212,21.));
#8304=CARTESIAN_POINT('',(0.199999999999996,-9.20000000000002,21.));
#8305=CARTESIAN_POINT('Origin',(-50.,-37.9,21.));
#8306=CARTESIAN_POINT('',(-100.2,-9.20000000000002,21.));
#8307=CARTESIAN_POINT('',(-100.2,-9.20000000000002,21.));
#8308=CARTESIAN_POINT('',(-62.1615341250639,-30.9470910480212,21.));
#8309=CARTESIAN_POINT('Origin',(-100.2,-9.20000000000002,21.));
#8310=CARTESIAN_POINT('',(-100.2,46.3,21.));
#8311=CARTESIAN_POINT('',(-100.2,46.3,21.));
#8312=CARTESIAN_POINT('',(-100.2,4.67499999999999,21.));
#8313=CARTESIAN_POINT('Origin',(-95.5999980196357,31.3999991416931,16.));
#8314=CARTESIAN_POINT('',(-95.5999980196357,31.3999991416931,16.));
#8315=CARTESIAN_POINT('',(-81.5999980196357,31.3999991416931,16.));
#8316=CARTESIAN_POINT('Origin',(-95.5999980196357,45.3999991416931,16.));
#8317=CARTESIAN_POINT('',(-95.5999980196357,45.3999991416931,16.));
#8318=CARTESIAN_POINT('Origin',(-81.5999980196357,45.3999991416931,16.));
#8319=CARTESIAN_POINT('',(-81.5999980196357,45.3999991416931,16.));
#8320=CARTESIAN_POINT('Origin',(-81.5999980196357,31.3999991416931,16.));
#8321=CARTESIAN_POINT('Origin',(-88.5999980196357,38.3999991416931,19.));
#8322=CARTESIAN_POINT('',(-92.4999980196357,38.3999991416931,19.));
#8323=CARTESIAN_POINT('Origin',(-50.,18.55,19.));
#8324=CARTESIAN_POINT('',(-10.7296872615814,25.8520017147064,19.));
#8325=CARTESIAN_POINT('',(-9.73334972858428,26.190380859375,19.));
#8326=CARTESIAN_POINT('Ctrl Pts',(-10.7296872615814,25.8520017147064,19.));
#8327=CARTESIAN_POINT('Ctrl Pts',(-10.5308374082267,25.8644662442376,19.));
#8328=CARTESIAN_POINT('Ctrl Pts',(-10.1664466224897,25.8873073961576,19.));
#8329=CARTESIAN_POINT('Ctrl Pts',(-9.86864124101428,26.0957062777904,19.));
#8330=CARTESIAN_POINT('Ctrl Pts',(-9.73334972858428,26.190380859375,19.));
#8331=CARTESIAN_POINT('',(-9.39228539466857,26.9745598316193,19.));
#8332=CARTESIAN_POINT('Ctrl Pts',(-9.73334972858428,26.190380859375,19.));
#8333=CARTESIAN_POINT('Ctrl Pts',(-9.6338729734121,26.3032756466482,19.));
#8334=CARTESIAN_POINT('Ctrl Pts',(-9.43580170509014,26.5280639769815,19.));
#8335=CARTESIAN_POINT('Ctrl Pts',(-9.40674769436085,26.8261704852207,19.));
#8336=CARTESIAN_POINT('Ctrl Pts',(-9.39228539466857,26.9745598316193,19.));
#8337=CARTESIAN_POINT('',(-9.75214843749999,27.7909658432007,19.));
#8338=CARTESIAN_POINT('Ctrl Pts',(-9.39228539466857,26.9745598316193,19.));
#8339=CARTESIAN_POINT('Ctrl Pts',(-9.40688784632968,27.1317590717666,19.));
#8340=CARTESIAN_POINT('Ctrl Pts',(-9.43590493857251,27.4441357162998,19.));
#8341=CARTESIAN_POINT('Ctrl Pts',(-9.64718977992676,27.6758557313757,19.));
#8342=CARTESIAN_POINT('Ctrl Pts',(-9.75214843749999,27.7909658432007,19.));
#8343=CARTESIAN_POINT('',(-10.7296872615814,28.10786049366,19.));
#8344=CARTESIAN_POINT('Ctrl Pts',(-9.75214843749999,27.7909658432007,19.));
#8345=CARTESIAN_POINT('Ctrl Pts',(-9.88902302926164,27.8845660553354,19.));
#8346=CARTESIAN_POINT('Ctrl Pts',(-10.1826521844125,28.0853611836156,19.));
#8347=CARTESIAN_POINT('Ctrl Pts',(-10.5392935125397,28.1000296832257,19.));
#8348=CARTESIAN_POINT('Ctrl Pts',(-10.7296872615814,28.10786049366,19.));
#8349=CARTESIAN_POINT('',(-10.7296872615814,28.10786049366,19.));
#8350=CARTESIAN_POINT('Origin',(-50.,18.55,19.));
#8351=CARTESIAN_POINT('',(-11.3312501192093,6.52143459320067,19.));
#8352=CARTESIAN_POINT('',(-11.5622067928314,7.43989210128783,19.));
#8353=CARTESIAN_POINT('Ctrl Pts',(-11.3312501192093,6.52143459320067,19.));
#8354=CARTESIAN_POINT('Ctrl Pts',(-11.3679070408519,6.64598029879568,19.));
#8355=CARTESIAN_POINT('Ctrl Pts',(-11.4570951758564,6.94900626789177,19.));
#8356=CARTESIAN_POINT('Ctrl Pts',(-11.5232449937421,7.25793509437453,19.));
#8357=CARTESIAN_POINT('Ctrl Pts',(-11.5622067928314,7.43989210128783,19.));
#8358=CARTESIAN_POINT('',(-11.8253905057907,8.26166849136352,19.));
#8359=CARTESIAN_POINT('Ctrl Pts',(-11.5622067928314,7.43989210128783,19.));
#8360=CARTESIAN_POINT('Ctrl Pts',(-11.5983144332102,7.61590802975143,19.));
#8361=CARTESIAN_POINT('Ctrl Pts',(-11.6565694875335,7.89988719224558,19.));
#8362=CARTESIAN_POINT('Ctrl Pts',(-11.778887592952,8.1620133394563,19.));
#8363=CARTESIAN_POINT('Ctrl Pts',(-11.8253905057907,8.26166849136352,19.));
#8364=CARTESIAN_POINT('',(-12.35712890625,8.55707864761352,19.));
#8365=CARTESIAN_POINT('Ctrl Pts',(-11.8253905057907,8.26166849136352,19.));
#8366=CARTESIAN_POINT('Ctrl Pts',(-11.8979354273811,8.34779928430184,19.));
#8367=CARTESIAN_POINT('Ctrl Pts',(-12.0381749142388,8.51430216196033,19.));
#8368=CARTESIAN_POINT('Ctrl Pts',(-12.2532909268099,8.54315242643733,19.));
#8369=CARTESIAN_POINT('Ctrl Pts',(-12.35712890625,8.55707864761352,19.));
#8370=CARTESIAN_POINT('',(-12.9049802303314,8.32075099945067,19.));
#8371=CARTESIAN_POINT('Ctrl Pts',(-12.35712890625,8.55707864761352,19.));
#8372=CARTESIAN_POINT('Ctrl Pts',(-12.4596221301558,8.54677494005893,19.));
#8373=CARTESIAN_POINT('Ctrl Pts',(-12.6670550833161,8.52592157624521,19.));
#8374=CARTESIAN_POINT('Ctrl Pts',(-12.8250507041077,8.38967682424872,19.));
#8375=CARTESIAN_POINT('Ctrl Pts',(-12.9049802303314,8.32075099945067,19.));
#8376=CARTESIAN_POINT('',(-13.1359375,7.71918754577636,19.));
#8377=CARTESIAN_POINT('Ctrl Pts',(-12.9049802303314,8.32075099945067,19.));
#8378=CARTESIAN_POINT('Ctrl Pts',(-12.9723282448149,8.23498466528569,19.));
#8379=CARTESIAN_POINT('Ctrl Pts',(-13.110903109101,8.0585123786358,19.));
#8380=CARTESIAN_POINT('Ctrl Pts',(-13.127438423583,7.83438698067782,19.));
#8381=CARTESIAN_POINT('Ctrl Pts',(-13.1359375,7.71918754577636,19.));
#8382=CARTESIAN_POINT('',(-12.8673828125,6.94037895202636,19.));
#8383=CARTESIAN_POINT('Ctrl Pts',(-13.1359375,7.71918754577636,19.));
#8384=CARTESIAN_POINT('Ctrl Pts',(-13.1234325208735,7.58290312463268,19.));
#8385=CARTESIAN_POINT('Ctrl Pts',(-13.0976288156719,7.30168370065876,19.));
#8386=CARTESIAN_POINT('Ctrl Pts',(-12.9456894145729,7.06325859722521,19.));
#8387=CARTESIAN_POINT('Ctrl Pts',(-12.8673828125,6.94037895202636,19.));
#8388=CARTESIAN_POINT('',(-12.3678708553314,6.58051710128783,19.));
#8389=CARTESIAN_POINT('Ctrl Pts',(-12.8673828125,6.94037895202636,19.));
#8390=CARTESIAN_POINT('Ctrl Pts',(-12.7970115131384,6.85734561514866,19.));
#8391=CARTESIAN_POINT('Ctrl Pts',(-12.6601400230815,6.69584658577225,19.));
#8392=CARTESIAN_POINT('Ctrl Pts',(-12.4634394975232,6.61822851067699,19.));
#8393=CARTESIAN_POINT('Ctrl Pts',(-12.3678708553314,6.58051710128783,19.));
#8394=CARTESIAN_POINT('',(-11.63203125,6.52143459320067,19.));
#8395=CARTESIAN_POINT('Ctrl Pts',(-12.3678708553314,6.58051710128783,19.));
#8396=CARTESIAN_POINT('Ctrl Pts',(-12.2745373702879,6.56350001137011,19.));
#8397=CARTESIAN_POINT('Ctrl Pts',(-12.0315897545943,6.519204425283,19.));
#8398=CARTESIAN_POINT('Ctrl Pts',(-11.7843120029402,6.52058462593484,19.));
#8399=CARTESIAN_POINT('Ctrl Pts',(-11.63203125,6.52143459320067,19.));
#8400=CARTESIAN_POINT('',(-11.63203125,6.52143459320067,19.));
#8401=CARTESIAN_POINT('Origin',(-50.,18.55,19.));
#8402=CARTESIAN_POINT('',(-10.7296872615814,19.7343252182007,19.));
#8403=CARTESIAN_POINT('',(-9.73334972858428,20.0727043628693,19.));
#8404=CARTESIAN_POINT('Ctrl Pts',(-10.7296872615814,19.7343252182007,19.));
#8405=CARTESIAN_POINT('Ctrl Pts',(-10.5308374249618,19.7467898929822,19.));
#8406=CARTESIAN_POINT('Ctrl Pts',(-10.1664467345573,19.7696313070186,19.));
#8407=CARTESIAN_POINT('Ctrl Pts',(-9.86864125619116,19.9780299224159,19.));
#8408=CARTESIAN_POINT('Ctrl Pts',(-9.73334972858428,20.0727043628693,19.));
#8409=CARTESIAN_POINT('',(-9.39228539466857,20.8568833351135,19.));
#8410=CARTESIAN_POINT('Ctrl Pts',(-9.73334972858428,20.0727043628693,19.));
#8411=CARTESIAN_POINT('Ctrl Pts',(-9.63387297356784,20.1855992517541,19.));
#8412=CARTESIAN_POINT('Ctrl Pts',(-9.4358018261071,20.4103876475977,19.));
#8413=CARTESIAN_POINT('Ctrl Pts',(-9.40674772865047,20.7084941050947,19.));
#8414=CARTESIAN_POINT('Ctrl Pts',(-9.39228539466857,20.8568833351135,19.));
#8415=CARTESIAN_POINT('',(-9.75214843749999,21.6732905387878,19.));
#8416=CARTESIAN_POINT('Ctrl Pts',(-9.39228539466857,20.8568833351135,19.));
#8417=CARTESIAN_POINT('Ctrl Pts',(-9.40688780419377,21.0140828848458,19.));
#8418=CARTESIAN_POINT('Ctrl Pts',(-9.43590479284189,21.3264599307162,19.));
#8419=CARTESIAN_POINT('Ctrl Pts',(-9.6471897801916,21.5581803206015,19.));
#8420=CARTESIAN_POINT('Ctrl Pts',(-9.75214843749999,21.6732905387878,19.));
#8421=CARTESIAN_POINT('',(-10.7296872615814,21.9901845932007,19.));
#8422=CARTESIAN_POINT('Ctrl Pts',(-9.75214843749999,21.6732905387878,19.));
#8423=CARTESIAN_POINT('Ctrl Pts',(-9.88902303089665,21.7668907199192,19.));
#8424=CARTESIAN_POINT('Ctrl Pts',(-10.1826521959677,21.9676857860749,19.));
#8425=CARTESIAN_POINT('Ctrl Pts',(-10.5392935141943,21.9823539577082,19.));
#8426=CARTESIAN_POINT('Ctrl Pts',(-10.7296872615814,21.9901845932007,19.));
#8427=CARTESIAN_POINT('',(-10.7296872615814,21.9901845932007,19.));
#8428=CARTESIAN_POINT('Origin',(-50.,18.55,19.));
#8429=CARTESIAN_POINT('',(-10.63837890625,35.5790523767471,19.));
#8430=CARTESIAN_POINT('',(-12.7438474178314,35.5790523767471,19.));
#8431=CARTESIAN_POINT('',(-10.63837890625,35.5790523767471,19.));
#8432=CARTESIAN_POINT('',(-12.7438474178314,34.1073725700378,19.));
#8433=CARTESIAN_POINT('',(-12.7438474178314,35.5790523767471,19.));
#8434=CARTESIAN_POINT('',(-12.6955080509186,33.0170403003693,19.));
#8435=CARTESIAN_POINT('Ctrl Pts',(-12.7438474178314,34.1073725700378,19.));
#8436=CARTESIAN_POINT('Ctrl Pts',(-12.7455264752943,33.8729671186513,19.));
#8437=CARTESIAN_POINT('Ctrl Pts',(-12.748137250978,33.5084887930748,19.));
#8438=CARTESIAN_POINT('Ctrl Pts',(-12.7093501593217,33.1462971255326,19.));
#8439=CARTESIAN_POINT('Ctrl Pts',(-12.6955080509186,33.0170403003693,19.));
#8440=CARTESIAN_POINT('',(-12.3812985897064,32.4396477222443,19.));
#8441=CARTESIAN_POINT('Ctrl Pts',(-12.6955080509186,33.0170403003693,19.));
#8442=CARTESIAN_POINT('Ctrl Pts',(-12.6671610695186,32.9051353255573,19.));
#8443=CARTESIAN_POINT('Ctrl Pts',(-12.6115764239951,32.6857046119493,19.));
#8444=CARTESIAN_POINT('Ctrl Pts',(-12.4570297584238,32.5205681281786,19.));
#8445=CARTESIAN_POINT('Ctrl Pts',(-12.3812985897064,32.4396477222443,19.));
#8446=CARTESIAN_POINT('',(-11.71259765625,32.2167478084564,19.));
#8447=CARTESIAN_POINT('Ctrl Pts',(-12.3812985897064,32.4396477222443,19.));
#8448=CARTESIAN_POINT('Ctrl Pts',(-12.287140848817,32.3747017843739,19.));
#8449=CARTESIAN_POINT('Ctrl Pts',(-12.0864490547105,32.2362732635958,19.));
#8450=CARTESIAN_POINT('Ctrl Pts',(-11.8422348763141,32.2235184818715,19.));
#8451=CARTESIAN_POINT('Ctrl Pts',(-11.71259765625,32.2167478084564,19.));
#8452=CARTESIAN_POINT('',(-11.1110353946686,32.3886225700378,19.));
#8453=CARTESIAN_POINT('Ctrl Pts',(-11.71259765625,32.2167478084564,19.));
#8454=CARTESIAN_POINT('Ctrl Pts',(-11.6008936115097,32.2225699603967,19.));
#8455=CARTESIAN_POINT('Ctrl Pts',(-11.3868501551772,32.2337261681017,19.));
#8456=CARTESIAN_POINT('Ctrl Pts',(-11.2002523629705,32.3385186983084,19.));
#8457=CARTESIAN_POINT('Ctrl Pts',(-11.1110353946686,32.3886225700378,19.));
#8458=CARTESIAN_POINT('',(-10.7511723518372,32.8854487419128,19.));
#8459=CARTESIAN_POINT('Ctrl Pts',(-11.1110353946686,32.3886225700378,19.));
#8460=CARTESIAN_POINT('Ctrl Pts',(-11.0336593447932,32.4541178428791,19.));
#8461=CARTESIAN_POINT('Ctrl Pts',(-10.8731444546377,32.5899863259919,19.));
#8462=CARTESIAN_POINT('Ctrl Pts',(-10.7927913295365,32.7846318877562,19.));
#8463=CARTESIAN_POINT('Ctrl Pts',(-10.7511723518372,32.8854487419128,19.));
#8464=CARTESIAN_POINT('',(-10.63837890625,34.2953608512878,19.));
#8465=CARTESIAN_POINT('Ctrl Pts',(-10.7511723518372,32.8854487419128,19.));
#8466=CARTESIAN_POINT('Ctrl Pts',(-10.7187910303629,33.0566922852236,19.));
#8467=CARTESIAN_POINT('Ctrl Pts',(-10.6308497136952,33.5217561548857,19.));
#8468=CARTESIAN_POINT('Ctrl Pts',(-10.6354637976929,33.9958411280443,19.));
#8469=CARTESIAN_POINT('Ctrl Pts',(-10.63837890625,34.2953608512878,19.));
#8470=CARTESIAN_POINT('',(-10.63837890625,34.2953608512878,19.));
#8471=CARTESIAN_POINT('Origin',(-50.,18.55,19.));
#8472=CARTESIAN_POINT('',(-7.50703101158142,35.5790523767471,19.));
#8473=CARTESIAN_POINT('',(-9.3278319120407,35.5790523767471,19.));
#8474=CARTESIAN_POINT('',(-7.50703101158142,35.5790523767471,19.));
#8475=CARTESIAN_POINT('',(-9.3278319120407,34.5370600700378,19.));
#8476=CARTESIAN_POINT('',(-9.3278319120407,35.5790523767471,19.));
#8477=CARTESIAN_POINT('',(-9.3009764432907,33.3822749137878,19.));
#8478=CARTESIAN_POINT('Ctrl Pts',(-9.3278319120407,34.5370600700378,19.));
#8479=CARTESIAN_POINT('Ctrl Pts',(-9.32896624251041,34.2858618226648,19.));
#8480=CARTESIAN_POINT('Ctrl Pts',(-9.33070588081884,33.9006177462574,19.));
#8481=CARTESIAN_POINT('Ctrl Pts',(-9.30865059034888,33.5160762720932,19.));
#8482=CARTESIAN_POINT('Ctrl Pts',(-9.3009764432907,33.3822749137878,19.));
#8483=CARTESIAN_POINT('',(-9.0189940214157,32.7404294490814,19.));
#8484=CARTESIAN_POINT('Ctrl Pts',(-9.3009764432907,33.3822749137878,19.));
#8485=CARTESIAN_POINT('Ctrl Pts',(-9.27967504249464,33.2561244338406,19.));
#8486=CARTESIAN_POINT('Ctrl Pts',(-9.23944919352892,33.0179001873747,19.));
#8487=CARTESIAN_POINT('Ctrl Pts',(-9.08952608432049,32.8292029778671,19.));
#8488=CARTESIAN_POINT('Ctrl Pts',(-9.0189940214157,32.7404294490814,19.));
#8489=CARTESIAN_POINT('',(-8.40400402545928,32.5067863941193,19.));
#8490=CARTESIAN_POINT('Ctrl Pts',(-9.0189940214157,32.7404294490814,19.));
#8491=CARTESIAN_POINT('Ctrl Pts',(-8.93258376368959,32.6723137635723,19.));
#8492=CARTESIAN_POINT('Ctrl Pts',(-8.75253037303143,32.5303808443142,19.));
#8493=CARTESIAN_POINT('Ctrl Pts',(-8.52324959960068,32.514859051408,19.));
#8494=CARTESIAN_POINT('Ctrl Pts',(-8.40400402545928,32.5067863941193,19.));
#8495=CARTESIAN_POINT('',(-7.8104979276657,32.7082024097443,19.));
#8496=CARTESIAN_POINT('Ctrl Pts',(-8.40400402545928,32.5067863941193,19.));
#8497=CARTESIAN_POINT('Ctrl Pts',(-8.29010193107436,32.5133650495845,19.));
#8498=CARTESIAN_POINT('Ctrl Pts',(-8.07315986608941,32.5258949956681,19.));
#8499=CARTESIAN_POINT('Ctrl Pts',(-7.89507979603043,32.6494961434621,19.));
#8500=CARTESIAN_POINT('Ctrl Pts',(-7.8104979276657,32.7082024097443,19.));
#8501=CARTESIAN_POINT('',(-7.53388648033142,33.3070794820785,19.));
#8502=CARTESIAN_POINT('Ctrl Pts',(-7.8104979276657,32.7082024097443,19.));
#8503=CARTESIAN_POINT('Ctrl Pts',(-7.74146266068749,32.7878749087952,19.));
#8504=CARTESIAN_POINT('Ctrl Pts',(-7.59218173846946,32.9601576369476,19.));
#8505=CARTESIAN_POINT('Ctrl Pts',(-7.55426730610973,33.1857908231011,19.));
#8506=CARTESIAN_POINT('Ctrl Pts',(-7.53388648033142,33.3070794820785,19.));
#8507=CARTESIAN_POINT('',(-7.50703101158142,34.6659658432007,19.));
#8508=CARTESIAN_POINT('Ctrl Pts',(-7.53388648033142,33.3070794820785,19.));
#8509=CARTESIAN_POINT('Ctrl Pts',(-7.52623268130632,33.4596839356385,19.));
#8510=CARTESIAN_POINT('Ctrl Pts',(-7.50353232500194,33.9122925628164,19.));
#8511=CARTESIAN_POINT('Ctrl Pts',(-7.50563637601992,34.3655389445078,19.));
#8512=CARTESIAN_POINT('Ctrl Pts',(-7.50703101158142,34.6659658432007,19.));
#8513=CARTESIAN_POINT('',(-7.50703101158142,34.6659658432007,19.));
#8514=CARTESIAN_POINT('Origin',(-50.,18.55,19.));
#8515=CARTESIAN_POINT('',(-7.5285155057907,15.4052231788635,19.));
#8516=CARTESIAN_POINT('',(-9.76289038658141,15.4052231788635,19.));
#8517=CARTESIAN_POINT('',(-7.5285155057907,15.4052231788635,19.));
#8518=CARTESIAN_POINT('',(-9.76289038658141,14.535107421875,19.));
#8519=CARTESIAN_POINT('',(-9.76289038658141,15.4052231788635,19.));
#8520=CARTESIAN_POINT('',(-9.63935558795928,13.2782695770264,19.));
#8521=CARTESIAN_POINT('Ctrl Pts',(-9.76289038658141,14.535107421875,19.));
#8522=CARTESIAN_POINT('Ctrl Pts',(-9.7649976363422,14.2722630931644,19.));
#8523=CARTESIAN_POINT('Ctrl Pts',(-9.76839818175154,13.8481016615184,19.));
#8524=CARTESIAN_POINT('Ctrl Pts',(-9.67491073841535,13.4352756081623,19.));
#8525=CARTESIAN_POINT('Ctrl Pts',(-9.63935558795928,13.2782695770264,19.));
#8526=CARTESIAN_POINT('',(-9.25263648033141,12.7814434051514,19.));
#8527=CARTESIAN_POINT('Ctrl Pts',(-9.63935558795928,13.2782695770264,19.));
#8528=CARTESIAN_POINT('Ctrl Pts',(-9.59314039183169,13.1788855224704,19.));
#8529=CARTESIAN_POINT('Ctrl Pts',(-9.50228185930787,12.9834976390501,19.));
#8530=CARTESIAN_POINT('Ctrl Pts',(-9.33488628782289,12.8480135211661,19.));
#8531=CARTESIAN_POINT('Ctrl Pts',(-9.25263648033141,12.7814434051514,19.));
#8532=CARTESIAN_POINT('',(-8.64033226966857,12.6015112876892,19.));
#8533=CARTESIAN_POINT('Ctrl Pts',(-9.25263648033141,12.7814434051514,19.));
#8534=CARTESIAN_POINT('Ctrl Pts',(-9.15997840368963,12.7289715368698,19.));
#8535=CARTESIAN_POINT('Ctrl Pts',(-8.97005190240165,12.6214169801603,19.));
#8536=CARTESIAN_POINT('Ctrl Pts',(-8.75200314667501,12.6082530340549,19.));
#8537=CARTESIAN_POINT('Ctrl Pts',(-8.64033226966857,12.6015112876892,19.));
#8538=CARTESIAN_POINT('',(-7.9313475370407,12.8539536476135,19.));
#8539=CARTESIAN_POINT('Ctrl Pts',(-8.64033226966857,12.6015112876892,19.));
#8540=CARTESIAN_POINT('Ctrl Pts',(-8.50521587784811,12.6104048888507,19.));
#8541=CARTESIAN_POINT('Ctrl Pts',(-8.24450602388194,12.6275652750098,19.));
#8542=CARTESIAN_POINT('Ctrl Pts',(-8.03316043100849,12.7803511225536,19.));
#8543=CARTESIAN_POINT('Ctrl Pts',(-7.9313475370407,12.8539536476135,19.));
#8544=CARTESIAN_POINT('',(-7.5822264432907,13.4931133270264,19.));
#8545=CARTESIAN_POINT('Ctrl Pts',(-7.9313475370407,12.8539536476135,19.));
#8546=CARTESIAN_POINT('Ctrl Pts',(-7.84684681907234,12.9444297423712,19.));
#8547=CARTESIAN_POINT('Ctrl Pts',(-7.67585758805217,13.1275102917474,19.));
#8548=CARTESIAN_POINT('Ctrl Pts',(-7.61367777713296,13.3703047984583,19.));
#8549=CARTESIAN_POINT('Ctrl Pts',(-7.5822264432907,13.4931133270264,19.));
#8550=CARTESIAN_POINT('',(-7.5285155057907,14.6371577262878,19.));
#8551=CARTESIAN_POINT('Ctrl Pts',(-7.5822264432907,13.4931133270264,19.));
#8552=CARTESIAN_POINT('Ctrl Pts',(-7.56678324948944,13.6357815443825,19.));
#8553=CARTESIAN_POINT('Ctrl Pts',(-7.52564567776522,14.0158210685758,19.));
#8554=CARTESIAN_POINT('Ctrl Pts',(-7.52741216455571,14.3982770863406,19.));
#8555=CARTESIAN_POINT('Ctrl Pts',(-7.5285155057907,14.6371577262878,19.));
#8556=CARTESIAN_POINT('',(-7.5285155057907,14.6371577262878,19.));
#8557=CARTESIAN_POINT('Origin',(-50.,18.55,19.));
#8558=CARTESIAN_POINT('',(-11.094921875,2.34809379577636,19.));
#8559=CARTESIAN_POINT('',(-12.4162108182907,2.09565382003783,19.));
#8560=CARTESIAN_POINT('Ctrl Pts',(-11.094921875,2.34809379577636,19.));
#8561=CARTESIAN_POINT('Ctrl Pts',(-11.361360631293,2.34650514764978,19.));
#8562=CARTESIAN_POINT('Ctrl Pts',(-11.8191652532911,2.343775475491,19.));
#8563=CARTESIAN_POINT('Ctrl Pts',(-12.240210609446,2.16879641708347,19.));
#8564=CARTESIAN_POINT('Ctrl Pts',(-12.4162108182907,2.09565382003783,19.));
#8565=CARTESIAN_POINT('',(-13.0070311307907,1.07514600753783,19.));
#8566=CARTESIAN_POINT('Ctrl Pts',(-12.4162108182907,2.09565382003783,19.));
#8567=CARTESIAN_POINT('Ctrl Pts',(-12.5885176835964,1.96382081710107,19.));
#8568=CARTESIAN_POINT('Ctrl Pts',(-12.9271335534859,1.7047438099813,19.));
#8569=CARTESIAN_POINT('Ctrl Pts',(-12.9807149653134,1.28251900321717,19.));
#8570=CARTESIAN_POINT('Ctrl Pts',(-13.0070311307907,1.07514600753783,19.));
#8571=CARTESIAN_POINT('',(-12.5639158964157,0.188915538787833,19.));
#8572=CARTESIAN_POINT('Ctrl Pts',(-13.0070311307907,1.07514600753783,19.));
#8573=CARTESIAN_POINT('Ctrl Pts',(-12.9865751853035,0.906361357300964,19.));
#8574=CARTESIAN_POINT('Ctrl Pts',(-12.9444787498696,0.559018227385768,19.));
#8575=CARTESIAN_POINT('Ctrl Pts',(-12.693127755241,0.314575875617731,19.));
#8576=CARTESIAN_POINT('Ctrl Pts',(-12.5639158964157,0.188915538787833,19.));
#8577=CARTESIAN_POINT('',(-11.2399411678314,-0.176320266723642,19.));
#8578=CARTESIAN_POINT('Ctrl Pts',(-12.5639158964157,0.188915538787833,19.));
#8579=CARTESIAN_POINT('Ctrl Pts',(-12.3841502260028,0.0827489789112024,
19.));
#8580=CARTESIAN_POINT('Ctrl Pts',(-11.9779565893316,-0.157142102350813,
19.));
#8581=CARTESIAN_POINT('Ctrl Pts',(-11.5040916966526,-0.169456016853897,
19.));
#8582=CARTESIAN_POINT('Ctrl Pts',(-11.2399411678314,-0.176320266723642,
19.));
#8583=CARTESIAN_POINT('',(-9.82465867996215,0.178172397613516,19.));
#8584=CARTESIAN_POINT('Ctrl Pts',(-11.2399411678314,-0.176320266723642,
19.));
#8585=CARTESIAN_POINT('Ctrl Pts',(-10.9509956732516,-0.172702591167071,
19.));
#8586=CARTESIAN_POINT('Ctrl Pts',(-10.4482199965909,-0.166407704034328,
19.));
#8587=CARTESIAN_POINT('Ctrl Pts',(-10.0107250206804,0.0753521024987203,
19.));
#8588=CARTESIAN_POINT('Ctrl Pts',(-9.82465867996215,0.178172397613516,19.));
#8589=CARTESIAN_POINT('',(-9.39228539466857,1.08588676452636,19.));
#8590=CARTESIAN_POINT('Ctrl Pts',(-9.82465867996215,0.178172397613516,19.));
#8591=CARTESIAN_POINT('Ctrl Pts',(-9.69854999654861,0.304331983857415,19.));
#8592=CARTESIAN_POINT('Ctrl Pts',(-9.44710473185549,0.55587874255798,19.));
#8593=CARTESIAN_POINT('Ctrl Pts',(-9.4105210617647,0.90957945504659,19.));
#8594=CARTESIAN_POINT('Ctrl Pts',(-9.39228539466857,1.08588676452636,19.));
#8595=CARTESIAN_POINT('',(-9.81928710937499,1.98554496765136,19.));
#8596=CARTESIAN_POINT('Ctrl Pts',(-9.39228539466857,1.08588676452636,19.));
#8597=CARTESIAN_POINT('Ctrl Pts',(-9.4109230197797,1.25836147178182,19.));
#8598=CARTESIAN_POINT('Ctrl Pts',(-9.44865485908393,1.60753621370339,19.));
#8599=CARTESIAN_POINT('Ctrl Pts',(-9.6947503671875,1.85852963453324,19.));
#8600=CARTESIAN_POINT('Ctrl Pts',(-9.81928710937499,1.98554496765136,19.));
#8601=CARTESIAN_POINT('Ctrl Pts',(-9.81928710937499,1.98554496765136,19.));
#8602=CARTESIAN_POINT('Ctrl Pts',(-9.99224182967709,2.09094717144295,19.));
#8603=CARTESIAN_POINT('Ctrl Pts',(-10.3818091694895,2.32835761083271,19.));
#8604=CARTESIAN_POINT('Ctrl Pts',(-10.8400978598357,2.34104125856519,19.));
#8605=CARTESIAN_POINT('Ctrl Pts',(-11.094921875,2.34809379577636,19.));
#8606=CARTESIAN_POINT('Origin',(-81.4600037321122,-6.68790224877251,19.));
#8607=CARTESIAN_POINT('',(-93.4600037321122,-6.68790224877251,16.));
#8608=CARTESIAN_POINT('',(-81.4600037321122,-6.68790224877251,16.));
#8609=CARTESIAN_POINT('Origin',(-81.4600037321122,22.8120977512275,19.));
#8610=CARTESIAN_POINT('',(-81.4600037321122,22.8120977512275,19.));
#8611=CARTESIAN_POINT('Origin',(-93.4600037321122,22.8120977512275,19.));
#8612=CARTESIAN_POINT('',(-93.4600037321122,22.8120977512275,16.));
#8613=CARTESIAN_POINT('Origin',(-93.4600037321122,-6.68790224877251,19.));
#8614=CARTESIAN_POINT('Origin',(-62.05,6.00000000000001,19.));
#8615=CARTESIAN_POINT('',(-62.05,-7.,16.));
#8616=CARTESIAN_POINT('',(-62.05,6.00000000000001,16.));
#8617=CARTESIAN_POINT('Origin',(-62.55,6.00000000000001,19.));
#8618=CARTESIAN_POINT('',(-62.55,6.5,16.));
#8619=CARTESIAN_POINT('Origin',(-75.55,6.5,19.));
#8620=CARTESIAN_POINT('',(-75.55,6.5,16.));
#8621=CARTESIAN_POINT('Origin',(-75.55,6.00000000000001,19.));
#8622=CARTESIAN_POINT('',(-76.05,6.00000000000001,19.));
#8623=CARTESIAN_POINT('Origin',(-76.05,-7.,19.));
#8624=CARTESIAN_POINT('',(-76.05,-7.,16.));
#8625=CARTESIAN_POINT('Origin',(-75.55,-7.,19.));
#8626=CARTESIAN_POINT('',(-75.55,-7.5,16.));
#8627=CARTESIAN_POINT('Origin',(-62.55,-7.5,19.));
#8628=CARTESIAN_POINT('',(-62.55,-7.5,16.));
#8629=CARTESIAN_POINT('Origin',(-62.55,-7.,19.));
#8630=CARTESIAN_POINT('Origin',(-23.95,44.1,19.));
#8631=CARTESIAN_POINT('',(-23.95,31.1,16.));
#8632=CARTESIAN_POINT('',(-23.95,44.1,16.));
#8633=CARTESIAN_POINT('Origin',(-24.45,44.1,19.));
#8634=CARTESIAN_POINT('',(-24.45,44.6,16.));
#8635=CARTESIAN_POINT('Origin',(-37.45,44.6,19.));
#8636=CARTESIAN_POINT('',(-37.45,44.6,16.));
#8637=CARTESIAN_POINT('Origin',(-37.45,44.1,19.));
#8638=CARTESIAN_POINT('',(-37.95,44.1,19.));
#8639=CARTESIAN_POINT('Origin',(-37.95,31.1,19.));
#8640=CARTESIAN_POINT('',(-37.95,31.1,16.));
#8641=CARTESIAN_POINT('Origin',(-37.45,31.1,19.));
#8642=CARTESIAN_POINT('',(-37.45,30.6,16.));
#8643=CARTESIAN_POINT('Origin',(-24.45,30.6,19.));
#8644=CARTESIAN_POINT('',(-24.45,30.6,16.));
#8645=CARTESIAN_POINT('Origin',(-24.45,31.1,19.));
#8646=CARTESIAN_POINT('Origin',(-43.,44.1,19.));
#8647=CARTESIAN_POINT('',(-43.,31.1,16.));
#8648=CARTESIAN_POINT('',(-43.,44.1,16.));
#8649=CARTESIAN_POINT('Origin',(-43.5,44.1,19.));
#8650=CARTESIAN_POINT('',(-43.5,44.6,16.));
#8651=CARTESIAN_POINT('Origin',(-56.5,44.6,19.));
#8652=CARTESIAN_POINT('',(-56.5,44.6,16.));
#8653=CARTESIAN_POINT('Origin',(-56.5,44.1,19.));
#8654=CARTESIAN_POINT('',(-57.,44.1,19.));
#8655=CARTESIAN_POINT('Origin',(-57.,31.1,19.));
#8656=CARTESIAN_POINT('',(-57.,31.1,16.));
#8657=CARTESIAN_POINT('Origin',(-56.5,31.1,19.));
#8658=CARTESIAN_POINT('',(-56.5,30.6,16.));
#8659=CARTESIAN_POINT('Origin',(-43.5,30.6,19.));
#8660=CARTESIAN_POINT('',(-43.5,30.6,16.));
#8661=CARTESIAN_POINT('Origin',(-43.5,31.1,19.));
#8662=CARTESIAN_POINT('Origin',(-62.05,25.05,19.));
#8663=CARTESIAN_POINT('',(-62.05,12.05,16.));
#8664=CARTESIAN_POINT('',(-62.05,25.05,16.));
#8665=CARTESIAN_POINT('Origin',(-62.55,25.05,19.));
#8666=CARTESIAN_POINT('',(-62.55,25.55,16.));
#8667=CARTESIAN_POINT('Origin',(-75.55,25.55,19.));
#8668=CARTESIAN_POINT('',(-75.55,25.55,16.));
#8669=CARTESIAN_POINT('Origin',(-75.55,25.05,19.));
#8670=CARTESIAN_POINT('',(-76.05,25.05,19.));
#8671=CARTESIAN_POINT('Origin',(-76.05,12.05,19.));
#8672=CARTESIAN_POINT('',(-76.05,12.05,16.));
#8673=CARTESIAN_POINT('Origin',(-75.55,12.05,19.));
#8674=CARTESIAN_POINT('',(-75.55,11.55,16.));
#8675=CARTESIAN_POINT('Origin',(-62.55,11.55,19.));
#8676=CARTESIAN_POINT('',(-62.55,11.55,16.));
#8677=CARTESIAN_POINT('Origin',(-62.55,12.05,19.));
#8678=CARTESIAN_POINT('Origin',(-43.,6.00000000000001,19.));
#8679=CARTESIAN_POINT('',(-43.,-7.,16.));
#8680=CARTESIAN_POINT('',(-43.,6.00000000000001,16.));
#8681=CARTESIAN_POINT('Origin',(-43.5,6.00000000000001,19.));
#8682=CARTESIAN_POINT('',(-43.5,6.50000000000001,16.));
#8683=CARTESIAN_POINT('Origin',(-56.5,6.5,19.));
#8684=CARTESIAN_POINT('',(-56.5,6.5,16.));
#8685=CARTESIAN_POINT('Origin',(-56.5,6.00000000000001,19.));
#8686=CARTESIAN_POINT('',(-57.,6.00000000000001,19.));
#8687=CARTESIAN_POINT('Origin',(-57.,-7.,19.));
#8688=CARTESIAN_POINT('',(-57.,-7.,16.));
#8689=CARTESIAN_POINT('Origin',(-56.5,-7.,19.));
#8690=CARTESIAN_POINT('',(-56.5,-7.49999999999999,16.));
#8691=CARTESIAN_POINT('Origin',(-43.5,-7.5,19.));
#8692=CARTESIAN_POINT('',(-43.5,-7.5,16.));
#8693=CARTESIAN_POINT('Origin',(-43.5,-7.,19.));
#8694=CARTESIAN_POINT('Origin',(-23.95,25.05,19.));
#8695=CARTESIAN_POINT('',(-23.95,12.05,16.));
#8696=CARTESIAN_POINT('',(-23.95,25.05,16.));
#8697=CARTESIAN_POINT('Origin',(-24.45,25.05,19.));
#8698=CARTESIAN_POINT('',(-24.45,25.55,16.));
#8699=CARTESIAN_POINT('Origin',(-37.45,25.55,19.));
#8700=CARTESIAN_POINT('',(-37.45,25.55,16.));
#8701=CARTESIAN_POINT('Origin',(-37.45,25.05,19.));
#8702=CARTESIAN_POINT('',(-37.95,25.05,19.));
#8703=CARTESIAN_POINT('Origin',(-37.95,12.05,19.));
#8704=CARTESIAN_POINT('',(-37.95,12.05,16.));
#8705=CARTESIAN_POINT('Origin',(-37.45,12.05,19.));
#8706=CARTESIAN_POINT('',(-37.45,11.55,16.));
#8707=CARTESIAN_POINT('Origin',(-24.45,11.55,19.));
#8708=CARTESIAN_POINT('',(-24.45,11.55,16.));
#8709=CARTESIAN_POINT('Origin',(-24.45,12.05,19.));
#8710=CARTESIAN_POINT('Origin',(-62.05,44.1,19.));
#8711=CARTESIAN_POINT('',(-62.05,31.1,16.));
#8712=CARTESIAN_POINT('',(-62.05,44.1,16.));
#8713=CARTESIAN_POINT('Origin',(-62.55,44.1,19.));
#8714=CARTESIAN_POINT('',(-62.55,44.6,16.));
#8715=CARTESIAN_POINT('Origin',(-75.55,44.6,19.));
#8716=CARTESIAN_POINT('',(-75.55,44.6,16.));
#8717=CARTESIAN_POINT('Origin',(-75.55,44.1,19.));
#8718=CARTESIAN_POINT('',(-76.05,44.1,19.));
#8719=CARTESIAN_POINT('Origin',(-76.05,31.1,19.));
#8720=CARTESIAN_POINT('',(-76.05,31.1,16.));
#8721=CARTESIAN_POINT('Origin',(-75.55,31.1,19.));
#8722=CARTESIAN_POINT('',(-75.55,30.6,16.));
#8723=CARTESIAN_POINT('Origin',(-62.55,30.6,19.));
#8724=CARTESIAN_POINT('',(-62.55,30.6,16.));
#8725=CARTESIAN_POINT('Origin',(-62.55,31.1,19.));
#8726=CARTESIAN_POINT('Origin',(-43.,25.05,19.));
#8727=CARTESIAN_POINT('',(-43.,12.05,16.));
#8728=CARTESIAN_POINT('',(-43.,25.05,16.));
#8729=CARTESIAN_POINT('Origin',(-43.5,25.05,19.));
#8730=CARTESIAN_POINT('',(-43.5,25.55,16.));
#8731=CARTESIAN_POINT('Origin',(-56.5,25.55,19.));
#8732=CARTESIAN_POINT('',(-56.5,25.55,16.));
#8733=CARTESIAN_POINT('Origin',(-56.5,25.05,19.));
#8734=CARTESIAN_POINT('',(-57.,25.05,19.));
#8735=CARTESIAN_POINT('Origin',(-57.,12.05,19.));
#8736=CARTESIAN_POINT('',(-57.,12.05,16.));
#8737=CARTESIAN_POINT('Origin',(-56.5,12.05,19.));
#8738=CARTESIAN_POINT('',(-56.5,11.55,16.));
#8739=CARTESIAN_POINT('Origin',(-43.5,11.55,19.));
#8740=CARTESIAN_POINT('',(-43.5,11.55,16.));
#8741=CARTESIAN_POINT('Origin',(-43.5,12.05,19.));
#8742=CARTESIAN_POINT('Origin',(-23.95,6.00000000000001,19.));
#8743=CARTESIAN_POINT('',(-23.95,-7.,16.));
#8744=CARTESIAN_POINT('',(-23.95,6.00000000000001,16.));
#8745=CARTESIAN_POINT('Origin',(-24.45,6.00000000000001,19.));
#8746=CARTESIAN_POINT('',(-24.45,6.5,16.));
#8747=CARTESIAN_POINT('Origin',(-37.45,6.5,19.));
#8748=CARTESIAN_POINT('',(-37.45,6.5,16.));
#8749=CARTESIAN_POINT('Origin',(-37.45,6.00000000000001,19.));
#8750=CARTESIAN_POINT('',(-37.95,6.00000000000001,19.));
#8751=CARTESIAN_POINT('Origin',(-37.95,-7.,19.));
#8752=CARTESIAN_POINT('',(-37.95,-7.,16.));
#8753=CARTESIAN_POINT('Origin',(-37.45,-7.,19.));
#8754=CARTESIAN_POINT('',(-37.45,-7.5,16.));
#8755=CARTESIAN_POINT('Origin',(-24.45,-7.5,19.));
#8756=CARTESIAN_POINT('',(-24.45,-7.5,16.));
#8757=CARTESIAN_POINT('Origin',(-24.45,-7.,19.));
#8758=CARTESIAN_POINT('Origin',(0.199999999999997,46.3,21.));
#8759=CARTESIAN_POINT('',(0.199999999999997,46.3,21.));
#8760=CARTESIAN_POINT('',(0.199999999999996,32.425,21.));
#8761=CARTESIAN_POINT('',(0.199999999999997,46.3,21.));
#8762=CARTESIAN_POINT('Origin',(-50.,75.,21.));
#8763=CARTESIAN_POINT('',(-50.,75.,21.));
#8764=CARTESIAN_POINT('',(-37.8384658749361,68.0470910480212,21.));
#8765=CARTESIAN_POINT('',(-50.,75.,21.));
#8766=CARTESIAN_POINT('Origin',(-100.2,46.3,21.));
#8767=CARTESIAN_POINT('',(-87.2615341250639,53.6970910480212,21.));
#8768=CARTESIAN_POINT('Origin',(-50.,18.55,21.));
#8769=CARTESIAN_POINT('',(-110.2,-9.20000000000002,21.));
#8770=CARTESIAN_POINT('',(-50.,-47.9,21.));
#8771=CARTESIAN_POINT('',(-110.2,-9.20000000000001,21.));
#8772=CARTESIAN_POINT('',(10.2,-9.20000000000002,21.));
#8773=CARTESIAN_POINT('',(-50.,-47.9,21.));
#8774=CARTESIAN_POINT('',(10.2,46.3,21.));
#8775=CARTESIAN_POINT('',(10.2,46.3,21.));
#8776=CARTESIAN_POINT('',(-50.,85.,21.));
#8777=CARTESIAN_POINT('',(-50.,85.,21.));
#8778=CARTESIAN_POINT('',(-110.2,46.3,21.));
#8779=CARTESIAN_POINT('',(-110.2,46.3,21.));
#8780=CARTESIAN_POINT('',(-110.2,-9.20000000000001,21.));
#8781=CARTESIAN_POINT('',(-48.3,80.,21.));
#8782=CARTESIAN_POINT('Origin',(-50.,80.,21.));
#8783=CARTESIAN_POINT('',(-103.5,41.3,21.));
#8784=CARTESIAN_POINT('Origin',(-105.2,41.3,21.));
#8785=CARTESIAN_POINT('',(-103.5,-4.20000000000002,21.));
#8786=CARTESIAN_POINT('Origin',(-105.2,-4.20000000000001,21.));
#8787=CARTESIAN_POINT('',(-48.3,-42.9,21.));
#8788=CARTESIAN_POINT('Origin',(-50.,-42.9,21.));
#8789=CARTESIAN_POINT('',(6.9,-4.20000000000002,21.));
#8790=CARTESIAN_POINT('Origin',(5.2,-4.20000000000001,21.));
#8791=CARTESIAN_POINT('',(6.9,41.3,21.));
#8792=CARTESIAN_POINT('Origin',(5.2,41.3,21.));
#8793=CARTESIAN_POINT('Origin',(-50.,80.,19.));
#8794=CARTESIAN_POINT('',(-48.3,80.,19.));
#8795=CARTESIAN_POINT('Origin',(-105.2,41.3,19.));
#8796=CARTESIAN_POINT('',(-103.5,41.3,19.));
#8797=CARTESIAN_POINT('Origin',(-105.2,-4.20000000000001,19.));
#8798=CARTESIAN_POINT('',(-103.5,-4.20000000000001,19.));
#8799=CARTESIAN_POINT('Origin',(-50.,-42.9,19.));
#8800=CARTESIAN_POINT('',(-48.3,-42.9,19.));
#8801=CARTESIAN_POINT('Origin',(5.2,-4.20000000000001,19.));
#8802=CARTESIAN_POINT('',(6.9,-4.20000000000001,19.));
#8803=CARTESIAN_POINT('Origin',(5.2,41.3,19.));
#8804=CARTESIAN_POINT('',(6.9,41.3,19.));
#8805=CARTESIAN_POINT('Origin',(-110.2,46.3,16.));
#8806=CARTESIAN_POINT('',(-110.2,-9.20000000000001,16.));
#8807=CARTESIAN_POINT('',(-110.2,46.3,16.));
#8808=CARTESIAN_POINT('Origin',(-50.,85.,16.));
#8809=CARTESIAN_POINT('',(-50.,85.,16.));
#8810=CARTESIAN_POINT('Origin',(10.2,46.3,16.));
#8811=CARTESIAN_POINT('',(10.2,46.3,16.));
#8812=CARTESIAN_POINT('Origin',(10.2,-9.20000000000001,16.));
#8813=CARTESIAN_POINT('',(10.2,-9.20000000000001,16.));
#8814=CARTESIAN_POINT('Origin',(-50.,-47.9,16.));
#8815=CARTESIAN_POINT('',(-50.,-47.9,16.));
#8816=CARTESIAN_POINT('Origin',(-110.2,-9.20000000000001,16.));
#8817=CARTESIAN_POINT('Ctrl Pts',(-9.73334972858428,26.190380859375,19.));
#8818=CARTESIAN_POINT('Ctrl Pts',(-9.73334972858428,26.190380859375,22.));
#8819=CARTESIAN_POINT('Ctrl Pts',(-9.86864124101428,26.0957062777904,19.));
#8820=CARTESIAN_POINT('Ctrl Pts',(-9.86864124101428,26.0957062777904,22.));
#8821=CARTESIAN_POINT('Ctrl Pts',(-10.1664466224897,25.8873073961576,19.));
#8822=CARTESIAN_POINT('Ctrl Pts',(-10.1664466224897,25.8873073961576,22.));
#8823=CARTESIAN_POINT('Ctrl Pts',(-10.5308374082267,25.8644662442376,19.));
#8824=CARTESIAN_POINT('Ctrl Pts',(-10.5308374082267,25.8644662442376,22.));
#8825=CARTESIAN_POINT('Ctrl Pts',(-10.7296872615814,25.8520017147064,19.));
#8826=CARTESIAN_POINT('Ctrl Pts',(-10.7296872615814,25.8520017147064,22.));
#8827=CARTESIAN_POINT('',(-10.7296872615814,25.8520017147064,19.));
#8828=CARTESIAN_POINT('',(-9.73334972858428,26.190380859375,19.));
#8829=CARTESIAN_POINT('Ctrl Pts',(-9.39228539466857,26.9745598316193,19.));
#8830=CARTESIAN_POINT('Ctrl Pts',(-9.39228539466857,26.9745598316193,22.));
#8831=CARTESIAN_POINT('Ctrl Pts',(-9.40674769436085,26.8261704852207,19.));
#8832=CARTESIAN_POINT('Ctrl Pts',(-9.40674769436085,26.8261704852207,22.));
#8833=CARTESIAN_POINT('Ctrl Pts',(-9.43580170509014,26.5280639769815,19.));
#8834=CARTESIAN_POINT('Ctrl Pts',(-9.43580170509014,26.5280639769815,22.));
#8835=CARTESIAN_POINT('Ctrl Pts',(-9.6338729734121,26.3032756466482,19.));
#8836=CARTESIAN_POINT('Ctrl Pts',(-9.6338729734121,26.3032756466482,22.));
#8837=CARTESIAN_POINT('Ctrl Pts',(-9.73334972858428,26.190380859375,19.));
#8838=CARTESIAN_POINT('Ctrl Pts',(-9.73334972858428,26.190380859375,22.));
#8839=CARTESIAN_POINT('',(-9.39228539466857,26.9745598316193,19.));
#8840=CARTESIAN_POINT('Ctrl Pts',(-9.75214843749999,27.7909658432007,19.));
#8841=CARTESIAN_POINT('Ctrl Pts',(-9.75214843749999,27.7909658432007,22.));
#8842=CARTESIAN_POINT('Ctrl Pts',(-9.64718977992676,27.6758557313757,19.));
#8843=CARTESIAN_POINT('Ctrl Pts',(-9.64718977992676,27.6758557313757,22.));
#8844=CARTESIAN_POINT('Ctrl Pts',(-9.43590493857251,27.4441357162998,19.));
#8845=CARTESIAN_POINT('Ctrl Pts',(-9.43590493857251,27.4441357162998,22.));
#8846=CARTESIAN_POINT('Ctrl Pts',(-9.40688784632968,27.1317590717666,19.));
#8847=CARTESIAN_POINT('Ctrl Pts',(-9.40688784632968,27.1317590717666,22.));
#8848=CARTESIAN_POINT('Ctrl Pts',(-9.39228539466857,26.9745598316193,19.));
#8849=CARTESIAN_POINT('Ctrl Pts',(-9.39228539466857,26.9745598316193,22.));
#8850=CARTESIAN_POINT('',(-9.75214843749999,27.7909658432007,19.));
#8851=CARTESIAN_POINT('Ctrl Pts',(-10.7296872615814,28.10786049366,19.));
#8852=CARTESIAN_POINT('Ctrl Pts',(-10.7296872615814,28.10786049366,22.));
#8853=CARTESIAN_POINT('Ctrl Pts',(-10.5392935125397,28.1000296832257,19.));
#8854=CARTESIAN_POINT('Ctrl Pts',(-10.5392935125397,28.1000296832257,22.));
#8855=CARTESIAN_POINT('Ctrl Pts',(-10.1826521844125,28.0853611836156,19.));
#8856=CARTESIAN_POINT('Ctrl Pts',(-10.1826521844125,28.0853611836156,22.));
#8857=CARTESIAN_POINT('Ctrl Pts',(-9.88902302926164,27.8845660553354,19.));
#8858=CARTESIAN_POINT('Ctrl Pts',(-9.88902302926164,27.8845660553354,22.));
#8859=CARTESIAN_POINT('Ctrl Pts',(-9.75214843749999,27.7909658432007,19.));
#8860=CARTESIAN_POINT('Ctrl Pts',(-9.75214843749999,27.7909658432007,22.));
#8861=CARTESIAN_POINT('',(-10.7296872615814,28.10786049366,19.));
#8862=CARTESIAN_POINT('Origin',(-10.7296872615814,25.8520017147064,19.));
#8863=CARTESIAN_POINT('Ctrl Pts',(-9.07807652950286,25.0570796012878,20.));
#8864=CARTESIAN_POINT('Ctrl Pts',(-9.07807652950286,25.0570796012878,22.));
#8865=CARTESIAN_POINT('Ctrl Pts',(-8.83300261911752,25.3321544675857,20.));
#8866=CARTESIAN_POINT('Ctrl Pts',(-8.83300261911752,25.3321544675857,22.));
#8867=CARTESIAN_POINT('Ctrl Pts',(-8.32383245821477,25.9036551781792,20.));
#8868=CARTESIAN_POINT('Ctrl Pts',(-8.32383245821477,25.9036551781792,22.));
#8869=CARTESIAN_POINT('Ctrl Pts',(-8.26698556871392,26.6689337108296,20.));
#8870=CARTESIAN_POINT('Ctrl Pts',(-8.26698556871392,26.6689337108296,22.));
#8871=CARTESIAN_POINT('Ctrl Pts',(-8.23750023841857,27.0658681869507,20.));
#8872=CARTESIAN_POINT('Ctrl Pts',(-8.23750023841857,27.0658681869507,22.));
#8873=CARTESIAN_POINT('',(-9.07807652950286,25.0570796012878,19.));
#8874=CARTESIAN_POINT('Ctrl Pts',(-11.6535157442093,24.3534658432007,20.));
#8875=CARTESIAN_POINT('Ctrl Pts',(-11.6535157442093,24.3534658432007,22.));
#8876=CARTESIAN_POINT('Ctrl Pts',(-11.1350064164906,24.3571149976517,20.));
#8877=CARTESIAN_POINT('Ctrl Pts',(-11.1350064164906,24.3571149976517,22.));
#8878=CARTESIAN_POINT('Ctrl Pts',(-10.2087582423454,24.3636337283028,20.));
#8879=CARTESIAN_POINT('Ctrl Pts',(-10.2087582423454,24.3636337283028,22.));
#8880=CARTESIAN_POINT('Ctrl Pts',(-9.4236742378467,24.8451249001176,20.));
#8881=CARTESIAN_POINT('Ctrl Pts',(-9.4236742378467,24.8451249001176,22.));
#8882=CARTESIAN_POINT('Ctrl Pts',(-9.07807652950286,25.0570796012878,20.));
#8883=CARTESIAN_POINT('Ctrl Pts',(-9.07807652950286,25.0570796012878,22.));
#8884=CARTESIAN_POINT('',(-11.6535157442093,24.3534658432007,19.));
#8885=CARTESIAN_POINT('Origin',(-11.6535157442093,28.13471596241,19.));
#8886=CARTESIAN_POINT('',(-11.6535157442093,28.13471596241,19.));
#8887=CARTESIAN_POINT('Ctrl Pts',(-12.6981932401657,27.7694819450378,20.));
#8888=CARTESIAN_POINT('Ctrl Pts',(-12.6981932401657,27.7694819450378,22.));
#8889=CARTESIAN_POINT('Ctrl Pts',(-12.5540028445374,27.8720086461171,20.));
#8890=CARTESIAN_POINT('Ctrl Pts',(-12.5540028445374,27.8720086461171,22.));
#8891=CARTESIAN_POINT('Ctrl Pts',(-12.2422860640116,28.0936551229099,20.));
#8892=CARTESIAN_POINT('Ctrl Pts',(-12.2422860640116,28.0936551229099,22.));
#8893=CARTESIAN_POINT('Ctrl Pts',(-11.8593289311836,28.1203625516603,20.));
#8894=CARTESIAN_POINT('Ctrl Pts',(-11.8593289311836,28.1203625516603,22.));
#8895=CARTESIAN_POINT('Ctrl Pts',(-11.6535157442093,28.13471596241,20.));
#8896=CARTESIAN_POINT('Ctrl Pts',(-11.6535157442093,28.13471596241,22.));
#8897=CARTESIAN_POINT('',(-12.6981932401657,27.7694819450378,19.));
#8898=CARTESIAN_POINT('Ctrl Pts',(-13.0714846134186,26.8993649959564,20.));
#8899=CARTESIAN_POINT('Ctrl Pts',(-13.0714846134186,26.8993649959564,22.));
#8900=CARTESIAN_POINT('Ctrl Pts',(-13.0562717054803,27.0655486464088,20.));
#8901=CARTESIAN_POINT('Ctrl Pts',(-13.0562717054803,27.0655486464088,22.));
#8902=CARTESIAN_POINT('Ctrl Pts',(-13.026010389782,27.3961189706795,20.));
#8903=CARTESIAN_POINT('Ctrl Pts',(-13.026010389782,27.3961189706795,22.));
#8904=CARTESIAN_POINT('Ctrl Pts',(-12.8070689022012,27.6454794605419,20.));
#8905=CARTESIAN_POINT('Ctrl Pts',(-12.8070689022012,27.6454794605419,22.));
#8906=CARTESIAN_POINT('Ctrl Pts',(-12.6981932401657,27.7694819450378,20.));
#8907=CARTESIAN_POINT('Ctrl Pts',(-12.6981932401657,27.7694819450378,22.));
#8908=CARTESIAN_POINT('',(-13.0714846134186,26.8993649959564,19.));
#8909=CARTESIAN_POINT('Ctrl Pts',(-12.8781247615814,26.3031731128693,20.));
#8910=CARTESIAN_POINT('Ctrl Pts',(-12.8781247615814,26.3031731128693,22.));
#8911=CARTESIAN_POINT('Ctrl Pts',(-12.9345005402696,26.3904754738893,20.));
#8912=CARTESIAN_POINT('Ctrl Pts',(-12.9345005402696,26.3904754738893,22.));
#8913=CARTESIAN_POINT('Ctrl Pts',(-13.0515694927173,26.5717660243463,20.));
#8914=CARTESIAN_POINT('Ctrl Pts',(-13.0515694927173,26.5717660243463,22.));
#8915=CARTESIAN_POINT('Ctrl Pts',(-13.0646850104494,26.7875131536569,20.));
#8916=CARTESIAN_POINT('Ctrl Pts',(-13.0646850104494,26.7875131536569,22.));
#8917=CARTESIAN_POINT('Ctrl Pts',(-13.0714846134186,26.8993649959564,20.));
#8918=CARTESIAN_POINT('Ctrl Pts',(-13.0714846134186,26.8993649959564,22.));
#8919=CARTESIAN_POINT('',(-12.8781247615814,26.3031731128693,19.));
#8920=CARTESIAN_POINT('Ctrl Pts',(-12.2550780057907,25.9379384994507,20.));
#8921=CARTESIAN_POINT('Ctrl Pts',(-12.2550780057907,25.9379384994507,22.));
#8922=CARTESIAN_POINT('Ctrl Pts',(-12.3844335789214,25.979369878274,20.));
#8923=CARTESIAN_POINT('Ctrl Pts',(-12.3844335789214,25.979369878274,22.));
#8924=CARTESIAN_POINT('Ctrl Pts',(-12.6201686584284,26.0548736168808,20.));
#8925=CARTESIAN_POINT('Ctrl Pts',(-12.6201686584284,26.0548736168808,22.));
#8926=CARTESIAN_POINT('Ctrl Pts',(-12.7979140834856,26.2259651278647,20.));
#8927=CARTESIAN_POINT('Ctrl Pts',(-12.7979140834856,26.2259651278647,22.));
#8928=CARTESIAN_POINT('Ctrl Pts',(-12.8781247615814,26.3031731128693,20.));
#8929=CARTESIAN_POINT('Ctrl Pts',(-12.8781247615814,26.3031731128693,22.));
#8930=CARTESIAN_POINT('Ctrl Pts',(-11.5622067928314,7.43989210128783,19.));
#8931=CARTESIAN_POINT('Ctrl Pts',(-11.5622067928314,7.43989210128783,22.));
#8932=CARTESIAN_POINT('Ctrl Pts',(-11.5232449937421,7.25793509437453,19.));
#8933=CARTESIAN_POINT('Ctrl Pts',(-11.5232449937421,7.25793509437453,22.));
#8934=CARTESIAN_POINT('Ctrl Pts',(-11.4570951758564,6.94900626789177,19.));
#8935=CARTESIAN_POINT('Ctrl Pts',(-11.4570951758564,6.94900626789177,22.));
#8936=CARTESIAN_POINT('Ctrl Pts',(-11.3679070408519,6.64598029879568,19.));
#8937=CARTESIAN_POINT('Ctrl Pts',(-11.3679070408519,6.64598029879568,22.));
#8938=CARTESIAN_POINT('Ctrl Pts',(-11.3312501192093,6.52143459320067,19.));
#8939=CARTESIAN_POINT('Ctrl Pts',(-11.3312501192093,6.52143459320067,22.));
#8940=CARTESIAN_POINT('',(-11.3312501192093,6.52143459320067,19.));
#8941=CARTESIAN_POINT('',(-11.5622067928314,7.43989210128783,19.));
#8942=CARTESIAN_POINT('Ctrl Pts',(-11.8253905057907,8.26166849136352,19.));
#8943=CARTESIAN_POINT('Ctrl Pts',(-11.8253905057907,8.26166849136352,22.));
#8944=CARTESIAN_POINT('Ctrl Pts',(-11.778887592952,8.1620133394563,19.));
#8945=CARTESIAN_POINT('Ctrl Pts',(-11.778887592952,8.1620133394563,22.));
#8946=CARTESIAN_POINT('Ctrl Pts',(-11.6565694875335,7.89988719224558,19.));
#8947=CARTESIAN_POINT('Ctrl Pts',(-11.6565694875335,7.89988719224558,22.));
#8948=CARTESIAN_POINT('Ctrl Pts',(-11.5983144332102,7.61590802975143,19.));
#8949=CARTESIAN_POINT('Ctrl Pts',(-11.5983144332102,7.61590802975143,22.));
#8950=CARTESIAN_POINT('Ctrl Pts',(-11.5622067928314,7.43989210128783,19.));
#8951=CARTESIAN_POINT('Ctrl Pts',(-11.5622067928314,7.43989210128783,22.));
#8952=CARTESIAN_POINT('',(-11.8253905057907,8.26166849136352,19.));
#8953=CARTESIAN_POINT('Ctrl Pts',(-12.35712890625,8.55707864761352,19.));
#8954=CARTESIAN_POINT('Ctrl Pts',(-12.35712890625,8.55707864761352,22.));
#8955=CARTESIAN_POINT('Ctrl Pts',(-12.2532909268099,8.54315242643733,19.));
#8956=CARTESIAN_POINT('Ctrl Pts',(-12.2532909268099,8.54315242643733,22.));
#8957=CARTESIAN_POINT('Ctrl Pts',(-12.0381749142388,8.51430216196033,19.));
#8958=CARTESIAN_POINT('Ctrl Pts',(-12.0381749142388,8.51430216196033,22.));
#8959=CARTESIAN_POINT('Ctrl Pts',(-11.8979354273811,8.34779928430184,19.));
#8960=CARTESIAN_POINT('Ctrl Pts',(-11.8979354273811,8.34779928430184,22.));
#8961=CARTESIAN_POINT('Ctrl Pts',(-11.8253905057907,8.26166849136352,19.));
#8962=CARTESIAN_POINT('Ctrl Pts',(-11.8253905057907,8.26166849136352,22.));
#8963=CARTESIAN_POINT('',(-12.35712890625,8.55707864761352,19.));
#8964=CARTESIAN_POINT('Ctrl Pts',(-12.9049802303314,8.32075099945067,19.));
#8965=CARTESIAN_POINT('Ctrl Pts',(-12.9049802303314,8.32075099945067,22.));
#8966=CARTESIAN_POINT('Ctrl Pts',(-12.8250507041077,8.38967682424872,19.));
#8967=CARTESIAN_POINT('Ctrl Pts',(-12.8250507041077,8.38967682424872,22.));
#8968=CARTESIAN_POINT('Ctrl Pts',(-12.6670550833161,8.52592157624521,19.));
#8969=CARTESIAN_POINT('Ctrl Pts',(-12.6670550833161,8.52592157624521,22.));
#8970=CARTESIAN_POINT('Ctrl Pts',(-12.4596221301558,8.54677494005893,19.));
#8971=CARTESIAN_POINT('Ctrl Pts',(-12.4596221301558,8.54677494005893,22.));
#8972=CARTESIAN_POINT('Ctrl Pts',(-12.35712890625,8.55707864761352,19.));
#8973=CARTESIAN_POINT('Ctrl Pts',(-12.35712890625,8.55707864761352,22.));
#8974=CARTESIAN_POINT('',(-12.9049802303314,8.32075099945067,19.));
#8975=CARTESIAN_POINT('Ctrl Pts',(-13.1359375,7.71918754577636,19.));
#8976=CARTESIAN_POINT('Ctrl Pts',(-13.1359375,7.71918754577636,22.));
#8977=CARTESIAN_POINT('Ctrl Pts',(-13.127438423583,7.83438698067782,19.));
#8978=CARTESIAN_POINT('Ctrl Pts',(-13.127438423583,7.83438698067782,22.));
#8979=CARTESIAN_POINT('Ctrl Pts',(-13.110903109101,8.0585123786358,19.));
#8980=CARTESIAN_POINT('Ctrl Pts',(-13.110903109101,8.0585123786358,22.));
#8981=CARTESIAN_POINT('Ctrl Pts',(-12.9723282448149,8.23498466528569,19.));
#8982=CARTESIAN_POINT('Ctrl Pts',(-12.9723282448149,8.23498466528569,22.));
#8983=CARTESIAN_POINT('Ctrl Pts',(-12.9049802303314,8.32075099945067,19.));
#8984=CARTESIAN_POINT('Ctrl Pts',(-12.9049802303314,8.32075099945067,22.));
#8985=CARTESIAN_POINT('',(-13.1359375,7.71918754577636,19.));
#8986=CARTESIAN_POINT('Ctrl Pts',(-12.8673828125,6.94037895202636,19.));
#8987=CARTESIAN_POINT('Ctrl Pts',(-12.8673828125,6.94037895202636,22.));
#8988=CARTESIAN_POINT('Ctrl Pts',(-12.9456894145729,7.06325859722521,19.));
#8989=CARTESIAN_POINT('Ctrl Pts',(-12.9456894145729,7.06325859722521,22.));
#8990=CARTESIAN_POINT('Ctrl Pts',(-13.0976288156719,7.30168370065876,19.));
#8991=CARTESIAN_POINT('Ctrl Pts',(-13.0976288156719,7.30168370065876,22.));
#8992=CARTESIAN_POINT('Ctrl Pts',(-13.1234325208735,7.58290312463268,19.));
#8993=CARTESIAN_POINT('Ctrl Pts',(-13.1234325208735,7.58290312463268,22.));
#8994=CARTESIAN_POINT('Ctrl Pts',(-13.1359375,7.71918754577636,19.));
#8995=CARTESIAN_POINT('Ctrl Pts',(-13.1359375,7.71918754577636,22.));
#8996=CARTESIAN_POINT('',(-12.8673828125,6.94037895202636,19.));
#8997=CARTESIAN_POINT('Ctrl Pts',(-12.3678708553314,6.58051710128783,19.));
#8998=CARTESIAN_POINT('Ctrl Pts',(-12.3678708553314,6.58051710128783,22.));
#8999=CARTESIAN_POINT('Ctrl Pts',(-12.4634394975232,6.61822851067699,19.));
#9000=CARTESIAN_POINT('Ctrl Pts',(-12.4634394975232,6.61822851067699,22.));
#9001=CARTESIAN_POINT('Ctrl Pts',(-12.6601400230815,6.69584658577225,19.));
#9002=CARTESIAN_POINT('Ctrl Pts',(-12.6601400230815,6.69584658577225,22.));
#9003=CARTESIAN_POINT('Ctrl Pts',(-12.7970115131384,6.85734561514866,19.));
#9004=CARTESIAN_POINT('Ctrl Pts',(-12.7970115131384,6.85734561514866,22.));
#9005=CARTESIAN_POINT('Ctrl Pts',(-12.8673828125,6.94037895202636,19.));
#9006=CARTESIAN_POINT('Ctrl Pts',(-12.8673828125,6.94037895202636,22.));
#9007=CARTESIAN_POINT('',(-12.3678708553314,6.58051710128783,19.));
#9008=CARTESIAN_POINT('Ctrl Pts',(-11.63203125,6.52143459320067,19.));
#9009=CARTESIAN_POINT('Ctrl Pts',(-11.63203125,6.52143459320067,22.));
#9010=CARTESIAN_POINT('Ctrl Pts',(-11.7843120029402,6.52058462593484,19.));
#9011=CARTESIAN_POINT('Ctrl Pts',(-11.7843120029402,6.52058462593484,22.));
#9012=CARTESIAN_POINT('Ctrl Pts',(-12.0315897545943,6.519204425283,19.));
#9013=CARTESIAN_POINT('Ctrl Pts',(-12.0315897545943,6.519204425283,22.));
#9014=CARTESIAN_POINT('Ctrl Pts',(-12.2745373702879,6.56350001137011,19.));
#9015=CARTESIAN_POINT('Ctrl Pts',(-12.2745373702879,6.56350001137011,22.));
#9016=CARTESIAN_POINT('Ctrl Pts',(-12.3678708553314,6.58051710128783,19.));
#9017=CARTESIAN_POINT('Ctrl Pts',(-12.3678708553314,6.58051710128783,22.));
#9018=CARTESIAN_POINT('',(-11.63203125,6.52143459320067,19.));
#9019=CARTESIAN_POINT('Origin',(-11.3312501192093,6.52143459320067,19.));
#9020=CARTESIAN_POINT('Ctrl Pts',(-14.0114260196686,7.23041992187499,20.));
#9021=CARTESIAN_POINT('Ctrl Pts',(-14.0114260196686,7.23041992187499,22.));
#9022=CARTESIAN_POINT('Ctrl Pts',(-13.9391201459364,7.08400421365139,20.));
#9023=CARTESIAN_POINT('Ctrl Pts',(-13.9391201459364,7.08400421365139,22.));
#9024=CARTESIAN_POINT('Ctrl Pts',(-13.7899643256821,6.78197128145703,20.));
#9025=CARTESIAN_POINT('Ctrl Pts',(-13.7899643256821,6.78197128145703,22.));
#9026=CARTESIAN_POINT('Ctrl Pts',(-13.5639243490421,6.53204153779728,20.));
#9027=CARTESIAN_POINT('Ctrl Pts',(-13.5639243490421,6.53204153779728,22.));
#9028=CARTESIAN_POINT('Ctrl Pts',(-13.4474611759186,6.40326957702636,20.));
#9029=CARTESIAN_POINT('Ctrl Pts',(-13.4474611759186,6.40326957702636,22.));
#9030=CARTESIAN_POINT('',(-14.0114260196686,7.23041992187499,19.));
#9031=CARTESIAN_POINT('Ctrl Pts',(-14.1994143009186,8.17036132812499,20.));
#9032=CARTESIAN_POINT('Ctrl Pts',(-14.1994143009186,8.17036132812499,22.));
#9033=CARTESIAN_POINT('Ctrl Pts',(-14.1919279421176,8.00713496127686,20.));
#9034=CARTESIAN_POINT('Ctrl Pts',(-14.1919279421176,8.00713496127686,22.));
#9035=CARTESIAN_POINT('Ctrl Pts',(-14.1771163636861,7.68419557259553,20.));
#9036=CARTESIAN_POINT('Ctrl Pts',(-14.1771163636861,7.68419557259553,22.));
#9037=CARTESIAN_POINT('Ctrl Pts',(-14.06625410082,7.38057742411069,20.));
#9038=CARTESIAN_POINT('Ctrl Pts',(-14.06625410082,7.38057742411069,22.));
#9039=CARTESIAN_POINT('Ctrl Pts',(-14.0114260196686,7.23041992187499,20.));
#9040=CARTESIAN_POINT('Ctrl Pts',(-14.0114260196686,7.23041992187499,22.));
#9041=CARTESIAN_POINT('',(-14.1994143009186,8.17036132812499,19.));
#9042=CARTESIAN_POINT('Ctrl Pts',(-13.7213868379593,9.55878715515136,20.));
#9043=CARTESIAN_POINT('Ctrl Pts',(-13.7213868379593,9.55878715515136,22.));
#9044=CARTESIAN_POINT('Ctrl Pts',(-13.8606548866981,9.36557596217094,20.));
#9045=CARTESIAN_POINT('Ctrl Pts',(-13.8606548866981,9.36557596217094,22.));
#9046=CARTESIAN_POINT('Ctrl Pts',(-14.158464152872,8.95241526868002,20.));
#9047=CARTESIAN_POINT('Ctrl Pts',(-14.158464152872,8.95241526868002,22.));
#9048=CARTESIAN_POINT('Ctrl Pts',(-14.1851877654844,8.44205553748559,20.));
#9049=CARTESIAN_POINT('Ctrl Pts',(-14.1851877654844,8.44205553748559,22.));
#9050=CARTESIAN_POINT('Ctrl Pts',(-14.1994143009186,8.17036132812499,20.));
#9051=CARTESIAN_POINT('Ctrl Pts',(-14.1994143009186,8.17036132812499,22.));
#9052=CARTESIAN_POINT('',(-13.7213868379593,9.55878715515136,19.));
#9053=CARTESIAN_POINT('Ctrl Pts',(-12.5128907442093,10.0663564682007,20.));
#9054=CARTESIAN_POINT('Ctrl Pts',(-12.5128907442093,10.0663564682007,22.));
#9055=CARTESIAN_POINT('Ctrl Pts',(-12.744778811997,10.0463462147931,20.));
#9056=CARTESIAN_POINT('Ctrl Pts',(-12.744778811997,10.0463462147931,22.));
#9057=CARTESIAN_POINT('Ctrl Pts',(-13.2025158866575,10.0068468350045,20.));
#9058=CARTESIAN_POINT('Ctrl Pts',(-13.2025158866575,10.0068468350045,22.));
#9059=CARTESIAN_POINT('Ctrl Pts',(-13.5499578223424,9.70682093823776,20.));
#9060=CARTESIAN_POINT('Ctrl Pts',(-13.5499578223424,9.70682093823776,22.));
#9061=CARTESIAN_POINT('Ctrl Pts',(-13.7213868379593,9.55878715515136,20.));
#9062=CARTESIAN_POINT('Ctrl Pts',(-13.7213868379593,9.55878715515136,22.));
#9063=CARTESIAN_POINT('',(-12.5128907442093,10.0663564682007,19.));
#9064=CARTESIAN_POINT('Ctrl Pts',(-11.6508299589157,9.83540039062499,20.));
#9065=CARTESIAN_POINT('Ctrl Pts',(-11.6508299589157,9.83540039062499,22.));
#9066=CARTESIAN_POINT('Ctrl Pts',(-11.7831704013435,9.90275284319902,20.));
#9067=CARTESIAN_POINT('Ctrl Pts',(-11.7831704013435,9.90275284319902,22.));
#9068=CARTESIAN_POINT('Ctrl Pts',(-12.0540120086408,10.040593144893,20.));
#9069=CARTESIAN_POINT('Ctrl Pts',(-12.0540120086408,10.040593144893,22.));
#9070=CARTESIAN_POINT('Ctrl Pts',(-12.3576290815356,10.0576394453737,20.));
#9071=CARTESIAN_POINT('Ctrl Pts',(-12.3576290815356,10.0576394453737,22.));
#9072=CARTESIAN_POINT('Ctrl Pts',(-12.5128907442093,10.0663564682007,20.));
#9073=CARTESIAN_POINT('Ctrl Pts',(-12.5128907442093,10.0663564682007,22.));
#9074=CARTESIAN_POINT('',(-11.6508299589157,9.83540039062499,19.));
#9075=CARTESIAN_POINT('Ctrl Pts',(-11.0707521915436,9.18818216323852,20.));
#9076=CARTESIAN_POINT('Ctrl Pts',(-11.0707521915436,9.18818216323852,22.));
#9077=CARTESIAN_POINT('Ctrl Pts',(-11.1445623413595,9.3187764897766,20.));
#9078=CARTESIAN_POINT('Ctrl Pts',(-11.1445623413595,9.3187764897766,22.));
#9079=CARTESIAN_POINT('Ctrl Pts',(-11.2905636376562,9.57710059575792,20.));
#9080=CARTESIAN_POINT('Ctrl Pts',(-11.2905636376562,9.57710059575792,22.));
#9081=CARTESIAN_POINT('Ctrl Pts',(-11.531632252345,9.74993932657607,20.));
#9082=CARTESIAN_POINT('Ctrl Pts',(-11.531632252345,9.74993932657607,22.));
#9083=CARTESIAN_POINT('Ctrl Pts',(-11.6508299589157,9.83540039062499,20.));
#9084=CARTESIAN_POINT('Ctrl Pts',(-11.6508299589157,9.83540039062499,22.));
#9085=CARTESIAN_POINT('',(-11.0707521915436,9.18818216323852,19.));
#9086=CARTESIAN_POINT('Ctrl Pts',(-10.7189453125,7.98774223327636,20.));
#9087=CARTESIAN_POINT('Ctrl Pts',(-10.7189453125,7.98774223327636,22.));
#9088=CARTESIAN_POINT('Ctrl Pts',(-10.7653516187245,8.22088600616974,20.));
#9089=CARTESIAN_POINT('Ctrl Pts',(-10.7653516187245,8.22088600616974,22.));
#9090=CARTESIAN_POINT('Ctrl Pts',(-10.8471335977037,8.63175600822643,20.));
#9091=CARTESIAN_POINT('Ctrl Pts',(-10.8471335977037,8.63175600822643,22.));
#9092=CARTESIAN_POINT('Ctrl Pts',(-11.0032307101851,9.02016966656799,20.));
#9093=CARTESIAN_POINT('Ctrl Pts',(-11.0032307101851,9.02016966656799,22.));
#9094=CARTESIAN_POINT('Ctrl Pts',(-11.0707521915436,9.18818216323852,20.));
#9095=CARTESIAN_POINT('Ctrl Pts',(-11.0707521915436,9.18818216323852,22.));
#9096=CARTESIAN_POINT('',(-10.7189453125,7.98774223327636,19.));
#9097=CARTESIAN_POINT('Ctrl Pts',(-10.3483403205872,6.52143459320067,20.));
#9098=CARTESIAN_POINT('Ctrl Pts',(-10.3483403205872,6.52143459320067,22.));
#9099=CARTESIAN_POINT('Ctrl Pts',(-10.4113743731297,6.71073890066356,20.));
#9100=CARTESIAN_POINT('Ctrl Pts',(-10.4113743731297,6.71073890066356,22.));
#9101=CARTESIAN_POINT('Ctrl Pts',(-10.5709651196772,7.19002294688985,20.));
#9102=CARTESIAN_POINT('Ctrl Pts',(-10.5709651196772,7.19002294688985,22.));
#9103=CARTESIAN_POINT('Ctrl Pts',(-10.6631630717469,7.68703598038031,20.));
#9104=CARTESIAN_POINT('Ctrl Pts',(-10.6631630717469,7.68703598038031,22.));
#9105=CARTESIAN_POINT('Ctrl Pts',(-10.7189453125,7.98774223327636,20.));
#9106=CARTESIAN_POINT('Ctrl Pts',(-10.7189453125,7.98774223327636,22.));
#9107=CARTESIAN_POINT('',(-10.3483403205872,6.52143459320067,19.));
#9108=CARTESIAN_POINT('Origin',(-10.1979494571686,6.52143459320067,19.));
#9109=CARTESIAN_POINT('',(-10.1979494571686,6.52143459320067,19.));
#9110=CARTESIAN_POINT('Ctrl Pts',(-9.57758789062499,6.73627834320067,20.));
#9111=CARTESIAN_POINT('Ctrl Pts',(-9.57758789062499,6.73627834320067,22.));
#9112=CARTESIAN_POINT('Ctrl Pts',(-9.65688719718836,6.6738473805563,20.));
#9113=CARTESIAN_POINT('Ctrl Pts',(-9.65688719718836,6.6738473805563,22.));
#9114=CARTESIAN_POINT('Ctrl Pts',(-9.83720349919577,6.53188749713915,20.));
#9115=CARTESIAN_POINT('Ctrl Pts',(-9.83720349919577,6.53188749713915,22.));
#9116=CARTESIAN_POINT('Ctrl Pts',(-10.068418139251,6.52518786719666,20.));
#9117=CARTESIAN_POINT('Ctrl Pts',(-10.068418139251,6.52518786719666,22.));
#9118=CARTESIAN_POINT('Ctrl Pts',(-10.1979494571686,6.52143459320067,20.));
#9119=CARTESIAN_POINT('Ctrl Pts',(-10.1979494571686,6.52143459320067,22.));
#9120=CARTESIAN_POINT('',(-9.57758789062499,6.73627834320067,19.));
#9121=CARTESIAN_POINT('Ctrl Pts',(-9.39228539466857,7.54731397628783,20.));
#9122=CARTESIAN_POINT('Ctrl Pts',(-9.39228539466857,7.54731397628783,22.));
#9123=CARTESIAN_POINT('Ctrl Pts',(-9.39187956669601,7.37620171864726,20.));
#9124=CARTESIAN_POINT('Ctrl Pts',(-9.39187956669601,7.37620171864726,22.));
#9125=CARTESIAN_POINT('Ctrl Pts',(-9.39119950549044,7.08946246929829,20.));
#9126=CARTESIAN_POINT('Ctrl Pts',(-9.39119950549044,7.08946246929829,22.));
#9127=CARTESIAN_POINT('Ctrl Pts',(-9.5240259212961,6.83777199215221,20.));
#9128=CARTESIAN_POINT('Ctrl Pts',(-9.5240259212961,6.83777199215221,22.));
#9129=CARTESIAN_POINT('Ctrl Pts',(-9.57758789062499,6.73627834320067,20.));
#9130=CARTESIAN_POINT('Ctrl Pts',(-9.57758789062499,6.73627834320067,22.));
#9131=CARTESIAN_POINT('',(-9.39228539466857,7.54731397628783,19.));
#9132=CARTESIAN_POINT('Ctrl Pts',(-9.55073242187499,8.17573051452636,20.));
#9133=CARTESIAN_POINT('Ctrl Pts',(-9.55073242187499,8.17573051452636,22.));
#9134=CARTESIAN_POINT('Ctrl Pts',(-9.50463972452404,8.08750560706205,20.));
#9135=CARTESIAN_POINT('Ctrl Pts',(-9.50463972452404,8.08750560706205,22.));
#9136=CARTESIAN_POINT('Ctrl Pts',(-9.40216967407326,7.89137018348187,20.));
#9137=CARTESIAN_POINT('Ctrl Pts',(-9.40216967407326,7.89137018348187,22.));
#9138=CARTESIAN_POINT('Ctrl Pts',(-9.39579347536539,7.66942474326039,20.));
#9139=CARTESIAN_POINT('Ctrl Pts',(-9.39579347536539,7.66942474326039,22.));
#9140=CARTESIAN_POINT('Ctrl Pts',(-9.39228539466857,7.54731397628783,20.));
#9141=CARTESIAN_POINT('Ctrl Pts',(-9.39228539466857,7.54731397628783,22.));
#9142=CARTESIAN_POINT('',(-9.55073242187499,8.17573051452636,19.));
#9143=CARTESIAN_POINT('Ctrl Pts',(-10.1066411018372,8.54096632003783,20.));
#9144=CARTESIAN_POINT('Ctrl Pts',(-10.1066411018372,8.54096632003783,22.));
#9145=CARTESIAN_POINT('Ctrl Pts',(-9.98809986506162,8.49601060130392,20.));
#9146=CARTESIAN_POINT('Ctrl Pts',(-9.98809986506162,8.49601060130392,22.));
#9147=CARTESIAN_POINT('Ctrl Pts',(-9.77490420525142,8.41515802731005,20.));
#9148=CARTESIAN_POINT('Ctrl Pts',(-9.77490420525142,8.41515802731005,22.));
#9149=CARTESIAN_POINT('Ctrl Pts',(-9.6196583439344,8.24934710371723,20.));
#9150=CARTESIAN_POINT('Ctrl Pts',(-9.6196583439344,8.24934710371723,22.));
#9151=CARTESIAN_POINT('Ctrl Pts',(-9.55073242187499,8.17573051452636,20.));
#9152=CARTESIAN_POINT('Ctrl Pts',(-9.55073242187499,8.17573051452636,22.));
#9153=CARTESIAN_POINT('Ctrl Pts',(-9.73334972858428,20.0727043628693,19.));
#9154=CARTESIAN_POINT('Ctrl Pts',(-9.73334972858428,20.0727043628693,22.));
#9155=CARTESIAN_POINT('Ctrl Pts',(-9.86864125619116,19.9780299224159,19.));
#9156=CARTESIAN_POINT('Ctrl Pts',(-9.86864125619116,19.9780299224159,22.));
#9157=CARTESIAN_POINT('Ctrl Pts',(-10.1664467345573,19.7696313070186,19.));
#9158=CARTESIAN_POINT('Ctrl Pts',(-10.1664467345573,19.7696313070186,22.));
#9159=CARTESIAN_POINT('Ctrl Pts',(-10.5308374249618,19.7467898929822,19.));
#9160=CARTESIAN_POINT('Ctrl Pts',(-10.5308374249618,19.7467898929822,22.));
#9161=CARTESIAN_POINT('Ctrl Pts',(-10.7296872615814,19.7343252182007,19.));
#9162=CARTESIAN_POINT('Ctrl Pts',(-10.7296872615814,19.7343252182007,22.));
#9163=CARTESIAN_POINT('',(-10.7296872615814,19.7343252182007,19.));
#9164=CARTESIAN_POINT('',(-9.73334972858428,20.0727043628693,19.));
#9165=CARTESIAN_POINT('Ctrl Pts',(-9.39228539466857,20.8568833351135,19.));
#9166=CARTESIAN_POINT('Ctrl Pts',(-9.39228539466857,20.8568833351135,22.));
#9167=CARTESIAN_POINT('Ctrl Pts',(-9.40674772865047,20.7084941050947,19.));
#9168=CARTESIAN_POINT('Ctrl Pts',(-9.40674772865047,20.7084941050947,22.));
#9169=CARTESIAN_POINT('Ctrl Pts',(-9.4358018261071,20.4103876475977,19.));
#9170=CARTESIAN_POINT('Ctrl Pts',(-9.4358018261071,20.4103876475977,22.));
#9171=CARTESIAN_POINT('Ctrl Pts',(-9.63387297356784,20.1855992517541,19.));
#9172=CARTESIAN_POINT('Ctrl Pts',(-9.63387297356784,20.1855992517541,22.));
#9173=CARTESIAN_POINT('Ctrl Pts',(-9.73334972858428,20.0727043628693,19.));
#9174=CARTESIAN_POINT('Ctrl Pts',(-9.73334972858428,20.0727043628693,22.));
#9175=CARTESIAN_POINT('',(-9.39228539466857,20.8568833351135,19.));
#9176=CARTESIAN_POINT('Ctrl Pts',(-9.75214843749999,21.6732905387878,19.));
#9177=CARTESIAN_POINT('Ctrl Pts',(-9.75214843749999,21.6732905387878,22.));
#9178=CARTESIAN_POINT('Ctrl Pts',(-9.6471897801916,21.5581803206015,19.));
#9179=CARTESIAN_POINT('Ctrl Pts',(-9.6471897801916,21.5581803206015,22.));
#9180=CARTESIAN_POINT('Ctrl Pts',(-9.43590479284189,21.3264599307162,19.));
#9181=CARTESIAN_POINT('Ctrl Pts',(-9.43590479284189,21.3264599307162,22.));
#9182=CARTESIAN_POINT('Ctrl Pts',(-9.40688780419377,21.0140828848458,19.));
#9183=CARTESIAN_POINT('Ctrl Pts',(-9.40688780419377,21.0140828848458,22.));
#9184=CARTESIAN_POINT('Ctrl Pts',(-9.39228539466857,20.8568833351135,19.));
#9185=CARTESIAN_POINT('Ctrl Pts',(-9.39228539466857,20.8568833351135,22.));
#9186=CARTESIAN_POINT('',(-9.75214843749999,21.6732905387878,19.));
#9187=CARTESIAN_POINT('Ctrl Pts',(-10.7296872615814,21.9901845932007,19.));
#9188=CARTESIAN_POINT('Ctrl Pts',(-10.7296872615814,21.9901845932007,22.));
#9189=CARTESIAN_POINT('Ctrl Pts',(-10.5392935141943,21.9823539577082,19.));
#9190=CARTESIAN_POINT('Ctrl Pts',(-10.5392935141943,21.9823539577082,22.));
#9191=CARTESIAN_POINT('Ctrl Pts',(-10.1826521959677,21.9676857860749,19.));
#9192=CARTESIAN_POINT('Ctrl Pts',(-10.1826521959677,21.9676857860749,22.));
#9193=CARTESIAN_POINT('Ctrl Pts',(-9.88902303089665,21.7668907199192,19.));
#9194=CARTESIAN_POINT('Ctrl Pts',(-9.88902303089665,21.7668907199192,22.));
#9195=CARTESIAN_POINT('Ctrl Pts',(-9.75214843749999,21.6732905387878,19.));
#9196=CARTESIAN_POINT('Ctrl Pts',(-9.75214843749999,21.6732905387878,22.));
#9197=CARTESIAN_POINT('',(-10.7296872615814,21.9901845932007,19.));
#9198=CARTESIAN_POINT('Origin',(-10.7296872615814,19.7343252182007,19.));
#9199=CARTESIAN_POINT('Ctrl Pts',(-9.07807652950286,18.9394031047821,20.));
#9200=CARTESIAN_POINT('Ctrl Pts',(-9.07807652950286,18.9394031047821,22.));
#9201=CARTESIAN_POINT('Ctrl Pts',(-8.83300262162214,19.2144779760151,20.));
#9202=CARTESIAN_POINT('Ctrl Pts',(-8.83300262162214,19.2144779760151,22.));
#9203=CARTESIAN_POINT('Ctrl Pts',(-8.32383219854338,19.7859789969732,20.));
#9204=CARTESIAN_POINT('Ctrl Pts',(-8.32383219854338,19.7859789969732,22.));
#9205=CARTESIAN_POINT('Ctrl Pts',(-8.26698548948852,20.5512579795968,20.));
#9206=CARTESIAN_POINT('Ctrl Pts',(-8.26698548948852,20.5512579795968,22.));
#9207=CARTESIAN_POINT('Ctrl Pts',(-8.23750023841857,20.9481928825378,20.));
#9208=CARTESIAN_POINT('Ctrl Pts',(-8.23750023841857,20.9481928825378,22.));
#9209=CARTESIAN_POINT('',(-9.07807652950286,18.9394031047821,19.));
#9210=CARTESIAN_POINT('Ctrl Pts',(-11.6535157442093,18.2357905387878,20.));
#9211=CARTESIAN_POINT('Ctrl Pts',(-11.6535157442093,18.2357905387878,22.));
#9212=CARTESIAN_POINT('Ctrl Pts',(-11.1350065029782,18.2394400973212,20.));
#9213=CARTESIAN_POINT('Ctrl Pts',(-11.1350065029782,18.2394400973212,22.));
#9214=CARTESIAN_POINT('Ctrl Pts',(-10.2087587777756,18.2459595477392,20.));
#9215=CARTESIAN_POINT('Ctrl Pts',(-10.2087587777756,18.2459595477392,22.));
#9216=CARTESIAN_POINT('Ctrl Pts',(-9.42367430449757,18.7274491709828,20.));
#9217=CARTESIAN_POINT('Ctrl Pts',(-9.42367430449757,18.7274491709828,22.));
#9218=CARTESIAN_POINT('Ctrl Pts',(-9.07807652950286,18.9394031047821,20.));
#9219=CARTESIAN_POINT('Ctrl Pts',(-9.07807652950286,18.9394031047821,22.));
#9220=CARTESIAN_POINT('',(-11.6535157442093,18.2357905387878,19.));
#9221=CARTESIAN_POINT('Origin',(-11.6535157442093,22.0170400619507,19.));
#9222=CARTESIAN_POINT('',(-11.6535157442093,22.0170400619507,19.));
#9223=CARTESIAN_POINT('Ctrl Pts',(-12.6981932401657,21.6518054485321,20.));
#9224=CARTESIAN_POINT('Ctrl Pts',(-12.6981932401657,21.6518054485321,22.));
#9225=CARTESIAN_POINT('Ctrl Pts',(-12.5540028297926,21.754332038708,20.));
#9226=CARTESIAN_POINT('Ctrl Pts',(-12.5540028297926,21.754332038708,22.));
#9227=CARTESIAN_POINT('Ctrl Pts',(-12.242285959045,21.975978317232,20.));
#9228=CARTESIAN_POINT('Ctrl Pts',(-12.242285959045,21.975978317232,22.));
#9229=CARTESIAN_POINT('Ctrl Pts',(-11.8593289160576,22.0026863332646,20.));
#9230=CARTESIAN_POINT('Ctrl Pts',(-11.8593289160576,22.0026863332646,22.));
#9231=CARTESIAN_POINT('Ctrl Pts',(-11.6535157442093,22.0170400619507,20.));
#9232=CARTESIAN_POINT('Ctrl Pts',(-11.6535157442093,22.0170400619507,22.));
#9233=CARTESIAN_POINT('',(-12.6981932401657,21.6518054485321,19.));
#9234=CARTESIAN_POINT('Ctrl Pts',(-13.0714846134186,20.7816884994507,20.));
#9235=CARTESIAN_POINT('Ctrl Pts',(-13.0714846134186,20.7816884994507,22.));
#9236=CARTESIAN_POINT('Ctrl Pts',(-13.0562716705748,20.9478720332566,20.));
#9237=CARTESIAN_POINT('Ctrl Pts',(-13.0562716705748,20.9478720332566,22.));
#9238=CARTESIAN_POINT('Ctrl Pts',(-13.0260102688297,21.2784423069745,20.));
#9239=CARTESIAN_POINT('Ctrl Pts',(-13.0260102688297,21.2784423069745,22.));
#9240=CARTESIAN_POINT('Ctrl Pts',(-12.8070689023863,21.5278028625422,20.));
#9241=CARTESIAN_POINT('Ctrl Pts',(-12.8070689023863,21.5278028625422,22.));
#9242=CARTESIAN_POINT('Ctrl Pts',(-12.6981932401657,21.6518054485321,20.));
#9243=CARTESIAN_POINT('Ctrl Pts',(-12.6981932401657,21.6518054485321,22.));
#9244=CARTESIAN_POINT('',(-13.0714846134186,20.7816884994507,19.));
#9245=CARTESIAN_POINT('Ctrl Pts',(-12.8781247615814,20.1854966163635,20.));
#9246=CARTESIAN_POINT('Ctrl Pts',(-12.8781247615814,20.1854966163635,22.));
#9247=CARTESIAN_POINT('Ctrl Pts',(-12.9345005402696,20.2727989773836,20.));
#9248=CARTESIAN_POINT('Ctrl Pts',(-12.9345005402696,20.2727989773836,22.));
#9249=CARTESIAN_POINT('Ctrl Pts',(-13.0515694927173,20.4540895278405,20.));
#9250=CARTESIAN_POINT('Ctrl Pts',(-13.0515694927173,20.4540895278405,22.));
#9251=CARTESIAN_POINT('Ctrl Pts',(-13.0646850104494,20.6698366571511,20.));
#9252=CARTESIAN_POINT('Ctrl Pts',(-13.0646850104494,20.6698366571511,22.));
#9253=CARTESIAN_POINT('Ctrl Pts',(-13.0714846134186,20.7816884994507,20.));
#9254=CARTESIAN_POINT('Ctrl Pts',(-13.0714846134186,20.7816884994507,22.));
#9255=CARTESIAN_POINT('',(-12.8781247615814,20.1854966163635,19.));
#9256=CARTESIAN_POINT('Ctrl Pts',(-12.2550780057907,19.8202631950378,20.));
#9257=CARTESIAN_POINT('Ctrl Pts',(-12.2550780057907,19.8202631950378,22.));
#9258=CARTESIAN_POINT('Ctrl Pts',(-12.3844335857858,19.8616942347453,20.));
#9259=CARTESIAN_POINT('Ctrl Pts',(-12.3844335857858,19.8616942347453,22.));
#9260=CARTESIAN_POINT('Ctrl Pts',(-12.6201687064982,19.937197364545,20.));
#9261=CARTESIAN_POINT('Ctrl Pts',(-12.6201687064982,19.937197364545,22.));
#9262=CARTESIAN_POINT('Ctrl Pts',(-12.7979140902517,20.1082886994081,20.));
#9263=CARTESIAN_POINT('Ctrl Pts',(-12.7979140902517,20.1082886994081,22.));
#9264=CARTESIAN_POINT('Ctrl Pts',(-12.8781247615814,20.1854966163635,20.));
#9265=CARTESIAN_POINT('Ctrl Pts',(-12.8781247615814,20.1854966163635,22.));
#9266=CARTESIAN_POINT('Origin',(-9.3278319120407,35.5790523767471,19.));
#9267=CARTESIAN_POINT('',(-7.50703101158142,35.5790523767471,19.));
#9268=CARTESIAN_POINT('',(-9.3278319120407,35.5790523767471,19.));
#9269=CARTESIAN_POINT('Origin',(-9.3278319120407,34.5370600700378,19.));
#9270=CARTESIAN_POINT('',(-9.3278319120407,34.5370600700378,19.));
#9271=CARTESIAN_POINT('Ctrl Pts',(-9.3009764432907,33.3822749137878,19.));
#9272=CARTESIAN_POINT('Ctrl Pts',(-9.3009764432907,33.3822749137878,22.));
#9273=CARTESIAN_POINT('Ctrl Pts',(-9.30865059034888,33.5160762720932,19.));
#9274=CARTESIAN_POINT('Ctrl Pts',(-9.30865059034888,33.5160762720932,22.));
#9275=CARTESIAN_POINT('Ctrl Pts',(-9.33070588081884,33.9006177462574,19.));
#9276=CARTESIAN_POINT('Ctrl Pts',(-9.33070588081884,33.9006177462574,22.));
#9277=CARTESIAN_POINT('Ctrl Pts',(-9.32896624251041,34.2858618226648,19.));
#9278=CARTESIAN_POINT('Ctrl Pts',(-9.32896624251041,34.2858618226648,22.));
#9279=CARTESIAN_POINT('Ctrl Pts',(-9.3278319120407,34.5370600700378,19.));
#9280=CARTESIAN_POINT('Ctrl Pts',(-9.3278319120407,34.5370600700378,22.));
#9281=CARTESIAN_POINT('',(-9.3009764432907,33.3822749137878,19.));
#9282=CARTESIAN_POINT('Ctrl Pts',(-9.0189940214157,32.7404294490814,19.));
#9283=CARTESIAN_POINT('Ctrl Pts',(-9.0189940214157,32.7404294490814,22.));
#9284=CARTESIAN_POINT('Ctrl Pts',(-9.08952608432049,32.8292029778671,19.));
#9285=CARTESIAN_POINT('Ctrl Pts',(-9.08952608432049,32.8292029778671,22.));
#9286=CARTESIAN_POINT('Ctrl Pts',(-9.23944919352892,33.0179001873747,19.));
#9287=CARTESIAN_POINT('Ctrl Pts',(-9.23944919352892,33.0179001873747,22.));
#9288=CARTESIAN_POINT('Ctrl Pts',(-9.27967504249464,33.2561244338406,19.));
#9289=CARTESIAN_POINT('Ctrl Pts',(-9.27967504249464,33.2561244338406,22.));
#9290=CARTESIAN_POINT('Ctrl Pts',(-9.3009764432907,33.3822749137878,19.));
#9291=CARTESIAN_POINT('Ctrl Pts',(-9.3009764432907,33.3822749137878,22.));
#9292=CARTESIAN_POINT('',(-9.0189940214157,32.7404294490814,19.));
#9293=CARTESIAN_POINT('Ctrl Pts',(-8.40400402545928,32.5067863941193,19.));
#9294=CARTESIAN_POINT('Ctrl Pts',(-8.40400402545928,32.5067863941193,22.));
#9295=CARTESIAN_POINT('Ctrl Pts',(-8.52324959960068,32.514859051408,19.));
#9296=CARTESIAN_POINT('Ctrl Pts',(-8.52324959960068,32.514859051408,22.));
#9297=CARTESIAN_POINT('Ctrl Pts',(-8.75253037303143,32.5303808443142,19.));
#9298=CARTESIAN_POINT('Ctrl Pts',(-8.75253037303143,32.5303808443142,22.));
#9299=CARTESIAN_POINT('Ctrl Pts',(-8.93258376368959,32.6723137635723,19.));
#9300=CARTESIAN_POINT('Ctrl Pts',(-8.93258376368959,32.6723137635723,22.));
#9301=CARTESIAN_POINT('Ctrl Pts',(-9.0189940214157,32.7404294490814,19.));
#9302=CARTESIAN_POINT('Ctrl Pts',(-9.0189940214157,32.7404294490814,22.));
#9303=CARTESIAN_POINT('',(-8.40400402545928,32.5067863941193,19.));
#9304=CARTESIAN_POINT('Ctrl Pts',(-7.8104979276657,32.7082024097443,19.));
#9305=CARTESIAN_POINT('Ctrl Pts',(-7.8104979276657,32.7082024097443,22.));
#9306=CARTESIAN_POINT('Ctrl Pts',(-7.89507979603043,32.6494961434621,19.));
#9307=CARTESIAN_POINT('Ctrl Pts',(-7.89507979603043,32.6494961434621,22.));
#9308=CARTESIAN_POINT('Ctrl Pts',(-8.07315986608941,32.5258949956681,19.));
#9309=CARTESIAN_POINT('Ctrl Pts',(-8.07315986608941,32.5258949956681,22.));
#9310=CARTESIAN_POINT('Ctrl Pts',(-8.29010193107436,32.5133650495845,19.));
#9311=CARTESIAN_POINT('Ctrl Pts',(-8.29010193107436,32.5133650495845,22.));
#9312=CARTESIAN_POINT('Ctrl Pts',(-8.40400402545928,32.5067863941193,19.));
#9313=CARTESIAN_POINT('Ctrl Pts',(-8.40400402545928,32.5067863941193,22.));
#9314=CARTESIAN_POINT('',(-7.8104979276657,32.7082024097443,19.));
#9315=CARTESIAN_POINT('Ctrl Pts',(-7.53388648033142,33.3070794820785,19.));
#9316=CARTESIAN_POINT('Ctrl Pts',(-7.53388648033142,33.3070794820785,22.));
#9317=CARTESIAN_POINT('Ctrl Pts',(-7.55426730610973,33.1857908231011,19.));
#9318=CARTESIAN_POINT('Ctrl Pts',(-7.55426730610973,33.1857908231011,22.));
#9319=CARTESIAN_POINT('Ctrl Pts',(-7.59218173846946,32.9601576369476,19.));
#9320=CARTESIAN_POINT('Ctrl Pts',(-7.59218173846946,32.9601576369476,22.));
#9321=CARTESIAN_POINT('Ctrl Pts',(-7.74146266068749,32.7878749087952,19.));
#9322=CARTESIAN_POINT('Ctrl Pts',(-7.74146266068749,32.7878749087952,22.));
#9323=CARTESIAN_POINT('Ctrl Pts',(-7.8104979276657,32.7082024097443,19.));
#9324=CARTESIAN_POINT('Ctrl Pts',(-7.8104979276657,32.7082024097443,22.));
#9325=CARTESIAN_POINT('',(-7.53388648033142,33.3070794820785,19.));
#9326=CARTESIAN_POINT('Ctrl Pts',(-7.50703101158142,34.6659658432007,19.));
#9327=CARTESIAN_POINT('Ctrl Pts',(-7.50703101158142,34.6659658432007,22.));
#9328=CARTESIAN_POINT('Ctrl Pts',(-7.50563637601992,34.3655389445078,19.));
#9329=CARTESIAN_POINT('Ctrl Pts',(-7.50563637601992,34.3655389445078,22.));
#9330=CARTESIAN_POINT('Ctrl Pts',(-7.50353232500194,33.9122925628164,19.));
#9331=CARTESIAN_POINT('Ctrl Pts',(-7.50353232500194,33.9122925628164,22.));
#9332=CARTESIAN_POINT('Ctrl Pts',(-7.52623268130632,33.4596839356385,19.));
#9333=CARTESIAN_POINT('Ctrl Pts',(-7.52623268130632,33.4596839356385,22.));
#9334=CARTESIAN_POINT('Ctrl Pts',(-7.53388648033142,33.3070794820785,19.));
#9335=CARTESIAN_POINT('Ctrl Pts',(-7.53388648033142,33.3070794820785,22.));
#9336=CARTESIAN_POINT('',(-7.50703101158142,34.6659658432007,19.));
#9337=CARTESIAN_POINT('Origin',(-7.50703101158142,35.5790523767471,19.));
#9338=CARTESIAN_POINT('Origin',(-12.7438474178314,35.5790523767471,19.));
#9339=CARTESIAN_POINT('',(-10.63837890625,35.5790523767471,19.));
#9340=CARTESIAN_POINT('',(-12.7438474178314,35.5790523767471,19.));
#9341=CARTESIAN_POINT('Origin',(-12.7438474178314,34.1073725700378,19.));
#9342=CARTESIAN_POINT('',(-12.7438474178314,34.1073725700378,19.));
#9343=CARTESIAN_POINT('Ctrl Pts',(-12.6955080509186,33.0170403003693,19.));
#9344=CARTESIAN_POINT('Ctrl Pts',(-12.6955080509186,33.0170403003693,22.));
#9345=CARTESIAN_POINT('Ctrl Pts',(-12.7093501593217,33.1462971255326,19.));
#9346=CARTESIAN_POINT('Ctrl Pts',(-12.7093501593217,33.1462971255326,22.));
#9347=CARTESIAN_POINT('Ctrl Pts',(-12.748137250978,33.5084887930748,19.));
#9348=CARTESIAN_POINT('Ctrl Pts',(-12.748137250978,33.5084887930748,22.));
#9349=CARTESIAN_POINT('Ctrl Pts',(-12.7455264752943,33.8729671186513,19.));
#9350=CARTESIAN_POINT('Ctrl Pts',(-12.7455264752943,33.8729671186513,22.));
#9351=CARTESIAN_POINT('Ctrl Pts',(-12.7438474178314,34.1073725700378,19.));
#9352=CARTESIAN_POINT('Ctrl Pts',(-12.7438474178314,34.1073725700378,22.));
#9353=CARTESIAN_POINT('',(-12.6955080509186,33.0170403003693,19.));
#9354=CARTESIAN_POINT('Ctrl Pts',(-12.3812985897064,32.4396477222443,19.));
#9355=CARTESIAN_POINT('Ctrl Pts',(-12.3812985897064,32.4396477222443,22.));
#9356=CARTESIAN_POINT('Ctrl Pts',(-12.4570297584238,32.5205681281786,19.));
#9357=CARTESIAN_POINT('Ctrl Pts',(-12.4570297584238,32.5205681281786,22.));
#9358=CARTESIAN_POINT('Ctrl Pts',(-12.6115764239951,32.6857046119493,19.));
#9359=CARTESIAN_POINT('Ctrl Pts',(-12.6115764239951,32.6857046119493,22.));
#9360=CARTESIAN_POINT('Ctrl Pts',(-12.6671610695186,32.9051353255573,19.));
#9361=CARTESIAN_POINT('Ctrl Pts',(-12.6671610695186,32.9051353255573,22.));
#9362=CARTESIAN_POINT('Ctrl Pts',(-12.6955080509186,33.0170403003693,19.));
#9363=CARTESIAN_POINT('Ctrl Pts',(-12.6955080509186,33.0170403003693,22.));
#9364=CARTESIAN_POINT('',(-12.3812985897064,32.4396477222443,19.));
#9365=CARTESIAN_POINT('Ctrl Pts',(-11.71259765625,32.2167478084564,19.));
#9366=CARTESIAN_POINT('Ctrl Pts',(-11.71259765625,32.2167478084564,22.));
#9367=CARTESIAN_POINT('Ctrl Pts',(-11.8422348763141,32.2235184818715,19.));
#9368=CARTESIAN_POINT('Ctrl Pts',(-11.8422348763141,32.2235184818715,22.));
#9369=CARTESIAN_POINT('Ctrl Pts',(-12.0864490547105,32.2362732635958,19.));
#9370=CARTESIAN_POINT('Ctrl Pts',(-12.0864490547105,32.2362732635958,22.));
#9371=CARTESIAN_POINT('Ctrl Pts',(-12.287140848817,32.3747017843739,19.));
#9372=CARTESIAN_POINT('Ctrl Pts',(-12.287140848817,32.3747017843739,22.));
#9373=CARTESIAN_POINT('Ctrl Pts',(-12.3812985897064,32.4396477222443,19.));
#9374=CARTESIAN_POINT('Ctrl Pts',(-12.3812985897064,32.4396477222443,22.));
#9375=CARTESIAN_POINT('',(-11.71259765625,32.2167478084564,19.));
#9376=CARTESIAN_POINT('Ctrl Pts',(-11.1110353946686,32.3886225700378,19.));
#9377=CARTESIAN_POINT('Ctrl Pts',(-11.1110353946686,32.3886225700378,22.));
#9378=CARTESIAN_POINT('Ctrl Pts',(-11.2002523629705,32.3385186983084,19.));
#9379=CARTESIAN_POINT('Ctrl Pts',(-11.2002523629705,32.3385186983084,22.));
#9380=CARTESIAN_POINT('Ctrl Pts',(-11.3868501551772,32.2337261681017,19.));
#9381=CARTESIAN_POINT('Ctrl Pts',(-11.3868501551772,32.2337261681017,22.));
#9382=CARTESIAN_POINT('Ctrl Pts',(-11.6008936115097,32.2225699603967,19.));
#9383=CARTESIAN_POINT('Ctrl Pts',(-11.6008936115097,32.2225699603967,22.));
#9384=CARTESIAN_POINT('Ctrl Pts',(-11.71259765625,32.2167478084564,19.));
#9385=CARTESIAN_POINT('Ctrl Pts',(-11.71259765625,32.2167478084564,22.));
#9386=CARTESIAN_POINT('',(-11.1110353946686,32.3886225700378,19.));
#9387=CARTESIAN_POINT('Ctrl Pts',(-10.7511723518372,32.8854487419128,19.));
#9388=CARTESIAN_POINT('Ctrl Pts',(-10.7511723518372,32.8854487419128,22.));
#9389=CARTESIAN_POINT('Ctrl Pts',(-10.7927913295365,32.7846318877562,19.));
#9390=CARTESIAN_POINT('Ctrl Pts',(-10.7927913295365,32.7846318877562,22.));
#9391=CARTESIAN_POINT('Ctrl Pts',(-10.8731444546377,32.5899863259919,19.));
#9392=CARTESIAN_POINT('Ctrl Pts',(-10.8731444546377,32.5899863259919,22.));
#9393=CARTESIAN_POINT('Ctrl Pts',(-11.0336593447932,32.4541178428791,19.));
#9394=CARTESIAN_POINT('Ctrl Pts',(-11.0336593447932,32.4541178428791,22.));
#9395=CARTESIAN_POINT('Ctrl Pts',(-11.1110353946686,32.3886225700378,19.));
#9396=CARTESIAN_POINT('Ctrl Pts',(-11.1110353946686,32.3886225700378,22.));
#9397=CARTESIAN_POINT('',(-10.7511723518372,32.8854487419128,19.));
#9398=CARTESIAN_POINT('Ctrl Pts',(-10.63837890625,34.2953608512878,19.));
#9399=CARTESIAN_POINT('Ctrl Pts',(-10.63837890625,34.2953608512878,22.));
#9400=CARTESIAN_POINT('Ctrl Pts',(-10.6354637976929,33.9958411280443,19.));
#9401=CARTESIAN_POINT('Ctrl Pts',(-10.6354637976929,33.9958411280443,22.));
#9402=CARTESIAN_POINT('Ctrl Pts',(-10.6308497136952,33.5217561548857,19.));
#9403=CARTESIAN_POINT('Ctrl Pts',(-10.6308497136952,33.5217561548857,22.));
#9404=CARTESIAN_POINT('Ctrl Pts',(-10.7187910303629,33.0566922852236,19.));
#9405=CARTESIAN_POINT('Ctrl Pts',(-10.7187910303629,33.0566922852236,22.));
#9406=CARTESIAN_POINT('Ctrl Pts',(-10.7511723518372,32.8854487419128,19.));
#9407=CARTESIAN_POINT('Ctrl Pts',(-10.7511723518372,32.8854487419128,22.));
#9408=CARTESIAN_POINT('',(-10.63837890625,34.2953608512878,19.));
#9409=CARTESIAN_POINT('Origin',(-10.63837890625,35.5790523767471,19.));
#9410=CARTESIAN_POINT('Ctrl Pts',(-10.6007814884186,30.9599117517471,20.));
#9411=CARTESIAN_POINT('Ctrl Pts',(-10.6007814884186,30.9599117517471,22.));
#9412=CARTESIAN_POINT('Ctrl Pts',(-10.4434293391962,31.107599044402,20.));
#9413=CARTESIAN_POINT('Ctrl Pts',(-10.4434293391962,31.107599044402,22.));
#9414=CARTESIAN_POINT('Ctrl Pts',(-10.1141696428318,31.4166350084911,20.));
#9415=CARTESIAN_POINT('Ctrl Pts',(-10.1141696428318,31.4166350084911,22.));
#9416=CARTESIAN_POINT('Ctrl Pts',(-9.96454518974777,31.8434930091296,20.));
#9417=CARTESIAN_POINT('Ctrl Pts',(-9.96454518974777,31.8434930091296,22.));
#9418=CARTESIAN_POINT('Ctrl Pts',(-9.88642578124999,32.0663569450378,20.));
#9419=CARTESIAN_POINT('Ctrl Pts',(-9.88642578124999,32.0663569450378,22.));
#9420=CARTESIAN_POINT('',(-10.6007814884186,30.9599117517471,19.));
#9421=CARTESIAN_POINT('Ctrl Pts',(-11.7877930879593,30.5731926441193,20.));
#9422=CARTESIAN_POINT('Ctrl Pts',(-11.7877930879593,30.5731926441193,22.));
#9423=CARTESIAN_POINT('Ctrl Pts',(-11.5694659044324,30.5880474613294,20.));
#9424=CARTESIAN_POINT('Ctrl Pts',(-11.5694659044324,30.5880474613294,22.));
#9425=CARTESIAN_POINT('Ctrl Pts',(-11.1409427446207,30.6172038545302,20.));
#9426=CARTESIAN_POINT('Ctrl Pts',(-11.1409427446207,30.6172038545302,22.));
#9427=CARTESIAN_POINT('Ctrl Pts',(-10.7785430680896,30.8471300657681,20.));
#9428=CARTESIAN_POINT('Ctrl Pts',(-10.7785430680896,30.8471300657681,22.));
#9429=CARTESIAN_POINT('Ctrl Pts',(-10.6007814884186,30.9599117517471,20.));
#9430=CARTESIAN_POINT('Ctrl Pts',(-10.6007814884186,30.9599117517471,22.));
#9431=CARTESIAN_POINT('',(-11.7877930879593,30.5731926441193,19.));
#9432=CARTESIAN_POINT('Ctrl Pts',(-12.8324705839157,30.8229486227035,20.));
#9433=CARTESIAN_POINT('Ctrl Pts',(-12.8324705839157,30.8229486227035,22.));
#9434=CARTESIAN_POINT('Ctrl Pts',(-12.6632893252289,30.7501069602632,20.));
#9435=CARTESIAN_POINT('Ctrl Pts',(-12.6632893252289,30.7501069602632,22.));
#9436=CARTESIAN_POINT('Ctrl Pts',(-12.3294259439801,30.6063607562989,20.));
#9437=CARTESIAN_POINT('Ctrl Pts',(-12.3294259439801,30.6063607562989,22.));
#9438=CARTESIAN_POINT('Ctrl Pts',(-11.966708046969,30.5841489060319,20.));
#9439=CARTESIAN_POINT('Ctrl Pts',(-11.966708046969,30.5841489060319,22.));
#9440=CARTESIAN_POINT('Ctrl Pts',(-11.7877930879593,30.5731926441193,20.));
#9441=CARTESIAN_POINT('Ctrl Pts',(-11.7877930879593,30.5731926441193,22.));
#9442=CARTESIAN_POINT('',(-12.8324705839157,30.8229486227035,19.));
#9443=CARTESIAN_POINT('Ctrl Pts',(-13.6435062170029,31.505077290535,20.));
#9444=CARTESIAN_POINT('Ctrl Pts',(-13.6435062170029,31.505077290535,22.));
#9445=CARTESIAN_POINT('Ctrl Pts',(-13.5323765855817,31.367846268898,20.));
#9446=CARTESIAN_POINT('Ctrl Pts',(-13.5323765855817,31.367846268898,22.));
#9447=CARTESIAN_POINT('Ctrl Pts',(-13.3060560383395,31.0883690537008,20.));
#9448=CARTESIAN_POINT('Ctrl Pts',(-13.3060560383395,31.0883690537008,22.));
#9449=CARTESIAN_POINT('Ctrl Pts',(-12.9922097087032,30.9124742340841,20.));
#9450=CARTESIAN_POINT('Ctrl Pts',(-12.9922097087032,30.9124742340841,22.));
#9451=CARTESIAN_POINT('Ctrl Pts',(-12.8324705839157,30.8229486227035,20.));
#9452=CARTESIAN_POINT('Ctrl Pts',(-12.8324705839157,30.8229486227035,22.));
#9453=CARTESIAN_POINT('',(-13.6435062170029,31.505077290535,19.));
#9454=CARTESIAN_POINT('Ctrl Pts',(-14.0167969942093,32.5712392807007,20.));
#9455=CARTESIAN_POINT('Ctrl Pts',(-14.0167969942093,32.5712392807007,22.));
#9456=CARTESIAN_POINT('Ctrl Pts',(-13.9864817200341,32.372321462584,20.));
#9457=CARTESIAN_POINT('Ctrl Pts',(-13.9864817200341,32.372321462584,22.));
#9458=CARTESIAN_POINT('Ctrl Pts',(-13.9286928158077,31.993131662958,20.));
#9459=CARTESIAN_POINT('Ctrl Pts',(-13.9286928158077,31.993131662958,22.));
#9460=CARTESIAN_POINT('Ctrl Pts',(-13.7354001675818,31.6623400951942,20.));
#9461=CARTESIAN_POINT('Ctrl Pts',(-13.7354001675818,31.6623400951942,22.));
#9462=CARTESIAN_POINT('Ctrl Pts',(-13.6435062170029,31.505077290535,20.));
#9463=CARTESIAN_POINT('Ctrl Pts',(-13.6435062170029,31.505077290535,22.));
#9464=CARTESIAN_POINT('',(-14.0167969942093,32.5712392807007,19.));
#9465=CARTESIAN_POINT('Ctrl Pts',(-14.0705079317093,34.4887201070785,20.));
#9466=CARTESIAN_POINT('Ctrl Pts',(-14.0705079317093,34.4887201070785,22.));
#9467=CARTESIAN_POINT('Ctrl Pts',(-14.0690802060435,34.075432361135,20.));
#9468=CARTESIAN_POINT('Ctrl Pts',(-14.0690802060435,34.075432361135,22.));
#9469=CARTESIAN_POINT('Ctrl Pts',(-14.066870384863,33.4357492367271,20.));
#9470=CARTESIAN_POINT('Ctrl Pts',(-14.066870384863,33.4357492367271,22.));
#9471=CARTESIAN_POINT('Ctrl Pts',(-14.0298863206277,32.7972246365681,20.));
#9472=CARTESIAN_POINT('Ctrl Pts',(-14.0298863206277,32.7972246365681,22.));
#9473=CARTESIAN_POINT('Ctrl Pts',(-14.0167969942093,32.5712392807007,20.));
#9474=CARTESIAN_POINT('Ctrl Pts',(-14.0167969942093,32.5712392807007,22.));
#9475=CARTESIAN_POINT('',(-14.0705079317093,34.4887201070785,19.));
#9476=CARTESIAN_POINT('Origin',(-14.0705079317093,37.1688960075378,19.));
#9477=CARTESIAN_POINT('',(-14.0705079317093,37.1688960075378,19.));
#9478=CARTESIAN_POINT('Origin',(-6.19648461341857,37.1688960075378,19.));
#9479=CARTESIAN_POINT('Origin',(-9.76289038658141,15.4052231788635,19.));
#9480=CARTESIAN_POINT('',(-7.5285155057907,15.4052231788635,19.));
#9481=CARTESIAN_POINT('',(-9.76289038658141,15.4052231788635,19.));
#9482=CARTESIAN_POINT('Origin',(-9.76289038658141,14.535107421875,19.));
#9483=CARTESIAN_POINT('',(-9.76289038658141,14.535107421875,19.));
#9484=CARTESIAN_POINT('Ctrl Pts',(-9.63935558795928,13.2782695770264,19.));
#9485=CARTESIAN_POINT('Ctrl Pts',(-9.63935558795928,13.2782695770264,22.));
#9486=CARTESIAN_POINT('Ctrl Pts',(-9.67491073841535,13.4352756081623,19.));
#9487=CARTESIAN_POINT('Ctrl Pts',(-9.67491073841535,13.4352756081623,22.));
#9488=CARTESIAN_POINT('Ctrl Pts',(-9.76839818175154,13.8481016615184,19.));
#9489=CARTESIAN_POINT('Ctrl Pts',(-9.76839818175154,13.8481016615184,22.));
#9490=CARTESIAN_POINT('Ctrl Pts',(-9.7649976363422,14.2722630931644,19.));
#9491=CARTESIAN_POINT('Ctrl Pts',(-9.7649976363422,14.2722630931644,22.));
#9492=CARTESIAN_POINT('Ctrl Pts',(-9.76289038658141,14.535107421875,19.));
#9493=CARTESIAN_POINT('Ctrl Pts',(-9.76289038658141,14.535107421875,22.));
#9494=CARTESIAN_POINT('',(-9.63935558795928,13.2782695770264,19.));
#9495=CARTESIAN_POINT('Ctrl Pts',(-9.25263648033141,12.7814434051514,19.));
#9496=CARTESIAN_POINT('Ctrl Pts',(-9.25263648033141,12.7814434051514,22.));
#9497=CARTESIAN_POINT('Ctrl Pts',(-9.33488628782289,12.8480135211661,19.));
#9498=CARTESIAN_POINT('Ctrl Pts',(-9.33488628782289,12.8480135211661,22.));
#9499=CARTESIAN_POINT('Ctrl Pts',(-9.50228185930787,12.9834976390501,19.));
#9500=CARTESIAN_POINT('Ctrl Pts',(-9.50228185930787,12.9834976390501,22.));
#9501=CARTESIAN_POINT('Ctrl Pts',(-9.59314039183169,13.1788855224704,19.));
#9502=CARTESIAN_POINT('Ctrl Pts',(-9.59314039183169,13.1788855224704,22.));
#9503=CARTESIAN_POINT('Ctrl Pts',(-9.63935558795928,13.2782695770264,19.));
#9504=CARTESIAN_POINT('Ctrl Pts',(-9.63935558795928,13.2782695770264,22.));
#9505=CARTESIAN_POINT('',(-9.25263648033141,12.7814434051514,19.));
#9506=CARTESIAN_POINT('Ctrl Pts',(-8.64033226966857,12.6015112876892,19.));
#9507=CARTESIAN_POINT('Ctrl Pts',(-8.64033226966857,12.6015112876892,22.));
#9508=CARTESIAN_POINT('Ctrl Pts',(-8.75200314667501,12.6082530340549,19.));
#9509=CARTESIAN_POINT('Ctrl Pts',(-8.75200314667501,12.6082530340549,22.));
#9510=CARTESIAN_POINT('Ctrl Pts',(-8.97005190240165,12.6214169801603,19.));
#9511=CARTESIAN_POINT('Ctrl Pts',(-8.97005190240165,12.6214169801603,22.));
#9512=CARTESIAN_POINT('Ctrl Pts',(-9.15997840368963,12.7289715368698,19.));
#9513=CARTESIAN_POINT('Ctrl Pts',(-9.15997840368963,12.7289715368698,22.));
#9514=CARTESIAN_POINT('Ctrl Pts',(-9.25263648033141,12.7814434051514,19.));
#9515=CARTESIAN_POINT('Ctrl Pts',(-9.25263648033141,12.7814434051514,22.));
#9516=CARTESIAN_POINT('',(-8.64033226966857,12.6015112876892,19.));
#9517=CARTESIAN_POINT('Ctrl Pts',(-7.9313475370407,12.8539536476135,19.));
#9518=CARTESIAN_POINT('Ctrl Pts',(-7.9313475370407,12.8539536476135,22.));
#9519=CARTESIAN_POINT('Ctrl Pts',(-8.03316043100849,12.7803511225536,19.));
#9520=CARTESIAN_POINT('Ctrl Pts',(-8.03316043100849,12.7803511225536,22.));
#9521=CARTESIAN_POINT('Ctrl Pts',(-8.24450602388194,12.6275652750098,19.));
#9522=CARTESIAN_POINT('Ctrl Pts',(-8.24450602388194,12.6275652750098,22.));
#9523=CARTESIAN_POINT('Ctrl Pts',(-8.50521587784811,12.6104048888507,19.));
#9524=CARTESIAN_POINT('Ctrl Pts',(-8.50521587784811,12.6104048888507,22.));
#9525=CARTESIAN_POINT('Ctrl Pts',(-8.64033226966857,12.6015112876892,19.));
#9526=CARTESIAN_POINT('Ctrl Pts',(-8.64033226966857,12.6015112876892,22.));
#9527=CARTESIAN_POINT('',(-7.9313475370407,12.8539536476135,19.));
#9528=CARTESIAN_POINT('Ctrl Pts',(-7.5822264432907,13.4931133270264,19.));
#9529=CARTESIAN_POINT('Ctrl Pts',(-7.5822264432907,13.4931133270264,22.));
#9530=CARTESIAN_POINT('Ctrl Pts',(-7.61367777713296,13.3703047984583,19.));
#9531=CARTESIAN_POINT('Ctrl Pts',(-7.61367777713296,13.3703047984583,22.));
#9532=CARTESIAN_POINT('Ctrl Pts',(-7.67585758805217,13.1275102917474,19.));
#9533=CARTESIAN_POINT('Ctrl Pts',(-7.67585758805217,13.1275102917474,22.));
#9534=CARTESIAN_POINT('Ctrl Pts',(-7.84684681907234,12.9444297423712,19.));
#9535=CARTESIAN_POINT('Ctrl Pts',(-7.84684681907234,12.9444297423712,22.));
#9536=CARTESIAN_POINT('Ctrl Pts',(-7.9313475370407,12.8539536476135,19.));
#9537=CARTESIAN_POINT('Ctrl Pts',(-7.9313475370407,12.8539536476135,22.));
#9538=CARTESIAN_POINT('',(-7.5822264432907,13.4931133270264,19.));
#9539=CARTESIAN_POINT('Ctrl Pts',(-7.5285155057907,14.6371577262878,19.));
#9540=CARTESIAN_POINT('Ctrl Pts',(-7.5285155057907,14.6371577262878,22.));
#9541=CARTESIAN_POINT('Ctrl Pts',(-7.52741216455571,14.3982770863406,19.));
#9542=CARTESIAN_POINT('Ctrl Pts',(-7.52741216455571,14.3982770863406,22.));
#9543=CARTESIAN_POINT('Ctrl Pts',(-7.52564567776522,14.0158210685758,19.));
#9544=CARTESIAN_POINT('Ctrl Pts',(-7.52564567776522,14.0158210685758,22.));
#9545=CARTESIAN_POINT('Ctrl Pts',(-7.56678324948944,13.6357815443825,19.));
#9546=CARTESIAN_POINT('Ctrl Pts',(-7.56678324948944,13.6357815443825,22.));
#9547=CARTESIAN_POINT('Ctrl Pts',(-7.5822264432907,13.4931133270264,19.));
#9548=CARTESIAN_POINT('Ctrl Pts',(-7.5822264432907,13.4931133270264,22.));
#9549=CARTESIAN_POINT('',(-7.5285155057907,14.6371577262878,19.));
#9550=CARTESIAN_POINT('Origin',(-7.5285155057907,15.4052231788635,19.));
#9551=CARTESIAN_POINT('Ctrl Pts',(-10.6142092227936,11.8952129364014,20.));
#9552=CARTESIAN_POINT('Ctrl Pts',(-10.6142092227936,11.8952129364014,22.));
#9553=CARTESIAN_POINT('Ctrl Pts',(-10.5088393351133,11.764642971528,20.));
#9554=CARTESIAN_POINT('Ctrl Pts',(-10.5088393351133,11.764642971528,22.));
#9555=CARTESIAN_POINT('Ctrl Pts',(-10.2909910719258,11.494694500496,20.));
#9556=CARTESIAN_POINT('Ctrl Pts',(-10.2909910719258,11.494694500496,22.));
#9557=CARTESIAN_POINT('Ctrl Pts',(-9.99230301188085,11.3178306791455,20.));
#9558=CARTESIAN_POINT('Ctrl Pts',(-9.99230301188085,11.3178306791455,22.));
#9559=CARTESIAN_POINT('Ctrl Pts',(-9.8380858182907,11.2265131950378,20.));
#9560=CARTESIAN_POINT('Ctrl Pts',(-9.8380858182907,11.2265131950378,22.));
#9561=CARTESIAN_POINT('',(-10.6142092227936,11.8952129364014,19.));
#9562=CARTESIAN_POINT('Ctrl Pts',(-10.9875,12.7196763038635,20.));
#9563=CARTESIAN_POINT('Ctrl Pts',(-10.9875,12.7196763038635,22.));
#9564=CARTESIAN_POINT('Ctrl Pts',(-10.9475110567273,12.5783056256313,20.));
#9565=CARTESIAN_POINT('Ctrl Pts',(-10.9475110567273,12.5783056256313,22.));
#9566=CARTESIAN_POINT('Ctrl Pts',(-10.8645174376383,12.2849029182989,20.));
#9567=CARTESIAN_POINT('Ctrl Pts',(-10.8645174376383,12.2849029182989,22.));
#9568=CARTESIAN_POINT('Ctrl Pts',(-10.6996423125163,12.0282186358274,20.));
#9569=CARTESIAN_POINT('Ctrl Pts',(-10.6996423125163,12.0282186358274,22.));
#9570=CARTESIAN_POINT('Ctrl Pts',(-10.6142092227936,11.8952129364014,20.));
#9571=CARTESIAN_POINT('Ctrl Pts',(-10.6142092227936,11.8952129364014,22.));
#9572=CARTESIAN_POINT('',(-10.9875,12.7196763038635,19.));
#9573=CARTESIAN_POINT('Ctrl Pts',(-11.1002934455872,14.3686030387878,20.));
#9574=CARTESIAN_POINT('Ctrl Pts',(-11.1002934455872,14.3686030387878,22.));
#9575=CARTESIAN_POINT('Ctrl Pts',(-11.0992005392951,14.0506348942272,20.));
#9576=CARTESIAN_POINT('Ctrl Pts',(-11.0992005392951,14.0506348942272,22.));
#9577=CARTESIAN_POINT('Ctrl Pts',(-11.0973020876003,13.4983028532163,20.));
#9578=CARTESIAN_POINT('Ctrl Pts',(-11.0973020876003,13.4983028532163,22.));
#9579=CARTESIAN_POINT('Ctrl Pts',(-11.0202110435722,12.9516362559829,20.));
#9580=CARTESIAN_POINT('Ctrl Pts',(-11.0202110435722,12.9516362559829,22.));
#9581=CARTESIAN_POINT('Ctrl Pts',(-10.9875,12.7196763038635,20.));
#9582=CARTESIAN_POINT('Ctrl Pts',(-10.9875,12.7196763038635,22.));
#9583=CARTESIAN_POINT('',(-11.1002934455872,14.3686030387878,19.));
#9584=CARTESIAN_POINT('Origin',(-11.1002934455872,15.4052231788635,19.));
#9585=CARTESIAN_POINT('',(-11.1002934455872,15.4052231788635,19.));
#9586=CARTESIAN_POINT('Origin',(-14.0705079317093,15.4052231788635,19.));
#9587=CARTESIAN_POINT('',(-14.0705079317093,15.4052231788635,19.));
#9588=CARTESIAN_POINT('Origin',(-14.0705079317093,16.9950674057007,19.));
#9589=CARTESIAN_POINT('Ctrl Pts',(-12.4162108182907,2.09565382003783,19.));
#9590=CARTESIAN_POINT('Ctrl Pts',(-12.4162108182907,2.09565382003783,22.));
#9591=CARTESIAN_POINT('Ctrl Pts',(-12.240210609446,2.16879641708347,19.));
#9592=CARTESIAN_POINT('Ctrl Pts',(-12.240210609446,2.16879641708347,22.));
#9593=CARTESIAN_POINT('Ctrl Pts',(-11.8191652532911,2.343775475491,19.));
#9594=CARTESIAN_POINT('Ctrl Pts',(-11.8191652532911,2.343775475491,22.));
#9595=CARTESIAN_POINT('Ctrl Pts',(-11.361360631293,2.34650514764978,19.));
#9596=CARTESIAN_POINT('Ctrl Pts',(-11.361360631293,2.34650514764978,22.));
#9597=CARTESIAN_POINT('Ctrl Pts',(-11.094921875,2.34809379577636,19.));
#9598=CARTESIAN_POINT('Ctrl Pts',(-11.094921875,2.34809379577636,22.));
#9599=CARTESIAN_POINT('',(-11.094921875,2.34809379577636,19.));
#9600=CARTESIAN_POINT('',(-12.4162108182907,2.09565382003783,19.));
#9601=CARTESIAN_POINT('Ctrl Pts',(-13.0070311307907,1.07514600753783,19.));
#9602=CARTESIAN_POINT('Ctrl Pts',(-13.0070311307907,1.07514600753783,22.));
#9603=CARTESIAN_POINT('Ctrl Pts',(-12.9807149653134,1.28251900321717,19.));
#9604=CARTESIAN_POINT('Ctrl Pts',(-12.9807149653134,1.28251900321717,22.));
#9605=CARTESIAN_POINT('Ctrl Pts',(-12.9271335534859,1.7047438099813,19.));
#9606=CARTESIAN_POINT('Ctrl Pts',(-12.9271335534859,1.7047438099813,22.));
#9607=CARTESIAN_POINT('Ctrl Pts',(-12.5885176835964,1.96382081710107,19.));
#9608=CARTESIAN_POINT('Ctrl Pts',(-12.5885176835964,1.96382081710107,22.));
#9609=CARTESIAN_POINT('Ctrl Pts',(-12.4162108182907,2.09565382003783,19.));
#9610=CARTESIAN_POINT('Ctrl Pts',(-12.4162108182907,2.09565382003783,22.));
#9611=CARTESIAN_POINT('',(-13.0070311307907,1.07514600753783,19.));
#9612=CARTESIAN_POINT('Ctrl Pts',(-12.5639158964157,0.188915538787833,19.));
#9613=CARTESIAN_POINT('Ctrl Pts',(-12.5639158964157,0.188915538787833,22.));
#9614=CARTESIAN_POINT('Ctrl Pts',(-12.693127755241,0.314575875617731,19.));
#9615=CARTESIAN_POINT('Ctrl Pts',(-12.693127755241,0.314575875617731,22.));
#9616=CARTESIAN_POINT('Ctrl Pts',(-12.9444787498696,0.559018227385768,19.));
#9617=CARTESIAN_POINT('Ctrl Pts',(-12.9444787498696,0.559018227385768,22.));
#9618=CARTESIAN_POINT('Ctrl Pts',(-12.9865751853035,0.906361357300964,19.));
#9619=CARTESIAN_POINT('Ctrl Pts',(-12.9865751853035,0.906361357300964,22.));
#9620=CARTESIAN_POINT('Ctrl Pts',(-13.0070311307907,1.07514600753783,19.));
#9621=CARTESIAN_POINT('Ctrl Pts',(-13.0070311307907,1.07514600753783,22.));
#9622=CARTESIAN_POINT('',(-12.5639158964157,0.188915538787833,19.));
#9623=CARTESIAN_POINT('Ctrl Pts',(-11.2399411678314,-0.176320266723642,
19.));
#9624=CARTESIAN_POINT('Ctrl Pts',(-11.2399411678314,-0.176320266723642,
22.));
#9625=CARTESIAN_POINT('Ctrl Pts',(-11.5040916966526,-0.169456016853897,
19.));
#9626=CARTESIAN_POINT('Ctrl Pts',(-11.5040916966526,-0.169456016853897,
22.));
#9627=CARTESIAN_POINT('Ctrl Pts',(-11.9779565893316,-0.157142102350813,
19.));
#9628=CARTESIAN_POINT('Ctrl Pts',(-11.9779565893316,-0.157142102350813,
22.));
#9629=CARTESIAN_POINT('Ctrl Pts',(-12.3841502260028,0.0827489789112024,
19.));
#9630=CARTESIAN_POINT('Ctrl Pts',(-12.3841502260028,0.0827489789112024,
22.));
#9631=CARTESIAN_POINT('Ctrl Pts',(-12.5639158964157,0.188915538787833,19.));
#9632=CARTESIAN_POINT('Ctrl Pts',(-12.5639158964157,0.188915538787833,22.));
#9633=CARTESIAN_POINT('',(-11.2399411678314,-0.176320266723642,19.));
#9634=CARTESIAN_POINT('Ctrl Pts',(-9.82465867996215,0.178172397613516,19.));
#9635=CARTESIAN_POINT('Ctrl Pts',(-9.82465867996215,0.178172397613516,22.));
#9636=CARTESIAN_POINT('Ctrl Pts',(-10.0107250206804,0.0753521024987203,
19.));
#9637=CARTESIAN_POINT('Ctrl Pts',(-10.0107250206804,0.0753521024987203,
22.));
#9638=CARTESIAN_POINT('Ctrl Pts',(-10.4482199965909,-0.166407704034328,
19.));
#9639=CARTESIAN_POINT('Ctrl Pts',(-10.4482199965909,-0.166407704034328,
22.));
#9640=CARTESIAN_POINT('Ctrl Pts',(-10.9509956732516,-0.172702591167071,
19.));
#9641=CARTESIAN_POINT('Ctrl Pts',(-10.9509956732516,-0.172702591167071,
22.));
#9642=CARTESIAN_POINT('Ctrl Pts',(-11.2399411678314,-0.176320266723642,
19.));
#9643=CARTESIAN_POINT('Ctrl Pts',(-11.2399411678314,-0.176320266723642,
22.));
#9644=CARTESIAN_POINT('',(-9.82465867996215,0.178172397613516,19.));
#9645=CARTESIAN_POINT('Ctrl Pts',(-9.39228539466857,1.08588676452636,19.));
#9646=CARTESIAN_POINT('Ctrl Pts',(-9.39228539466857,1.08588676452636,22.));
#9647=CARTESIAN_POINT('Ctrl Pts',(-9.4105210617647,0.90957945504659,19.));
#9648=CARTESIAN_POINT('Ctrl Pts',(-9.4105210617647,0.90957945504659,22.));
#9649=CARTESIAN_POINT('Ctrl Pts',(-9.44710473185549,0.55587874255798,19.));
#9650=CARTESIAN_POINT('Ctrl Pts',(-9.44710473185549,0.55587874255798,22.));
#9651=CARTESIAN_POINT('Ctrl Pts',(-9.69854999654861,0.304331983857415,19.));
#9652=CARTESIAN_POINT('Ctrl Pts',(-9.69854999654861,0.304331983857415,22.));
#9653=CARTESIAN_POINT('Ctrl Pts',(-9.82465867996215,0.178172397613516,19.));
#9654=CARTESIAN_POINT('Ctrl Pts',(-9.82465867996215,0.178172397613516,22.));
#9655=CARTESIAN_POINT('',(-9.39228539466857,1.08588676452636,19.));
#9656=CARTESIAN_POINT('Ctrl Pts',(-9.81928710937499,1.98554496765136,19.));
#9657=CARTESIAN_POINT('Ctrl Pts',(-9.81928710937499,1.98554496765136,22.));
#9658=CARTESIAN_POINT('Ctrl Pts',(-9.6947503671875,1.85852963453324,19.));
#9659=CARTESIAN_POINT('Ctrl Pts',(-9.6947503671875,1.85852963453324,22.));
#9660=CARTESIAN_POINT('Ctrl Pts',(-9.44865485908393,1.60753621370339,19.));
#9661=CARTESIAN_POINT('Ctrl Pts',(-9.44865485908393,1.60753621370339,22.));
#9662=CARTESIAN_POINT('Ctrl Pts',(-9.4109230197797,1.25836147178182,19.));
#9663=CARTESIAN_POINT('Ctrl Pts',(-9.4109230197797,1.25836147178182,22.));
#9664=CARTESIAN_POINT('Ctrl Pts',(-9.39228539466857,1.08588676452636,19.));
#9665=CARTESIAN_POINT('Ctrl Pts',(-9.39228539466857,1.08588676452636,22.));
#9666=CARTESIAN_POINT('',(-9.81928710937499,1.98554496765136,19.));
#9667=CARTESIAN_POINT('Ctrl Pts',(-11.094921875,2.34809379577636,19.));
#9668=CARTESIAN_POINT('Ctrl Pts',(-11.094921875,2.34809379577636,22.));
#9669=CARTESIAN_POINT('Ctrl Pts',(-10.8400978598357,2.34104125856519,19.));
#9670=CARTESIAN_POINT('Ctrl Pts',(-10.8400978598357,2.34104125856519,22.));
#9671=CARTESIAN_POINT('Ctrl Pts',(-10.3818091694895,2.32835761083271,19.));
#9672=CARTESIAN_POINT('Ctrl Pts',(-10.3818091694895,2.32835761083271,22.));
#9673=CARTESIAN_POINT('Ctrl Pts',(-9.99224182967709,2.09094717144295,19.));
#9674=CARTESIAN_POINT('Ctrl Pts',(-9.99224182967709,2.09094717144295,22.));
#9675=CARTESIAN_POINT('Ctrl Pts',(-9.81928710937499,1.98554496765136,19.));
#9676=CARTESIAN_POINT('Ctrl Pts',(-9.81928710937499,1.98554496765136,22.));
#9677=CARTESIAN_POINT('Ctrl Pts',(-8.9921385526657,3.20746879577636,20.));
#9678=CARTESIAN_POINT('Ctrl Pts',(-8.9921385526657,3.20746879577636,22.));
#9679=CARTESIAN_POINT('Ctrl Pts',(-9.29244588153948,3.40593727752711,20.));
#9680=CARTESIAN_POINT('Ctrl Pts',(-9.29244588153948,3.40593727752711,22.));
#9681=CARTESIAN_POINT('Ctrl Pts',(-9.95750690139863,3.84546584773568,20.));
#9682=CARTESIAN_POINT('Ctrl Pts',(-9.95750690139863,3.84546584773568,22.));
#9683=CARTESIAN_POINT('Ctrl Pts',(-10.7579620023045,3.87396710137419,20.));
#9684=CARTESIAN_POINT('Ctrl Pts',(-10.7579620023045,3.87396710137419,22.));
#9685=CARTESIAN_POINT('Ctrl Pts',(-11.1969727754593,3.88959865570067,20.));
#9686=CARTESIAN_POINT('Ctrl Pts',(-11.1969727754593,3.88959865570067,22.));
#9687=CARTESIAN_POINT('',(-8.9921385526657,3.20746879577636,19.));
#9688=CARTESIAN_POINT('Ctrl Pts',(-8.23750023841857,1.48334960937499,20.));
#9689=CARTESIAN_POINT('Ctrl Pts',(-8.23750023841857,1.48334960937499,22.));
#9690=CARTESIAN_POINT('Ctrl Pts',(-8.26807235464031,1.81489361928583,20.));
#9691=CARTESIAN_POINT('Ctrl Pts',(-8.26807235464031,1.81489361928583,22.));
#9692=CARTESIAN_POINT('Ctrl Pts',(-8.32880024021857,2.47346650158129,20.));
#9693=CARTESIAN_POINT('Ctrl Pts',(-8.32880024021857,2.47346650158129,22.));
#9694=CARTESIAN_POINT('Ctrl Pts',(-8.7720387209649,2.96392220968464,20.));
#9695=CARTESIAN_POINT('Ctrl Pts',(-8.7720387209649,2.96392220968464,22.));
#9696=CARTESIAN_POINT('Ctrl Pts',(-8.9921385526657,3.20746879577636,20.));
#9697=CARTESIAN_POINT('Ctrl Pts',(-8.9921385526657,3.20746879577636,22.));
#9698=CARTESIAN_POINT('',(-8.23750023841857,1.48334960937499,19.));
#9699=CARTESIAN_POINT('Ctrl Pts',(-9.0324217557907,-0.170948696136484,20.));
#9700=CARTESIAN_POINT('Ctrl Pts',(-9.0324217557907,-0.170948696136484,22.));
#9701=CARTESIAN_POINT('Ctrl Pts',(-8.80062697643897,0.0676603058666992,
20.));
#9702=CARTESIAN_POINT('Ctrl Pts',(-8.80062697643897,0.0676603058666992,
22.));
#9703=CARTESIAN_POINT('Ctrl Pts',(-8.35010603126259,0.531425509771259,20.));
#9704=CARTESIAN_POINT('Ctrl Pts',(-8.35010603126259,0.531425509771259,22.));
#9705=CARTESIAN_POINT('Ctrl Pts',(-8.2743025389643,1.17223775690697,20.));
#9706=CARTESIAN_POINT('Ctrl Pts',(-8.2743025389643,1.17223775690697,22.));
#9707=CARTESIAN_POINT('Ctrl Pts',(-8.23750023841857,1.48334960937499,20.));
#9708=CARTESIAN_POINT('Ctrl Pts',(-8.23750023841857,1.48334960937499,22.));
#9709=CARTESIAN_POINT('',(-9.0324217557907,-0.170948696136484,19.));
#9710=CARTESIAN_POINT('Origin',(-6.19648461341857,-0.170948696136484,19.));
#9711=CARTESIAN_POINT('',(-6.19648461341857,-0.170948696136484,19.));
#9712=CARTESIAN_POINT('Origin',(-6.19648461341857,-1.68022651672364,19.));
#9713=CARTESIAN_POINT('',(-6.19648461341857,-1.68022651672364,19.));
#9714=CARTESIAN_POINT('Origin',(-14.0705079317093,-1.68022651672364,19.));
#9715=UNCERTAINTY_MEASURE_WITH_UNIT(LENGTH_MEASURE(0.01),#9719,
'DISTANCE_ACCURACY_VALUE',
'Maximum model space distance between geometric entities at asserted c
onnectivities');
#9716=UNCERTAINTY_MEASURE_WITH_UNIT(LENGTH_MEASURE(0.01),#9719,
'DISTANCE_ACCURACY_VALUE',
'Maximum model space distance between geometric entities at asserted c
onnectivities');
#9717=(
GEOMETRIC_REPRESENTATION_CONTEXT(3)
GLOBAL_UNCERTAINTY_ASSIGNED_CONTEXT((#9715))
GLOBAL_UNIT_ASSIGNED_CONTEXT((#9719,#9721,#9722))
REPRESENTATION_CONTEXT('','3D')
);
#9718=(
GEOMETRIC_REPRESENTATION_CONTEXT(3)
GLOBAL_UNCERTAINTY_ASSIGNED_CONTEXT((#9716))
GLOBAL_UNIT_ASSIGNED_CONTEXT((#9719,#9721,#9722))
REPRESENTATION_CONTEXT('','3D')
);
#9719=(
LENGTH_UNIT()
NAMED_UNIT(*)
SI_UNIT(.MILLI.,.METRE.)
);
#9720=(
LENGTH_UNIT()
NAMED_UNIT(*)
SI_UNIT($,.METRE.)
);
#9721=(
NAMED_UNIT(*)
PLANE_ANGLE_UNIT()
SI_UNIT($,.RADIAN.)
);
#9722=(
NAMED_UNIT(*)
SI_UNIT($,.STERADIAN.)
SOLID_ANGLE_UNIT()
);
#9723=SHAPE_DEFINITION_REPRESENTATION(#9724,#9725);
#9724=PRODUCT_DEFINITION_SHAPE('',$,#9727);
#9725=SHAPE_REPRESENTATION('',(#5033),#9717);
#9726=PRODUCT_DEFINITION_CONTEXT('part definition',#9731,'design');
#9727=PRODUCT_DEFINITION('2026-07-06-01-26-08-540','BeePad2',#9728,#9726);
#9728=PRODUCT_DEFINITION_FORMATION('',$,#9733);
#9729=PRODUCT_RELATED_PRODUCT_CATEGORY('BeePad2','BeePad2',(#9733));
#9730=APPLICATION_PROTOCOL_DEFINITION('international standard',
'automotive_design',2009,#9731);
#9731=APPLICATION_CONTEXT(
'Core Data for Automotive Mechanical Design Process');
#9732=PRODUCT_CONTEXT('part definition',#9731,'mechanical');
#9733=PRODUCT('2026-07-06-01-26-08-540','BeePad2',$,(#9732));
#9734=PRESENTATION_STYLE_ASSIGNMENT((#9737));
#9735=PRESENTATION_STYLE_ASSIGNMENT((#9738));
#9736=PRESENTATION_STYLE_ASSIGNMENT((#9739));
#9737=SURFACE_STYLE_USAGE(.BOTH.,#9740);
#9738=SURFACE_STYLE_USAGE(.BOTH.,#9741);
#9739=SURFACE_STYLE_USAGE(.BOTH.,#9742);
#9740=SURFACE_SIDE_STYLE('',(#9743));
#9741=SURFACE_SIDE_STYLE('',(#9744));
#9742=SURFACE_SIDE_STYLE('',(#9745));
#9743=SURFACE_STYLE_FILL_AREA(#9746);
#9744=SURFACE_STYLE_FILL_AREA(#9747);
#9745=SURFACE_STYLE_FILL_AREA(#9748);
#9746=FILL_AREA_STYLE('Steel - Satin',(#9749));
#9747=FILL_AREA_STYLE('Powder Coat (Yellow)',(#9750));
#9748=FILL_AREA_STYLE('Powder Coat (Black)',(#9751));
#9749=FILL_AREA_STYLE_COLOUR('Steel - Satin',#9752);
#9750=FILL_AREA_STYLE_COLOUR('Powder Coat (Yellow)',#9753);
#9751=FILL_AREA_STYLE_COLOUR('Powder Coat (Black)',#9754);
#9752=COLOUR_RGB('Steel - Satin',0.627450980392157,0.627450980392157,0.627450980392157);
#9753=COLOUR_RGB('Powder Coat (Yellow)',0.909803921568627,0.67843137254902,
0.137254901960784);
#9754=COLOUR_RGB('Powder Coat (Black)',0.0980392156862745,0.0980392156862745,
0.0980392156862745);
ENDSEC;
END-ISO-10303-21;
