ISO-10303-21;
HEADER;
/* Generated by software containing ST-Developer
 * from STEP Tools, Inc. (www.steptools.com) 
 */

FILE_DESCRIPTION(
/* description */ (''),
/* implementation_level */ '2;1');

FILE_NAME(
/* name */ 'BeePadTop.step',
/* time_stamp */ '2026-07-12T23:57:59+02:00',
/* author */ (''),
/* organization */ (''),
/* preprocessor_version */ 'ST-DEVELOPER v20.1',
/* originating_system */ 'Autodesk Translation Framework v15.8.0.0',
/* authorisation */ '');

FILE_SCHEMA (('AUTOMOTIVE_DESIGN { 1 0 10303 214 3 1 1 }'));
ENDSEC;

DATA;
#10=MECHANICAL_DESIGN_GEOMETRIC_PRESENTATION_REPRESENTATION('',(#14,#15,
#16,#17,#18,#19,#20),#9434);
#11=SHAPE_REPRESENTATION_RELATIONSHIP('SRR','None',#9441,#12);
#12=ADVANCED_BREP_SHAPE_REPRESENTATION('',(#13),#9433);
#13=MANIFOLD_SOLID_BREP('Body9',#4930);
#14=STYLED_ITEM('',(#9452),#4797);
#15=STYLED_ITEM('',(#9452),#4832);
#16=STYLED_ITEM('',(#9452),#4852);
#17=STYLED_ITEM('',(#9452),#4886);
#18=STYLED_ITEM('',(#9452),#4908);
#19=STYLED_ITEM('',(#9452),#4929);
#20=STYLED_ITEM('',(#9451),#13);
#21=B_SPLINE_SURFACE_WITH_KNOTS('',3,1,((#7372,#7373),(#7374,#7375),(#7376,
#7377),(#7378,#7379),(#7380,#7381)),.UNSPECIFIED.,.F.,.F.,.F.,(4,1,4),(2,
2),(-0.107038723694663,-0.058411562504132,0.),(0.,0.2),.UNSPECIFIED.);
#22=B_SPLINE_SURFACE_WITH_KNOTS('',3,1,((#7391,#7392),(#7393,#7394),(#7395,
#7396),(#7397,#7398),(#7399,#7400)),.UNSPECIFIED.,.F.,.F.,.F.,(4,1,4),(2,
2),(-0.087476008903164,-0.0439327887481841,0.),(0.,0.2),.UNSPECIFIED.);
#23=B_SPLINE_SURFACE_WITH_KNOTS('',3,1,((#7408,#7409),(#7410,#7411),(#7412,
#7413),(#7414,#7415),(#7416,#7417)),.UNSPECIFIED.,.F.,.F.,.F.,(4,1,4),(2,
2),(-0.0914191197357347,-0.0460054117645974,0.),(0.,0.2),.UNSPECIFIED.);
#24=B_SPLINE_SURFACE_WITH_KNOTS('',3,1,((#7425,#7426),(#7427,#7428),(#7429,
#7430),(#7431,#7432),(#7433,#7434)),.UNSPECIFIED.,.F.,.F.,.F.,(4,1,4),(2,
2),(-0.104615535537674,-0.0487663042564337,0.),(0.,0.2),.UNSPECIFIED.);
#25=B_SPLINE_SURFACE_WITH_KNOTS('',3,1,((#7450,#7451),(#7452,#7453),(#7454,
#7455),(#7456,#7457),(#7458,#7459)),.UNSPECIFIED.,.F.,.F.,.F.,(4,1,4),(2,
2),(-0.157751276077663,-0.0818837151019575,0.),(0.,0.2),.UNSPECIFIED.);
#26=B_SPLINE_SURFACE_WITH_KNOTS('',3,1,((#7467,#7468),(#7469,#7470),(#7471,
#7472),(#7473,#7474),(#7475,#7476)),.UNSPECIFIED.,.F.,.F.,.F.,(4,1,4),(2,
2),(-0.164349884079433,-0.0775354163018968,0.),(0.,0.2),.UNSPECIFIED.);
#27=B_SPLINE_SURFACE_WITH_KNOTS('',3,1,((#7484,#7485),(#7486,#7487),(#7488,
#7489),(#7490,#7491),(#7492,#7493)),.UNSPECIFIED.,.F.,.F.,.F.,(4,1,4),(2,
2),(-0.248134359281303,-0.131705290535697,0.),(0.,0.2),.UNSPECIFIED.);
#28=B_SPLINE_SURFACE_WITH_KNOTS('',3,1,((#7501,#7502),(#7503,#7504),(#7505,
#7506),(#7507,#7508),(#7509,#7510)),.UNSPECIFIED.,.F.,.F.,.F.,(4,1,4),(2,
2),(-0.207123168337777,-0.0977148986896701,0.),(0.,0.2),.UNSPECIFIED.);
#29=B_SPLINE_SURFACE_WITH_KNOTS('',3,1,((#7518,#7519),(#7520,#7521),(#7522,
#7523),(#7524,#7525),(#7526,#7527)),.UNSPECIFIED.,.F.,.F.,.F.,(4,1,4),(2,
2),(-0.238423737139306,-0.127772984308609,0.),(0.,0.2),.UNSPECIFIED.);
#30=B_SPLINE_SURFACE_WITH_KNOTS('',3,1,((#7535,#7536),(#7537,#7538),(#7539,
#7540),(#7541,#7542),(#7543,#7544)),.UNSPECIFIED.,.F.,.F.,.F.,(4,1,4),(2,
2),(-0.208751748302841,-0.103295589735415,0.),(0.,0.2),.UNSPECIFIED.);
#31=B_SPLINE_SURFACE_WITH_KNOTS('',3,1,((#7552,#7553),(#7554,#7555),(#7556,
#7557),(#7558,#7559),(#7560,#7561)),.UNSPECIFIED.,.F.,.F.,.F.,(4,1,4),(2,
2),(-0.223239967255975,-0.115790049859564,0.),(0.,0.2),.UNSPECIFIED.);
#32=B_SPLINE_SURFACE_WITH_KNOTS('',3,1,((#7569,#7570),(#7571,#7572),(#7573,
#7574),(#7575,#7576),(#7577,#7578)),.UNSPECIFIED.,.F.,.F.,.F.,(4,1,4),(2,
2),(-0.271476941786918,-0.119505421490818,0.),(0.,0.2),.UNSPECIFIED.);
#33=B_SPLINE_SURFACE_WITH_KNOTS('',3,1,((#7590,#7591),(#7592,#7593),(#7594,
#7595),(#7596,#7597),(#7598,#7599)),.UNSPECIFIED.,.F.,.F.,.F.,(4,1,4),(2,
2),(-0.112586942365671,-0.060507757745241,0.),(0.,0.2),.UNSPECIFIED.);
#34=B_SPLINE_SURFACE_WITH_KNOTS('',3,1,((#7607,#7608),(#7609,#7610),(#7611,
#7612),(#7613,#7614),(#7615,#7616)),.UNSPECIFIED.,.F.,.F.,.F.,(4,1,4),(2,
2),(-0.0968836390739701,-0.0481784903406716,0.),(0.,0.2),.UNSPECIFIED.);
#35=B_SPLINE_SURFACE_WITH_KNOTS('',3,1,((#7624,#7625),(#7626,#7627),(#7628,
#7629),(#7630,#7631),(#7632,#7633)),.UNSPECIFIED.,.F.,.F.,.F.,(4,1,4),(2,
2),(-0.0636246849989725,-0.0329855523714361,0.),(0.,0.2),.UNSPECIFIED.);
#36=B_SPLINE_SURFACE_WITH_KNOTS('',3,1,((#7641,#7642),(#7643,#7644),(#7645,
#7646),(#7647,#7648),(#7649,#7650)),.UNSPECIFIED.,.F.,.F.,.F.,(4,1,4),(2,
2),(-0.0730728856916478,-0.0329753956247006,0.),(0.,0.2),.UNSPECIFIED.);
#37=B_SPLINE_SURFACE_WITH_KNOTS('',3,1,((#7657,#7658),(#7659,#7660),(#7661,
#7662),(#7663,#7664),(#7665,#7666)),.UNSPECIFIED.,.F.,.F.,.F.,(4,1,4),(2,
2),(-0.0947337596970328,-0.0389360754691026,0.),(0.,0.2),.UNSPECIFIED.);
#38=B_SPLINE_SURFACE_WITH_KNOTS('',3,1,((#7676,#7677),(#7678,#7679),(#7680,
#7681),(#7682,#7683),(#7684,#7685)),.UNSPECIFIED.,.F.,.F.,.F.,(4,1,4),(2,
2),(-0.0865390444074783,-0.053638619523882,0.),(0.,0.2),.UNSPECIFIED.);
#39=B_SPLINE_SURFACE_WITH_KNOTS('',3,1,((#7693,#7694),(#7695,#7696),(#7697,
#7698),(#7699,#7700),(#7701,#7702)),.UNSPECIFIED.,.F.,.F.,.F.,(4,1,4),(2,
2),(-0.0628124134171666,-0.0324925227557039,0.),(0.,0.2),.UNSPECIFIED.);
#40=B_SPLINE_SURFACE_WITH_KNOTS('',3,1,((#7710,#7711),(#7712,#7713),(#7714,
#7715),(#7716,#7717),(#7718,#7719)),.UNSPECIFIED.,.F.,.F.,.F.,(4,1,4),(2,
2),(-0.0609711879200877,-0.0301260289974074,0.),(0.,0.2),.UNSPECIFIED.);
#41=B_SPLINE_SURFACE_WITH_KNOTS('',3,1,((#7727,#7728),(#7729,#7730),(#7731,
#7732),(#7733,#7734),(#7735,#7736)),.UNSPECIFIED.,.F.,.F.,.F.,(4,1,4),(2,
2),(-0.0657549140173246,-0.0319571873615994,0.),(0.,0.2),.UNSPECIFIED.);
#42=B_SPLINE_SURFACE_WITH_KNOTS('',3,1,((#7744,#7745),(#7746,#7747),(#7748,
#7749),(#7750,#7751),(#7752,#7753)),.UNSPECIFIED.,.F.,.F.,.F.,(4,1,4),(2,
2),(-0.0834499386336937,-0.0404414688731575,0.),(0.,0.2),.UNSPECIFIED.);
#43=B_SPLINE_SURFACE_WITH_KNOTS('',3,1,((#7761,#7762),(#7763,#7764),(#7765,
#7766),(#7767,#7768),(#7769,#7770)),.UNSPECIFIED.,.F.,.F.,.F.,(4,1,4),(2,
2),(-0.0624196353795444,-0.032092464917972,0.),(0.,0.2),.UNSPECIFIED.);
#44=B_SPLINE_SURFACE_WITH_KNOTS('',3,1,((#7778,#7779),(#7780,#7781),(#7782,
#7783),(#7784,#7785),(#7786,#7787)),.UNSPECIFIED.,.F.,.F.,.F.,(4,1,4),(2,
2),(-0.0739555686869241,-0.0284116049706004,0.),(0.,0.2),.UNSPECIFIED.);
#45=B_SPLINE_SURFACE_WITH_KNOTS('',3,1,((#7803,#7804),(#7805,#7806),(#7807,
#7808),(#7809,#7810),(#7811,#7812)),.UNSPECIFIED.,.F.,.F.,.F.,(4,1,4),(2,
2),(-0.148245543418319,-0.0785324189032466,0.),(0.,0.2),.UNSPECIFIED.);
#46=B_SPLINE_SURFACE_WITH_KNOTS('',3,1,((#7820,#7821),(#7822,#7823),(#7824,
#7825),(#7826,#7827),(#7828,#7829)),.UNSPECIFIED.,.F.,.F.,.F.,(4,1,4),(2,
2),(-0.174158707091817,-0.0761683028385385,0.),(0.,0.2),.UNSPECIFIED.);
#47=B_SPLINE_SURFACE_WITH_KNOTS('',3,1,((#7837,#7838),(#7839,#7840),(#7841,
#7842),(#7843,#7844),(#7845,#7846)),.UNSPECIFIED.,.F.,.F.,.F.,(4,1,4),(2,
2),(-0.153120585378567,-0.0882883266524202,0.),(0.,0.2),.UNSPECIFIED.);
#48=B_SPLINE_SURFACE_WITH_KNOTS('',3,1,((#7854,#7855),(#7856,#7857),(#7858,
#7859),(#7860,#7861),(#7862,#7863)),.UNSPECIFIED.,.F.,.F.,.F.,(4,1,4),(2,
2),(-0.0934476298663575,-0.0500779270274739,0.),(0.,0.2),.UNSPECIFIED.);
#49=B_SPLINE_SURFACE_WITH_KNOTS('',3,1,((#7871,#7872),(#7873,#7874),(#7875,
#7876),(#7877,#7878),(#7879,#7880)),.UNSPECIFIED.,.F.,.F.,.F.,(4,1,4),(2,
2),(-0.137378885470755,-0.0543098696428632,0.),(0.,0.2),.UNSPECIFIED.);
#50=B_SPLINE_SURFACE_WITH_KNOTS('',3,1,((#7892,#7893),(#7894,#7895),(#7896,
#7897),(#7898,#7899),(#7900,#7901)),.UNSPECIFIED.,.F.,.F.,.F.,(4,1,4),(2,
2),(-0.11126145157527,-0.0653510607818292,0.),(0.,0.2),.UNSPECIFIED.);
#51=B_SPLINE_SURFACE_WITH_KNOTS('',3,1,((#7909,#7910),(#7911,#7912),(#7913,
#7914),(#7915,#7916),(#7917,#7918)),.UNSPECIFIED.,.F.,.F.,.F.,(4,1,4),(2,
2),(-0.0813623861298048,-0.0384292285480636,0.),(0.,0.2),.UNSPECIFIED.);
#52=B_SPLINE_SURFACE_WITH_KNOTS('',3,1,((#7930,#7931),(#7932,#7933),(#7934,
#7935),(#7936,#7937),(#7938,#7939)),.UNSPECIFIED.,.F.,.F.,.F.,(4,1,4),(2,
2),(-0.046889791475571,-0.0197903961136147,0.),(0.,0.2),.UNSPECIFIED.);
#53=B_SPLINE_SURFACE_WITH_KNOTS('',3,1,((#7947,#7948),(#7949,#7950),(#7951,
#7952),(#7953,#7954),(#7955,#7956)),.UNSPECIFIED.,.F.,.F.,.F.,(4,1,4),(2,
2),(-0.0185230312247008,-0.0116016411835363,0.),(0.,0.2),.UNSPECIFIED.);
#54=B_SPLINE_SURFACE_WITH_KNOTS('',3,1,((#7964,#7965),(#7966,#7967),(#7968,
#7969),(#7970,#7971),(#7972,#7973)),.UNSPECIFIED.,.F.,.F.,.F.,(4,1,4),(2,
2),(-0.100541133260568,-0.0518020731686848,0.),(0.,0.2),.UNSPECIFIED.);
#55=B_SPLINE_SURFACE_WITH_KNOTS('',3,1,((#7981,#7982),(#7983,#7984),(#7985,
#7986),(#7987,#7988),(#7989,#7990)),.UNSPECIFIED.,.F.,.F.,.F.,(4,1,4),(2,
2),(-0.0963549349667616,-0.0476533317751087,0.),(0.,0.2),.UNSPECIFIED.);
#56=B_SPLINE_SURFACE_WITH_KNOTS('',3,1,((#7998,#7999),(#8000,#8001),(#8002,
#8003),(#8004,#8005),(#8006,#8007)),.UNSPECIFIED.,.F.,.F.,.F.,(4,1,4),(2,
2),(-0.149626909438531,-0.0796551729850143,0.),(0.,0.2),.UNSPECIFIED.);
#57=B_SPLINE_SURFACE_WITH_KNOTS('',3,1,((#8015,#8016),(#8017,#8018),(#8019,
#8020),(#8021,#8022),(#8023,#8024)),.UNSPECIFIED.,.F.,.F.,.F.,(4,1,4),(2,
2),(-0.134093794339636,-0.0661623275804748,0.),(0.,0.2),.UNSPECIFIED.);
#58=B_SPLINE_SURFACE_WITH_KNOTS('',3,1,((#8032,#8033),(#8034,#8035),(#8036,
#8037),(#8038,#8039),(#8040,#8041)),.UNSPECIFIED.,.F.,.F.,.F.,(4,1,4),(2,
2),(-0.0901191890654426,-0.0460845465628706,0.),(0.,0.2),.UNSPECIFIED.);
#59=B_SPLINE_SURFACE_WITH_KNOTS('',3,1,((#8049,#8050),(#8051,#8052),(#8053,
#8054),(#8055,#8056),(#8057,#8058)),.UNSPECIFIED.,.F.,.F.,.F.,(4,1,4),(2,
2),(-0.0878478671851494,-0.0434369501791033,0.),(0.,0.2),.UNSPECIFIED.);
#60=B_SPLINE_SURFACE_WITH_KNOTS('',3,1,((#8066,#8067),(#8068,#8069),(#8070,
#8071),(#8072,#8073),(#8074,#8075)),.UNSPECIFIED.,.F.,.F.,.F.,(4,1,4),(2,
2),(-0.125329109892959,-0.0542125018028748,0.),(0.,0.2),.UNSPECIFIED.);
#61=B_SPLINE_SURFACE_WITH_KNOTS('',3,1,((#8083,#8084),(#8085,#8086),(#8087,
#8088),(#8089,#8090),(#8091,#8092)),.UNSPECIFIED.,.F.,.F.,.F.,(4,1,4),(2,
2),(-0.151395112111419,-0.0915981147417471,0.),(0.,0.2),.UNSPECIFIED.);
#62=B_SPLINE_SURFACE_WITH_KNOTS('',3,1,((#8104,#8105),(#8106,#8107),(#8108,
#8109),(#8110,#8111),(#8112,#8113)),.UNSPECIFIED.,.F.,.F.,.F.,(4,1,4),(2,
2),(-0.0672003949761449,-0.0376470785922839,0.),(0.,0.2),.UNSPECIFIED.);
#63=B_SPLINE_SURFACE_WITH_KNOTS('',3,1,((#8121,#8122),(#8123,#8124),(#8125,
#8126),(#8127,#8128),(#8129,#8130)),.UNSPECIFIED.,.F.,.F.,.F.,(4,1,4),(2,
2),(-0.0842882441928824,-0.0339891507178961,0.),(0.,0.2),.UNSPECIFIED.);
#64=B_SPLINE_SURFACE_WITH_KNOTS('',3,1,((#8138,#8139),(#8140,#8141),(#8142,
#8143),(#8144,#8145),(#8146,#8147)),.UNSPECIFIED.,.F.,.F.,.F.,(4,1,4),(2,
2),(-0.0655603631513048,-0.0360701241454597,0.),(0.,0.2),.UNSPECIFIED.);
#65=B_SPLINE_SURFACE_WITH_KNOTS('',3,1,((#8155,#8156),(#8157,#8158),(#8159,
#8160),(#8161,#8162),(#8163,#8164)),.UNSPECIFIED.,.F.,.F.,.F.,(4,1,4),(2,
2),(-0.0672959358322942,-0.0298780136684188,0.),(0.,0.2),.UNSPECIFIED.);
#66=B_SPLINE_SURFACE_WITH_KNOTS('',3,1,((#8171,#8172),(#8173,#8174),(#8175,
#8176),(#8177,#8178),(#8179,#8180)),.UNSPECIFIED.,.F.,.F.,.F.,(4,1,4),(2,
2),(-0.107038763269002,-0.0584115719584699,0.),(0.,0.2),.UNSPECIFIED.);
#67=B_SPLINE_SURFACE_WITH_KNOTS('',3,1,((#8190,#8191),(#8192,#8193),(#8194,
#8195),(#8196,#8197),(#8198,#8199)),.UNSPECIFIED.,.F.,.F.,.F.,(4,1,4),(2,
2),(-0.087475901993313,-0.0439327402890408,0.),(0.,0.2),.UNSPECIFIED.);
#68=B_SPLINE_SURFACE_WITH_KNOTS('',3,1,((#8207,#8208),(#8209,#8210),(#8211,
#8212),(#8213,#8214),(#8215,#8216)),.UNSPECIFIED.,.F.,.F.,.F.,(4,1,4),(2,
2),(-0.0914192313846593,-0.0460054994453571,0.),(0.,0.2),.UNSPECIFIED.);
#69=B_SPLINE_SURFACE_WITH_KNOTS('',3,1,((#8224,#8225),(#8226,#8227),(#8228,
#8229),(#8230,#8231),(#8232,#8233)),.UNSPECIFIED.,.F.,.F.,.F.,(4,1,4),(2,
2),(-0.10461552206694,-0.0487662969120392,0.),(0.,0.2),.UNSPECIFIED.);
#70=B_SPLINE_SURFACE_WITH_KNOTS('',3,1,((#8249,#8250),(#8251,#8252),(#8253,
#8254),(#8255,#8256),(#8257,#8258)),.UNSPECIFIED.,.F.,.F.,.F.,(4,1,4),(2,
2),(-0.157751213962198,-0.081883674269846,0.),(0.,0.2),.UNSPECIFIED.);
#71=B_SPLINE_SURFACE_WITH_KNOTS('',3,1,((#8266,#8267),(#8268,#8269),(#8270,
#8271),(#8272,#8273),(#8274,#8275)),.UNSPECIFIED.,.F.,.F.,.F.,(4,1,4),(2,
2),(-0.164349992361879,-0.077535524584342,0.),(0.,0.2),.UNSPECIFIED.);
#72=B_SPLINE_SURFACE_WITH_KNOTS('',3,1,((#8283,#8284),(#8285,#8286),(#8287,
#8288),(#8289,#8290),(#8291,#8292)),.UNSPECIFIED.,.F.,.F.,.F.,(4,1,4),(2,
2),(-0.248134303728174,-0.131705246599949,0.),(0.,0.2),.UNSPECIFIED.);
#73=B_SPLINE_SURFACE_WITH_KNOTS('',3,1,((#8300,#8301),(#8302,#8303),(#8304,
#8305),(#8306,#8307),(#8308,#8309)),.UNSPECIFIED.,.F.,.F.,.F.,(4,1,4),(2,
2),(-0.207123168337777,-0.0977148986896701,0.),(0.,0.2),.UNSPECIFIED.);
#74=B_SPLINE_SURFACE_WITH_KNOTS('',3,1,((#8317,#8318),(#8319,#8320),(#8321,
#8322),(#8323,#8324),(#8325,#8326)),.UNSPECIFIED.,.F.,.F.,.F.,(4,1,4),(2,
2),(-0.238423747789889,-0.12777297998653,0.),(0.,0.2),.UNSPECIFIED.);
#75=B_SPLINE_SURFACE_WITH_KNOTS('',3,1,((#8334,#8335),(#8336,#8337),(#8338,
#8339),(#8340,#8341),(#8342,#8343)),.UNSPECIFIED.,.F.,.F.,.F.,(4,1,4),(2,
2),(-0.208751687265966,-0.103295601841983,0.),(0.,0.2),.UNSPECIFIED.);
#76=B_SPLINE_SURFACE_WITH_KNOTS('',3,1,((#8351,#8352),(#8353,#8354),(#8355,
#8356),(#8357,#8358),(#8359,#8360)),.UNSPECIFIED.,.F.,.F.,.F.,(4,1,4),(2,
2),(-0.223240084485598,-0.115790167089187,0.),(0.,0.2),.UNSPECIFIED.);
#77=B_SPLINE_SURFACE_WITH_KNOTS('',3,1,((#8368,#8369),(#8370,#8371),(#8372,
#8373),(#8374,#8375),(#8376,#8377)),.UNSPECIFIED.,.F.,.F.,.F.,(4,1,4),(2,
2),(-0.271476929252699,-0.119505421490818,0.),(0.,0.2),.UNSPECIFIED.);
#78=B_SPLINE_SURFACE_WITH_KNOTS('',3,1,((#8389,#8390),(#8391,#8392),(#8393,
#8394),(#8395,#8396),(#8397,#8398)),.UNSPECIFIED.,.F.,.F.,.F.,(4,1,4),(2,
2),(-0.112586946993772,-0.0605077699805215,0.),(0.,0.2),.UNSPECIFIED.);
#79=B_SPLINE_SURFACE_WITH_KNOTS('',3,1,((#8406,#8407),(#8408,#8409),(#8410,
#8411),(#8412,#8413),(#8414,#8415)),.UNSPECIFIED.,.F.,.F.,.F.,(4,1,4),(2,
2),(-0.0968836340777912,-0.0481785145946231,0.),(0.,0.2),.UNSPECIFIED.);
#80=B_SPLINE_SURFACE_WITH_KNOTS('',3,1,((#8423,#8424),(#8425,#8426),(#8427,
#8428),(#8429,#8430),(#8431,#8432)),.UNSPECIFIED.,.F.,.F.,.F.,(4,1,4),(2,
2),(-0.0636246785430894,-0.0329854934103024,0.),(0.,0.2),.UNSPECIFIED.);
#81=B_SPLINE_SURFACE_WITH_KNOTS('',3,1,((#8440,#8441),(#8442,#8443),(#8444,
#8445),(#8446,#8447),(#8448,#8449)),.UNSPECIFIED.,.F.,.F.,.F.,(4,1,4),(2,
2),(-0.0730728323853753,-0.0329753764503853,0.),(0.,0.2),.UNSPECIFIED.);
#82=B_SPLINE_SURFACE_WITH_KNOTS('',3,1,((#8466,#8467),(#8468,#8469),(#8470,
#8471),(#8472,#8473),(#8474,#8475)),.UNSPECIFIED.,.F.,.F.,.F.,(4,1,4),(2,
2),(-0.115531998127071,-0.075332563823077,0.),(0.,0.2),.UNSPECIFIED.);
#83=B_SPLINE_SURFACE_WITH_KNOTS('',3,1,((#8483,#8484),(#8485,#8486),(#8487,
#8488),(#8489,#8490),(#8491,#8492)),.UNSPECIFIED.,.F.,.F.,.F.,(4,1,4),(2,
2),(-0.0711277387254938,-0.0376653447786898,0.),(0.,0.2),.UNSPECIFIED.);
#84=B_SPLINE_SURFACE_WITH_KNOTS('',3,1,((#8500,#8501),(#8502,#8503),(#8504,
#8505),(#8506,#8507),(#8508,#8509)),.UNSPECIFIED.,.F.,.F.,.F.,(4,1,4),(2,
2),(-0.0671695752167625,-0.0322356623478072,0.),(0.,0.2),.UNSPECIFIED.);
#85=B_SPLINE_SURFACE_WITH_KNOTS('',3,1,((#8517,#8518),(#8519,#8520),(#8521,
#8522),(#8523,#8524),(#8525,#8526)),.UNSPECIFIED.,.F.,.F.,.F.,(4,1,4),(2,
2),(-0.0637675663924144,-0.0334801799108404,0.),(0.,0.2),.UNSPECIFIED.);
#86=B_SPLINE_SURFACE_WITH_KNOTS('',3,1,((#8534,#8535),(#8536,#8537),(#8538,
#8539),(#8540,#8541),(#8542,#8543)),.UNSPECIFIED.,.F.,.F.,.F.,(4,1,4),(2,
2),(-0.0671066623476804,-0.0310336128847226,0.),(0.,0.2),.UNSPECIFIED.);
#87=B_SPLINE_SURFACE_WITH_KNOTS('',3,1,((#8551,#8552),(#8553,#8554),(#8555,
#8556),(#8557,#8558),(#8559,#8560)),.UNSPECIFIED.,.F.,.F.,.F.,(4,1,4),(2,
2),(-0.135935415837352,-0.0458328346558916,0.),(0.,0.2),.UNSPECIFIED.);
#88=B_SPLINE_SURFACE_WITH_KNOTS('',3,1,((#8580,#8581),(#8582,#8583),(#8584,
#8585),(#8586,#8587),(#8588,#8589)),.UNSPECIFIED.,.F.,.F.,.F.,(4,1,4),(2,
2),(-0.109212604990296,-0.0702374549415484,0.),(0.,0.2),.UNSPECIFIED.);
#89=B_SPLINE_SURFACE_WITH_KNOTS('',3,1,((#8597,#8598),(#8599,#8600),(#8601,
#8602),(#8603,#8604),(#8605,#8606)),.UNSPECIFIED.,.F.,.F.,.F.,(4,1,4),(2,
2),(-0.0666967798934525,-0.0340139324677596,0.),(0.,0.2),.UNSPECIFIED.);
#90=B_SPLINE_SURFACE_WITH_KNOTS('',3,1,((#8614,#8615),(#8616,#8617),(#8618,
#8619),(#8620,#8621),(#8622,#8623)),.UNSPECIFIED.,.F.,.F.,.F.,(4,1,4),(2,
2),(-0.0717262942909237,-0.0336515295150353,0.),(0.,0.2),.UNSPECIFIED.);
#91=B_SPLINE_SURFACE_WITH_KNOTS('',3,1,((#8631,#8632),(#8633,#8634),(#8635,
#8636),(#8637,#8638),(#8639,#8640)),.UNSPECIFIED.,.F.,.F.,.F.,(4,1,4),(2,
2),(-0.0633183140061576,-0.0330442794272336,0.),(0.,0.2),.UNSPECIFIED.);
#92=B_SPLINE_SURFACE_WITH_KNOTS('',3,1,((#8648,#8649),(#8650,#8651),(#8652,
#8653),(#8654,#8655),(#8656,#8657)),.UNSPECIFIED.,.F.,.F.,.F.,(4,1,4),(2,
2),(-0.0621454401038722,-0.0299571501955005,0.),(0.,0.2),.UNSPECIFIED.);
#93=B_SPLINE_SURFACE_WITH_KNOTS('',3,1,((#8665,#8666),(#8667,#8668),(#8669,
#8670),(#8671,#8672),(#8673,#8674)),.UNSPECIFIED.,.F.,.F.,.F.,(4,1,4),(2,
2),(-0.141725849821854,-0.0521855696470643,0.),(0.,0.2),.UNSPECIFIED.);
#94=B_SPLINE_SURFACE_WITH_KNOTS('',3,1,((#8690,#8691),(#8692,#8693),(#8694,
#8695),(#8696,#8697),(#8698,#8699)),.UNSPECIFIED.,.F.,.F.,.F.,(4,1,4),(2,
2),(-0.139697476148852,-0.0815967189363344,0.),(0.,0.2),.UNSPECIFIED.);
#95=B_SPLINE_SURFACE_WITH_KNOTS('',3,1,((#8707,#8708),(#8709,#8710),(#8711,
#8712),(#8713,#8714),(#8715,#8716)),.UNSPECIFIED.,.F.,.F.,.F.,(4,1,4),(2,
2),(-0.0888940080309889,-0.0451352043469561,0.),(0.,0.2),.UNSPECIFIED.);
#96=B_SPLINE_SURFACE_WITH_KNOTS('',3,1,((#8724,#8725),(#8726,#8727),(#8728,
#8729),(#8730,#8731),(#8732,#8733)),.UNSPECIFIED.,.F.,.F.,.F.,(4,1,4),(2,
2),(-0.0898894944538387,-0.0439779274109118,0.),(0.,0.2),.UNSPECIFIED.);
#97=B_SPLINE_SURFACE_WITH_KNOTS('',3,1,((#8741,#8742),(#8743,#8744),(#8745,
#8746),(#8747,#8748),(#8749,#8750)),.UNSPECIFIED.,.F.,.F.,.F.,(4,1,4),(2,
2),(-0.096109186044624,-0.0471932958601918,0.),(0.,0.2),.UNSPECIFIED.);
#98=B_SPLINE_SURFACE_WITH_KNOTS('',3,1,((#8758,#8759),(#8760,#8761),(#8762,
#8763),(#8764,#8765),(#8766,#8767)),.UNSPECIFIED.,.F.,.F.,.F.,(4,1,4),(2,
2),(-0.106942037642468,-0.0535605448903968,0.),(0.,0.2),.UNSPECIFIED.);
#99=B_SPLINE_SURFACE_WITH_KNOTS('',3,1,((#8775,#8776),(#8777,#8778),(#8779,
#8780),(#8781,#8782),(#8783,#8784)),.UNSPECIFIED.,.F.,.F.,.F.,(4,1,4),(2,
2),(-0.107613179385668,-0.0535400281302286,0.),(0.,0.2),.UNSPECIFIED.);
#100=B_SPLINE_SURFACE_WITH_KNOTS('',3,1,((#8792,#8793),(#8794,#8795),(#8796,
#8797),(#8798,#8799),(#8800,#8801)),.UNSPECIFIED.,.F.,.F.,.F.,(4,1,4),(2,
2),(-0.133438591751365,-0.0696687304437776,0.),(0.,0.2),.UNSPECIFIED.);
#101=B_SPLINE_SURFACE_WITH_KNOTS('',3,1,((#8809,#8810),(#8811,#8812),(#8813,
#8814),(#8815,#8816),(#8817,#8818)),.UNSPECIFIED.,.F.,.F.,.F.,(4,1,4),(2,
2),(-0.126618045840235,-0.0621077371229013,0.),(0.,0.2),.UNSPECIFIED.);
#102=B_SPLINE_SURFACE_WITH_KNOTS('',3,1,((#8826,#8827),(#8828,#8829),(#8830,
#8831),(#8832,#8833),(#8834,#8835)),.UNSPECIFIED.,.F.,.F.,.F.,(4,1,4),(2,
2),(-0.108135538470724,-0.0533391530784994,0.),(0.,0.2),.UNSPECIFIED.);
#103=B_SPLINE_SURFACE_WITH_KNOTS('',3,1,((#8843,#8844),(#8845,#8846),(#8847,
#8848),(#8849,#8850),(#8851,#8852)),.UNSPECIFIED.,.F.,.F.,.F.,(4,1,4),(2,
2),(-0.106839247046911,-0.0543782297406506,0.),(0.,0.2),.UNSPECIFIED.);
#104=B_SPLINE_SURFACE_WITH_KNOTS('',3,1,((#8860,#8861),(#8862,#8863),(#8864,
#8865),(#8866,#8867),(#8868,#8869)),.UNSPECIFIED.,.F.,.F.,.F.,(4,1,4),(2,
2),(-0.113872779291007,-0.0541366660785826,0.),(0.,0.2),.UNSPECIFIED.);
#105=B_SPLINE_SURFACE_WITH_KNOTS('',3,1,((#8877,#8878),(#8879,#8880),(#8881,
#8882),(#8883,#8884),(#8885,#8886)),.UNSPECIFIED.,.F.,.F.,.F.,(4,1,4),(2,
2),(-0.191852152418712,-0.067899932011214,0.),(0.,0.2),.UNSPECIFIED.);
#106=B_SPLINE_SURFACE_WITH_KNOTS('',3,1,((#8911,#8912),(#8913,#8914),(#8915,
#8916),(#8917,#8918),(#8919,#8920)),.UNSPECIFIED.,.F.,.F.,.F.,(4,1,4),(2,
2),(-0.126644099715599,-0.0784788075750535,0.),(0.,0.2),.UNSPECIFIED.);
#107=B_SPLINE_SURFACE_WITH_KNOTS('',3,1,((#8928,#8929),(#8930,#8931),(#8932,
#8933),(#8934,#8935),(#8936,#8937)),.UNSPECIFIED.,.F.,.F.,.F.,(4,1,4),(2,
2),(-0.0637049029110251,-0.0324035013613118,0.),(0.,0.2),.UNSPECIFIED.);
#108=B_SPLINE_SURFACE_WITH_KNOTS('',3,1,((#8945,#8946),(#8947,#8948),(#8949,
#8950),(#8951,#8952),(#8953,#8954)),.UNSPECIFIED.,.F.,.F.,.F.,(4,1,4),(2,
2),(-0.0645745109086421,-0.0315035023564515,0.),(0.,0.2),.UNSPECIFIED.);
#109=B_SPLINE_SURFACE_WITH_KNOTS('',3,1,((#8962,#8963),(#8964,#8965),(#8966,
#8967),(#8968,#8969),(#8970,#8971)),.UNSPECIFIED.,.F.,.F.,.F.,(4,1,4),(2,
2),(-0.0766282684350846,-0.0397136725955587,0.),(0.,0.2),.UNSPECIFIED.);
#110=B_SPLINE_SURFACE_WITH_KNOTS('',3,1,((#8979,#8980),(#8981,#8982),(#8983,
#8984),(#8985,#8986),(#8987,#8988)),.UNSPECIFIED.,.F.,.F.,.F.,(4,1,4),(2,
2),(-0.0738792121318386,-0.0365101733648994,0.),(0.,0.2),.UNSPECIFIED.);
#111=B_SPLINE_SURFACE_WITH_KNOTS('',3,1,((#8996,#8997),(#8998,#8999),(#9000,
#9001),(#9002,#9003),(#9004,#9005)),.UNSPECIFIED.,.F.,.F.,.F.,(4,1,4),(2,
2),(-0.114606037439261,-0.0430235226044433,0.),(0.,0.2),.UNSPECIFIED.);
#112=B_SPLINE_SURFACE_WITH_KNOTS('',3,1,((#9025,#9026),(#9027,#9028),(#9029,
#9030),(#9031,#9032),(#9033,#9034)),.UNSPECIFIED.,.F.,.F.,.F.,(4,1,4),(2,
2),(-0.189663492263935,-0.119811838277916,0.),(0.,0.2),.UNSPECIFIED.);
#113=B_SPLINE_SURFACE_WITH_KNOTS('',3,1,((#9042,#9043),(#9044,#9045),(#9046,
#9047),(#9048,#9049),(#9050,#9051)),.UNSPECIFIED.,.F.,.F.,.F.,(4,1,4),(2,
2),(-0.139040114607752,-0.0682387810933076,0.),(0.,0.2),.UNSPECIFIED.);
#114=B_SPLINE_SURFACE_WITH_KNOTS('',3,1,((#9059,#9060),(#9061,#9062),(#9063,
#9064),(#9065,#9066),(#9067,#9068)),.UNSPECIFIED.,.F.,.F.,.F.,(4,1,4),(2,
2),(-0.162237711688844,-0.0761445083052227,0.),(0.,0.2),.UNSPECIFIED.);
#115=B_SPLINE_SURFACE_WITH_KNOTS('',3,1,((#9076,#9077),(#9078,#9079),(#9080,
#9081),(#9082,#9083),(#9084,#9085)),.UNSPECIFIED.,.F.,.F.,.F.,(4,1,4),(2,
2),(-0.125671147598041,-0.0670594298503714,0.),(0.,0.2),.UNSPECIFIED.);
#116=B_SPLINE_SURFACE_WITH_KNOTS('',3,1,((#9093,#9094),(#9095,#9096),(#9097,
#9098),(#9099,#9100),(#9101,#9102)),.UNSPECIFIED.,.F.,.F.,.F.,(4,1,4),(2,
2),(-0.10318481108758,-0.0532758891823819,0.),(0.,0.2),.UNSPECIFIED.);
#117=B_SPLINE_SURFACE_WITH_KNOTS('',3,1,((#9110,#9111),(#9112,#9113),(#9114,
#9115),(#9116,#9117),(#9118,#9119)),.UNSPECIFIED.,.F.,.F.,.F.,(4,1,4),(2,
2),(-0.0909465895322974,-0.0471255458483319,0.),(0.,0.2),.UNSPECIFIED.);
#118=B_SPLINE_SURFACE_WITH_KNOTS('',3,1,((#9127,#9128),(#9129,#9130),(#9131,
#9132),(#9133,#9134),(#9135,#9136)),.UNSPECIFIED.,.F.,.F.,.F.,(4,1,4),(2,
2),(-0.165445987729604,-0.0702015517068627,0.),(0.,0.2),.UNSPECIFIED.);
#119=B_SPLINE_SURFACE_WITH_KNOTS('',3,1,((#9155,#9156),(#9157,#9158),(#9159,
#9160),(#9161,#9162),(#9163,#9164)),.UNSPECIFIED.,.F.,.F.,.F.,(4,1,4),(2,
2),(-0.135636259207709,-0.0789392095712351,0.),(0.,0.2),.UNSPECIFIED.);
#120=B_SPLINE_SURFACE_WITH_KNOTS('',3,1,((#9174,#9175),(#9176,#9177),(#9178,
#9179),(#9180,#9181),(#9182,#9183)),.UNSPECIFIED.,.F.,.F.,.F.,(4,1,4),(2,
2),(-0.122406470357363,-0.0622871205629905,0.),(0.,0.2),.UNSPECIFIED.);
#121=B_SPLINE_SURFACE_WITH_KNOTS('',3,1,((#9191,#9192),(#9193,#9194),(#9195,
#9196),(#9197,#9198),(#9199,#9200)),.UNSPECIFIED.,.F.,.F.,.F.,(4,1,4),(2,
2),(-0.101788386342421,-0.0494618811606881,0.),(0.,0.2),.UNSPECIFIED.);
#122=B_SPLINE_SURFACE_WITH_KNOTS('',3,1,((#9208,#9209),(#9210,#9211),(#9212,
#9213),(#9214,#9215),(#9216,#9217)),.UNSPECIFIED.,.F.,.F.,.F.,(4,1,4),(2,
2),(-0.139353154995169,-0.0616722840841211,0.),(0.,0.2),.UNSPECIFIED.);
#123=B_SPLINE_SURFACE_WITH_KNOTS('',3,1,((#9225,#9226),(#9227,#9228),(#9229,
#9230),(#9231,#9232),(#9233,#9234)),.UNSPECIFIED.,.F.,.F.,.F.,(4,1,4),(2,
2),(-0.147887092771849,-0.0849908622613367,0.),(0.,0.2),.UNSPECIFIED.);
#124=B_SPLINE_SURFACE_WITH_KNOTS('',3,1,((#9242,#9243),(#9244,#9245),(#9246,
#9247),(#9248,#9249),(#9250,#9251)),.UNSPECIFIED.,.F.,.F.,.F.,(4,1,4),(2,
2),(-0.103319711278811,-0.0518185780266935,0.),(0.,0.2),.UNSPECIFIED.);
#125=B_SPLINE_SURFACE_WITH_KNOTS('',3,1,((#9259,#9260),(#9261,#9262),(#9263,
#9264),(#9265,#9266),(#9267,#9268)),.UNSPECIFIED.,.F.,.F.,.F.,(4,1,4),(2,
2),(-0.102213627671018,-0.0504883755710974,0.),(0.,0.2),.UNSPECIFIED.);
#126=B_SPLINE_SURFACE_WITH_KNOTS('',3,1,((#9276,#9277),(#9278,#9279),(#9280,
#9281),(#9282,#9283),(#9284,#9285)),.UNSPECIFIED.,.F.,.F.,.F.,(4,1,4),(2,
2),(-0.134655742039797,-0.0597825942307695,0.),(0.,0.2),.UNSPECIFIED.);
#127=B_SPLINE_SURFACE_WITH_KNOTS('',3,1,((#9301,#9302),(#9303,#9304),(#9305,
#9306),(#9307,#9308),(#9309,#9310)),.UNSPECIFIED.,.F.,.F.,.F.,(4,1,4),(2,
2),(-0.110804310591899,-0.0571553694944635,0.),(0.,0.2),.UNSPECIFIED.);
#128=B_SPLINE_SURFACE_WITH_KNOTS('',3,1,((#9318,#9319),(#9320,#9321),(#9322,
#9323),(#9324,#9325),(#9326,#9327)),.UNSPECIFIED.,.F.,.F.,.F.,(4,1,4),(2,
2),(-0.0994981613929944,-0.0509905777146999,0.),(0.,0.2),.UNSPECIFIED.);
#129=B_SPLINE_SURFACE_WITH_KNOTS('',3,1,((#9335,#9336),(#9337,#9338),(#9339,
#9340),(#9341,#9342),(#9343,#9344)),.UNSPECIFIED.,.F.,.F.,.F.,(4,1,4),(2,
2),(-0.190739078654668,-0.0933662665078065,0.),(0.,0.2),.UNSPECIFIED.);
#130=B_SPLINE_SURFACE_WITH_KNOTS('',3,1,((#9352,#9353),(#9354,#9355),(#9356,
#9357),(#9358,#9359),(#9360,#9361)),.UNSPECIFIED.,.F.,.F.,.F.,(4,1,4),(2,
2),(-0.235823439146671,-0.10845863440257,0.),(0.,0.2),.UNSPECIFIED.);
#131=B_SPLINE_SURFACE_WITH_KNOTS('',3,1,((#9369,#9370),(#9371,#9372),(#9373,
#9374),(#9375,#9376),(#9377,#9378)),.UNSPECIFIED.,.F.,.F.,.F.,(4,1,4),(2,
2),(-0.234778865365815,-0.128764812777141,0.),(0.,0.2),.UNSPECIFIED.);
#132=B_SPLINE_SURFACE_WITH_KNOTS('',3,1,((#9386,#9387),(#9388,#9389),(#9390,
#9391),(#9392,#9393),(#9394,#9395)),.UNSPECIFIED.,.F.,.F.,.F.,(4,1,4),(2,
2),(-0.192785774580993,-0.0957320232398136,0.),(0.,0.2),.UNSPECIFIED.);
#133=B_SPLINE_SURFACE_WITH_KNOTS('',3,1,((#9403,#9404),(#9405,#9406),(#9407,
#9408),(#9409,#9410),(#9411,#9412)),.UNSPECIFIED.,.F.,.F.,.F.,(4,1,4),(2,
2),(-0.188154842331449,-0.0913483526120351,0.),(0.,0.2),.UNSPECIFIED.);
#134=FACE_BOUND('',#775,.T.);
#135=FACE_BOUND('',#776,.T.);
#136=FACE_BOUND('',#777,.T.);
#137=FACE_BOUND('',#778,.T.);
#138=FACE_BOUND('',#779,.T.);
#139=FACE_BOUND('',#780,.T.);
#140=FACE_BOUND('',#781,.T.);
#141=FACE_BOUND('',#782,.T.);
#142=FACE_BOUND('',#783,.T.);
#143=FACE_BOUND('',#784,.T.);
#144=FACE_BOUND('',#785,.T.);
#145=FACE_BOUND('',#786,.T.);
#146=FACE_BOUND('',#787,.T.);
#147=FACE_BOUND('',#788,.T.);
#148=FACE_BOUND('',#789,.T.);
#149=FACE_BOUND('',#790,.T.);
#150=FACE_BOUND('',#791,.T.);
#151=FACE_BOUND('',#875,.T.);
#152=FACE_BOUND('',#876,.T.);
#153=FACE_BOUND('',#877,.T.);
#154=FACE_BOUND('',#878,.T.);
#155=FACE_BOUND('',#879,.T.);
#156=FACE_BOUND('',#880,.T.);
#157=FACE_BOUND('',#881,.T.);
#158=FACE_BOUND('',#895,.T.);
#159=FACE_BOUND('',#896,.T.);
#160=FACE_BOUND('',#897,.T.);
#161=FACE_BOUND('',#898,.T.);
#162=FACE_BOUND('',#899,.T.);
#163=FACE_BOUND('',#900,.T.);
#164=FACE_BOUND('',#901,.T.);
#165=FACE_BOUND('',#902,.T.);
#166=FACE_BOUND('',#903,.T.);
#167=FACE_BOUND('',#904,.T.);
#168=FACE_BOUND('',#905,.T.);
#169=FACE_BOUND('',#906,.T.);
#170=FACE_BOUND('',#907,.T.);
#171=FACE_BOUND('',#908,.T.);
#172=FACE_BOUND('',#909,.T.);
#173=FACE_BOUND('',#910,.T.);
#174=FACE_BOUND('',#911,.T.);
#175=FACE_BOUND('',#932,.T.);
#176=FACE_BOUND('',#968,.T.);
#177=FACE_BOUND('',#989,.T.);
#178=FACE_BOUND('',#1024,.T.);
#179=FACE_BOUND('',#1025,.T.);
#180=FACE_BOUND('',#1048,.T.);
#181=FACE_BOUND('',#1070,.T.);
#182=B_SPLINE_CURVE_WITH_KNOTS('',3,(#6057,#6058,#6059,#6060,#6061),
 .UNSPECIFIED.,.F.,.F.,(4,1,4),(0.,0.058411562504132,0.107038723694663),
 .UNSPECIFIED.);
#183=B_SPLINE_CURVE_WITH_KNOTS('',3,(#6063,#6064,#6065,#6066,#6067),
 .UNSPECIFIED.,.F.,.F.,(4,1,4),(0.,0.0439327887481841,0.087476008903164),
 .UNSPECIFIED.);
#184=B_SPLINE_CURVE_WITH_KNOTS('',3,(#6069,#6070,#6071,#6072,#6073),
 .UNSPECIFIED.,.F.,.F.,(4,1,4),(0.,0.0460054117645974,0.0914191197357347),
 .UNSPECIFIED.);
#185=B_SPLINE_CURVE_WITH_KNOTS('',3,(#6075,#6076,#6077,#6078,#6079),
 .UNSPECIFIED.,.F.,.F.,(4,1,4),(0.,0.0487663042564337,0.104615535537674),
 .UNSPECIFIED.);
#186=B_SPLINE_CURVE_WITH_KNOTS('',3,(#6084,#6085,#6086,#6087,#6088),
 .UNSPECIFIED.,.F.,.F.,(4,1,4),(0.,0.0389360754691026,0.0947337596970328),
 .UNSPECIFIED.);
#187=B_SPLINE_CURVE_WITH_KNOTS('',3,(#6090,#6091,#6092,#6093,#6094),
 .UNSPECIFIED.,.F.,.F.,(4,1,4),(0.,0.053638619523882,0.0865390444074783),
 .UNSPECIFIED.);
#188=B_SPLINE_CURVE_WITH_KNOTS('',3,(#6096,#6097,#6098,#6099,#6100),
 .UNSPECIFIED.,.F.,.F.,(4,1,4),(0.,0.0324925227557039,0.0628124134171666),
 .UNSPECIFIED.);
#189=B_SPLINE_CURVE_WITH_KNOTS('',3,(#6102,#6103,#6104,#6105,#6106),
 .UNSPECIFIED.,.F.,.F.,(4,1,4),(0.,0.0301260289974074,0.0609711879200877),
 .UNSPECIFIED.);
#190=B_SPLINE_CURVE_WITH_KNOTS('',3,(#6108,#6109,#6110,#6111,#6112),
 .UNSPECIFIED.,.F.,.F.,(4,1,4),(0.,0.0319571873615994,0.0657549140173246),
 .UNSPECIFIED.);
#191=B_SPLINE_CURVE_WITH_KNOTS('',3,(#6114,#6115,#6116,#6117,#6118),
 .UNSPECIFIED.,.F.,.F.,(4,1,4),(0.,0.0404414688731575,0.0834499386336937),
 .UNSPECIFIED.);
#192=B_SPLINE_CURVE_WITH_KNOTS('',3,(#6120,#6121,#6122,#6123,#6124),
 .UNSPECIFIED.,.F.,.F.,(4,1,4),(0.,0.032092464917972,0.0624196353795444),
 .UNSPECIFIED.);
#193=B_SPLINE_CURVE_WITH_KNOTS('',3,(#6126,#6127,#6128,#6129,#6130),
 .UNSPECIFIED.,.F.,.F.,(4,1,4),(0.,0.0284116049706004,0.0739555686869241),
 .UNSPECIFIED.);
#194=B_SPLINE_CURVE_WITH_KNOTS('',3,(#6135,#6136,#6137,#6138,#6139),
 .UNSPECIFIED.,.F.,.F.,(4,1,4),(0.,0.0584115719584699,0.107038763269002),
 .UNSPECIFIED.);
#195=B_SPLINE_CURVE_WITH_KNOTS('',3,(#6141,#6142,#6143,#6144,#6145),
 .UNSPECIFIED.,.F.,.F.,(4,1,4),(0.,0.0439327402890408,0.087475901993313),
 .UNSPECIFIED.);
#196=B_SPLINE_CURVE_WITH_KNOTS('',3,(#6147,#6148,#6149,#6150,#6151),
 .UNSPECIFIED.,.F.,.F.,(4,1,4),(0.,0.0460054994453571,0.0914192313846593),
 .UNSPECIFIED.);
#197=B_SPLINE_CURVE_WITH_KNOTS('',3,(#6153,#6154,#6155,#6156,#6157),
 .UNSPECIFIED.,.F.,.F.,(4,1,4),(0.,0.0487662969120392,0.10461552206694),
 .UNSPECIFIED.);
#198=B_SPLINE_CURVE_WITH_KNOTS('',3,(#6166,#6167,#6168,#6169,#6170),
 .UNSPECIFIED.,.F.,.F.,(4,1,4),(0.,0.0702374549415484,0.109212604990296),
 .UNSPECIFIED.);
#199=B_SPLINE_CURVE_WITH_KNOTS('',3,(#6172,#6173,#6174,#6175,#6176),
 .UNSPECIFIED.,.F.,.F.,(4,1,4),(0.,0.0340139324677596,0.0666967798934525),
 .UNSPECIFIED.);
#200=B_SPLINE_CURVE_WITH_KNOTS('',3,(#6178,#6179,#6180,#6181,#6182),
 .UNSPECIFIED.,.F.,.F.,(4,1,4),(0.,0.0336515295150353,0.0717262942909237),
 .UNSPECIFIED.);
#201=B_SPLINE_CURVE_WITH_KNOTS('',3,(#6184,#6185,#6186,#6187,#6188),
 .UNSPECIFIED.,.F.,.F.,(4,1,4),(0.,0.0330442794272336,0.0633183140061576),
 .UNSPECIFIED.);
#202=B_SPLINE_CURVE_WITH_KNOTS('',3,(#6190,#6191,#6192,#6193,#6194),
 .UNSPECIFIED.,.F.,.F.,(4,1,4),(0.,0.0299571501955005,0.0621454401038722),
 .UNSPECIFIED.);
#203=B_SPLINE_CURVE_WITH_KNOTS('',3,(#6196,#6197,#6198,#6199,#6200),
 .UNSPECIFIED.,.F.,.F.,(4,1,4),(0.,0.0521855696470643,0.141725849821854),
 .UNSPECIFIED.);
#204=B_SPLINE_CURVE_WITH_KNOTS('',3,(#6209,#6210,#6211,#6212,#6213),
 .UNSPECIFIED.,.F.,.F.,(4,1,4),(0.,0.075332563823077,0.115531998127071),
 .UNSPECIFIED.);
#205=B_SPLINE_CURVE_WITH_KNOTS('',3,(#6215,#6216,#6217,#6218,#6219),
 .UNSPECIFIED.,.F.,.F.,(4,1,4),(0.,0.0376653447786898,0.0711277387254938),
 .UNSPECIFIED.);
#206=B_SPLINE_CURVE_WITH_KNOTS('',3,(#6221,#6222,#6223,#6224,#6225),
 .UNSPECIFIED.,.F.,.F.,(4,1,4),(0.,0.0322356623478072,0.0671695752167625),
 .UNSPECIFIED.);
#207=B_SPLINE_CURVE_WITH_KNOTS('',3,(#6227,#6228,#6229,#6230,#6231),
 .UNSPECIFIED.,.F.,.F.,(4,1,4),(0.,0.0334801799108404,0.0637675663924144),
 .UNSPECIFIED.);
#208=B_SPLINE_CURVE_WITH_KNOTS('',3,(#6233,#6234,#6235,#6236,#6237),
 .UNSPECIFIED.,.F.,.F.,(4,1,4),(0.,0.0310336128847226,0.0671066623476804),
 .UNSPECIFIED.);
#209=B_SPLINE_CURVE_WITH_KNOTS('',3,(#6239,#6240,#6241,#6242,#6243),
 .UNSPECIFIED.,.F.,.F.,(4,1,4),(0.,0.0458328346558916,0.135935415837352),
 .UNSPECIFIED.);
#210=B_SPLINE_CURVE_WITH_KNOTS('',3,(#6252,#6253,#6254,#6255,#6256),
 .UNSPECIFIED.,.F.,.F.,(4,1,4),(0.,0.0784788075750535,0.126644099715599),
 .UNSPECIFIED.);
#211=B_SPLINE_CURVE_WITH_KNOTS('',3,(#6258,#6259,#6260,#6261,#6262),
 .UNSPECIFIED.,.F.,.F.,(4,1,4),(0.,0.0324035013613118,0.0637049029110251),
 .UNSPECIFIED.);
#212=B_SPLINE_CURVE_WITH_KNOTS('',3,(#6264,#6265,#6266,#6267,#6268),
 .UNSPECIFIED.,.F.,.F.,(4,1,4),(0.,0.0315035023564515,0.0645745109086421),
 .UNSPECIFIED.);
#213=B_SPLINE_CURVE_WITH_KNOTS('',3,(#6270,#6271,#6272,#6273,#6274),
 .UNSPECIFIED.,.F.,.F.,(4,1,4),(0.,0.0397136725955587,0.0766282684350846),
 .UNSPECIFIED.);
#214=B_SPLINE_CURVE_WITH_KNOTS('',3,(#6276,#6277,#6278,#6279,#6280),
 .UNSPECIFIED.,.F.,.F.,(4,1,4),(0.,0.0365101733648994,0.0738792121318386),
 .UNSPECIFIED.);
#215=B_SPLINE_CURVE_WITH_KNOTS('',3,(#6282,#6283,#6284,#6285,#6286),
 .UNSPECIFIED.,.F.,.F.,(4,1,4),(0.,0.0430235226044433,0.114606037439261),
 .UNSPECIFIED.);
#216=B_SPLINE_CURVE_WITH_KNOTS('',3,(#6291,#6292,#6293,#6294,#6295),
 .UNSPECIFIED.,.F.,.F.,(4,1,4),(0.,0.0789392095712351,0.135636259207709),
 .UNSPECIFIED.);
#217=B_SPLINE_CURVE_WITH_KNOTS('',3,(#6297,#6298,#6299,#6300,#6301),
 .UNSPECIFIED.,.F.,.F.,(4,1,4),(0.,0.0622871205629905,0.122406470357363),
 .UNSPECIFIED.);
#218=B_SPLINE_CURVE_WITH_KNOTS('',3,(#6303,#6304,#6305,#6306,#6307),
 .UNSPECIFIED.,.F.,.F.,(4,1,4),(0.,0.0494618811606881,0.101788386342421),
 .UNSPECIFIED.);
#219=B_SPLINE_CURVE_WITH_KNOTS('',3,(#6309,#6310,#6311,#6312,#6313),
 .UNSPECIFIED.,.F.,.F.,(4,1,4),(0.,0.0616722840841211,0.139353154995169),
 .UNSPECIFIED.);
#220=B_SPLINE_CURVE_WITH_KNOTS('',3,(#6315,#6316,#6317,#6318,#6319),
 .UNSPECIFIED.,.F.,.F.,(4,1,4),(0.,0.0849908622613367,0.147887092771849),
 .UNSPECIFIED.);
#221=B_SPLINE_CURVE_WITH_KNOTS('',3,(#6321,#6322,#6323,#6324,#6325),
 .UNSPECIFIED.,.F.,.F.,(4,1,4),(0.,0.0518185780266935,0.103319711278811),
 .UNSPECIFIED.);
#222=B_SPLINE_CURVE_WITH_KNOTS('',3,(#6327,#6328,#6329,#6330,#6331),
 .UNSPECIFIED.,.F.,.F.,(4,1,4),(0.,0.0504883755710974,0.102213627671018),
 .UNSPECIFIED.);
#223=B_SPLINE_CURVE_WITH_KNOTS('',3,(#6332,#6333,#6334,#6335,#6336),
 .UNSPECIFIED.,.F.,.F.,(4,1,4),(0.,0.0597825942307695,0.134655742039797),
 .UNSPECIFIED.);
#224=B_SPLINE_CURVE_WITH_KNOTS('',3,(#6506,#6507,#6508,#6509,#6510),
 .UNSPECIFIED.,.F.,.F.,(4,1,4),(0.,0.0818837151019575,0.157751276077663),
 .UNSPECIFIED.);
#225=B_SPLINE_CURVE_WITH_KNOTS('',3,(#6512,#6513,#6514,#6515,#6516),
 .UNSPECIFIED.,.F.,.F.,(4,1,4),(0.,0.0775354163018968,0.164349884079433),
 .UNSPECIFIED.);
#226=B_SPLINE_CURVE_WITH_KNOTS('',3,(#6518,#6519,#6520,#6521,#6522),
 .UNSPECIFIED.,.F.,.F.,(4,1,4),(0.,0.131705290535697,0.248134359281303),
 .UNSPECIFIED.);
#227=B_SPLINE_CURVE_WITH_KNOTS('',3,(#6524,#6525,#6526,#6527,#6528),
 .UNSPECIFIED.,.F.,.F.,(4,1,4),(0.,0.0977148986896701,0.207123168337777),
 .UNSPECIFIED.);
#228=B_SPLINE_CURVE_WITH_KNOTS('',3,(#6530,#6531,#6532,#6533,#6534),
 .UNSPECIFIED.,.F.,.F.,(4,1,4),(0.,0.127772984308609,0.238423737139306),
 .UNSPECIFIED.);
#229=B_SPLINE_CURVE_WITH_KNOTS('',3,(#6536,#6537,#6538,#6539,#6540),
 .UNSPECIFIED.,.F.,.F.,(4,1,4),(0.,0.103295589735415,0.208751748302841),
 .UNSPECIFIED.);
#230=B_SPLINE_CURVE_WITH_KNOTS('',3,(#6542,#6543,#6544,#6545,#6546),
 .UNSPECIFIED.,.F.,.F.,(4,1,4),(0.,0.115790049859564,0.223239967255975),
 .UNSPECIFIED.);
#231=B_SPLINE_CURVE_WITH_KNOTS('',3,(#6548,#6549,#6550,#6551,#6552),
 .UNSPECIFIED.,.F.,.F.,(4,1,4),(0.,0.119505421490818,0.271476941786918),
 .UNSPECIFIED.);
#232=B_SPLINE_CURVE_WITH_KNOTS('',3,(#6556,#6557,#6558,#6559,#6560),
 .UNSPECIFIED.,.F.,.F.,(4,1,4),(0.,0.060507757745241,0.112586942365671),
 .UNSPECIFIED.);
#233=B_SPLINE_CURVE_WITH_KNOTS('',3,(#6562,#6563,#6564,#6565,#6566),
 .UNSPECIFIED.,.F.,.F.,(4,1,4),(0.,0.0481784903406716,0.0968836390739701),
 .UNSPECIFIED.);
#234=B_SPLINE_CURVE_WITH_KNOTS('',3,(#6568,#6569,#6570,#6571,#6572),
 .UNSPECIFIED.,.F.,.F.,(4,1,4),(0.,0.0329855523714361,0.0636246849989725),
 .UNSPECIFIED.);
#235=B_SPLINE_CURVE_WITH_KNOTS('',3,(#6573,#6574,#6575,#6576,#6577),
 .UNSPECIFIED.,.F.,.F.,(4,1,4),(0.,0.0329753956247006,0.0730728856916478),
 .UNSPECIFIED.);
#236=B_SPLINE_CURVE_WITH_KNOTS('',3,(#6582,#6583,#6584,#6585,#6586),
 .UNSPECIFIED.,.F.,.F.,(4,1,4),(0.,0.0785324189032466,0.148245543418319),
 .UNSPECIFIED.);
#237=B_SPLINE_CURVE_WITH_KNOTS('',3,(#6588,#6589,#6590,#6591,#6592),
 .UNSPECIFIED.,.F.,.F.,(4,1,4),(0.,0.0761683028385385,0.174158707091817),
 .UNSPECIFIED.);
#238=B_SPLINE_CURVE_WITH_KNOTS('',3,(#6594,#6595,#6596,#6597,#6598),
 .UNSPECIFIED.,.F.,.F.,(4,1,4),(0.,0.0882883266524202,0.153120585378567),
 .UNSPECIFIED.);
#239=B_SPLINE_CURVE_WITH_KNOTS('',3,(#6600,#6601,#6602,#6603,#6604),
 .UNSPECIFIED.,.F.,.F.,(4,1,4),(0.,0.0500779270274739,0.0934476298663575),
 .UNSPECIFIED.);
#240=B_SPLINE_CURVE_WITH_KNOTS('',3,(#6606,#6607,#6608,#6609,#6610),
 .UNSPECIFIED.,.F.,.F.,(4,1,4),(0.,0.0543098696428632,0.137378885470755),
 .UNSPECIFIED.);
#241=B_SPLINE_CURVE_WITH_KNOTS('',3,(#6614,#6615,#6616,#6617,#6618),
 .UNSPECIFIED.,.F.,.F.,(4,1,4),(0.,0.0653510607818292,0.11126145157527),
 .UNSPECIFIED.);
#242=B_SPLINE_CURVE_WITH_KNOTS('',3,(#6620,#6621,#6622,#6623,#6624),
 .UNSPECIFIED.,.F.,.F.,(4,1,4),(0.,0.0384292285480636,0.0813623861298048),
 .UNSPECIFIED.);
#243=B_SPLINE_CURVE_WITH_KNOTS('',3,(#6628,#6629,#6630,#6631,#6632),
 .UNSPECIFIED.,.F.,.F.,(4,1,4),(0.,0.0197903961136147,0.046889791475571),
 .UNSPECIFIED.);
#244=B_SPLINE_CURVE_WITH_KNOTS('',3,(#6634,#6635,#6636,#6637,#6638),
 .UNSPECIFIED.,.F.,.F.,(4,1,4),(0.,0.0116016411835363,0.0185230312247008),
 .UNSPECIFIED.);
#245=B_SPLINE_CURVE_WITH_KNOTS('',3,(#6640,#6641,#6642,#6643,#6644),
 .UNSPECIFIED.,.F.,.F.,(4,1,4),(0.,0.0518020731686848,0.100541133260568),
 .UNSPECIFIED.);
#246=B_SPLINE_CURVE_WITH_KNOTS('',3,(#6646,#6647,#6648,#6649,#6650),
 .UNSPECIFIED.,.F.,.F.,(4,1,4),(0.,0.0476533317751087,0.0963549349667616),
 .UNSPECIFIED.);
#247=B_SPLINE_CURVE_WITH_KNOTS('',3,(#6652,#6653,#6654,#6655,#6656),
 .UNSPECIFIED.,.F.,.F.,(4,1,4),(0.,0.0796551729850143,0.149626909438531),
 .UNSPECIFIED.);
#248=B_SPLINE_CURVE_WITH_KNOTS('',3,(#6658,#6659,#6660,#6661,#6662),
 .UNSPECIFIED.,.F.,.F.,(4,1,4),(0.,0.0661623275804748,0.134093794339636),
 .UNSPECIFIED.);
#249=B_SPLINE_CURVE_WITH_KNOTS('',3,(#6664,#6665,#6666,#6667,#6668),
 .UNSPECIFIED.,.F.,.F.,(4,1,4),(0.,0.0460845465628706,0.0901191890654426),
 .UNSPECIFIED.);
#250=B_SPLINE_CURVE_WITH_KNOTS('',3,(#6670,#6671,#6672,#6673,#6674),
 .UNSPECIFIED.,.F.,.F.,(4,1,4),(0.,0.0434369501791033,0.0878478671851494),
 .UNSPECIFIED.);
#251=B_SPLINE_CURVE_WITH_KNOTS('',3,(#6676,#6677,#6678,#6679,#6680),
 .UNSPECIFIED.,.F.,.F.,(4,1,4),(0.,0.0542125018028748,0.125329109892959),
 .UNSPECIFIED.);
#252=B_SPLINE_CURVE_WITH_KNOTS('',3,(#6682,#6683,#6684,#6685,#6686),
 .UNSPECIFIED.,.F.,.F.,(4,1,4),(0.,0.0915981147417471,0.151395112111419),
 .UNSPECIFIED.);
#253=B_SPLINE_CURVE_WITH_KNOTS('',3,(#6690,#6691,#6692,#6693,#6694),
 .UNSPECIFIED.,.F.,.F.,(4,1,4),(0.,0.0376470785922839,0.0672003949761449),
 .UNSPECIFIED.);
#254=B_SPLINE_CURVE_WITH_KNOTS('',3,(#6696,#6697,#6698,#6699,#6700),
 .UNSPECIFIED.,.F.,.F.,(4,1,4),(0.,0.0339891507178961,0.0842882441928824),
 .UNSPECIFIED.);
#255=B_SPLINE_CURVE_WITH_KNOTS('',3,(#6702,#6703,#6704,#6705,#6706),
 .UNSPECIFIED.,.F.,.F.,(4,1,4),(0.,0.0360701241454597,0.0655603631513048),
 .UNSPECIFIED.);
#256=B_SPLINE_CURVE_WITH_KNOTS('',3,(#6707,#6708,#6709,#6710,#6711),
 .UNSPECIFIED.,.F.,.F.,(4,1,4),(0.,0.0298780136684188,0.0672959358322942),
 .UNSPECIFIED.);
#257=B_SPLINE_CURVE_WITH_KNOTS('',3,(#6716,#6717,#6718,#6719,#6720),
 .UNSPECIFIED.,.F.,.F.,(4,1,4),(0.,0.081883674269846,0.157751213962198),
 .UNSPECIFIED.);
#258=B_SPLINE_CURVE_WITH_KNOTS('',3,(#6722,#6723,#6724,#6725,#6726),
 .UNSPECIFIED.,.F.,.F.,(4,1,4),(0.,0.077535524584342,0.164349992361879),
 .UNSPECIFIED.);
#259=B_SPLINE_CURVE_WITH_KNOTS('',3,(#6728,#6729,#6730,#6731,#6732),
 .UNSPECIFIED.,.F.,.F.,(4,1,4),(0.,0.131705246599949,0.248134303728174),
 .UNSPECIFIED.);
#260=B_SPLINE_CURVE_WITH_KNOTS('',3,(#6734,#6735,#6736,#6737,#6738),
 .UNSPECIFIED.,.F.,.F.,(4,1,4),(0.,0.0977148986896701,0.207123168337777),
 .UNSPECIFIED.);
#261=B_SPLINE_CURVE_WITH_KNOTS('',3,(#6740,#6741,#6742,#6743,#6744),
 .UNSPECIFIED.,.F.,.F.,(4,1,4),(0.,0.12777297998653,0.238423747789889),
 .UNSPECIFIED.);
#262=B_SPLINE_CURVE_WITH_KNOTS('',3,(#6746,#6747,#6748,#6749,#6750),
 .UNSPECIFIED.,.F.,.F.,(4,1,4),(0.,0.103295601841983,0.208751687265966),
 .UNSPECIFIED.);
#263=B_SPLINE_CURVE_WITH_KNOTS('',3,(#6752,#6753,#6754,#6755,#6756),
 .UNSPECIFIED.,.F.,.F.,(4,1,4),(0.,0.115790167089187,0.223240084485598),
 .UNSPECIFIED.);
#264=B_SPLINE_CURVE_WITH_KNOTS('',3,(#6758,#6759,#6760,#6761,#6762),
 .UNSPECIFIED.,.F.,.F.,(4,1,4),(0.,0.119505421490818,0.271476929252699),
 .UNSPECIFIED.);
#265=B_SPLINE_CURVE_WITH_KNOTS('',3,(#6766,#6767,#6768,#6769,#6770),
 .UNSPECIFIED.,.F.,.F.,(4,1,4),(0.,0.0605077699805215,0.112586946993772),
 .UNSPECIFIED.);
#266=B_SPLINE_CURVE_WITH_KNOTS('',3,(#6772,#6773,#6774,#6775,#6776),
 .UNSPECIFIED.,.F.,.F.,(4,1,4),(0.,0.0481785145946231,0.0968836340777912),
 .UNSPECIFIED.);
#267=B_SPLINE_CURVE_WITH_KNOTS('',3,(#6778,#6779,#6780,#6781,#6782),
 .UNSPECIFIED.,.F.,.F.,(4,1,4),(0.,0.0329854934103024,0.0636246785430894),
 .UNSPECIFIED.);
#268=B_SPLINE_CURVE_WITH_KNOTS('',3,(#6783,#6784,#6785,#6786,#6787),
 .UNSPECIFIED.,.F.,.F.,(4,1,4),(0.,0.0329753764503853,0.0730728323853753),
 .UNSPECIFIED.);
#269=B_SPLINE_CURVE_WITH_KNOTS('',3,(#6792,#6793,#6794,#6795,#6796),
 .UNSPECIFIED.,.F.,.F.,(4,1,4),(0.,0.0815967189363344,0.139697476148852),
 .UNSPECIFIED.);
#270=B_SPLINE_CURVE_WITH_KNOTS('',3,(#6798,#6799,#6800,#6801,#6802),
 .UNSPECIFIED.,.F.,.F.,(4,1,4),(0.,0.0451352043469561,0.0888940080309889),
 .UNSPECIFIED.);
#271=B_SPLINE_CURVE_WITH_KNOTS('',3,(#6804,#6805,#6806,#6807,#6808),
 .UNSPECIFIED.,.F.,.F.,(4,1,4),(0.,0.0439779274109118,0.0898894944538387),
 .UNSPECIFIED.);
#272=B_SPLINE_CURVE_WITH_KNOTS('',3,(#6810,#6811,#6812,#6813,#6814),
 .UNSPECIFIED.,.F.,.F.,(4,1,4),(0.,0.0471932958601918,0.096109186044624),
 .UNSPECIFIED.);
#273=B_SPLINE_CURVE_WITH_KNOTS('',3,(#6816,#6817,#6818,#6819,#6820),
 .UNSPECIFIED.,.F.,.F.,(4,1,4),(0.,0.0535605448903968,0.106942037642468),
 .UNSPECIFIED.);
#274=B_SPLINE_CURVE_WITH_KNOTS('',3,(#6822,#6823,#6824,#6825,#6826),
 .UNSPECIFIED.,.F.,.F.,(4,1,4),(0.,0.0535400281302286,0.107613179385668),
 .UNSPECIFIED.);
#275=B_SPLINE_CURVE_WITH_KNOTS('',3,(#6828,#6829,#6830,#6831,#6832),
 .UNSPECIFIED.,.F.,.F.,(4,1,4),(0.,0.0696687304437776,0.133438591751365),
 .UNSPECIFIED.);
#276=B_SPLINE_CURVE_WITH_KNOTS('',3,(#6834,#6835,#6836,#6837,#6838),
 .UNSPECIFIED.,.F.,.F.,(4,1,4),(0.,0.0621077371229013,0.126618045840235),
 .UNSPECIFIED.);
#277=B_SPLINE_CURVE_WITH_KNOTS('',3,(#6840,#6841,#6842,#6843,#6844),
 .UNSPECIFIED.,.F.,.F.,(4,1,4),(0.,0.0533391530784994,0.108135538470724),
 .UNSPECIFIED.);
#278=B_SPLINE_CURVE_WITH_KNOTS('',3,(#6846,#6847,#6848,#6849,#6850),
 .UNSPECIFIED.,.F.,.F.,(4,1,4),(0.,0.0543782297406506,0.106839247046911),
 .UNSPECIFIED.);
#279=B_SPLINE_CURVE_WITH_KNOTS('',3,(#6852,#6853,#6854,#6855,#6856),
 .UNSPECIFIED.,.F.,.F.,(4,1,4),(0.,0.0541366660785826,0.113872779291007),
 .UNSPECIFIED.);
#280=B_SPLINE_CURVE_WITH_KNOTS('',3,(#6858,#6859,#6860,#6861,#6862),
 .UNSPECIFIED.,.F.,.F.,(4,1,4),(0.,0.067899932011214,0.191852152418712),
 .UNSPECIFIED.);
#281=B_SPLINE_CURVE_WITH_KNOTS('',3,(#6872,#6873,#6874,#6875,#6876),
 .UNSPECIFIED.,.F.,.F.,(4,1,4),(0.,0.119811838277916,0.189663492263935),
 .UNSPECIFIED.);
#282=B_SPLINE_CURVE_WITH_KNOTS('',3,(#6878,#6879,#6880,#6881,#6882),
 .UNSPECIFIED.,.F.,.F.,(4,1,4),(0.,0.0682387810933076,0.139040114607752),
 .UNSPECIFIED.);
#283=B_SPLINE_CURVE_WITH_KNOTS('',3,(#6884,#6885,#6886,#6887,#6888),
 .UNSPECIFIED.,.F.,.F.,(4,1,4),(0.,0.0761445083052227,0.162237711688844),
 .UNSPECIFIED.);
#284=B_SPLINE_CURVE_WITH_KNOTS('',3,(#6890,#6891,#6892,#6893,#6894),
 .UNSPECIFIED.,.F.,.F.,(4,1,4),(0.,0.0670594298503714,0.125671147598041),
 .UNSPECIFIED.);
#285=B_SPLINE_CURVE_WITH_KNOTS('',3,(#6896,#6897,#6898,#6899,#6900),
 .UNSPECIFIED.,.F.,.F.,(4,1,4),(0.,0.0532758891823819,0.10318481108758),
 .UNSPECIFIED.);
#286=B_SPLINE_CURVE_WITH_KNOTS('',3,(#6902,#6903,#6904,#6905,#6906),
 .UNSPECIFIED.,.F.,.F.,(4,1,4),(0.,0.0471255458483319,0.0909465895322974),
 .UNSPECIFIED.);
#287=B_SPLINE_CURVE_WITH_KNOTS('',3,(#6908,#6909,#6910,#6911,#6912),
 .UNSPECIFIED.,.F.,.F.,(4,1,4),(0.,0.0702015517068627,0.165445987729604),
 .UNSPECIFIED.);
#288=B_SPLINE_CURVE_WITH_KNOTS('',3,(#6924,#6925,#6926,#6927,#6928),
 .UNSPECIFIED.,.F.,.F.,(4,1,4),(0.,0.0571553694944635,0.110804310591899),
 .UNSPECIFIED.);
#289=B_SPLINE_CURVE_WITH_KNOTS('',3,(#6930,#6931,#6932,#6933,#6934),
 .UNSPECIFIED.,.F.,.F.,(4,1,4),(0.,0.0509905777146999,0.0994981613929944),
 .UNSPECIFIED.);
#290=B_SPLINE_CURVE_WITH_KNOTS('',3,(#6936,#6937,#6938,#6939,#6940),
 .UNSPECIFIED.,.F.,.F.,(4,1,4),(0.,0.0933662665078065,0.190739078654668),
 .UNSPECIFIED.);
#291=B_SPLINE_CURVE_WITH_KNOTS('',3,(#6942,#6943,#6944,#6945,#6946),
 .UNSPECIFIED.,.F.,.F.,(4,1,4),(0.,0.10845863440257,0.235823439146671),
 .UNSPECIFIED.);
#292=B_SPLINE_CURVE_WITH_KNOTS('',3,(#6948,#6949,#6950,#6951,#6952),
 .UNSPECIFIED.,.F.,.F.,(4,1,4),(0.,0.128764812777141,0.234778865365815),
 .UNSPECIFIED.);
#293=B_SPLINE_CURVE_WITH_KNOTS('',3,(#6954,#6955,#6956,#6957,#6958),
 .UNSPECIFIED.,.F.,.F.,(4,1,4),(0.,0.0957320232398136,0.192785774580993),
 .UNSPECIFIED.);
#294=B_SPLINE_CURVE_WITH_KNOTS('',3,(#6960,#6961,#6962,#6963,#6964),
 .UNSPECIFIED.,.F.,.F.,(4,1,4),(0.,0.0913483526120351,0.188154842331449),
 .UNSPECIFIED.);
#295=B_SPLINE_CURVE_WITH_KNOTS('',3,(#7385,#7386,#7387,#7388,#7389),
 .UNSPECIFIED.,.F.,.F.,(4,1,4),(-0.107038723694663,-0.058411562504132,0.),
 .UNSPECIFIED.);
#296=B_SPLINE_CURVE_WITH_KNOTS('',3,(#7402,#7403,#7404,#7405,#7406),
 .UNSPECIFIED.,.F.,.F.,(4,1,4),(-0.087476008903164,-0.0439327887481841,
0.),.UNSPECIFIED.);
#297=B_SPLINE_CURVE_WITH_KNOTS('',3,(#7419,#7420,#7421,#7422,#7423),
 .UNSPECIFIED.,.F.,.F.,(4,1,4),(-0.0914191197357347,-0.0460054117645974,
0.),.UNSPECIFIED.);
#298=B_SPLINE_CURVE_WITH_KNOTS('',3,(#7436,#7437,#7438,#7439,#7440),
 .UNSPECIFIED.,.F.,.F.,(4,1,4),(-0.104615535537674,-0.0487663042564337,
0.),.UNSPECIFIED.);
#299=B_SPLINE_CURVE_WITH_KNOTS('',3,(#7461,#7462,#7463,#7464,#7465),
 .UNSPECIFIED.,.F.,.F.,(4,1,4),(-0.157751276077663,-0.0818837151019575,
0.),.UNSPECIFIED.);
#300=B_SPLINE_CURVE_WITH_KNOTS('',3,(#7478,#7479,#7480,#7481,#7482),
 .UNSPECIFIED.,.F.,.F.,(4,1,4),(-0.164349884079433,-0.0775354163018968,
0.),.UNSPECIFIED.);
#301=B_SPLINE_CURVE_WITH_KNOTS('',3,(#7495,#7496,#7497,#7498,#7499),
 .UNSPECIFIED.,.F.,.F.,(4,1,4),(-0.248134359281303,-0.131705290535697,0.),
 .UNSPECIFIED.);
#302=B_SPLINE_CURVE_WITH_KNOTS('',3,(#7512,#7513,#7514,#7515,#7516),
 .UNSPECIFIED.,.F.,.F.,(4,1,4),(-0.207123168337777,-0.0977148986896701,
0.),.UNSPECIFIED.);
#303=B_SPLINE_CURVE_WITH_KNOTS('',3,(#7529,#7530,#7531,#7532,#7533),
 .UNSPECIFIED.,.F.,.F.,(4,1,4),(-0.238423737139306,-0.127772984308609,0.),
 .UNSPECIFIED.);
#304=B_SPLINE_CURVE_WITH_KNOTS('',3,(#7546,#7547,#7548,#7549,#7550),
 .UNSPECIFIED.,.F.,.F.,(4,1,4),(-0.208751748302841,-0.103295589735415,0.),
 .UNSPECIFIED.);
#305=B_SPLINE_CURVE_WITH_KNOTS('',3,(#7563,#7564,#7565,#7566,#7567),
 .UNSPECIFIED.,.F.,.F.,(4,1,4),(-0.223239967255975,-0.115790049859564,0.),
 .UNSPECIFIED.);
#306=B_SPLINE_CURVE_WITH_KNOTS('',3,(#7580,#7581,#7582,#7583,#7584),
 .UNSPECIFIED.,.F.,.F.,(4,1,4),(-0.271476941786918,-0.119505421490818,0.),
 .UNSPECIFIED.);
#307=B_SPLINE_CURVE_WITH_KNOTS('',3,(#7601,#7602,#7603,#7604,#7605),
 .UNSPECIFIED.,.F.,.F.,(4,1,4),(-0.112586942365671,-0.060507757745241,0.),
 .UNSPECIFIED.);
#308=B_SPLINE_CURVE_WITH_KNOTS('',3,(#7618,#7619,#7620,#7621,#7622),
 .UNSPECIFIED.,.F.,.F.,(4,1,4),(-0.0968836390739701,-0.0481784903406716,
0.),.UNSPECIFIED.);
#309=B_SPLINE_CURVE_WITH_KNOTS('',3,(#7635,#7636,#7637,#7638,#7639),
 .UNSPECIFIED.,.F.,.F.,(4,1,4),(-0.0636246849989725,-0.0329855523714361,
0.),.UNSPECIFIED.);
#310=B_SPLINE_CURVE_WITH_KNOTS('',3,(#7651,#7652,#7653,#7654,#7655),
 .UNSPECIFIED.,.F.,.F.,(4,1,4),(-0.0730728856916478,-0.0329753956247006,
0.),.UNSPECIFIED.);
#311=B_SPLINE_CURVE_WITH_KNOTS('',3,(#7670,#7671,#7672,#7673,#7674),
 .UNSPECIFIED.,.F.,.F.,(4,1,4),(-0.0947337596970328,-0.0389360754691026,
0.),.UNSPECIFIED.);
#312=B_SPLINE_CURVE_WITH_KNOTS('',3,(#7687,#7688,#7689,#7690,#7691),
 .UNSPECIFIED.,.F.,.F.,(4,1,4),(-0.0865390444074783,-0.053638619523882,
0.),.UNSPECIFIED.);
#313=B_SPLINE_CURVE_WITH_KNOTS('',3,(#7704,#7705,#7706,#7707,#7708),
 .UNSPECIFIED.,.F.,.F.,(4,1,4),(-0.0628124134171666,-0.0324925227557039,
0.),.UNSPECIFIED.);
#314=B_SPLINE_CURVE_WITH_KNOTS('',3,(#7721,#7722,#7723,#7724,#7725),
 .UNSPECIFIED.,.F.,.F.,(4,1,4),(-0.0609711879200877,-0.0301260289974074,
0.),.UNSPECIFIED.);
#315=B_SPLINE_CURVE_WITH_KNOTS('',3,(#7738,#7739,#7740,#7741,#7742),
 .UNSPECIFIED.,.F.,.F.,(4,1,4),(-0.0657549140173246,-0.0319571873615994,
0.),.UNSPECIFIED.);
#316=B_SPLINE_CURVE_WITH_KNOTS('',3,(#7755,#7756,#7757,#7758,#7759),
 .UNSPECIFIED.,.F.,.F.,(4,1,4),(-0.0834499386336937,-0.0404414688731575,
0.),.UNSPECIFIED.);
#317=B_SPLINE_CURVE_WITH_KNOTS('',3,(#7772,#7773,#7774,#7775,#7776),
 .UNSPECIFIED.,.F.,.F.,(4,1,4),(-0.0624196353795444,-0.032092464917972,
0.),.UNSPECIFIED.);
#318=B_SPLINE_CURVE_WITH_KNOTS('',3,(#7789,#7790,#7791,#7792,#7793),
 .UNSPECIFIED.,.F.,.F.,(4,1,4),(-0.0739555686869241,-0.0284116049706004,
0.),.UNSPECIFIED.);
#319=B_SPLINE_CURVE_WITH_KNOTS('',3,(#7814,#7815,#7816,#7817,#7818),
 .UNSPECIFIED.,.F.,.F.,(4,1,4),(-0.148245543418319,-0.0785324189032466,
0.),.UNSPECIFIED.);
#320=B_SPLINE_CURVE_WITH_KNOTS('',3,(#7831,#7832,#7833,#7834,#7835),
 .UNSPECIFIED.,.F.,.F.,(4,1,4),(-0.174158707091817,-0.0761683028385385,
0.),.UNSPECIFIED.);
#321=B_SPLINE_CURVE_WITH_KNOTS('',3,(#7848,#7849,#7850,#7851,#7852),
 .UNSPECIFIED.,.F.,.F.,(4,1,4),(-0.153120585378567,-0.0882883266524202,
0.),.UNSPECIFIED.);
#322=B_SPLINE_CURVE_WITH_KNOTS('',3,(#7865,#7866,#7867,#7868,#7869),
 .UNSPECIFIED.,.F.,.F.,(4,1,4),(-0.0934476298663575,-0.0500779270274739,
0.),.UNSPECIFIED.);
#323=B_SPLINE_CURVE_WITH_KNOTS('',3,(#7882,#7883,#7884,#7885,#7886),
 .UNSPECIFIED.,.F.,.F.,(4,1,4),(-0.137378885470755,-0.0543098696428632,
0.),.UNSPECIFIED.);
#324=B_SPLINE_CURVE_WITH_KNOTS('',3,(#7903,#7904,#7905,#7906,#7907),
 .UNSPECIFIED.,.F.,.F.,(4,1,4),(-0.11126145157527,-0.0653510607818292,0.),
 .UNSPECIFIED.);
#325=B_SPLINE_CURVE_WITH_KNOTS('',3,(#7920,#7921,#7922,#7923,#7924),
 .UNSPECIFIED.,.F.,.F.,(4,1,4),(-0.0813623861298048,-0.0384292285480636,
0.),.UNSPECIFIED.);
#326=B_SPLINE_CURVE_WITH_KNOTS('',3,(#7941,#7942,#7943,#7944,#7945),
 .UNSPECIFIED.,.F.,.F.,(4,1,4),(-0.046889791475571,-0.0197903961136147,
0.),.UNSPECIFIED.);
#327=B_SPLINE_CURVE_WITH_KNOTS('',3,(#7958,#7959,#7960,#7961,#7962),
 .UNSPECIFIED.,.F.,.F.,(4,1,4),(-0.0185230312247008,-0.0116016411835363,
0.),.UNSPECIFIED.);
#328=B_SPLINE_CURVE_WITH_KNOTS('',3,(#7975,#7976,#7977,#7978,#7979),
 .UNSPECIFIED.,.F.,.F.,(4,1,4),(-0.100541133260568,-0.0518020731686848,
0.),.UNSPECIFIED.);
#329=B_SPLINE_CURVE_WITH_KNOTS('',3,(#7992,#7993,#7994,#7995,#7996),
 .UNSPECIFIED.,.F.,.F.,(4,1,4),(-0.0963549349667616,-0.0476533317751087,
0.),.UNSPECIFIED.);
#330=B_SPLINE_CURVE_WITH_KNOTS('',3,(#8009,#8010,#8011,#8012,#8013),
 .UNSPECIFIED.,.F.,.F.,(4,1,4),(-0.149626909438531,-0.0796551729850143,
0.),.UNSPECIFIED.);
#331=B_SPLINE_CURVE_WITH_KNOTS('',3,(#8026,#8027,#8028,#8029,#8030),
 .UNSPECIFIED.,.F.,.F.,(4,1,4),(-0.134093794339636,-0.0661623275804748,
0.),.UNSPECIFIED.);
#332=B_SPLINE_CURVE_WITH_KNOTS('',3,(#8043,#8044,#8045,#8046,#8047),
 .UNSPECIFIED.,.F.,.F.,(4,1,4),(-0.0901191890654426,-0.0460845465628706,
0.),.UNSPECIFIED.);
#333=B_SPLINE_CURVE_WITH_KNOTS('',3,(#8060,#8061,#8062,#8063,#8064),
 .UNSPECIFIED.,.F.,.F.,(4,1,4),(-0.0878478671851494,-0.0434369501791033,
0.),.UNSPECIFIED.);
#334=B_SPLINE_CURVE_WITH_KNOTS('',3,(#8077,#8078,#8079,#8080,#8081),
 .UNSPECIFIED.,.F.,.F.,(4,1,4),(-0.125329109892959,-0.0542125018028748,
0.),.UNSPECIFIED.);
#335=B_SPLINE_CURVE_WITH_KNOTS('',3,(#8094,#8095,#8096,#8097,#8098),
 .UNSPECIFIED.,.F.,.F.,(4,1,4),(-0.151395112111419,-0.0915981147417471,
0.),.UNSPECIFIED.);
#336=B_SPLINE_CURVE_WITH_KNOTS('',3,(#8115,#8116,#8117,#8118,#8119),
 .UNSPECIFIED.,.F.,.F.,(4,1,4),(-0.0672003949761449,-0.0376470785922839,
0.),.UNSPECIFIED.);
#337=B_SPLINE_CURVE_WITH_KNOTS('',3,(#8132,#8133,#8134,#8135,#8136),
 .UNSPECIFIED.,.F.,.F.,(4,1,4),(-0.0842882441928824,-0.0339891507178961,
0.),.UNSPECIFIED.);
#338=B_SPLINE_CURVE_WITH_KNOTS('',3,(#8149,#8150,#8151,#8152,#8153),
 .UNSPECIFIED.,.F.,.F.,(4,1,4),(-0.0655603631513048,-0.0360701241454597,
0.),.UNSPECIFIED.);
#339=B_SPLINE_CURVE_WITH_KNOTS('',3,(#8165,#8166,#8167,#8168,#8169),
 .UNSPECIFIED.,.F.,.F.,(4,1,4),(-0.0672959358322942,-0.0298780136684188,
0.),.UNSPECIFIED.);
#340=B_SPLINE_CURVE_WITH_KNOTS('',3,(#8184,#8185,#8186,#8187,#8188),
 .UNSPECIFIED.,.F.,.F.,(4,1,4),(-0.107038763269002,-0.0584115719584699,
0.),.UNSPECIFIED.);
#341=B_SPLINE_CURVE_WITH_KNOTS('',3,(#8201,#8202,#8203,#8204,#8205),
 .UNSPECIFIED.,.F.,.F.,(4,1,4),(-0.087475901993313,-0.0439327402890408,
0.),.UNSPECIFIED.);
#342=B_SPLINE_CURVE_WITH_KNOTS('',3,(#8218,#8219,#8220,#8221,#8222),
 .UNSPECIFIED.,.F.,.F.,(4,1,4),(-0.0914192313846593,-0.0460054994453571,
0.),.UNSPECIFIED.);
#343=B_SPLINE_CURVE_WITH_KNOTS('',3,(#8235,#8236,#8237,#8238,#8239),
 .UNSPECIFIED.,.F.,.F.,(4,1,4),(-0.10461552206694,-0.0487662969120392,0.),
 .UNSPECIFIED.);
#344=B_SPLINE_CURVE_WITH_KNOTS('',3,(#8260,#8261,#8262,#8263,#8264),
 .UNSPECIFIED.,.F.,.F.,(4,1,4),(-0.157751213962198,-0.081883674269846,0.),
 .UNSPECIFIED.);
#345=B_SPLINE_CURVE_WITH_KNOTS('',3,(#8277,#8278,#8279,#8280,#8281),
 .UNSPECIFIED.,.F.,.F.,(4,1,4),(-0.164349992361879,-0.077535524584342,0.),
 .UNSPECIFIED.);
#346=B_SPLINE_CURVE_WITH_KNOTS('',3,(#8294,#8295,#8296,#8297,#8298),
 .UNSPECIFIED.,.F.,.F.,(4,1,4),(-0.248134303728174,-0.131705246599949,0.),
 .UNSPECIFIED.);
#347=B_SPLINE_CURVE_WITH_KNOTS('',3,(#8311,#8312,#8313,#8314,#8315),
 .UNSPECIFIED.,.F.,.F.,(4,1,4),(-0.207123168337777,-0.0977148986896701,
0.),.UNSPECIFIED.);
#348=B_SPLINE_CURVE_WITH_KNOTS('',3,(#8328,#8329,#8330,#8331,#8332),
 .UNSPECIFIED.,.F.,.F.,(4,1,4),(-0.238423747789889,-0.12777297998653,0.),
 .UNSPECIFIED.);
#349=B_SPLINE_CURVE_WITH_KNOTS('',3,(#8345,#8346,#8347,#8348,#8349),
 .UNSPECIFIED.,.F.,.F.,(4,1,4),(-0.208751687265966,-0.103295601841983,0.),
 .UNSPECIFIED.);
#350=B_SPLINE_CURVE_WITH_KNOTS('',3,(#8362,#8363,#8364,#8365,#8366),
 .UNSPECIFIED.,.F.,.F.,(4,1,4),(-0.223240084485598,-0.115790167089187,0.),
 .UNSPECIFIED.);
#351=B_SPLINE_CURVE_WITH_KNOTS('',3,(#8379,#8380,#8381,#8382,#8383),
 .UNSPECIFIED.,.F.,.F.,(4,1,4),(-0.271476929252699,-0.119505421490818,0.),
 .UNSPECIFIED.);
#352=B_SPLINE_CURVE_WITH_KNOTS('',3,(#8400,#8401,#8402,#8403,#8404),
 .UNSPECIFIED.,.F.,.F.,(4,1,4),(-0.112586946993772,-0.0605077699805215,
0.),.UNSPECIFIED.);
#353=B_SPLINE_CURVE_WITH_KNOTS('',3,(#8417,#8418,#8419,#8420,#8421),
 .UNSPECIFIED.,.F.,.F.,(4,1,4),(-0.0968836340777912,-0.0481785145946231,
0.),.UNSPECIFIED.);
#354=B_SPLINE_CURVE_WITH_KNOTS('',3,(#8434,#8435,#8436,#8437,#8438),
 .UNSPECIFIED.,.F.,.F.,(4,1,4),(-0.0636246785430894,-0.0329854934103024,
0.),.UNSPECIFIED.);
#355=B_SPLINE_CURVE_WITH_KNOTS('',3,(#8450,#8451,#8452,#8453,#8454),
 .UNSPECIFIED.,.F.,.F.,(4,1,4),(-0.0730728323853753,-0.0329753764503853,
0.),.UNSPECIFIED.);
#356=B_SPLINE_CURVE_WITH_KNOTS('',3,(#8477,#8478,#8479,#8480,#8481),
 .UNSPECIFIED.,.F.,.F.,(4,1,4),(-0.115531998127071,-0.075332563823077,0.),
 .UNSPECIFIED.);
#357=B_SPLINE_CURVE_WITH_KNOTS('',3,(#8494,#8495,#8496,#8497,#8498),
 .UNSPECIFIED.,.F.,.F.,(4,1,4),(-0.0711277387254938,-0.0376653447786898,
0.),.UNSPECIFIED.);
#358=B_SPLINE_CURVE_WITH_KNOTS('',3,(#8511,#8512,#8513,#8514,#8515),
 .UNSPECIFIED.,.F.,.F.,(4,1,4),(-0.0671695752167625,-0.0322356623478072,
0.),.UNSPECIFIED.);
#359=B_SPLINE_CURVE_WITH_KNOTS('',3,(#8528,#8529,#8530,#8531,#8532),
 .UNSPECIFIED.,.F.,.F.,(4,1,4),(-0.0637675663924144,-0.0334801799108404,
0.),.UNSPECIFIED.);
#360=B_SPLINE_CURVE_WITH_KNOTS('',3,(#8545,#8546,#8547,#8548,#8549),
 .UNSPECIFIED.,.F.,.F.,(4,1,4),(-0.0671066623476804,-0.0310336128847226,
0.),.UNSPECIFIED.);
#361=B_SPLINE_CURVE_WITH_KNOTS('',3,(#8562,#8563,#8564,#8565,#8566),
 .UNSPECIFIED.,.F.,.F.,(4,1,4),(-0.135935415837352,-0.0458328346558916,
0.),.UNSPECIFIED.);
#362=B_SPLINE_CURVE_WITH_KNOTS('',3,(#8591,#8592,#8593,#8594,#8595),
 .UNSPECIFIED.,.F.,.F.,(4,1,4),(-0.109212604990296,-0.0702374549415484,
0.),.UNSPECIFIED.);
#363=B_SPLINE_CURVE_WITH_KNOTS('',3,(#8608,#8609,#8610,#8611,#8612),
 .UNSPECIFIED.,.F.,.F.,(4,1,4),(-0.0666967798934525,-0.0340139324677596,
0.),.UNSPECIFIED.);
#364=B_SPLINE_CURVE_WITH_KNOTS('',3,(#8625,#8626,#8627,#8628,#8629),
 .UNSPECIFIED.,.F.,.F.,(4,1,4),(-0.0717262942909237,-0.0336515295150353,
0.),.UNSPECIFIED.);
#365=B_SPLINE_CURVE_WITH_KNOTS('',3,(#8642,#8643,#8644,#8645,#8646),
 .UNSPECIFIED.,.F.,.F.,(4,1,4),(-0.0633183140061576,-0.0330442794272336,
0.),.UNSPECIFIED.);
#366=B_SPLINE_CURVE_WITH_KNOTS('',3,(#8659,#8660,#8661,#8662,#8663),
 .UNSPECIFIED.,.F.,.F.,(4,1,4),(-0.0621454401038722,-0.0299571501955005,
0.),.UNSPECIFIED.);
#367=B_SPLINE_CURVE_WITH_KNOTS('',3,(#8676,#8677,#8678,#8679,#8680),
 .UNSPECIFIED.,.F.,.F.,(4,1,4),(-0.141725849821854,-0.0521855696470643,
0.),.UNSPECIFIED.);
#368=B_SPLINE_CURVE_WITH_KNOTS('',3,(#8701,#8702,#8703,#8704,#8705),
 .UNSPECIFIED.,.F.,.F.,(4,1,4),(-0.139697476148852,-0.0815967189363344,
0.),.UNSPECIFIED.);
#369=B_SPLINE_CURVE_WITH_KNOTS('',3,(#8718,#8719,#8720,#8721,#8722),
 .UNSPECIFIED.,.F.,.F.,(4,1,4),(-0.0888940080309889,-0.0451352043469561,
0.),.UNSPECIFIED.);
#370=B_SPLINE_CURVE_WITH_KNOTS('',3,(#8735,#8736,#8737,#8738,#8739),
 .UNSPECIFIED.,.F.,.F.,(4,1,4),(-0.0898894944538387,-0.0439779274109118,
0.),.UNSPECIFIED.);
#371=B_SPLINE_CURVE_WITH_KNOTS('',3,(#8752,#8753,#8754,#8755,#8756),
 .UNSPECIFIED.,.F.,.F.,(4,1,4),(-0.096109186044624,-0.0471932958601918,
0.),.UNSPECIFIED.);
#372=B_SPLINE_CURVE_WITH_KNOTS('',3,(#8769,#8770,#8771,#8772,#8773),
 .UNSPECIFIED.,.F.,.F.,(4,1,4),(-0.106942037642468,-0.0535605448903968,
0.),.UNSPECIFIED.);
#373=B_SPLINE_CURVE_WITH_KNOTS('',3,(#8786,#8787,#8788,#8789,#8790),
 .UNSPECIFIED.,.F.,.F.,(4,1,4),(-0.107613179385668,-0.0535400281302286,
0.),.UNSPECIFIED.);
#374=B_SPLINE_CURVE_WITH_KNOTS('',3,(#8803,#8804,#8805,#8806,#8807),
 .UNSPECIFIED.,.F.,.F.,(4,1,4),(-0.133438591751365,-0.0696687304437776,
0.),.UNSPECIFIED.);
#375=B_SPLINE_CURVE_WITH_KNOTS('',3,(#8820,#8821,#8822,#8823,#8824),
 .UNSPECIFIED.,.F.,.F.,(4,1,4),(-0.126618045840235,-0.0621077371229013,
0.),.UNSPECIFIED.);
#376=B_SPLINE_CURVE_WITH_KNOTS('',3,(#8837,#8838,#8839,#8840,#8841),
 .UNSPECIFIED.,.F.,.F.,(4,1,4),(-0.108135538470724,-0.0533391530784994,
0.),.UNSPECIFIED.);
#377=B_SPLINE_CURVE_WITH_KNOTS('',3,(#8854,#8855,#8856,#8857,#8858),
 .UNSPECIFIED.,.F.,.F.,(4,1,4),(-0.106839247046911,-0.0543782297406506,
0.),.UNSPECIFIED.);
#378=B_SPLINE_CURVE_WITH_KNOTS('',3,(#8871,#8872,#8873,#8874,#8875),
 .UNSPECIFIED.,.F.,.F.,(4,1,4),(-0.113872779291007,-0.0541366660785826,
0.),.UNSPECIFIED.);
#379=B_SPLINE_CURVE_WITH_KNOTS('',3,(#8888,#8889,#8890,#8891,#8892),
 .UNSPECIFIED.,.F.,.F.,(4,1,4),(-0.191852152418712,-0.067899932011214,0.),
 .UNSPECIFIED.);
#380=B_SPLINE_CURVE_WITH_KNOTS('',3,(#8922,#8923,#8924,#8925,#8926),
 .UNSPECIFIED.,.F.,.F.,(4,1,4),(-0.126644099715599,-0.0784788075750535,
0.),.UNSPECIFIED.);
#381=B_SPLINE_CURVE_WITH_KNOTS('',3,(#8939,#8940,#8941,#8942,#8943),
 .UNSPECIFIED.,.F.,.F.,(4,1,4),(-0.0637049029110251,-0.0324035013613118,
0.),.UNSPECIFIED.);
#382=B_SPLINE_CURVE_WITH_KNOTS('',3,(#8956,#8957,#8958,#8959,#8960),
 .UNSPECIFIED.,.F.,.F.,(4,1,4),(-0.0645745109086421,-0.0315035023564515,
0.),.UNSPECIFIED.);
#383=B_SPLINE_CURVE_WITH_KNOTS('',3,(#8973,#8974,#8975,#8976,#8977),
 .UNSPECIFIED.,.F.,.F.,(4,1,4),(-0.0766282684350846,-0.0397136725955587,
0.),.UNSPECIFIED.);
#384=B_SPLINE_CURVE_WITH_KNOTS('',3,(#8990,#8991,#8992,#8993,#8994),
 .UNSPECIFIED.,.F.,.F.,(4,1,4),(-0.0738792121318386,-0.0365101733648994,
0.),.UNSPECIFIED.);
#385=B_SPLINE_CURVE_WITH_KNOTS('',3,(#9007,#9008,#9009,#9010,#9011),
 .UNSPECIFIED.,.F.,.F.,(4,1,4),(-0.114606037439261,-0.0430235226044433,
0.),.UNSPECIFIED.);
#386=B_SPLINE_CURVE_WITH_KNOTS('',3,(#9036,#9037,#9038,#9039,#9040),
 .UNSPECIFIED.,.F.,.F.,(4,1,4),(-0.189663492263935,-0.119811838277916,0.),
 .UNSPECIFIED.);
#387=B_SPLINE_CURVE_WITH_KNOTS('',3,(#9053,#9054,#9055,#9056,#9057),
 .UNSPECIFIED.,.F.,.F.,(4,1,4),(-0.139040114607752,-0.0682387810933076,
0.),.UNSPECIFIED.);
#388=B_SPLINE_CURVE_WITH_KNOTS('',3,(#9070,#9071,#9072,#9073,#9074),
 .UNSPECIFIED.,.F.,.F.,(4,1,4),(-0.162237711688844,-0.0761445083052227,
0.),.UNSPECIFIED.);
#389=B_SPLINE_CURVE_WITH_KNOTS('',3,(#9087,#9088,#9089,#9090,#9091),
 .UNSPECIFIED.,.F.,.F.,(4,1,4),(-0.125671147598041,-0.0670594298503714,
0.),.UNSPECIFIED.);
#390=B_SPLINE_CURVE_WITH_KNOTS('',3,(#9104,#9105,#9106,#9107,#9108),
 .UNSPECIFIED.,.F.,.F.,(4,1,4),(-0.10318481108758,-0.0532758891823819,0.),
 .UNSPECIFIED.);
#391=B_SPLINE_CURVE_WITH_KNOTS('',3,(#9121,#9122,#9123,#9124,#9125),
 .UNSPECIFIED.,.F.,.F.,(4,1,4),(-0.0909465895322974,-0.0471255458483319,
0.),.UNSPECIFIED.);
#392=B_SPLINE_CURVE_WITH_KNOTS('',3,(#9138,#9139,#9140,#9141,#9142),
 .UNSPECIFIED.,.F.,.F.,(4,1,4),(-0.165445987729604,-0.0702015517068627,
0.),.UNSPECIFIED.);
#393=B_SPLINE_CURVE_WITH_KNOTS('',3,(#9168,#9169,#9170,#9171,#9172),
 .UNSPECIFIED.,.F.,.F.,(4,1,4),(-0.135636259207709,-0.0789392095712351,
0.),.UNSPECIFIED.);
#394=B_SPLINE_CURVE_WITH_KNOTS('',3,(#9185,#9186,#9187,#9188,#9189),
 .UNSPECIFIED.,.F.,.F.,(4,1,4),(-0.122406470357363,-0.0622871205629905,
0.),.UNSPECIFIED.);
#395=B_SPLINE_CURVE_WITH_KNOTS('',3,(#9202,#9203,#9204,#9205,#9206),
 .UNSPECIFIED.,.F.,.F.,(4,1,4),(-0.101788386342421,-0.0494618811606881,
0.),.UNSPECIFIED.);
#396=B_SPLINE_CURVE_WITH_KNOTS('',3,(#9219,#9220,#9221,#9222,#9223),
 .UNSPECIFIED.,.F.,.F.,(4,1,4),(-0.139353154995169,-0.0616722840841211,
0.),.UNSPECIFIED.);
#397=B_SPLINE_CURVE_WITH_KNOTS('',3,(#9236,#9237,#9238,#9239,#9240),
 .UNSPECIFIED.,.F.,.F.,(4,1,4),(-0.147887092771849,-0.0849908622613367,
0.),.UNSPECIFIED.);
#398=B_SPLINE_CURVE_WITH_KNOTS('',3,(#9253,#9254,#9255,#9256,#9257),
 .UNSPECIFIED.,.F.,.F.,(4,1,4),(-0.103319711278811,-0.0518185780266935,
0.),.UNSPECIFIED.);
#399=B_SPLINE_CURVE_WITH_KNOTS('',3,(#9270,#9271,#9272,#9273,#9274),
 .UNSPECIFIED.,.F.,.F.,(4,1,4),(-0.102213627671018,-0.0504883755710974,
0.),.UNSPECIFIED.);
#400=B_SPLINE_CURVE_WITH_KNOTS('',3,(#9286,#9287,#9288,#9289,#9290),
 .UNSPECIFIED.,.F.,.F.,(4,1,4),(-0.134655742039797,-0.0597825942307695,
0.),.UNSPECIFIED.);
#401=B_SPLINE_CURVE_WITH_KNOTS('',3,(#9312,#9313,#9314,#9315,#9316),
 .UNSPECIFIED.,.F.,.F.,(4,1,4),(-0.110804310591899,-0.0571553694944635,
0.),.UNSPECIFIED.);
#402=B_SPLINE_CURVE_WITH_KNOTS('',3,(#9329,#9330,#9331,#9332,#9333),
 .UNSPECIFIED.,.F.,.F.,(4,1,4),(-0.0994981613929944,-0.0509905777146999,
0.),.UNSPECIFIED.);
#403=B_SPLINE_CURVE_WITH_KNOTS('',3,(#9346,#9347,#9348,#9349,#9350),
 .UNSPECIFIED.,.F.,.F.,(4,1,4),(-0.190739078654668,-0.0933662665078065,
0.),.UNSPECIFIED.);
#404=B_SPLINE_CURVE_WITH_KNOTS('',3,(#9363,#9364,#9365,#9366,#9367),
 .UNSPECIFIED.,.F.,.F.,(4,1,4),(-0.235823439146671,-0.10845863440257,0.),
 .UNSPECIFIED.);
#405=B_SPLINE_CURVE_WITH_KNOTS('',3,(#9380,#9381,#9382,#9383,#9384),
 .UNSPECIFIED.,.F.,.F.,(4,1,4),(-0.234778865365815,-0.128764812777141,0.),
 .UNSPECIFIED.);
#406=B_SPLINE_CURVE_WITH_KNOTS('',3,(#9397,#9398,#9399,#9400,#9401),
 .UNSPECIFIED.,.F.,.F.,(4,1,4),(-0.192785774580993,-0.0957320232398136,
0.),.UNSPECIFIED.);
#407=B_SPLINE_CURVE_WITH_KNOTS('',3,(#9414,#9415,#9416,#9417,#9418),
 .UNSPECIFIED.,.F.,.F.,(4,1,4),(-0.188154842331449,-0.0913483526120351,
0.),.UNSPECIFIED.);
#408=PLANE('',#4947);
#409=PLANE('',#4948);
#410=PLANE('',#4949);
#411=PLANE('',#4950);
#412=PLANE('',#4951);
#413=PLANE('',#4952);
#414=PLANE('',#4953);
#415=PLANE('',#4954);
#416=PLANE('',#4991);
#417=PLANE('',#4992);
#418=PLANE('',#4993);
#419=PLANE('',#4994);
#420=PLANE('',#4995);
#421=PLANE('',#4998);
#422=PLANE('',#5001);
#423=PLANE('',#5004);
#424=PLANE('',#5007);
#425=PLANE('',#5010);
#426=PLANE('',#5013);
#427=PLANE('',#5016);
#428=PLANE('',#5019);
#429=PLANE('',#5022);
#430=PLANE('',#5025);
#431=PLANE('',#5028);
#432=PLANE('',#5031);
#433=PLANE('',#5034);
#434=PLANE('',#5037);
#435=PLANE('',#5040);
#436=PLANE('',#5043);
#437=PLANE('',#5046);
#438=PLANE('',#5049);
#439=PLANE('',#5052);
#440=PLANE('',#5055);
#441=PLANE('',#5058);
#442=PLANE('',#5061);
#443=PLANE('',#5064);
#444=PLANE('',#5067);
#445=PLANE('',#5070);
#446=PLANE('',#5073);
#447=PLANE('',#5076);
#448=PLANE('',#5079);
#449=PLANE('',#5082);
#450=PLANE('',#5085);
#451=PLANE('',#5088);
#452=PLANE('',#5091);
#453=PLANE('',#5094);
#454=PLANE('',#5097);
#455=PLANE('',#5100);
#456=PLANE('',#5103);
#457=PLANE('',#5104);
#458=PLANE('',#5105);
#459=PLANE('',#5106);
#460=PLANE('',#5107);
#461=PLANE('',#5108);
#462=PLANE('',#5109);
#463=PLANE('',#5128);
#464=PLANE('',#5129);
#465=PLANE('',#5130);
#466=PLANE('',#5131);
#467=PLANE('',#5132);
#468=PLANE('',#5133);
#469=PLANE('',#5134);
#470=PLANE('',#5135);
#471=PLANE('',#5136);
#472=PLANE('',#5137);
#473=PLANE('',#5138);
#474=PLANE('',#5139);
#475=PLANE('',#5140);
#476=PLANE('',#5141);
#477=PLANE('',#5142);
#478=PLANE('',#5143);
#479=PLANE('',#5144);
#480=PLANE('',#5145);
#481=PLANE('',#5146);
#482=PLANE('',#5147);
#483=PLANE('',#5148);
#484=PLANE('',#5149);
#485=PLANE('',#5150);
#486=PLANE('',#5151);
#487=PLANE('',#5152);
#488=PLANE('',#5153);
#489=PLANE('',#5154);
#490=PLANE('',#5155);
#491=PLANE('',#5156);
#492=PLANE('',#5157);
#493=PLANE('',#5158);
#494=PLANE('',#5159);
#495=PLANE('',#5160);
#496=PLANE('',#5161);
#497=PLANE('',#5162);
#498=PLANE('',#5163);
#499=PLANE('',#5164);
#500=PLANE('',#5165);
#501=PLANE('',#5166);
#502=PLANE('',#5167);
#503=PLANE('',#5168);
#504=PLANE('',#5169);
#505=PLANE('',#5170);
#506=PLANE('',#5171);
#507=PLANE('',#5172);
#508=PLANE('',#5173);
#509=FACE_OUTER_BOUND('',#766,.T.);
#510=FACE_OUTER_BOUND('',#767,.T.);
#511=FACE_OUTER_BOUND('',#768,.T.);
#512=FACE_OUTER_BOUND('',#769,.T.);
#513=FACE_OUTER_BOUND('',#770,.T.);
#514=FACE_OUTER_BOUND('',#771,.T.);
#515=FACE_OUTER_BOUND('',#772,.T.);
#516=FACE_OUTER_BOUND('',#773,.T.);
#517=FACE_OUTER_BOUND('',#774,.T.);
#518=FACE_OUTER_BOUND('',#792,.T.);
#519=FACE_OUTER_BOUND('',#793,.T.);
#520=FACE_OUTER_BOUND('',#794,.T.);
#521=FACE_OUTER_BOUND('',#795,.T.);
#522=FACE_OUTER_BOUND('',#796,.T.);
#523=FACE_OUTER_BOUND('',#797,.T.);
#524=FACE_OUTER_BOUND('',#798,.T.);
#525=FACE_OUTER_BOUND('',#799,.T.);
#526=FACE_OUTER_BOUND('',#800,.T.);
#527=FACE_OUTER_BOUND('',#801,.T.);
#528=FACE_OUTER_BOUND('',#802,.T.);
#529=FACE_OUTER_BOUND('',#803,.T.);
#530=FACE_OUTER_BOUND('',#804,.T.);
#531=FACE_OUTER_BOUND('',#805,.T.);
#532=FACE_OUTER_BOUND('',#806,.T.);
#533=FACE_OUTER_BOUND('',#807,.T.);
#534=FACE_OUTER_BOUND('',#808,.T.);
#535=FACE_OUTER_BOUND('',#809,.T.);
#536=FACE_OUTER_BOUND('',#810,.T.);
#537=FACE_OUTER_BOUND('',#811,.T.);
#538=FACE_OUTER_BOUND('',#812,.T.);
#539=FACE_OUTER_BOUND('',#813,.T.);
#540=FACE_OUTER_BOUND('',#814,.T.);
#541=FACE_OUTER_BOUND('',#815,.T.);
#542=FACE_OUTER_BOUND('',#816,.T.);
#543=FACE_OUTER_BOUND('',#817,.T.);
#544=FACE_OUTER_BOUND('',#818,.T.);
#545=FACE_OUTER_BOUND('',#819,.T.);
#546=FACE_OUTER_BOUND('',#820,.T.);
#547=FACE_OUTER_BOUND('',#821,.T.);
#548=FACE_OUTER_BOUND('',#822,.T.);
#549=FACE_OUTER_BOUND('',#823,.T.);
#550=FACE_OUTER_BOUND('',#824,.T.);
#551=FACE_OUTER_BOUND('',#825,.T.);
#552=FACE_OUTER_BOUND('',#826,.T.);
#553=FACE_OUTER_BOUND('',#827,.T.);
#554=FACE_OUTER_BOUND('',#828,.T.);
#555=FACE_OUTER_BOUND('',#829,.T.);
#556=FACE_OUTER_BOUND('',#830,.T.);
#557=FACE_OUTER_BOUND('',#831,.T.);
#558=FACE_OUTER_BOUND('',#832,.T.);
#559=FACE_OUTER_BOUND('',#833,.T.);
#560=FACE_OUTER_BOUND('',#834,.T.);
#561=FACE_OUTER_BOUND('',#835,.T.);
#562=FACE_OUTER_BOUND('',#836,.T.);
#563=FACE_OUTER_BOUND('',#837,.T.);
#564=FACE_OUTER_BOUND('',#838,.T.);
#565=FACE_OUTER_BOUND('',#839,.T.);
#566=FACE_OUTER_BOUND('',#840,.T.);
#567=FACE_OUTER_BOUND('',#841,.T.);
#568=FACE_OUTER_BOUND('',#842,.T.);
#569=FACE_OUTER_BOUND('',#843,.T.);
#570=FACE_OUTER_BOUND('',#844,.T.);
#571=FACE_OUTER_BOUND('',#845,.T.);
#572=FACE_OUTER_BOUND('',#846,.T.);
#573=FACE_OUTER_BOUND('',#847,.T.);
#574=FACE_OUTER_BOUND('',#848,.T.);
#575=FACE_OUTER_BOUND('',#849,.T.);
#576=FACE_OUTER_BOUND('',#850,.T.);
#577=FACE_OUTER_BOUND('',#851,.T.);
#578=FACE_OUTER_BOUND('',#852,.T.);
#579=FACE_OUTER_BOUND('',#853,.T.);
#580=FACE_OUTER_BOUND('',#854,.T.);
#581=FACE_OUTER_BOUND('',#855,.T.);
#582=FACE_OUTER_BOUND('',#856,.T.);
#583=FACE_OUTER_BOUND('',#857,.T.);
#584=FACE_OUTER_BOUND('',#858,.T.);
#585=FACE_OUTER_BOUND('',#859,.T.);
#586=FACE_OUTER_BOUND('',#860,.T.);
#587=FACE_OUTER_BOUND('',#861,.T.);
#588=FACE_OUTER_BOUND('',#862,.T.);
#589=FACE_OUTER_BOUND('',#863,.T.);
#590=FACE_OUTER_BOUND('',#864,.T.);
#591=FACE_OUTER_BOUND('',#865,.T.);
#592=FACE_OUTER_BOUND('',#866,.T.);
#593=FACE_OUTER_BOUND('',#867,.T.);
#594=FACE_OUTER_BOUND('',#868,.T.);
#595=FACE_OUTER_BOUND('',#869,.T.);
#596=FACE_OUTER_BOUND('',#870,.T.);
#597=FACE_OUTER_BOUND('',#871,.T.);
#598=FACE_OUTER_BOUND('',#872,.T.);
#599=FACE_OUTER_BOUND('',#873,.T.);
#600=FACE_OUTER_BOUND('',#874,.T.);
#601=FACE_OUTER_BOUND('',#882,.T.);
#602=FACE_OUTER_BOUND('',#883,.T.);
#603=FACE_OUTER_BOUND('',#884,.T.);
#604=FACE_OUTER_BOUND('',#885,.T.);
#605=FACE_OUTER_BOUND('',#886,.T.);
#606=FACE_OUTER_BOUND('',#887,.T.);
#607=FACE_OUTER_BOUND('',#888,.T.);
#608=FACE_OUTER_BOUND('',#889,.T.);
#609=FACE_OUTER_BOUND('',#890,.T.);
#610=FACE_OUTER_BOUND('',#891,.T.);
#611=FACE_OUTER_BOUND('',#892,.T.);
#612=FACE_OUTER_BOUND('',#893,.T.);
#613=FACE_OUTER_BOUND('',#894,.T.);
#614=FACE_OUTER_BOUND('',#912,.T.);
#615=FACE_OUTER_BOUND('',#913,.T.);
#616=FACE_OUTER_BOUND('',#914,.T.);
#617=FACE_OUTER_BOUND('',#915,.T.);
#618=FACE_OUTER_BOUND('',#916,.T.);
#619=FACE_OUTER_BOUND('',#917,.T.);
#620=FACE_OUTER_BOUND('',#918,.T.);
#621=FACE_OUTER_BOUND('',#919,.T.);
#622=FACE_OUTER_BOUND('',#920,.T.);
#623=FACE_OUTER_BOUND('',#921,.T.);
#624=FACE_OUTER_BOUND('',#922,.T.);
#625=FACE_OUTER_BOUND('',#923,.T.);
#626=FACE_OUTER_BOUND('',#924,.T.);
#627=FACE_OUTER_BOUND('',#925,.T.);
#628=FACE_OUTER_BOUND('',#926,.T.);
#629=FACE_OUTER_BOUND('',#927,.T.);
#630=FACE_OUTER_BOUND('',#928,.T.);
#631=FACE_OUTER_BOUND('',#929,.T.);
#632=FACE_OUTER_BOUND('',#930,.T.);
#633=FACE_OUTER_BOUND('',#931,.T.);
#634=FACE_OUTER_BOUND('',#933,.T.);
#635=FACE_OUTER_BOUND('',#934,.T.);
#636=FACE_OUTER_BOUND('',#935,.T.);
#637=FACE_OUTER_BOUND('',#936,.T.);
#638=FACE_OUTER_BOUND('',#937,.T.);
#639=FACE_OUTER_BOUND('',#938,.T.);
#640=FACE_OUTER_BOUND('',#939,.T.);
#641=FACE_OUTER_BOUND('',#940,.T.);
#642=FACE_OUTER_BOUND('',#941,.T.);
#643=FACE_OUTER_BOUND('',#942,.T.);
#644=FACE_OUTER_BOUND('',#943,.T.);
#645=FACE_OUTER_BOUND('',#944,.T.);
#646=FACE_OUTER_BOUND('',#945,.T.);
#647=FACE_OUTER_BOUND('',#946,.T.);
#648=FACE_OUTER_BOUND('',#947,.T.);
#649=FACE_OUTER_BOUND('',#948,.T.);
#650=FACE_OUTER_BOUND('',#949,.T.);
#651=FACE_OUTER_BOUND('',#950,.T.);
#652=FACE_OUTER_BOUND('',#951,.T.);
#653=FACE_OUTER_BOUND('',#952,.T.);
#654=FACE_OUTER_BOUND('',#953,.T.);
#655=FACE_OUTER_BOUND('',#954,.T.);
#656=FACE_OUTER_BOUND('',#955,.T.);
#657=FACE_OUTER_BOUND('',#956,.T.);
#658=FACE_OUTER_BOUND('',#957,.T.);
#659=FACE_OUTER_BOUND('',#958,.T.);
#660=FACE_OUTER_BOUND('',#959,.T.);
#661=FACE_OUTER_BOUND('',#960,.T.);
#662=FACE_OUTER_BOUND('',#961,.T.);
#663=FACE_OUTER_BOUND('',#962,.T.);
#664=FACE_OUTER_BOUND('',#963,.T.);
#665=FACE_OUTER_BOUND('',#964,.T.);
#666=FACE_OUTER_BOUND('',#965,.T.);
#667=FACE_OUTER_BOUND('',#966,.T.);
#668=FACE_OUTER_BOUND('',#967,.T.);
#669=FACE_OUTER_BOUND('',#969,.T.);
#670=FACE_OUTER_BOUND('',#970,.T.);
#671=FACE_OUTER_BOUND('',#971,.T.);
#672=FACE_OUTER_BOUND('',#972,.T.);
#673=FACE_OUTER_BOUND('',#973,.T.);
#674=FACE_OUTER_BOUND('',#974,.T.);
#675=FACE_OUTER_BOUND('',#975,.T.);
#676=FACE_OUTER_BOUND('',#976,.T.);
#677=FACE_OUTER_BOUND('',#977,.T.);
#678=FACE_OUTER_BOUND('',#978,.T.);
#679=FACE_OUTER_BOUND('',#979,.T.);
#680=FACE_OUTER_BOUND('',#980,.T.);
#681=FACE_OUTER_BOUND('',#981,.T.);
#682=FACE_OUTER_BOUND('',#982,.T.);
#683=FACE_OUTER_BOUND('',#983,.T.);
#684=FACE_OUTER_BOUND('',#984,.T.);
#685=FACE_OUTER_BOUND('',#985,.T.);
#686=FACE_OUTER_BOUND('',#986,.T.);
#687=FACE_OUTER_BOUND('',#987,.T.);
#688=FACE_OUTER_BOUND('',#988,.T.);
#689=FACE_OUTER_BOUND('',#990,.T.);
#690=FACE_OUTER_BOUND('',#991,.T.);
#691=FACE_OUTER_BOUND('',#992,.T.);
#692=FACE_OUTER_BOUND('',#993,.T.);
#693=FACE_OUTER_BOUND('',#994,.T.);
#694=FACE_OUTER_BOUND('',#995,.T.);
#695=FACE_OUTER_BOUND('',#996,.T.);
#696=FACE_OUTER_BOUND('',#997,.T.);
#697=FACE_OUTER_BOUND('',#998,.T.);
#698=FACE_OUTER_BOUND('',#999,.T.);
#699=FACE_OUTER_BOUND('',#1000,.T.);
#700=FACE_OUTER_BOUND('',#1001,.T.);
#701=FACE_OUTER_BOUND('',#1002,.T.);
#702=FACE_OUTER_BOUND('',#1003,.T.);
#703=FACE_OUTER_BOUND('',#1004,.T.);
#704=FACE_OUTER_BOUND('',#1005,.T.);
#705=FACE_OUTER_BOUND('',#1006,.T.);
#706=FACE_OUTER_BOUND('',#1007,.T.);
#707=FACE_OUTER_BOUND('',#1008,.T.);
#708=FACE_OUTER_BOUND('',#1009,.T.);
#709=FACE_OUTER_BOUND('',#1010,.T.);
#710=FACE_OUTER_BOUND('',#1011,.T.);
#711=FACE_OUTER_BOUND('',#1012,.T.);
#712=FACE_OUTER_BOUND('',#1013,.T.);
#713=FACE_OUTER_BOUND('',#1014,.T.);
#714=FACE_OUTER_BOUND('',#1015,.T.);
#715=FACE_OUTER_BOUND('',#1016,.T.);
#716=FACE_OUTER_BOUND('',#1017,.T.);
#717=FACE_OUTER_BOUND('',#1018,.T.);
#718=FACE_OUTER_BOUND('',#1019,.T.);
#719=FACE_OUTER_BOUND('',#1020,.T.);
#720=FACE_OUTER_BOUND('',#1021,.T.);
#721=FACE_OUTER_BOUND('',#1022,.T.);
#722=FACE_OUTER_BOUND('',#1023,.T.);
#723=FACE_OUTER_BOUND('',#1026,.T.);
#724=FACE_OUTER_BOUND('',#1027,.T.);
#725=FACE_OUTER_BOUND('',#1028,.T.);
#726=FACE_OUTER_BOUND('',#1029,.T.);
#727=FACE_OUTER_BOUND('',#1030,.T.);
#728=FACE_OUTER_BOUND('',#1031,.T.);
#729=FACE_OUTER_BOUND('',#1032,.T.);
#730=FACE_OUTER_BOUND('',#1033,.T.);
#731=FACE_OUTER_BOUND('',#1034,.T.);
#732=FACE_OUTER_BOUND('',#1035,.T.);
#733=FACE_OUTER_BOUND('',#1036,.T.);
#734=FACE_OUTER_BOUND('',#1037,.T.);
#735=FACE_OUTER_BOUND('',#1038,.T.);
#736=FACE_OUTER_BOUND('',#1039,.T.);
#737=FACE_OUTER_BOUND('',#1040,.T.);
#738=FACE_OUTER_BOUND('',#1041,.T.);
#739=FACE_OUTER_BOUND('',#1042,.T.);
#740=FACE_OUTER_BOUND('',#1043,.T.);
#741=FACE_OUTER_BOUND('',#1044,.T.);
#742=FACE_OUTER_BOUND('',#1045,.T.);
#743=FACE_OUTER_BOUND('',#1046,.T.);
#744=FACE_OUTER_BOUND('',#1047,.T.);
#745=FACE_OUTER_BOUND('',#1049,.T.);
#746=FACE_OUTER_BOUND('',#1050,.T.);
#747=FACE_OUTER_BOUND('',#1051,.T.);
#748=FACE_OUTER_BOUND('',#1052,.T.);
#749=FACE_OUTER_BOUND('',#1053,.T.);
#750=FACE_OUTER_BOUND('',#1054,.T.);
#751=FACE_OUTER_BOUND('',#1055,.T.);
#752=FACE_OUTER_BOUND('',#1056,.T.);
#753=FACE_OUTER_BOUND('',#1057,.T.);
#754=FACE_OUTER_BOUND('',#1058,.T.);
#755=FACE_OUTER_BOUND('',#1059,.T.);
#756=FACE_OUTER_BOUND('',#1060,.T.);
#757=FACE_OUTER_BOUND('',#1061,.T.);
#758=FACE_OUTER_BOUND('',#1062,.T.);
#759=FACE_OUTER_BOUND('',#1063,.T.);
#760=FACE_OUTER_BOUND('',#1064,.T.);
#761=FACE_OUTER_BOUND('',#1065,.T.);
#762=FACE_OUTER_BOUND('',#1066,.T.);
#763=FACE_OUTER_BOUND('',#1067,.T.);
#764=FACE_OUTER_BOUND('',#1068,.T.);
#765=FACE_OUTER_BOUND('',#1069,.T.);
#766=EDGE_LOOP('',(#3184,#3185,#3186,#3187));
#767=EDGE_LOOP('',(#3188,#3189,#3190,#3191,#3192));
#768=EDGE_LOOP('',(#3193,#3194,#3195,#3196,#3197,#3198,#3199,#3200,#3201));
#769=EDGE_LOOP('',(#3202,#3203,#3204,#3205,#3206));
#770=EDGE_LOOP('',(#3207,#3208,#3209,#3210,#3211,#3212,#3213,#3214,#3215));
#771=EDGE_LOOP('',(#3216,#3217,#3218,#3219,#3220,#3221,#3222,#3223,#3224));
#772=EDGE_LOOP('',(#3225,#3226,#3227,#3228,#3229,#3230,#3231,#3232,#3233));
#773=EDGE_LOOP('',(#3234,#3235,#3236,#3237,#3238,#3239,#3240,#3241));
#774=EDGE_LOOP('',(#3242,#3243,#3244,#3245,#3246,#3247));
#775=EDGE_LOOP('',(#3248,#3249,#3250,#3251,#3252,#3253,#3254,#3255));
#776=EDGE_LOOP('',(#3256,#3257,#3258,#3259,#3260,#3261,#3262,#3263));
#777=EDGE_LOOP('',(#3264,#3265,#3266,#3267,#3268,#3269,#3270,#3271));
#778=EDGE_LOOP('',(#3272,#3273,#3274,#3275,#3276,#3277,#3278,#3279));
#779=EDGE_LOOP('',(#3280,#3281,#3282,#3283,#3284,#3285,#3286,#3287));
#780=EDGE_LOOP('',(#3288,#3289,#3290,#3291,#3292,#3293,#3294,#3295));
#781=EDGE_LOOP('',(#3296,#3297,#3298,#3299,#3300,#3301,#3302,#3303));
#782=EDGE_LOOP('',(#3304,#3305,#3306,#3307,#3308,#3309,#3310,#3311));
#783=EDGE_LOOP('',(#3312,#3313,#3314,#3315,#3316,#3317,#3318,#3319));
#784=EDGE_LOOP('',(#3320,#3321,#3322,#3323));
#785=EDGE_LOOP('',(#3324,#3325,#3326,#3327,#3328,#3329,#3330,#3331,#3332,
#3333,#3334,#3335,#3336,#3337));
#786=EDGE_LOOP('',(#3338,#3339,#3340,#3341,#3342,#3343,#3344,#3345,#3346,
#3347,#3348,#3349,#3350,#3351,#3352,#3353,#3354,#3355,#3356,#3357,#3358,
#3359,#3360,#3361,#3362));
#787=EDGE_LOOP('',(#3363,#3364,#3365,#3366,#3367,#3368,#3369,#3370,#3371,
#3372,#3373,#3374,#3375,#3376));
#788=EDGE_LOOP('',(#3377,#3378,#3379,#3380,#3381,#3382,#3383,#3384,#3385,
#3386,#3387,#3388,#3389,#3390,#3391));
#789=EDGE_LOOP('',(#3392,#3393,#3394,#3395,#3396,#3397,#3398,#3399,#3400,
#3401,#3402,#3403));
#790=EDGE_LOOP('',(#3404,#3405,#3406,#3407,#3408,#3409,#3410,#3411,#3412,
#3413,#3414,#3415));
#791=EDGE_LOOP('',(#3416));
#792=EDGE_LOOP('',(#3417,#3418,#3419,#3420));
#793=EDGE_LOOP('',(#3421,#3422,#3423,#3424));
#794=EDGE_LOOP('',(#3425,#3426,#3427,#3428));
#795=EDGE_LOOP('',(#3429,#3430,#3431,#3432));
#796=EDGE_LOOP('',(#3433,#3434,#3435,#3436));
#797=EDGE_LOOP('',(#3437,#3438,#3439,#3440));
#798=EDGE_LOOP('',(#3441,#3442,#3443,#3444));
#799=EDGE_LOOP('',(#3445,#3446,#3447,#3448));
#800=EDGE_LOOP('',(#3449,#3450,#3451,#3452));
#801=EDGE_LOOP('',(#3453,#3454,#3455,#3456));
#802=EDGE_LOOP('',(#3457,#3458,#3459,#3460));
#803=EDGE_LOOP('',(#3461,#3462,#3463,#3464));
#804=EDGE_LOOP('',(#3465,#3466,#3467,#3468));
#805=EDGE_LOOP('',(#3469,#3470,#3471,#3472));
#806=EDGE_LOOP('',(#3473,#3474,#3475,#3476));
#807=EDGE_LOOP('',(#3477,#3478,#3479,#3480));
#808=EDGE_LOOP('',(#3481,#3482,#3483,#3484));
#809=EDGE_LOOP('',(#3485,#3486,#3487,#3488));
#810=EDGE_LOOP('',(#3489,#3490,#3491,#3492));
#811=EDGE_LOOP('',(#3493,#3494,#3495,#3496));
#812=EDGE_LOOP('',(#3497,#3498,#3499,#3500));
#813=EDGE_LOOP('',(#3501,#3502,#3503,#3504));
#814=EDGE_LOOP('',(#3505,#3506,#3507,#3508));
#815=EDGE_LOOP('',(#3509,#3510,#3511,#3512));
#816=EDGE_LOOP('',(#3513,#3514,#3515,#3516));
#817=EDGE_LOOP('',(#3517,#3518,#3519,#3520));
#818=EDGE_LOOP('',(#3521,#3522,#3523,#3524));
#819=EDGE_LOOP('',(#3525,#3526,#3527,#3528));
#820=EDGE_LOOP('',(#3529,#3530,#3531,#3532));
#821=EDGE_LOOP('',(#3533,#3534,#3535,#3536));
#822=EDGE_LOOP('',(#3537,#3538,#3539,#3540));
#823=EDGE_LOOP('',(#3541,#3542,#3543,#3544));
#824=EDGE_LOOP('',(#3545,#3546,#3547,#3548));
#825=EDGE_LOOP('',(#3549,#3550,#3551,#3552));
#826=EDGE_LOOP('',(#3553,#3554,#3555,#3556));
#827=EDGE_LOOP('',(#3557,#3558,#3559,#3560));
#828=EDGE_LOOP('',(#3561,#3562,#3563,#3564));
#829=EDGE_LOOP('',(#3565,#3566,#3567,#3568));
#830=EDGE_LOOP('',(#3569,#3570,#3571,#3572));
#831=EDGE_LOOP('',(#3573,#3574,#3575,#3576));
#832=EDGE_LOOP('',(#3577,#3578,#3579,#3580));
#833=EDGE_LOOP('',(#3581,#3582,#3583,#3584));
#834=EDGE_LOOP('',(#3585,#3586,#3587,#3588));
#835=EDGE_LOOP('',(#3589,#3590,#3591,#3592));
#836=EDGE_LOOP('',(#3593,#3594,#3595,#3596));
#837=EDGE_LOOP('',(#3597,#3598,#3599,#3600));
#838=EDGE_LOOP('',(#3601,#3602,#3603,#3604));
#839=EDGE_LOOP('',(#3605,#3606,#3607,#3608));
#840=EDGE_LOOP('',(#3609,#3610,#3611,#3612));
#841=EDGE_LOOP('',(#3613,#3614,#3615,#3616));
#842=EDGE_LOOP('',(#3617,#3618,#3619,#3620));
#843=EDGE_LOOP('',(#3621,#3622,#3623,#3624));
#844=EDGE_LOOP('',(#3625,#3626,#3627,#3628));
#845=EDGE_LOOP('',(#3629,#3630,#3631,#3632));
#846=EDGE_LOOP('',(#3633,#3634,#3635,#3636));
#847=EDGE_LOOP('',(#3637,#3638,#3639,#3640));
#848=EDGE_LOOP('',(#3641,#3642,#3643,#3644));
#849=EDGE_LOOP('',(#3645,#3646,#3647,#3648));
#850=EDGE_LOOP('',(#3649,#3650,#3651,#3652));
#851=EDGE_LOOP('',(#3653,#3654,#3655,#3656));
#852=EDGE_LOOP('',(#3657,#3658,#3659,#3660));
#853=EDGE_LOOP('',(#3661,#3662,#3663,#3664));
#854=EDGE_LOOP('',(#3665,#3666,#3667,#3668));
#855=EDGE_LOOP('',(#3669,#3670,#3671,#3672));
#856=EDGE_LOOP('',(#3673,#3674,#3675,#3676));
#857=EDGE_LOOP('',(#3677,#3678,#3679,#3680));
#858=EDGE_LOOP('',(#3681,#3682,#3683,#3684));
#859=EDGE_LOOP('',(#3685,#3686,#3687,#3688));
#860=EDGE_LOOP('',(#3689,#3690,#3691,#3692));
#861=EDGE_LOOP('',(#3693,#3694,#3695,#3696));
#862=EDGE_LOOP('',(#3697,#3698,#3699,#3700));
#863=EDGE_LOOP('',(#3701,#3702,#3703,#3704));
#864=EDGE_LOOP('',(#3705,#3706,#3707,#3708));
#865=EDGE_LOOP('',(#3709,#3710,#3711,#3712));
#866=EDGE_LOOP('',(#3713,#3714,#3715,#3716));
#867=EDGE_LOOP('',(#3717,#3718,#3719,#3720));
#868=EDGE_LOOP('',(#3721,#3722,#3723,#3724));
#869=EDGE_LOOP('',(#3725,#3726,#3727,#3728));
#870=EDGE_LOOP('',(#3729,#3730,#3731,#3732));
#871=EDGE_LOOP('',(#3733,#3734,#3735,#3736));
#872=EDGE_LOOP('',(#3737,#3738,#3739,#3740));
#873=EDGE_LOOP('',(#3741,#3742,#3743,#3744));
#874=EDGE_LOOP('',(#3745,#3746,#3747,#3748,#3749,#3750));
#875=EDGE_LOOP('',(#3751,#3752,#3753,#3754,#3755,#3756));
#876=EDGE_LOOP('',(#3757));
#877=EDGE_LOOP('',(#3758));
#878=EDGE_LOOP('',(#3759));
#879=EDGE_LOOP('',(#3760));
#880=EDGE_LOOP('',(#3761));
#881=EDGE_LOOP('',(#3762));
#882=EDGE_LOOP('',(#3763,#3764,#3765,#3766));
#883=EDGE_LOOP('',(#3767,#3768,#3769,#3770));
#884=EDGE_LOOP('',(#3771,#3772,#3773,#3774));
#885=EDGE_LOOP('',(#3775,#3776,#3777,#3778));
#886=EDGE_LOOP('',(#3779,#3780,#3781,#3782));
#887=EDGE_LOOP('',(#3783,#3784,#3785,#3786));
#888=EDGE_LOOP('',(#3787,#3788,#3789,#3790));
#889=EDGE_LOOP('',(#3791,#3792,#3793,#3794));
#890=EDGE_LOOP('',(#3795,#3796,#3797,#3798));
#891=EDGE_LOOP('',(#3799,#3800,#3801,#3802));
#892=EDGE_LOOP('',(#3803,#3804,#3805,#3806));
#893=EDGE_LOOP('',(#3807,#3808,#3809,#3810));
#894=EDGE_LOOP('',(#3811,#3812,#3813,#3814,#3815,#3816));
#895=EDGE_LOOP('',(#3817,#3818,#3819,#3820));
#896=EDGE_LOOP('',(#3821));
#897=EDGE_LOOP('',(#3822));
#898=EDGE_LOOP('',(#3823));
#899=EDGE_LOOP('',(#3824));
#900=EDGE_LOOP('',(#3825));
#901=EDGE_LOOP('',(#3826));
#902=EDGE_LOOP('',(#3827,#3828,#3829,#3830,#3831,#3832,#3833,#3834));
#903=EDGE_LOOP('',(#3835,#3836,#3837,#3838,#3839,#3840,#3841,#3842));
#904=EDGE_LOOP('',(#3843,#3844,#3845,#3846,#3847,#3848,#3849,#3850));
#905=EDGE_LOOP('',(#3851,#3852,#3853,#3854,#3855,#3856,#3857,#3858));
#906=EDGE_LOOP('',(#3859,#3860,#3861,#3862,#3863,#3864,#3865,#3866));
#907=EDGE_LOOP('',(#3867,#3868,#3869,#3870,#3871,#3872,#3873,#3874));
#908=EDGE_LOOP('',(#3875,#3876,#3877,#3878,#3879,#3880,#3881,#3882));
#909=EDGE_LOOP('',(#3883,#3884,#3885,#3886,#3887,#3888,#3889,#3890));
#910=EDGE_LOOP('',(#3891,#3892,#3893,#3894,#3895,#3896,#3897,#3898));
#911=EDGE_LOOP('',(#3899));
#912=EDGE_LOOP('',(#3900,#3901,#3902,#3903));
#913=EDGE_LOOP('',(#3904,#3905,#3906,#3907));
#914=EDGE_LOOP('',(#3908,#3909,#3910,#3911));
#915=EDGE_LOOP('',(#3912,#3913,#3914,#3915));
#916=EDGE_LOOP('',(#3916,#3917,#3918,#3919));
#917=EDGE_LOOP('',(#3920,#3921,#3922,#3923));
#918=EDGE_LOOP('',(#3924,#3925,#3926,#3927));
#919=EDGE_LOOP('',(#3928,#3929,#3930,#3931));
#920=EDGE_LOOP('',(#3932,#3933,#3934,#3935));
#921=EDGE_LOOP('',(#3936,#3937,#3938,#3939));
#922=EDGE_LOOP('',(#3940,#3941,#3942,#3943));
#923=EDGE_LOOP('',(#3944,#3945,#3946,#3947));
#924=EDGE_LOOP('',(#3948,#3949,#3950,#3951));
#925=EDGE_LOOP('',(#3952,#3953,#3954,#3955));
#926=EDGE_LOOP('',(#3956,#3957,#3958,#3959));
#927=EDGE_LOOP('',(#3960,#3961,#3962,#3963));
#928=EDGE_LOOP('',(#3964,#3965,#3966,#3967));
#929=EDGE_LOOP('',(#3968,#3969,#3970,#3971));
#930=EDGE_LOOP('',(#3972,#3973,#3974,#3975));
#931=EDGE_LOOP('',(#3976,#3977,#3978,#3979,#3980,#3981,#3982,#3983,#3984,
#3985,#3986,#3987,#3988,#3989));
#932=EDGE_LOOP('',(#3990,#3991,#3992,#3993,#3994));
#933=EDGE_LOOP('',(#3995,#3996,#3997,#3998));
#934=EDGE_LOOP('',(#3999,#4000,#4001,#4002));
#935=EDGE_LOOP('',(#4003,#4004,#4005,#4006));
#936=EDGE_LOOP('',(#4007,#4008,#4009,#4010));
#937=EDGE_LOOP('',(#4011,#4012,#4013,#4014));
#938=EDGE_LOOP('',(#4015,#4016,#4017,#4018));
#939=EDGE_LOOP('',(#4019,#4020,#4021,#4022));
#940=EDGE_LOOP('',(#4023,#4024,#4025,#4026));
#941=EDGE_LOOP('',(#4027,#4028,#4029,#4030));
#942=EDGE_LOOP('',(#4031,#4032,#4033,#4034));
#943=EDGE_LOOP('',(#4035,#4036,#4037,#4038));
#944=EDGE_LOOP('',(#4039,#4040,#4041,#4042));
#945=EDGE_LOOP('',(#4043,#4044,#4045,#4046));
#946=EDGE_LOOP('',(#4047,#4048,#4049,#4050));
#947=EDGE_LOOP('',(#4051,#4052,#4053,#4054));
#948=EDGE_LOOP('',(#4055,#4056,#4057,#4058));
#949=EDGE_LOOP('',(#4059,#4060,#4061,#4062));
#950=EDGE_LOOP('',(#4063,#4064,#4065,#4066));
#951=EDGE_LOOP('',(#4067,#4068,#4069,#4070));
#952=EDGE_LOOP('',(#4071,#4072,#4073,#4074));
#953=EDGE_LOOP('',(#4075,#4076,#4077,#4078));
#954=EDGE_LOOP('',(#4079,#4080,#4081,#4082));
#955=EDGE_LOOP('',(#4083,#4084,#4085,#4086));
#956=EDGE_LOOP('',(#4087,#4088,#4089,#4090));
#957=EDGE_LOOP('',(#4091,#4092,#4093,#4094));
#958=EDGE_LOOP('',(#4095,#4096,#4097,#4098));
#959=EDGE_LOOP('',(#4099,#4100,#4101,#4102));
#960=EDGE_LOOP('',(#4103,#4104,#4105,#4106));
#961=EDGE_LOOP('',(#4107,#4108,#4109,#4110));
#962=EDGE_LOOP('',(#4111,#4112,#4113,#4114));
#963=EDGE_LOOP('',(#4115,#4116,#4117,#4118));
#964=EDGE_LOOP('',(#4119,#4120,#4121,#4122));
#965=EDGE_LOOP('',(#4123,#4124,#4125,#4126));
#966=EDGE_LOOP('',(#4127,#4128,#4129,#4130));
#967=EDGE_LOOP('',(#4131,#4132,#4133,#4134,#4135,#4136,#4137,#4138,#4139,
#4140,#4141,#4142,#4143,#4144,#4145,#4146,#4147,#4148,#4149,#4150,#4151,
#4152,#4153,#4154,#4155));
#968=EDGE_LOOP('',(#4156,#4157,#4158,#4159,#4160,#4161,#4162,#4163,#4164));
#969=EDGE_LOOP('',(#4165,#4166,#4167,#4168));
#970=EDGE_LOOP('',(#4169,#4170,#4171,#4172));
#971=EDGE_LOOP('',(#4173,#4174,#4175,#4176));
#972=EDGE_LOOP('',(#4177,#4178,#4179,#4180));
#973=EDGE_LOOP('',(#4181,#4182,#4183,#4184));
#974=EDGE_LOOP('',(#4185,#4186,#4187,#4188));
#975=EDGE_LOOP('',(#4189,#4190,#4191,#4192));
#976=EDGE_LOOP('',(#4193,#4194,#4195,#4196));
#977=EDGE_LOOP('',(#4197,#4198,#4199,#4200));
#978=EDGE_LOOP('',(#4201,#4202,#4203,#4204));
#979=EDGE_LOOP('',(#4205,#4206,#4207,#4208));
#980=EDGE_LOOP('',(#4209,#4210,#4211,#4212));
#981=EDGE_LOOP('',(#4213,#4214,#4215,#4216));
#982=EDGE_LOOP('',(#4217,#4218,#4219,#4220));
#983=EDGE_LOOP('',(#4221,#4222,#4223,#4224));
#984=EDGE_LOOP('',(#4225,#4226,#4227,#4228));
#985=EDGE_LOOP('',(#4229,#4230,#4231,#4232));
#986=EDGE_LOOP('',(#4233,#4234,#4235,#4236));
#987=EDGE_LOOP('',(#4237,#4238,#4239,#4240));
#988=EDGE_LOOP('',(#4241,#4242,#4243,#4244,#4245,#4246,#4247,#4248,#4249,
#4250,#4251,#4252,#4253,#4254));
#989=EDGE_LOOP('',(#4255,#4256,#4257,#4258,#4259));
#990=EDGE_LOOP('',(#4260,#4261,#4262,#4263));
#991=EDGE_LOOP('',(#4264,#4265,#4266,#4267));
#992=EDGE_LOOP('',(#4268,#4269,#4270,#4271));
#993=EDGE_LOOP('',(#4272,#4273,#4274,#4275));
#994=EDGE_LOOP('',(#4276,#4277,#4278,#4279));
#995=EDGE_LOOP('',(#4280,#4281,#4282,#4283));
#996=EDGE_LOOP('',(#4284,#4285,#4286,#4287));
#997=EDGE_LOOP('',(#4288,#4289,#4290,#4291));
#998=EDGE_LOOP('',(#4292,#4293,#4294,#4295));
#999=EDGE_LOOP('',(#4296,#4297,#4298,#4299));
#1000=EDGE_LOOP('',(#4300,#4301,#4302,#4303));
#1001=EDGE_LOOP('',(#4304,#4305,#4306,#4307));
#1002=EDGE_LOOP('',(#4308,#4309,#4310,#4311));
#1003=EDGE_LOOP('',(#4312,#4313,#4314,#4315));
#1004=EDGE_LOOP('',(#4316,#4317,#4318,#4319));
#1005=EDGE_LOOP('',(#4320,#4321,#4322,#4323));
#1006=EDGE_LOOP('',(#4324,#4325,#4326,#4327));
#1007=EDGE_LOOP('',(#4328,#4329,#4330,#4331));
#1008=EDGE_LOOP('',(#4332,#4333,#4334,#4335));
#1009=EDGE_LOOP('',(#4336,#4337,#4338,#4339));
#1010=EDGE_LOOP('',(#4340,#4341,#4342,#4343));
#1011=EDGE_LOOP('',(#4344,#4345,#4346,#4347));
#1012=EDGE_LOOP('',(#4348,#4349,#4350,#4351));
#1013=EDGE_LOOP('',(#4352,#4353,#4354,#4355));
#1014=EDGE_LOOP('',(#4356,#4357,#4358,#4359));
#1015=EDGE_LOOP('',(#4360,#4361,#4362,#4363));
#1016=EDGE_LOOP('',(#4364,#4365,#4366,#4367));
#1017=EDGE_LOOP('',(#4368,#4369,#4370,#4371));
#1018=EDGE_LOOP('',(#4372,#4373,#4374,#4375));
#1019=EDGE_LOOP('',(#4376,#4377,#4378,#4379));
#1020=EDGE_LOOP('',(#4380,#4381,#4382,#4383));
#1021=EDGE_LOOP('',(#4384,#4385,#4386,#4387));
#1022=EDGE_LOOP('',(#4388,#4389,#4390,#4391));
#1023=EDGE_LOOP('',(#4392,#4393,#4394,#4395,#4396,#4397,#4398,#4399,#4400,
#4401,#4402,#4403,#4404,#4405,#4406));
#1024=EDGE_LOOP('',(#4407,#4408,#4409,#4410,#4411,#4412,#4413,#4414,#4415));
#1025=EDGE_LOOP('',(#4416,#4417,#4418,#4419,#4420,#4421,#4422,#4423,#4424));
#1026=EDGE_LOOP('',(#4425,#4426,#4427,#4428));
#1027=EDGE_LOOP('',(#4429,#4430,#4431,#4432));
#1028=EDGE_LOOP('',(#4433,#4434,#4435,#4436));
#1029=EDGE_LOOP('',(#4437,#4438,#4439,#4440));
#1030=EDGE_LOOP('',(#4441,#4442,#4443,#4444));
#1031=EDGE_LOOP('',(#4445,#4446,#4447,#4448));
#1032=EDGE_LOOP('',(#4449,#4450,#4451,#4452));
#1033=EDGE_LOOP('',(#4453,#4454,#4455,#4456));
#1034=EDGE_LOOP('',(#4457,#4458,#4459,#4460));
#1035=EDGE_LOOP('',(#4461,#4462,#4463,#4464));
#1036=EDGE_LOOP('',(#4465,#4466,#4467,#4468));
#1037=EDGE_LOOP('',(#4469,#4470,#4471,#4472));
#1038=EDGE_LOOP('',(#4473,#4474,#4475,#4476));
#1039=EDGE_LOOP('',(#4477,#4478,#4479,#4480));
#1040=EDGE_LOOP('',(#4481,#4482,#4483,#4484));
#1041=EDGE_LOOP('',(#4485,#4486,#4487,#4488));
#1042=EDGE_LOOP('',(#4489,#4490,#4491,#4492));
#1043=EDGE_LOOP('',(#4493,#4494,#4495,#4496));
#1044=EDGE_LOOP('',(#4497,#4498,#4499,#4500));
#1045=EDGE_LOOP('',(#4501,#4502,#4503,#4504));
#1046=EDGE_LOOP('',(#4505,#4506,#4507,#4508));
#1047=EDGE_LOOP('',(#4509,#4510,#4511,#4512,#4513,#4514,#4515,#4516,#4517,
#4518,#4519,#4520));
#1048=EDGE_LOOP('',(#4521,#4522,#4523,#4524,#4525,#4526,#4527,#4528,#4529));
#1049=EDGE_LOOP('',(#4530,#4531,#4532,#4533));
#1050=EDGE_LOOP('',(#4534,#4535,#4536,#4537));
#1051=EDGE_LOOP('',(#4538,#4539,#4540,#4541));
#1052=EDGE_LOOP('',(#4542,#4543,#4544,#4545));
#1053=EDGE_LOOP('',(#4546,#4547,#4548,#4549));
#1054=EDGE_LOOP('',(#4550,#4551,#4552,#4553));
#1055=EDGE_LOOP('',(#4554,#4555,#4556,#4557));
#1056=EDGE_LOOP('',(#4558,#4559,#4560,#4561));
#1057=EDGE_LOOP('',(#4562,#4563,#4564,#4565));
#1058=EDGE_LOOP('',(#4566,#4567,#4568,#4569));
#1059=EDGE_LOOP('',(#4570,#4571,#4572,#4573));
#1060=EDGE_LOOP('',(#4574,#4575,#4576,#4577));
#1061=EDGE_LOOP('',(#4578,#4579,#4580,#4581));
#1062=EDGE_LOOP('',(#4582,#4583,#4584,#4585));
#1063=EDGE_LOOP('',(#4586,#4587,#4588,#4589));
#1064=EDGE_LOOP('',(#4590,#4591,#4592,#4593));
#1065=EDGE_LOOP('',(#4594,#4595,#4596,#4597));
#1066=EDGE_LOOP('',(#4598,#4599,#4600,#4601));
#1067=EDGE_LOOP('',(#4602,#4603,#4604,#4605));
#1068=EDGE_LOOP('',(#4606,#4607,#4608,#4609));
#1069=EDGE_LOOP('',(#4610,#4611,#4612,#4613,#4614,#4615,#4616,#4617,#4618,
#4619,#4620,#4621));
#1070=EDGE_LOOP('',(#4622,#4623,#4624,#4625,#4626,#4627,#4628,#4629));
#1071=LINE('',#6052,#1482);
#1072=LINE('',#6080,#1483);
#1073=LINE('',#6131,#1484);
#1074=LINE('',#6158,#1485);
#1075=LINE('',#6162,#1486);
#1076=LINE('',#6164,#1487);
#1077=LINE('',#6201,#1488);
#1078=LINE('',#6205,#1489);
#1079=LINE('',#6207,#1490);
#1080=LINE('',#6244,#1491);
#1081=LINE('',#6248,#1492);
#1082=LINE('',#6250,#1493);
#1083=LINE('',#6287,#1494);
#1084=LINE('',#6340,#1495);
#1085=LINE('',#6342,#1496);
#1086=LINE('',#6344,#1497);
#1087=LINE('',#6346,#1498);
#1088=LINE('',#6348,#1499);
#1089=LINE('',#6349,#1500);
#1090=LINE('',#6352,#1501);
#1091=LINE('',#6356,#1502);
#1092=LINE('',#6360,#1503);
#1093=LINE('',#6364,#1504);
#1094=LINE('',#6368,#1505);
#1095=LINE('',#6372,#1506);
#1096=LINE('',#6376,#1507);
#1097=LINE('',#6380,#1508);
#1098=LINE('',#6384,#1509);
#1099=LINE('',#6388,#1510);
#1100=LINE('',#6392,#1511);
#1101=LINE('',#6396,#1512);
#1102=LINE('',#6400,#1513);
#1103=LINE('',#6404,#1514);
#1104=LINE('',#6408,#1515);
#1105=LINE('',#6412,#1516);
#1106=LINE('',#6416,#1517);
#1107=LINE('',#6420,#1518);
#1108=LINE('',#6424,#1519);
#1109=LINE('',#6428,#1520);
#1110=LINE('',#6432,#1521);
#1111=LINE('',#6436,#1522);
#1112=LINE('',#6440,#1523);
#1113=LINE('',#6444,#1524);
#1114=LINE('',#6448,#1525);
#1115=LINE('',#6452,#1526);
#1116=LINE('',#6456,#1527);
#1117=LINE('',#6460,#1528);
#1118=LINE('',#6464,#1529);
#1119=LINE('',#6468,#1530);
#1120=LINE('',#6472,#1531);
#1121=LINE('',#6476,#1532);
#1122=LINE('',#6480,#1533);
#1123=LINE('',#6484,#1534);
#1124=LINE('',#6488,#1535);
#1125=LINE('',#6492,#1536);
#1126=LINE('',#6496,#1537);
#1127=LINE('',#6498,#1538);
#1128=LINE('',#6500,#1539);
#1129=LINE('',#6501,#1540);
#1130=LINE('',#6504,#1541);
#1131=LINE('',#6554,#1542);
#1132=LINE('',#6580,#1543);
#1133=LINE('',#6612,#1544);
#1134=LINE('',#6626,#1545);
#1135=LINE('',#6688,#1546);
#1136=LINE('',#6714,#1547);
#1137=LINE('',#6764,#1548);
#1138=LINE('',#6790,#1549);
#1139=LINE('',#6864,#1550);
#1140=LINE('',#6865,#1551);
#1141=LINE('',#6868,#1552);
#1142=LINE('',#6870,#1553);
#1143=LINE('',#6914,#1554);
#1144=LINE('',#6916,#1555);
#1145=LINE('',#6917,#1556);
#1146=LINE('',#6920,#1557);
#1147=LINE('',#6922,#1558);
#1148=LINE('',#6966,#1559);
#1149=LINE('',#6968,#1560);
#1150=LINE('',#6969,#1561);
#1151=LINE('',#6973,#1562);
#1152=LINE('',#6974,#1563);
#1153=LINE('',#6975,#1564);
#1154=LINE('',#6978,#1565);
#1155=LINE('',#6979,#1566);
#1156=LINE('',#6982,#1567);
#1157=LINE('',#6983,#1568);
#1158=LINE('',#6985,#1569);
#1159=LINE('',#6989,#1570);
#1160=LINE('',#6990,#1571);
#1161=LINE('',#6991,#1572);
#1162=LINE('',#6995,#1573);
#1163=LINE('',#6998,#1574);
#1164=LINE('',#6999,#1575);
#1165=LINE('',#7003,#1576);
#1166=LINE('',#7006,#1577);
#1167=LINE('',#7007,#1578);
#1168=LINE('',#7011,#1579);
#1169=LINE('',#7014,#1580);
#1170=LINE('',#7015,#1581);
#1171=LINE('',#7021,#1582);
#1172=LINE('',#7022,#1583);
#1173=LINE('',#7023,#1584);
#1174=LINE('',#7027,#1585);
#1175=LINE('',#7030,#1586);
#1176=LINE('',#7031,#1587);
#1177=LINE('',#7035,#1588);
#1178=LINE('',#7038,#1589);
#1179=LINE('',#7039,#1590);
#1180=LINE('',#7043,#1591);
#1181=LINE('',#7046,#1592);
#1182=LINE('',#7047,#1593);
#1183=LINE('',#7053,#1594);
#1184=LINE('',#7054,#1595);
#1185=LINE('',#7055,#1596);
#1186=LINE('',#7059,#1597);
#1187=LINE('',#7062,#1598);
#1188=LINE('',#7063,#1599);
#1189=LINE('',#7067,#1600);
#1190=LINE('',#7070,#1601);
#1191=LINE('',#7071,#1602);
#1192=LINE('',#7075,#1603);
#1193=LINE('',#7078,#1604);
#1194=LINE('',#7079,#1605);
#1195=LINE('',#7085,#1606);
#1196=LINE('',#7086,#1607);
#1197=LINE('',#7087,#1608);
#1198=LINE('',#7091,#1609);
#1199=LINE('',#7094,#1610);
#1200=LINE('',#7095,#1611);
#1201=LINE('',#7099,#1612);
#1202=LINE('',#7102,#1613);
#1203=LINE('',#7103,#1614);
#1204=LINE('',#7107,#1615);
#1205=LINE('',#7110,#1616);
#1206=LINE('',#7111,#1617);
#1207=LINE('',#7117,#1618);
#1208=LINE('',#7118,#1619);
#1209=LINE('',#7119,#1620);
#1210=LINE('',#7123,#1621);
#1211=LINE('',#7126,#1622);
#1212=LINE('',#7127,#1623);
#1213=LINE('',#7131,#1624);
#1214=LINE('',#7134,#1625);
#1215=LINE('',#7135,#1626);
#1216=LINE('',#7139,#1627);
#1217=LINE('',#7142,#1628);
#1218=LINE('',#7143,#1629);
#1219=LINE('',#7149,#1630);
#1220=LINE('',#7150,#1631);
#1221=LINE('',#7151,#1632);
#1222=LINE('',#7155,#1633);
#1223=LINE('',#7158,#1634);
#1224=LINE('',#7159,#1635);
#1225=LINE('',#7163,#1636);
#1226=LINE('',#7166,#1637);
#1227=LINE('',#7167,#1638);
#1228=LINE('',#7171,#1639);
#1229=LINE('',#7174,#1640);
#1230=LINE('',#7175,#1641);
#1231=LINE('',#7181,#1642);
#1232=LINE('',#7182,#1643);
#1233=LINE('',#7183,#1644);
#1234=LINE('',#7187,#1645);
#1235=LINE('',#7190,#1646);
#1236=LINE('',#7191,#1647);
#1237=LINE('',#7195,#1648);
#1238=LINE('',#7198,#1649);
#1239=LINE('',#7199,#1650);
#1240=LINE('',#7203,#1651);
#1241=LINE('',#7206,#1652);
#1242=LINE('',#7207,#1653);
#1243=LINE('',#7213,#1654);
#1244=LINE('',#7214,#1655);
#1245=LINE('',#7215,#1656);
#1246=LINE('',#7219,#1657);
#1247=LINE('',#7222,#1658);
#1248=LINE('',#7223,#1659);
#1249=LINE('',#7227,#1660);
#1250=LINE('',#7230,#1661);
#1251=LINE('',#7231,#1662);
#1252=LINE('',#7235,#1663);
#1253=LINE('',#7238,#1664);
#1254=LINE('',#7239,#1665);
#1255=LINE('',#7245,#1666);
#1256=LINE('',#7246,#1667);
#1257=LINE('',#7247,#1668);
#1258=LINE('',#7251,#1669);
#1259=LINE('',#7254,#1670);
#1260=LINE('',#7255,#1671);
#1261=LINE('',#7259,#1672);
#1262=LINE('',#7262,#1673);
#1263=LINE('',#7263,#1674);
#1264=LINE('',#7267,#1675);
#1265=LINE('',#7270,#1676);
#1266=LINE('',#7271,#1677);
#1267=LINE('',#7277,#1678);
#1268=LINE('',#7278,#1679);
#1269=LINE('',#7279,#1680);
#1270=LINE('',#7282,#1681);
#1271=LINE('',#7283,#1682);
#1272=LINE('',#7286,#1683);
#1273=LINE('',#7287,#1684);
#1274=LINE('',#7290,#1685);
#1275=LINE('',#7291,#1686);
#1276=LINE('',#7294,#1687);
#1277=LINE('',#7295,#1688);
#1278=LINE('',#7297,#1689);
#1279=LINE('',#7301,#1690);
#1280=LINE('',#7303,#1691);
#1281=LINE('',#7305,#1692);
#1282=LINE('',#7307,#1693);
#1283=LINE('',#7309,#1694);
#1284=LINE('',#7310,#1695);
#1285=LINE('',#7325,#1696);
#1286=LINE('',#7329,#1697);
#1287=LINE('',#7333,#1698);
#1288=LINE('',#7337,#1699);
#1289=LINE('',#7341,#1700);
#1290=LINE('',#7345,#1701);
#1291=LINE('',#7350,#1702);
#1292=LINE('',#7351,#1703);
#1293=LINE('',#7352,#1704);
#1294=LINE('',#7355,#1705);
#1295=LINE('',#7356,#1706);
#1296=LINE('',#7359,#1707);
#1297=LINE('',#7360,#1708);
#1298=LINE('',#7363,#1709);
#1299=LINE('',#7364,#1710);
#1300=LINE('',#7367,#1711);
#1301=LINE('',#7368,#1712);
#1302=LINE('',#7370,#1713);
#1303=LINE('',#7383,#1714);
#1304=LINE('',#7390,#1715);
#1305=LINE('',#7407,#1716);
#1306=LINE('',#7424,#1717);
#1307=LINE('',#7441,#1718);
#1308=LINE('',#7443,#1719);
#1309=LINE('',#7446,#1720);
#1310=LINE('',#7448,#1721);
#1311=LINE('',#7449,#1722);
#1312=LINE('',#7466,#1723);
#1313=LINE('',#7483,#1724);
#1314=LINE('',#7500,#1725);
#1315=LINE('',#7517,#1726);
#1316=LINE('',#7534,#1727);
#1317=LINE('',#7551,#1728);
#1318=LINE('',#7568,#1729);
#1319=LINE('',#7585,#1730);
#1320=LINE('',#7588,#1731);
#1321=LINE('',#7589,#1732);
#1322=LINE('',#7606,#1733);
#1323=LINE('',#7623,#1734);
#1324=LINE('',#7640,#1735);
#1325=LINE('',#7668,#1736);
#1326=LINE('',#7675,#1737);
#1327=LINE('',#7692,#1738);
#1328=LINE('',#7709,#1739);
#1329=LINE('',#7726,#1740);
#1330=LINE('',#7743,#1741);
#1331=LINE('',#7760,#1742);
#1332=LINE('',#7777,#1743);
#1333=LINE('',#7794,#1744);
#1334=LINE('',#7796,#1745);
#1335=LINE('',#7799,#1746);
#1336=LINE('',#7801,#1747);
#1337=LINE('',#7802,#1748);
#1338=LINE('',#7819,#1749);
#1339=LINE('',#7836,#1750);
#1340=LINE('',#7853,#1751);
#1341=LINE('',#7870,#1752);
#1342=LINE('',#7887,#1753);
#1343=LINE('',#7890,#1754);
#1344=LINE('',#7891,#1755);
#1345=LINE('',#7908,#1756);
#1346=LINE('',#7925,#1757);
#1347=LINE('',#7928,#1758);
#1348=LINE('',#7929,#1759);
#1349=LINE('',#7946,#1760);
#1350=LINE('',#7963,#1761);
#1351=LINE('',#7980,#1762);
#1352=LINE('',#7997,#1763);
#1353=LINE('',#8014,#1764);
#1354=LINE('',#8031,#1765);
#1355=LINE('',#8048,#1766);
#1356=LINE('',#8065,#1767);
#1357=LINE('',#8082,#1768);
#1358=LINE('',#8099,#1769);
#1359=LINE('',#8102,#1770);
#1360=LINE('',#8103,#1771);
#1361=LINE('',#8120,#1772);
#1362=LINE('',#8137,#1773);
#1363=LINE('',#8154,#1774);
#1364=LINE('',#8182,#1775);
#1365=LINE('',#8189,#1776);
#1366=LINE('',#8206,#1777);
#1367=LINE('',#8223,#1778);
#1368=LINE('',#8240,#1779);
#1369=LINE('',#8242,#1780);
#1370=LINE('',#8245,#1781);
#1371=LINE('',#8247,#1782);
#1372=LINE('',#8248,#1783);
#1373=LINE('',#8265,#1784);
#1374=LINE('',#8282,#1785);
#1375=LINE('',#8299,#1786);
#1376=LINE('',#8316,#1787);
#1377=LINE('',#8333,#1788);
#1378=LINE('',#8350,#1789);
#1379=LINE('',#8367,#1790);
#1380=LINE('',#8384,#1791);
#1381=LINE('',#8387,#1792);
#1382=LINE('',#8388,#1793);
#1383=LINE('',#8405,#1794);
#1384=LINE('',#8422,#1795);
#1385=LINE('',#8439,#1796);
#1386=LINE('',#8458,#1797);
#1387=LINE('',#8460,#1798);
#1388=LINE('',#8461,#1799);
#1389=LINE('',#8464,#1800);
#1390=LINE('',#8465,#1801);
#1391=LINE('',#8482,#1802);
#1392=LINE('',#8499,#1803);
#1393=LINE('',#8516,#1804);
#1394=LINE('',#8533,#1805);
#1395=LINE('',#8550,#1806);
#1396=LINE('',#8567,#1807);
#1397=LINE('',#8569,#1808);
#1398=LINE('',#8572,#1809);
#1399=LINE('',#8574,#1810);
#1400=LINE('',#8575,#1811);
#1401=LINE('',#8578,#1812);
#1402=LINE('',#8579,#1813);
#1403=LINE('',#8596,#1814);
#1404=LINE('',#8613,#1815);
#1405=LINE('',#8630,#1816);
#1406=LINE('',#8647,#1817);
#1407=LINE('',#8664,#1818);
#1408=LINE('',#8681,#1819);
#1409=LINE('',#8683,#1820);
#1410=LINE('',#8686,#1821);
#1411=LINE('',#8688,#1822);
#1412=LINE('',#8689,#1823);
#1413=LINE('',#8706,#1824);
#1414=LINE('',#8723,#1825);
#1415=LINE('',#8740,#1826);
#1416=LINE('',#8757,#1827);
#1417=LINE('',#8774,#1828);
#1418=LINE('',#8791,#1829);
#1419=LINE('',#8808,#1830);
#1420=LINE('',#8825,#1831);
#1421=LINE('',#8842,#1832);
#1422=LINE('',#8859,#1833);
#1423=LINE('',#8876,#1834);
#1424=LINE('',#8893,#1835);
#1425=LINE('',#8896,#1836);
#1426=LINE('',#8897,#1837);
#1427=LINE('',#8899,#1838);
#1428=LINE('',#8903,#1839);
#1429=LINE('',#8905,#1840);
#1430=LINE('',#8906,#1841);
#1431=LINE('',#8909,#1842);
#1432=LINE('',#8910,#1843);
#1433=LINE('',#8927,#1844);
#1434=LINE('',#8944,#1845);
#1435=LINE('',#8961,#1846);
#1436=LINE('',#8978,#1847);
#1437=LINE('',#8995,#1848);
#1438=LINE('',#9012,#1849);
#1439=LINE('',#9014,#1850);
#1440=LINE('',#9017,#1851);
#1441=LINE('',#9019,#1852);
#1442=LINE('',#9020,#1853);
#1443=LINE('',#9023,#1854);
#1444=LINE('',#9024,#1855);
#1445=LINE('',#9041,#1856);
#1446=LINE('',#9058,#1857);
#1447=LINE('',#9075,#1858);
#1448=LINE('',#9092,#1859);
#1449=LINE('',#9109,#1860);
#1450=LINE('',#9126,#1861);
#1451=LINE('',#9143,#1862);
#1452=LINE('',#9146,#1863);
#1453=LINE('',#9147,#1864);
#1454=LINE('',#9150,#1865);
#1455=LINE('',#9151,#1866);
#1456=LINE('',#9153,#1867);
#1457=LINE('',#9166,#1868);
#1458=LINE('',#9173,#1869);
#1459=LINE('',#9190,#1870);
#1460=LINE('',#9207,#1871);
#1461=LINE('',#9224,#1872);
#1462=LINE('',#9241,#1873);
#1463=LINE('',#9258,#1874);
#1464=LINE('',#9275,#1875);
#1465=LINE('',#9293,#1876);
#1466=LINE('',#9295,#1877);
#1467=LINE('',#9296,#1878);
#1468=LINE('',#9299,#1879);
#1469=LINE('',#9300,#1880);
#1470=LINE('',#9317,#1881);
#1471=LINE('',#9334,#1882);
#1472=LINE('',#9351,#1883);
#1473=LINE('',#9368,#1884);
#1474=LINE('',#9385,#1885);
#1475=LINE('',#9402,#1886);
#1476=LINE('',#9419,#1887);
#1477=LINE('',#9422,#1888);
#1478=LINE('',#9423,#1889);
#1479=LINE('',#9426,#1890);
#1480=LINE('',#9427,#1891);
#1481=LINE('',#9429,#1892);
#1482=VECTOR('',#5180,3.90000000000001);
#1483=VECTOR('',#5185,10.);
#1484=VECTOR('',#5188,10.);
#1485=VECTOR('',#5191,10.);
#1486=VECTOR('',#5194,10.);
#1487=VECTOR('',#5195,10.);
#1488=VECTOR('',#5196,10.);
#1489=VECTOR('',#5199,10.);
#1490=VECTOR('',#5200,10.);
#1491=VECTOR('',#5201,10.);
#1492=VECTOR('',#5204,10.);
#1493=VECTOR('',#5205,10.);
#1494=VECTOR('',#5206,10.);
#1495=VECTOR('',#5211,10.);
#1496=VECTOR('',#5212,10.);
#1497=VECTOR('',#5213,10.);
#1498=VECTOR('',#5214,10.);
#1499=VECTOR('',#5215,10.);
#1500=VECTOR('',#5216,10.);
#1501=VECTOR('',#5217,10.);
#1502=VECTOR('',#5220,10.);
#1503=VECTOR('',#5223,10.);
#1504=VECTOR('',#5226,10.);
#1505=VECTOR('',#5229,10.);
#1506=VECTOR('',#5232,10.);
#1507=VECTOR('',#5235,10.);
#1508=VECTOR('',#5238,10.);
#1509=VECTOR('',#5241,10.);
#1510=VECTOR('',#5244,10.);
#1511=VECTOR('',#5247,10.);
#1512=VECTOR('',#5250,10.);
#1513=VECTOR('',#5253,10.);
#1514=VECTOR('',#5256,10.);
#1515=VECTOR('',#5259,10.);
#1516=VECTOR('',#5262,10.);
#1517=VECTOR('',#5265,10.);
#1518=VECTOR('',#5268,10.);
#1519=VECTOR('',#5271,10.);
#1520=VECTOR('',#5274,10.);
#1521=VECTOR('',#5277,10.);
#1522=VECTOR('',#5280,10.);
#1523=VECTOR('',#5283,10.);
#1524=VECTOR('',#5286,10.);
#1525=VECTOR('',#5289,10.);
#1526=VECTOR('',#5292,10.);
#1527=VECTOR('',#5295,10.);
#1528=VECTOR('',#5298,10.);
#1529=VECTOR('',#5301,10.);
#1530=VECTOR('',#5304,10.);
#1531=VECTOR('',#5307,10.);
#1532=VECTOR('',#5310,10.);
#1533=VECTOR('',#5313,10.);
#1534=VECTOR('',#5316,10.);
#1535=VECTOR('',#5319,10.);
#1536=VECTOR('',#5322,10.);
#1537=VECTOR('',#5325,10.);
#1538=VECTOR('',#5326,10.);
#1539=VECTOR('',#5327,10.);
#1540=VECTOR('',#5328,10.);
#1541=VECTOR('',#5329,10.);
#1542=VECTOR('',#5330,10.);
#1543=VECTOR('',#5331,10.);
#1544=VECTOR('',#5332,10.);
#1545=VECTOR('',#5333,10.);
#1546=VECTOR('',#5334,10.);
#1547=VECTOR('',#5335,10.);
#1548=VECTOR('',#5336,10.);
#1549=VECTOR('',#5337,10.);
#1550=VECTOR('',#5338,10.);
#1551=VECTOR('',#5339,10.);
#1552=VECTOR('',#5340,10.);
#1553=VECTOR('',#5341,10.);
#1554=VECTOR('',#5342,10.);
#1555=VECTOR('',#5343,10.);
#1556=VECTOR('',#5344,10.);
#1557=VECTOR('',#5345,10.);
#1558=VECTOR('',#5346,10.);
#1559=VECTOR('',#5347,10.);
#1560=VECTOR('',#5348,10.);
#1561=VECTOR('',#5349,10.);
#1562=VECTOR('',#5352,10.);
#1563=VECTOR('',#5353,10.);
#1564=VECTOR('',#5354,10.);
#1565=VECTOR('',#5357,10.);
#1566=VECTOR('',#5358,10.);
#1567=VECTOR('',#5361,10.);
#1568=VECTOR('',#5362,10.);
#1569=VECTOR('',#5365,10.);
#1570=VECTOR('',#5368,10.);
#1571=VECTOR('',#5369,10.);
#1572=VECTOR('',#5370,10.);
#1573=VECTOR('',#5375,10.);
#1574=VECTOR('',#5378,10.);
#1575=VECTOR('',#5379,10.);
#1576=VECTOR('',#5384,10.);
#1577=VECTOR('',#5387,10.);
#1578=VECTOR('',#5388,10.);
#1579=VECTOR('',#5393,10.);
#1580=VECTOR('',#5396,10.);
#1581=VECTOR('',#5397,10.);
#1582=VECTOR('',#5404,10.);
#1583=VECTOR('',#5405,10.);
#1584=VECTOR('',#5406,10.);
#1585=VECTOR('',#5411,10.);
#1586=VECTOR('',#5414,10.);
#1587=VECTOR('',#5415,10.);
#1588=VECTOR('',#5420,10.);
#1589=VECTOR('',#5423,10.);
#1590=VECTOR('',#5424,10.);
#1591=VECTOR('',#5429,10.);
#1592=VECTOR('',#5432,10.);
#1593=VECTOR('',#5433,10.);
#1594=VECTOR('',#5440,10.);
#1595=VECTOR('',#5441,10.);
#1596=VECTOR('',#5442,10.);
#1597=VECTOR('',#5447,10.);
#1598=VECTOR('',#5450,10.);
#1599=VECTOR('',#5451,10.);
#1600=VECTOR('',#5456,10.);
#1601=VECTOR('',#5459,10.);
#1602=VECTOR('',#5460,10.);
#1603=VECTOR('',#5465,10.);
#1604=VECTOR('',#5468,10.);
#1605=VECTOR('',#5469,10.);
#1606=VECTOR('',#5476,10.);
#1607=VECTOR('',#5477,10.);
#1608=VECTOR('',#5478,10.);
#1609=VECTOR('',#5483,10.);
#1610=VECTOR('',#5486,10.);
#1611=VECTOR('',#5487,10.);
#1612=VECTOR('',#5492,10.);
#1613=VECTOR('',#5495,10.);
#1614=VECTOR('',#5496,10.);
#1615=VECTOR('',#5501,10.);
#1616=VECTOR('',#5504,10.);
#1617=VECTOR('',#5505,10.);
#1618=VECTOR('',#5512,10.);
#1619=VECTOR('',#5513,10.);
#1620=VECTOR('',#5514,10.);
#1621=VECTOR('',#5519,10.);
#1622=VECTOR('',#5522,10.);
#1623=VECTOR('',#5523,10.);
#1624=VECTOR('',#5528,10.);
#1625=VECTOR('',#5531,10.);
#1626=VECTOR('',#5532,10.);
#1627=VECTOR('',#5537,10.);
#1628=VECTOR('',#5540,10.);
#1629=VECTOR('',#5541,10.);
#1630=VECTOR('',#5548,10.);
#1631=VECTOR('',#5549,10.);
#1632=VECTOR('',#5550,10.);
#1633=VECTOR('',#5555,10.);
#1634=VECTOR('',#5558,10.);
#1635=VECTOR('',#5559,10.);
#1636=VECTOR('',#5564,10.);
#1637=VECTOR('',#5567,10.);
#1638=VECTOR('',#5568,10.);
#1639=VECTOR('',#5573,10.);
#1640=VECTOR('',#5576,10.);
#1641=VECTOR('',#5577,10.);
#1642=VECTOR('',#5584,10.);
#1643=VECTOR('',#5585,10.);
#1644=VECTOR('',#5586,10.);
#1645=VECTOR('',#5591,10.);
#1646=VECTOR('',#5594,10.);
#1647=VECTOR('',#5595,10.);
#1648=VECTOR('',#5600,10.);
#1649=VECTOR('',#5603,10.);
#1650=VECTOR('',#5604,10.);
#1651=VECTOR('',#5609,10.);
#1652=VECTOR('',#5612,10.);
#1653=VECTOR('',#5613,10.);
#1654=VECTOR('',#5620,10.);
#1655=VECTOR('',#5621,10.);
#1656=VECTOR('',#5622,10.);
#1657=VECTOR('',#5627,10.);
#1658=VECTOR('',#5630,10.);
#1659=VECTOR('',#5631,10.);
#1660=VECTOR('',#5636,10.);
#1661=VECTOR('',#5639,10.);
#1662=VECTOR('',#5640,10.);
#1663=VECTOR('',#5645,10.);
#1664=VECTOR('',#5648,10.);
#1665=VECTOR('',#5649,10.);
#1666=VECTOR('',#5656,10.);
#1667=VECTOR('',#5657,10.);
#1668=VECTOR('',#5658,10.);
#1669=VECTOR('',#5663,10.);
#1670=VECTOR('',#5666,10.);
#1671=VECTOR('',#5667,10.);
#1672=VECTOR('',#5672,10.);
#1673=VECTOR('',#5675,10.);
#1674=VECTOR('',#5676,10.);
#1675=VECTOR('',#5681,10.);
#1676=VECTOR('',#5684,10.);
#1677=VECTOR('',#5685,10.);
#1678=VECTOR('',#5692,10.);
#1679=VECTOR('',#5693,10.);
#1680=VECTOR('',#5694,10.);
#1681=VECTOR('',#5697,10.);
#1682=VECTOR('',#5698,10.);
#1683=VECTOR('',#5701,10.);
#1684=VECTOR('',#5702,10.);
#1685=VECTOR('',#5705,10.);
#1686=VECTOR('',#5706,10.);
#1687=VECTOR('',#5709,10.);
#1688=VECTOR('',#5710,10.);
#1689=VECTOR('',#5713,10.);
#1690=VECTOR('',#5716,10.);
#1691=VECTOR('',#5717,10.);
#1692=VECTOR('',#5718,10.);
#1693=VECTOR('',#5719,10.);
#1694=VECTOR('',#5720,10.);
#1695=VECTOR('',#5721,10.);
#1696=VECTOR('',#5736,1.7);
#1697=VECTOR('',#5741,1.7);
#1698=VECTOR('',#5746,1.7);
#1699=VECTOR('',#5751,1.7);
#1700=VECTOR('',#5756,1.7);
#1701=VECTOR('',#5761,1.7);
#1702=VECTOR('',#5766,10.);
#1703=VECTOR('',#5767,10.);
#1704=VECTOR('',#5768,10.);
#1705=VECTOR('',#5771,10.);
#1706=VECTOR('',#5772,10.);
#1707=VECTOR('',#5775,10.);
#1708=VECTOR('',#5776,10.);
#1709=VECTOR('',#5779,10.);
#1710=VECTOR('',#5780,10.);
#1711=VECTOR('',#5783,10.);
#1712=VECTOR('',#5784,10.);
#1713=VECTOR('',#5787,10.);
#1714=VECTOR('',#5790,10.);
#1715=VECTOR('',#5791,10.);
#1716=VECTOR('',#5792,10.);
#1717=VECTOR('',#5793,10.);
#1718=VECTOR('',#5794,10.);
#1719=VECTOR('',#5797,10.);
#1720=VECTOR('',#5800,10.);
#1721=VECTOR('',#5801,10.);
#1722=VECTOR('',#5802,10.);
#1723=VECTOR('',#5803,10.);
#1724=VECTOR('',#5804,10.);
#1725=VECTOR('',#5805,10.);
#1726=VECTOR('',#5806,10.);
#1727=VECTOR('',#5807,10.);
#1728=VECTOR('',#5808,10.);
#1729=VECTOR('',#5809,10.);
#1730=VECTOR('',#5810,10.);
#1731=VECTOR('',#5813,10.);
#1732=VECTOR('',#5814,10.);
#1733=VECTOR('',#5815,10.);
#1734=VECTOR('',#5816,10.);
#1735=VECTOR('',#5817,10.);
#1736=VECTOR('',#5820,10.);
#1737=VECTOR('',#5821,10.);
#1738=VECTOR('',#5822,10.);
#1739=VECTOR('',#5823,10.);
#1740=VECTOR('',#5824,10.);
#1741=VECTOR('',#5825,10.);
#1742=VECTOR('',#5826,10.);
#1743=VECTOR('',#5827,10.);
#1744=VECTOR('',#5828,10.);
#1745=VECTOR('',#5831,10.);
#1746=VECTOR('',#5834,10.);
#1747=VECTOR('',#5835,10.);
#1748=VECTOR('',#5836,10.);
#1749=VECTOR('',#5837,10.);
#1750=VECTOR('',#5838,10.);
#1751=VECTOR('',#5839,10.);
#1752=VECTOR('',#5840,10.);
#1753=VECTOR('',#5841,10.);
#1754=VECTOR('',#5844,10.);
#1755=VECTOR('',#5845,10.);
#1756=VECTOR('',#5846,10.);
#1757=VECTOR('',#5847,10.);
#1758=VECTOR('',#5850,10.);
#1759=VECTOR('',#5851,10.);
#1760=VECTOR('',#5852,10.);
#1761=VECTOR('',#5853,10.);
#1762=VECTOR('',#5854,10.);
#1763=VECTOR('',#5855,10.);
#1764=VECTOR('',#5856,10.);
#1765=VECTOR('',#5857,10.);
#1766=VECTOR('',#5858,10.);
#1767=VECTOR('',#5859,10.);
#1768=VECTOR('',#5860,10.);
#1769=VECTOR('',#5861,10.);
#1770=VECTOR('',#5864,10.);
#1771=VECTOR('',#5865,10.);
#1772=VECTOR('',#5866,10.);
#1773=VECTOR('',#5867,10.);
#1774=VECTOR('',#5868,10.);
#1775=VECTOR('',#5871,10.);
#1776=VECTOR('',#5872,10.);
#1777=VECTOR('',#5873,10.);
#1778=VECTOR('',#5874,10.);
#1779=VECTOR('',#5875,10.);
#1780=VECTOR('',#5878,10.);
#1781=VECTOR('',#5881,10.);
#1782=VECTOR('',#5882,10.);
#1783=VECTOR('',#5883,10.);
#1784=VECTOR('',#5884,10.);
#1785=VECTOR('',#5885,10.);
#1786=VECTOR('',#5886,10.);
#1787=VECTOR('',#5887,10.);
#1788=VECTOR('',#5888,10.);
#1789=VECTOR('',#5889,10.);
#1790=VECTOR('',#5890,10.);
#1791=VECTOR('',#5891,10.);
#1792=VECTOR('',#5894,10.);
#1793=VECTOR('',#5895,10.);
#1794=VECTOR('',#5896,10.);
#1795=VECTOR('',#5897,10.);
#1796=VECTOR('',#5898,10.);
#1797=VECTOR('',#5903,10.);
#1798=VECTOR('',#5904,10.);
#1799=VECTOR('',#5905,10.);
#1800=VECTOR('',#5908,10.);
#1801=VECTOR('',#5909,10.);
#1802=VECTOR('',#5910,10.);
#1803=VECTOR('',#5911,10.);
#1804=VECTOR('',#5912,10.);
#1805=VECTOR('',#5913,10.);
#1806=VECTOR('',#5914,10.);
#1807=VECTOR('',#5915,10.);
#1808=VECTOR('',#5918,10.);
#1809=VECTOR('',#5921,10.);
#1810=VECTOR('',#5922,10.);
#1811=VECTOR('',#5923,10.);
#1812=VECTOR('',#5926,10.);
#1813=VECTOR('',#5927,10.);
#1814=VECTOR('',#5928,10.);
#1815=VECTOR('',#5929,10.);
#1816=VECTOR('',#5930,10.);
#1817=VECTOR('',#5931,10.);
#1818=VECTOR('',#5932,10.);
#1819=VECTOR('',#5933,10.);
#1820=VECTOR('',#5936,10.);
#1821=VECTOR('',#5939,10.);
#1822=VECTOR('',#5940,10.);
#1823=VECTOR('',#5941,10.);
#1824=VECTOR('',#5942,10.);
#1825=VECTOR('',#5943,10.);
#1826=VECTOR('',#5944,10.);
#1827=VECTOR('',#5945,10.);
#1828=VECTOR('',#5946,10.);
#1829=VECTOR('',#5947,10.);
#1830=VECTOR('',#5948,10.);
#1831=VECTOR('',#5949,10.);
#1832=VECTOR('',#5950,10.);
#1833=VECTOR('',#5951,10.);
#1834=VECTOR('',#5952,10.);
#1835=VECTOR('',#5953,10.);
#1836=VECTOR('',#5956,10.);
#1837=VECTOR('',#5957,10.);
#1838=VECTOR('',#5960,10.);
#1839=VECTOR('',#5965,10.);
#1840=VECTOR('',#5966,10.);
#1841=VECTOR('',#5967,10.);
#1842=VECTOR('',#5970,10.);
#1843=VECTOR('',#5971,10.);
#1844=VECTOR('',#5972,10.);
#1845=VECTOR('',#5973,10.);
#1846=VECTOR('',#5974,10.);
#1847=VECTOR('',#5975,10.);
#1848=VECTOR('',#5976,10.);
#1849=VECTOR('',#5977,10.);
#1850=VECTOR('',#5980,10.);
#1851=VECTOR('',#5983,10.);
#1852=VECTOR('',#5984,10.);
#1853=VECTOR('',#5985,10.);
#1854=VECTOR('',#5988,10.);
#1855=VECTOR('',#5989,10.);
#1856=VECTOR('',#5990,10.);
#1857=VECTOR('',#5991,10.);
#1858=VECTOR('',#5992,10.);
#1859=VECTOR('',#5993,10.);
#1860=VECTOR('',#5994,10.);
#1861=VECTOR('',#5995,10.);
#1862=VECTOR('',#5996,10.);
#1863=VECTOR('',#5999,10.);
#1864=VECTOR('',#6000,10.);
#1865=VECTOR('',#6003,10.);
#1866=VECTOR('',#6004,10.);
#1867=VECTOR('',#6007,10.);
#1868=VECTOR('',#6010,10.);
#1869=VECTOR('',#6011,10.);
#1870=VECTOR('',#6012,10.);
#1871=VECTOR('',#6013,10.);
#1872=VECTOR('',#6014,10.);
#1873=VECTOR('',#6015,10.);
#1874=VECTOR('',#6016,10.);
#1875=VECTOR('',#6017,10.);
#1876=VECTOR('',#6020,10.);
#1877=VECTOR('',#6021,10.);
#1878=VECTOR('',#6022,10.);
#1879=VECTOR('',#6025,10.);
#1880=VECTOR('',#6026,10.);
#1881=VECTOR('',#6027,10.);
#1882=VECTOR('',#6028,10.);
#1883=VECTOR('',#6029,10.);
#1884=VECTOR('',#6030,10.);
#1885=VECTOR('',#6031,10.);
#1886=VECTOR('',#6032,10.);
#1887=VECTOR('',#6033,10.);
#1888=VECTOR('',#6036,10.);
#1889=VECTOR('',#6037,10.);
#1890=VECTOR('',#6040,10.);
#1891=VECTOR('',#6041,10.);
#1892=VECTOR('',#6044,10.);
#1893=CIRCLE('',#4945,3.90000000000001);
#1894=CIRCLE('',#4946,3.90000000000001);
#1895=CIRCLE('',#4955,0.499999999999998);
#1896=CIRCLE('',#4956,0.499999999999998);
#1897=CIRCLE('',#4957,0.499999999999998);
#1898=CIRCLE('',#4958,0.499999999999998);
#1899=CIRCLE('',#4959,0.499999999999998);
#1900=CIRCLE('',#4960,0.499999999999998);
#1901=CIRCLE('',#4961,0.499999999999998);
#1902=CIRCLE('',#4962,0.499999999999998);
#1903=CIRCLE('',#4963,0.499999999999998);
#1904=CIRCLE('',#4964,0.500000000000007);
#1905=CIRCLE('',#4965,0.499999999999998);
#1906=CIRCLE('',#4966,0.499999999999989);
#1907=CIRCLE('',#4967,0.499999999999998);
#1908=CIRCLE('',#4968,0.499999999999998);
#1909=CIRCLE('',#4969,0.500000000000003);
#1910=CIRCLE('',#4970,0.499999999999998);
#1911=CIRCLE('',#4971,0.499999999999998);
#1912=CIRCLE('',#4972,0.500000000000007);
#1913=CIRCLE('',#4973,0.499999999999998);
#1914=CIRCLE('',#4974,0.499999999999989);
#1915=CIRCLE('',#4975,0.499999999999998);
#1916=CIRCLE('',#4976,0.499999999999998);
#1917=CIRCLE('',#4977,0.500000000000003);
#1918=CIRCLE('',#4978,0.499999999999998);
#1919=CIRCLE('',#4979,0.499999999999998);
#1920=CIRCLE('',#4980,0.499999999999998);
#1921=CIRCLE('',#4981,0.499999999999998);
#1922=CIRCLE('',#4982,0.499999999999998);
#1923=CIRCLE('',#4983,0.499999999999998);
#1924=CIRCLE('',#4984,0.500000000000007);
#1925=CIRCLE('',#4985,0.500000000000003);
#1926=CIRCLE('',#4986,0.499999999999989);
#1927=CIRCLE('',#4987,0.499999999999998);
#1928=CIRCLE('',#4988,0.499999999999998);
#1929=CIRCLE('',#4989,0.499999999999998);
#1930=CIRCLE('',#4990,0.499999999999998);
#1931=CIRCLE('',#4997,0.499999999999998);
#1932=CIRCLE('',#5000,0.499999999999998);
#1933=CIRCLE('',#5003,0.499999999999998);
#1934=CIRCLE('',#5006,0.499999999999998);
#1935=CIRCLE('',#5009,0.499999999999998);
#1936=CIRCLE('',#5012,0.499999999999998);
#1937=CIRCLE('',#5015,0.499999999999998);
#1938=CIRCLE('',#5018,0.499999999999998);
#1939=CIRCLE('',#5021,0.500000000000007);
#1940=CIRCLE('',#5024,0.499999999999998);
#1941=CIRCLE('',#5027,0.499999999999989);
#1942=CIRCLE('',#5030,0.499999999999998);
#1943=CIRCLE('',#5033,0.499999999999998);
#1944=CIRCLE('',#5036,0.499999999999998);
#1945=CIRCLE('',#5039,0.499999999999998);
#1946=CIRCLE('',#5042,0.500000000000003);
#1947=CIRCLE('',#5045,0.500000000000007);
#1948=CIRCLE('',#5048,0.499999999999998);
#1949=CIRCLE('',#5051,0.499999999999989);
#1950=CIRCLE('',#5054,0.499999999999998);
#1951=CIRCLE('',#5057,0.499999999999998);
#1952=CIRCLE('',#5060,0.499999999999998);
#1953=CIRCLE('',#5063,0.499999999999998);
#1954=CIRCLE('',#5066,0.500000000000003);
#1955=CIRCLE('',#5069,0.499999999999998);
#1956=CIRCLE('',#5072,0.499999999999998);
#1957=CIRCLE('',#5075,0.499999999999998);
#1958=CIRCLE('',#5078,0.499999999999998);
#1959=CIRCLE('',#5081,0.500000000000007);
#1960=CIRCLE('',#5084,0.499999999999998);
#1961=CIRCLE('',#5087,0.499999999999989);
#1962=CIRCLE('',#5090,0.500000000000003);
#1963=CIRCLE('',#5093,0.499999999999998);
#1964=CIRCLE('',#5096,0.499999999999998);
#1965=CIRCLE('',#5099,0.499999999999998);
#1966=CIRCLE('',#5102,0.499999999999998);
#1967=CIRCLE('',#5110,1.7);
#1968=CIRCLE('',#5111,1.7);
#1969=CIRCLE('',#5112,1.7);
#1970=CIRCLE('',#5113,1.7);
#1971=CIRCLE('',#5114,1.7);
#1972=CIRCLE('',#5115,1.7);
#1973=CIRCLE('',#5117,1.7);
#1974=CIRCLE('',#5119,1.7);
#1975=CIRCLE('',#5121,1.7);
#1976=CIRCLE('',#5123,1.7);
#1977=CIRCLE('',#5125,1.7);
#1978=CIRCLE('',#5127,1.7);
#1979=VERTEX_POINT('',#6049);
#1980=VERTEX_POINT('',#6051);
#1981=VERTEX_POINT('',#6055);
#1982=VERTEX_POINT('',#6056);
#1983=VERTEX_POINT('',#6062);
#1984=VERTEX_POINT('',#6068);
#1985=VERTEX_POINT('',#6074);
#1986=VERTEX_POINT('',#6082);
#1987=VERTEX_POINT('',#6083);
#1988=VERTEX_POINT('',#6089);
#1989=VERTEX_POINT('',#6095);
#1990=VERTEX_POINT('',#6101);
#1991=VERTEX_POINT('',#6107);
#1992=VERTEX_POINT('',#6113);
#1993=VERTEX_POINT('',#6119);
#1994=VERTEX_POINT('',#6125);
#1995=VERTEX_POINT('',#6133);
#1996=VERTEX_POINT('',#6134);
#1997=VERTEX_POINT('',#6140);
#1998=VERTEX_POINT('',#6146);
#1999=VERTEX_POINT('',#6152);
#2000=VERTEX_POINT('',#6160);
#2001=VERTEX_POINT('',#6161);
#2002=VERTEX_POINT('',#6163);
#2003=VERTEX_POINT('',#6165);
#2004=VERTEX_POINT('',#6171);
#2005=VERTEX_POINT('',#6177);
#2006=VERTEX_POINT('',#6183);
#2007=VERTEX_POINT('',#6189);
#2008=VERTEX_POINT('',#6195);
#2009=VERTEX_POINT('',#6203);
#2010=VERTEX_POINT('',#6204);
#2011=VERTEX_POINT('',#6206);
#2012=VERTEX_POINT('',#6208);
#2013=VERTEX_POINT('',#6214);
#2014=VERTEX_POINT('',#6220);
#2015=VERTEX_POINT('',#6226);
#2016=VERTEX_POINT('',#6232);
#2017=VERTEX_POINT('',#6238);
#2018=VERTEX_POINT('',#6246);
#2019=VERTEX_POINT('',#6247);
#2020=VERTEX_POINT('',#6249);
#2021=VERTEX_POINT('',#6251);
#2022=VERTEX_POINT('',#6257);
#2023=VERTEX_POINT('',#6263);
#2024=VERTEX_POINT('',#6269);
#2025=VERTEX_POINT('',#6275);
#2026=VERTEX_POINT('',#6281);
#2027=VERTEX_POINT('',#6289);
#2028=VERTEX_POINT('',#6290);
#2029=VERTEX_POINT('',#6296);
#2030=VERTEX_POINT('',#6302);
#2031=VERTEX_POINT('',#6308);
#2032=VERTEX_POINT('',#6314);
#2033=VERTEX_POINT('',#6320);
#2034=VERTEX_POINT('',#6326);
#2035=VERTEX_POINT('',#6338);
#2036=VERTEX_POINT('',#6339);
#2037=VERTEX_POINT('',#6341);
#2038=VERTEX_POINT('',#6343);
#2039=VERTEX_POINT('',#6345);
#2040=VERTEX_POINT('',#6347);
#2041=VERTEX_POINT('',#6350);
#2042=VERTEX_POINT('',#6351);
#2043=VERTEX_POINT('',#6353);
#2044=VERTEX_POINT('',#6355);
#2045=VERTEX_POINT('',#6357);
#2046=VERTEX_POINT('',#6359);
#2047=VERTEX_POINT('',#6361);
#2048=VERTEX_POINT('',#6363);
#2049=VERTEX_POINT('',#6366);
#2050=VERTEX_POINT('',#6367);
#2051=VERTEX_POINT('',#6369);
#2052=VERTEX_POINT('',#6371);
#2053=VERTEX_POINT('',#6373);
#2054=VERTEX_POINT('',#6375);
#2055=VERTEX_POINT('',#6377);
#2056=VERTEX_POINT('',#6379);
#2057=VERTEX_POINT('',#6382);
#2058=VERTEX_POINT('',#6383);
#2059=VERTEX_POINT('',#6385);
#2060=VERTEX_POINT('',#6387);
#2061=VERTEX_POINT('',#6389);
#2062=VERTEX_POINT('',#6391);
#2063=VERTEX_POINT('',#6393);
#2064=VERTEX_POINT('',#6395);
#2065=VERTEX_POINT('',#6398);
#2066=VERTEX_POINT('',#6399);
#2067=VERTEX_POINT('',#6401);
#2068=VERTEX_POINT('',#6403);
#2069=VERTEX_POINT('',#6405);
#2070=VERTEX_POINT('',#6407);
#2071=VERTEX_POINT('',#6409);
#2072=VERTEX_POINT('',#6411);
#2073=VERTEX_POINT('',#6414);
#2074=VERTEX_POINT('',#6415);
#2075=VERTEX_POINT('',#6417);
#2076=VERTEX_POINT('',#6419);
#2077=VERTEX_POINT('',#6421);
#2078=VERTEX_POINT('',#6423);
#2079=VERTEX_POINT('',#6425);
#2080=VERTEX_POINT('',#6427);
#2081=VERTEX_POINT('',#6430);
#2082=VERTEX_POINT('',#6431);
#2083=VERTEX_POINT('',#6433);
#2084=VERTEX_POINT('',#6435);
#2085=VERTEX_POINT('',#6437);
#2086=VERTEX_POINT('',#6439);
#2087=VERTEX_POINT('',#6441);
#2088=VERTEX_POINT('',#6443);
#2089=VERTEX_POINT('',#6446);
#2090=VERTEX_POINT('',#6447);
#2091=VERTEX_POINT('',#6449);
#2092=VERTEX_POINT('',#6451);
#2093=VERTEX_POINT('',#6453);
#2094=VERTEX_POINT('',#6455);
#2095=VERTEX_POINT('',#6457);
#2096=VERTEX_POINT('',#6459);
#2097=VERTEX_POINT('',#6462);
#2098=VERTEX_POINT('',#6463);
#2099=VERTEX_POINT('',#6465);
#2100=VERTEX_POINT('',#6467);
#2101=VERTEX_POINT('',#6469);
#2102=VERTEX_POINT('',#6471);
#2103=VERTEX_POINT('',#6473);
#2104=VERTEX_POINT('',#6475);
#2105=VERTEX_POINT('',#6478);
#2106=VERTEX_POINT('',#6479);
#2107=VERTEX_POINT('',#6481);
#2108=VERTEX_POINT('',#6483);
#2109=VERTEX_POINT('',#6485);
#2110=VERTEX_POINT('',#6487);
#2111=VERTEX_POINT('',#6489);
#2112=VERTEX_POINT('',#6491);
#2113=VERTEX_POINT('',#6494);
#2114=VERTEX_POINT('',#6495);
#2115=VERTEX_POINT('',#6497);
#2116=VERTEX_POINT('',#6499);
#2117=VERTEX_POINT('',#6502);
#2118=VERTEX_POINT('',#6503);
#2119=VERTEX_POINT('',#6505);
#2120=VERTEX_POINT('',#6511);
#2121=VERTEX_POINT('',#6517);
#2122=VERTEX_POINT('',#6523);
#2123=VERTEX_POINT('',#6529);
#2124=VERTEX_POINT('',#6535);
#2125=VERTEX_POINT('',#6541);
#2126=VERTEX_POINT('',#6547);
#2127=VERTEX_POINT('',#6553);
#2128=VERTEX_POINT('',#6555);
#2129=VERTEX_POINT('',#6561);
#2130=VERTEX_POINT('',#6567);
#2131=VERTEX_POINT('',#6578);
#2132=VERTEX_POINT('',#6579);
#2133=VERTEX_POINT('',#6581);
#2134=VERTEX_POINT('',#6587);
#2135=VERTEX_POINT('',#6593);
#2136=VERTEX_POINT('',#6599);
#2137=VERTEX_POINT('',#6605);
#2138=VERTEX_POINT('',#6611);
#2139=VERTEX_POINT('',#6613);
#2140=VERTEX_POINT('',#6619);
#2141=VERTEX_POINT('',#6625);
#2142=VERTEX_POINT('',#6627);
#2143=VERTEX_POINT('',#6633);
#2144=VERTEX_POINT('',#6639);
#2145=VERTEX_POINT('',#6645);
#2146=VERTEX_POINT('',#6651);
#2147=VERTEX_POINT('',#6657);
#2148=VERTEX_POINT('',#6663);
#2149=VERTEX_POINT('',#6669);
#2150=VERTEX_POINT('',#6675);
#2151=VERTEX_POINT('',#6681);
#2152=VERTEX_POINT('',#6687);
#2153=VERTEX_POINT('',#6689);
#2154=VERTEX_POINT('',#6695);
#2155=VERTEX_POINT('',#6701);
#2156=VERTEX_POINT('',#6712);
#2157=VERTEX_POINT('',#6713);
#2158=VERTEX_POINT('',#6715);
#2159=VERTEX_POINT('',#6721);
#2160=VERTEX_POINT('',#6727);
#2161=VERTEX_POINT('',#6733);
#2162=VERTEX_POINT('',#6739);
#2163=VERTEX_POINT('',#6745);
#2164=VERTEX_POINT('',#6751);
#2165=VERTEX_POINT('',#6757);
#2166=VERTEX_POINT('',#6763);
#2167=VERTEX_POINT('',#6765);
#2168=VERTEX_POINT('',#6771);
#2169=VERTEX_POINT('',#6777);
#2170=VERTEX_POINT('',#6788);
#2171=VERTEX_POINT('',#6789);
#2172=VERTEX_POINT('',#6791);
#2173=VERTEX_POINT('',#6797);
#2174=VERTEX_POINT('',#6803);
#2175=VERTEX_POINT('',#6809);
#2176=VERTEX_POINT('',#6815);
#2177=VERTEX_POINT('',#6821);
#2178=VERTEX_POINT('',#6827);
#2179=VERTEX_POINT('',#6833);
#2180=VERTEX_POINT('',#6839);
#2181=VERTEX_POINT('',#6845);
#2182=VERTEX_POINT('',#6851);
#2183=VERTEX_POINT('',#6857);
#2184=VERTEX_POINT('',#6863);
#2185=VERTEX_POINT('',#6866);
#2186=VERTEX_POINT('',#6867);
#2187=VERTEX_POINT('',#6869);
#2188=VERTEX_POINT('',#6871);
#2189=VERTEX_POINT('',#6877);
#2190=VERTEX_POINT('',#6883);
#2191=VERTEX_POINT('',#6889);
#2192=VERTEX_POINT('',#6895);
#2193=VERTEX_POINT('',#6901);
#2194=VERTEX_POINT('',#6907);
#2195=VERTEX_POINT('',#6913);
#2196=VERTEX_POINT('',#6915);
#2197=VERTEX_POINT('',#6918);
#2198=VERTEX_POINT('',#6919);
#2199=VERTEX_POINT('',#6921);
#2200=VERTEX_POINT('',#6923);
#2201=VERTEX_POINT('',#6929);
#2202=VERTEX_POINT('',#6935);
#2203=VERTEX_POINT('',#6941);
#2204=VERTEX_POINT('',#6947);
#2205=VERTEX_POINT('',#6953);
#2206=VERTEX_POINT('',#6959);
#2207=VERTEX_POINT('',#6965);
#2208=VERTEX_POINT('',#6967);
#2209=VERTEX_POINT('',#6971);
#2210=VERTEX_POINT('',#6972);
#2211=VERTEX_POINT('',#6977);
#2212=VERTEX_POINT('',#6981);
#2213=VERTEX_POINT('',#6987);
#2214=VERTEX_POINT('',#6988);
#2215=VERTEX_POINT('',#6993);
#2216=VERTEX_POINT('',#6997);
#2217=VERTEX_POINT('',#7001);
#2218=VERTEX_POINT('',#7005);
#2219=VERTEX_POINT('',#7009);
#2220=VERTEX_POINT('',#7013);
#2221=VERTEX_POINT('',#7019);
#2222=VERTEX_POINT('',#7020);
#2223=VERTEX_POINT('',#7025);
#2224=VERTEX_POINT('',#7029);
#2225=VERTEX_POINT('',#7033);
#2226=VERTEX_POINT('',#7037);
#2227=VERTEX_POINT('',#7041);
#2228=VERTEX_POINT('',#7045);
#2229=VERTEX_POINT('',#7051);
#2230=VERTEX_POINT('',#7052);
#2231=VERTEX_POINT('',#7057);
#2232=VERTEX_POINT('',#7061);
#2233=VERTEX_POINT('',#7065);
#2234=VERTEX_POINT('',#7069);
#2235=VERTEX_POINT('',#7073);
#2236=VERTEX_POINT('',#7077);
#2237=VERTEX_POINT('',#7083);
#2238=VERTEX_POINT('',#7084);
#2239=VERTEX_POINT('',#7089);
#2240=VERTEX_POINT('',#7093);
#2241=VERTEX_POINT('',#7097);
#2242=VERTEX_POINT('',#7101);
#2243=VERTEX_POINT('',#7105);
#2244=VERTEX_POINT('',#7109);
#2245=VERTEX_POINT('',#7115);
#2246=VERTEX_POINT('',#7116);
#2247=VERTEX_POINT('',#7121);
#2248=VERTEX_POINT('',#7125);
#2249=VERTEX_POINT('',#7129);
#2250=VERTEX_POINT('',#7133);
#2251=VERTEX_POINT('',#7137);
#2252=VERTEX_POINT('',#7141);
#2253=VERTEX_POINT('',#7147);
#2254=VERTEX_POINT('',#7148);
#2255=VERTEX_POINT('',#7153);
#2256=VERTEX_POINT('',#7157);
#2257=VERTEX_POINT('',#7161);
#2258=VERTEX_POINT('',#7165);
#2259=VERTEX_POINT('',#7169);
#2260=VERTEX_POINT('',#7173);
#2261=VERTEX_POINT('',#7179);
#2262=VERTEX_POINT('',#7180);
#2263=VERTEX_POINT('',#7185);
#2264=VERTEX_POINT('',#7189);
#2265=VERTEX_POINT('',#7193);
#2266=VERTEX_POINT('',#7197);
#2267=VERTEX_POINT('',#7201);
#2268=VERTEX_POINT('',#7205);
#2269=VERTEX_POINT('',#7211);
#2270=VERTEX_POINT('',#7212);
#2271=VERTEX_POINT('',#7217);
#2272=VERTEX_POINT('',#7221);
#2273=VERTEX_POINT('',#7225);
#2274=VERTEX_POINT('',#7229);
#2275=VERTEX_POINT('',#7233);
#2276=VERTEX_POINT('',#7237);
#2277=VERTEX_POINT('',#7243);
#2278=VERTEX_POINT('',#7244);
#2279=VERTEX_POINT('',#7249);
#2280=VERTEX_POINT('',#7253);
#2281=VERTEX_POINT('',#7257);
#2282=VERTEX_POINT('',#7261);
#2283=VERTEX_POINT('',#7265);
#2284=VERTEX_POINT('',#7269);
#2285=VERTEX_POINT('',#7275);
#2286=VERTEX_POINT('',#7276);
#2287=VERTEX_POINT('',#7281);
#2288=VERTEX_POINT('',#7285);
#2289=VERTEX_POINT('',#7289);
#2290=VERTEX_POINT('',#7293);
#2291=VERTEX_POINT('',#7299);
#2292=VERTEX_POINT('',#7300);
#2293=VERTEX_POINT('',#7302);
#2294=VERTEX_POINT('',#7304);
#2295=VERTEX_POINT('',#7306);
#2296=VERTEX_POINT('',#7308);
#2297=VERTEX_POINT('',#7311);
#2298=VERTEX_POINT('',#7313);
#2299=VERTEX_POINT('',#7315);
#2300=VERTEX_POINT('',#7317);
#2301=VERTEX_POINT('',#7319);
#2302=VERTEX_POINT('',#7321);
#2303=VERTEX_POINT('',#7324);
#2304=VERTEX_POINT('',#7328);
#2305=VERTEX_POINT('',#7332);
#2306=VERTEX_POINT('',#7336);
#2307=VERTEX_POINT('',#7340);
#2308=VERTEX_POINT('',#7344);
#2309=VERTEX_POINT('',#7348);
#2310=VERTEX_POINT('',#7349);
#2311=VERTEX_POINT('',#7354);
#2312=VERTEX_POINT('',#7358);
#2313=VERTEX_POINT('',#7362);
#2314=VERTEX_POINT('',#7366);
#2315=VERTEX_POINT('',#7382);
#2316=VERTEX_POINT('',#7384);
#2317=VERTEX_POINT('',#7401);
#2318=VERTEX_POINT('',#7418);
#2319=VERTEX_POINT('',#7435);
#2320=VERTEX_POINT('',#7445);
#2321=VERTEX_POINT('',#7447);
#2322=VERTEX_POINT('',#7460);
#2323=VERTEX_POINT('',#7477);
#2324=VERTEX_POINT('',#7494);
#2325=VERTEX_POINT('',#7511);
#2326=VERTEX_POINT('',#7528);
#2327=VERTEX_POINT('',#7545);
#2328=VERTEX_POINT('',#7562);
#2329=VERTEX_POINT('',#7579);
#2330=VERTEX_POINT('',#7587);
#2331=VERTEX_POINT('',#7600);
#2332=VERTEX_POINT('',#7617);
#2333=VERTEX_POINT('',#7634);
#2334=VERTEX_POINT('',#7667);
#2335=VERTEX_POINT('',#7669);
#2336=VERTEX_POINT('',#7686);
#2337=VERTEX_POINT('',#7703);
#2338=VERTEX_POINT('',#7720);
#2339=VERTEX_POINT('',#7737);
#2340=VERTEX_POINT('',#7754);
#2341=VERTEX_POINT('',#7771);
#2342=VERTEX_POINT('',#7788);
#2343=VERTEX_POINT('',#7798);
#2344=VERTEX_POINT('',#7800);
#2345=VERTEX_POINT('',#7813);
#2346=VERTEX_POINT('',#7830);
#2347=VERTEX_POINT('',#7847);
#2348=VERTEX_POINT('',#7864);
#2349=VERTEX_POINT('',#7881);
#2350=VERTEX_POINT('',#7889);
#2351=VERTEX_POINT('',#7902);
#2352=VERTEX_POINT('',#7919);
#2353=VERTEX_POINT('',#7927);
#2354=VERTEX_POINT('',#7940);
#2355=VERTEX_POINT('',#7957);
#2356=VERTEX_POINT('',#7974);
#2357=VERTEX_POINT('',#7991);
#2358=VERTEX_POINT('',#8008);
#2359=VERTEX_POINT('',#8025);
#2360=VERTEX_POINT('',#8042);
#2361=VERTEX_POINT('',#8059);
#2362=VERTEX_POINT('',#8076);
#2363=VERTEX_POINT('',#8093);
#2364=VERTEX_POINT('',#8101);
#2365=VERTEX_POINT('',#8114);
#2366=VERTEX_POINT('',#8131);
#2367=VERTEX_POINT('',#8148);
#2368=VERTEX_POINT('',#8181);
#2369=VERTEX_POINT('',#8183);
#2370=VERTEX_POINT('',#8200);
#2371=VERTEX_POINT('',#8217);
#2372=VERTEX_POINT('',#8234);
#2373=VERTEX_POINT('',#8244);
#2374=VERTEX_POINT('',#8246);
#2375=VERTEX_POINT('',#8259);
#2376=VERTEX_POINT('',#8276);
#2377=VERTEX_POINT('',#8293);
#2378=VERTEX_POINT('',#8310);
#2379=VERTEX_POINT('',#8327);
#2380=VERTEX_POINT('',#8344);
#2381=VERTEX_POINT('',#8361);
#2382=VERTEX_POINT('',#8378);
#2383=VERTEX_POINT('',#8386);
#2384=VERTEX_POINT('',#8399);
#2385=VERTEX_POINT('',#8416);
#2386=VERTEX_POINT('',#8433);
#2387=VERTEX_POINT('',#8457);
#2388=VERTEX_POINT('',#8459);
#2389=VERTEX_POINT('',#8463);
#2390=VERTEX_POINT('',#8476);
#2391=VERTEX_POINT('',#8493);
#2392=VERTEX_POINT('',#8510);
#2393=VERTEX_POINT('',#8527);
#2394=VERTEX_POINT('',#8544);
#2395=VERTEX_POINT('',#8561);
#2396=VERTEX_POINT('',#8571);
#2397=VERTEX_POINT('',#8573);
#2398=VERTEX_POINT('',#8577);
#2399=VERTEX_POINT('',#8590);
#2400=VERTEX_POINT('',#8607);
#2401=VERTEX_POINT('',#8624);
#2402=VERTEX_POINT('',#8641);
#2403=VERTEX_POINT('',#8658);
#2404=VERTEX_POINT('',#8675);
#2405=VERTEX_POINT('',#8685);
#2406=VERTEX_POINT('',#8687);
#2407=VERTEX_POINT('',#8700);
#2408=VERTEX_POINT('',#8717);
#2409=VERTEX_POINT('',#8734);
#2410=VERTEX_POINT('',#8751);
#2411=VERTEX_POINT('',#8768);
#2412=VERTEX_POINT('',#8785);
#2413=VERTEX_POINT('',#8802);
#2414=VERTEX_POINT('',#8819);
#2415=VERTEX_POINT('',#8836);
#2416=VERTEX_POINT('',#8853);
#2417=VERTEX_POINT('',#8870);
#2418=VERTEX_POINT('',#8887);
#2419=VERTEX_POINT('',#8895);
#2420=VERTEX_POINT('',#8902);
#2421=VERTEX_POINT('',#8904);
#2422=VERTEX_POINT('',#8908);
#2423=VERTEX_POINT('',#8921);
#2424=VERTEX_POINT('',#8938);
#2425=VERTEX_POINT('',#8955);
#2426=VERTEX_POINT('',#8972);
#2427=VERTEX_POINT('',#8989);
#2428=VERTEX_POINT('',#9006);
#2429=VERTEX_POINT('',#9016);
#2430=VERTEX_POINT('',#9018);
#2431=VERTEX_POINT('',#9022);
#2432=VERTEX_POINT('',#9035);
#2433=VERTEX_POINT('',#9052);
#2434=VERTEX_POINT('',#9069);
#2435=VERTEX_POINT('',#9086);
#2436=VERTEX_POINT('',#9103);
#2437=VERTEX_POINT('',#9120);
#2438=VERTEX_POINT('',#9137);
#2439=VERTEX_POINT('',#9145);
#2440=VERTEX_POINT('',#9149);
#2441=VERTEX_POINT('',#9165);
#2442=VERTEX_POINT('',#9167);
#2443=VERTEX_POINT('',#9184);
#2444=VERTEX_POINT('',#9201);
#2445=VERTEX_POINT('',#9218);
#2446=VERTEX_POINT('',#9235);
#2447=VERTEX_POINT('',#9252);
#2448=VERTEX_POINT('',#9269);
#2449=VERTEX_POINT('',#9292);
#2450=VERTEX_POINT('',#9294);
#2451=VERTEX_POINT('',#9298);
#2452=VERTEX_POINT('',#9311);
#2453=VERTEX_POINT('',#9328);
#2454=VERTEX_POINT('',#9345);
#2455=VERTEX_POINT('',#9362);
#2456=VERTEX_POINT('',#9379);
#2457=VERTEX_POINT('',#9396);
#2458=VERTEX_POINT('',#9413);
#2459=VERTEX_POINT('',#9421);
#2460=VERTEX_POINT('',#9425);
#2461=EDGE_CURVE('',#1979,#1979,#1893,.T.);
#2462=EDGE_CURVE('',#1979,#1980,#1071,.T.);
#2463=EDGE_CURVE('',#1980,#1980,#1894,.T.);
#2464=EDGE_CURVE('',#1981,#1982,#182,.T.);
#2465=EDGE_CURVE('',#1982,#1983,#183,.T.);
#2466=EDGE_CURVE('',#1983,#1984,#184,.T.);
#2467=EDGE_CURVE('',#1984,#1985,#185,.T.);
#2468=EDGE_CURVE('',#1985,#1981,#1072,.T.);
#2469=EDGE_CURVE('',#1986,#1987,#186,.T.);
#2470=EDGE_CURVE('',#1987,#1988,#187,.T.);
#2471=EDGE_CURVE('',#1988,#1989,#188,.T.);
#2472=EDGE_CURVE('',#1989,#1990,#189,.T.);
#2473=EDGE_CURVE('',#1990,#1991,#190,.T.);
#2474=EDGE_CURVE('',#1991,#1992,#191,.T.);
#2475=EDGE_CURVE('',#1992,#1993,#192,.T.);
#2476=EDGE_CURVE('',#1993,#1994,#193,.T.);
#2477=EDGE_CURVE('',#1994,#1986,#1073,.T.);
#2478=EDGE_CURVE('',#1995,#1996,#194,.T.);
#2479=EDGE_CURVE('',#1996,#1997,#195,.T.);
#2480=EDGE_CURVE('',#1997,#1998,#196,.T.);
#2481=EDGE_CURVE('',#1998,#1999,#197,.T.);
#2482=EDGE_CURVE('',#1999,#1995,#1074,.T.);
#2483=EDGE_CURVE('',#2000,#2001,#1075,.T.);
#2484=EDGE_CURVE('',#2001,#2002,#1076,.T.);
#2485=EDGE_CURVE('',#2002,#2003,#198,.T.);
#2486=EDGE_CURVE('',#2003,#2004,#199,.T.);
#2487=EDGE_CURVE('',#2004,#2005,#200,.T.);
#2488=EDGE_CURVE('',#2005,#2006,#201,.T.);
#2489=EDGE_CURVE('',#2006,#2007,#202,.T.);
#2490=EDGE_CURVE('',#2007,#2008,#203,.T.);
#2491=EDGE_CURVE('',#2008,#2000,#1077,.T.);
#2492=EDGE_CURVE('',#2009,#2010,#1078,.T.);
#2493=EDGE_CURVE('',#2010,#2011,#1079,.T.);
#2494=EDGE_CURVE('',#2011,#2012,#204,.T.);
#2495=EDGE_CURVE('',#2012,#2013,#205,.T.);
#2496=EDGE_CURVE('',#2013,#2014,#206,.T.);
#2497=EDGE_CURVE('',#2014,#2015,#207,.T.);
#2498=EDGE_CURVE('',#2015,#2016,#208,.T.);
#2499=EDGE_CURVE('',#2016,#2017,#209,.T.);
#2500=EDGE_CURVE('',#2017,#2009,#1080,.T.);
#2501=EDGE_CURVE('',#2018,#2019,#1081,.T.);
#2502=EDGE_CURVE('',#2019,#2020,#1082,.T.);
#2503=EDGE_CURVE('',#2020,#2021,#210,.T.);
#2504=EDGE_CURVE('',#2021,#2022,#211,.T.);
#2505=EDGE_CURVE('',#2022,#2023,#212,.T.);
#2506=EDGE_CURVE('',#2023,#2024,#213,.T.);
#2507=EDGE_CURVE('',#2024,#2025,#214,.T.);
#2508=EDGE_CURVE('',#2025,#2026,#215,.T.);
#2509=EDGE_CURVE('',#2026,#2018,#1083,.T.);
#2510=EDGE_CURVE('',#2027,#2028,#216,.T.);
#2511=EDGE_CURVE('',#2028,#2029,#217,.T.);
#2512=EDGE_CURVE('',#2029,#2030,#218,.T.);
#2513=EDGE_CURVE('',#2030,#2031,#219,.T.);
#2514=EDGE_CURVE('',#2031,#2032,#220,.T.);
#2515=EDGE_CURVE('',#2032,#2033,#221,.T.);
#2516=EDGE_CURVE('',#2033,#2034,#222,.T.);
#2517=EDGE_CURVE('',#2034,#2027,#223,.T.);
#2518=EDGE_CURVE('',#2035,#2036,#1084,.T.);
#2519=EDGE_CURVE('',#2037,#2035,#1085,.T.);
#2520=EDGE_CURVE('',#2038,#2037,#1086,.T.);
#2521=EDGE_CURVE('',#2039,#2038,#1087,.T.);
#2522=EDGE_CURVE('',#2040,#2039,#1088,.T.);
#2523=EDGE_CURVE('',#2036,#2040,#1089,.T.);
#2524=EDGE_CURVE('',#2041,#2042,#1090,.T.);
#2525=EDGE_CURVE('',#2042,#2043,#1895,.T.);
#2526=EDGE_CURVE('',#2043,#2044,#1091,.T.);
#2527=EDGE_CURVE('',#2044,#2045,#1896,.T.);
#2528=EDGE_CURVE('',#2045,#2046,#1092,.T.);
#2529=EDGE_CURVE('',#2046,#2047,#1897,.T.);
#2530=EDGE_CURVE('',#2047,#2048,#1093,.T.);
#2531=EDGE_CURVE('',#2048,#2041,#1898,.T.);
#2532=EDGE_CURVE('',#2049,#2050,#1094,.T.);
#2533=EDGE_CURVE('',#2050,#2051,#1899,.T.);
#2534=EDGE_CURVE('',#2051,#2052,#1095,.T.);
#2535=EDGE_CURVE('',#2052,#2053,#1900,.T.);
#2536=EDGE_CURVE('',#2053,#2054,#1096,.T.);
#2537=EDGE_CURVE('',#2054,#2055,#1901,.T.);
#2538=EDGE_CURVE('',#2055,#2056,#1097,.T.);
#2539=EDGE_CURVE('',#2056,#2049,#1902,.T.);
#2540=EDGE_CURVE('',#2057,#2058,#1098,.T.);
#2541=EDGE_CURVE('',#2058,#2059,#1903,.T.);
#2542=EDGE_CURVE('',#2059,#2060,#1099,.T.);
#2543=EDGE_CURVE('',#2060,#2061,#1904,.T.);
#2544=EDGE_CURVE('',#2061,#2062,#1100,.T.);
#2545=EDGE_CURVE('',#2062,#2063,#1905,.T.);
#2546=EDGE_CURVE('',#2063,#2064,#1101,.T.);
#2547=EDGE_CURVE('',#2064,#2057,#1906,.T.);
#2548=EDGE_CURVE('',#2065,#2066,#1102,.T.);
#2549=EDGE_CURVE('',#2066,#2067,#1907,.T.);
#2550=EDGE_CURVE('',#2067,#2068,#1103,.T.);
#2551=EDGE_CURVE('',#2068,#2069,#1908,.T.);
#2552=EDGE_CURVE('',#2069,#2070,#1104,.T.);
#2553=EDGE_CURVE('',#2070,#2071,#1909,.T.);
#2554=EDGE_CURVE('',#2071,#2072,#1105,.T.);
#2555=EDGE_CURVE('',#2072,#2065,#1910,.T.);
#2556=EDGE_CURVE('',#2073,#2074,#1106,.T.);
#2557=EDGE_CURVE('',#2074,#2075,#1911,.T.);
#2558=EDGE_CURVE('',#2075,#2076,#1107,.T.);
#2559=EDGE_CURVE('',#2076,#2077,#1912,.T.);
#2560=EDGE_CURVE('',#2077,#2078,#1108,.T.);
#2561=EDGE_CURVE('',#2078,#2079,#1913,.T.);
#2562=EDGE_CURVE('',#2079,#2080,#1109,.T.);
#2563=EDGE_CURVE('',#2080,#2073,#1914,.T.);
#2564=EDGE_CURVE('',#2081,#2082,#1110,.T.);
#2565=EDGE_CURVE('',#2082,#2083,#1915,.T.);
#2566=EDGE_CURVE('',#2083,#2084,#1111,.T.);
#2567=EDGE_CURVE('',#2084,#2085,#1916,.T.);
#2568=EDGE_CURVE('',#2085,#2086,#1112,.T.);
#2569=EDGE_CURVE('',#2086,#2087,#1917,.T.);
#2570=EDGE_CURVE('',#2087,#2088,#1113,.T.);
#2571=EDGE_CURVE('',#2088,#2081,#1918,.T.);
#2572=EDGE_CURVE('',#2089,#2090,#1114,.T.);
#2573=EDGE_CURVE('',#2090,#2091,#1919,.T.);
#2574=EDGE_CURVE('',#2091,#2092,#1115,.T.);
#2575=EDGE_CURVE('',#2092,#2093,#1920,.T.);
#2576=EDGE_CURVE('',#2093,#2094,#1116,.T.);
#2577=EDGE_CURVE('',#2094,#2095,#1921,.T.);
#2578=EDGE_CURVE('',#2095,#2096,#1117,.T.);
#2579=EDGE_CURVE('',#2096,#2089,#1922,.T.);
#2580=EDGE_CURVE('',#2097,#2098,#1118,.T.);
#2581=EDGE_CURVE('',#2098,#2099,#1923,.T.);
#2582=EDGE_CURVE('',#2099,#2100,#1119,.T.);
#2583=EDGE_CURVE('',#2100,#2101,#1924,.T.);
#2584=EDGE_CURVE('',#2101,#2102,#1120,.T.);
#2585=EDGE_CURVE('',#2102,#2103,#1925,.T.);
#2586=EDGE_CURVE('',#2103,#2104,#1121,.T.);
#2587=EDGE_CURVE('',#2104,#2097,#1926,.T.);
#2588=EDGE_CURVE('',#2105,#2106,#1122,.T.);
#2589=EDGE_CURVE('',#2106,#2107,#1927,.T.);
#2590=EDGE_CURVE('',#2107,#2108,#1123,.T.);
#2591=EDGE_CURVE('',#2108,#2109,#1928,.T.);
#2592=EDGE_CURVE('',#2109,#2110,#1124,.T.);
#2593=EDGE_CURVE('',#2110,#2111,#1929,.T.);
#2594=EDGE_CURVE('',#2111,#2112,#1125,.T.);
#2595=EDGE_CURVE('',#2112,#2105,#1930,.T.);
#2596=EDGE_CURVE('',#2113,#2114,#1126,.T.);
#2597=EDGE_CURVE('',#2114,#2115,#1127,.T.);
#2598=EDGE_CURVE('',#2115,#2116,#1128,.T.);
#2599=EDGE_CURVE('',#2116,#2113,#1129,.T.);
#2600=EDGE_CURVE('',#2117,#2118,#1130,.T.);
#2601=EDGE_CURVE('',#2118,#2119,#224,.T.);
#2602=EDGE_CURVE('',#2119,#2120,#225,.T.);
#2603=EDGE_CURVE('',#2120,#2121,#226,.T.);
#2604=EDGE_CURVE('',#2121,#2122,#227,.T.);
#2605=EDGE_CURVE('',#2122,#2123,#228,.T.);
#2606=EDGE_CURVE('',#2123,#2124,#229,.T.);
#2607=EDGE_CURVE('',#2124,#2125,#230,.T.);
#2608=EDGE_CURVE('',#2125,#2126,#231,.T.);
#2609=EDGE_CURVE('',#2126,#2127,#1131,.T.);
#2610=EDGE_CURVE('',#2127,#2128,#232,.T.);
#2611=EDGE_CURVE('',#2128,#2129,#233,.T.);
#2612=EDGE_CURVE('',#2129,#2130,#234,.T.);
#2613=EDGE_CURVE('',#2130,#2117,#235,.T.);
#2614=EDGE_CURVE('',#2131,#2132,#1132,.T.);
#2615=EDGE_CURVE('',#2132,#2133,#236,.T.);
#2616=EDGE_CURVE('',#2133,#2134,#237,.T.);
#2617=EDGE_CURVE('',#2134,#2135,#238,.T.);
#2618=EDGE_CURVE('',#2135,#2136,#239,.T.);
#2619=EDGE_CURVE('',#2136,#2137,#240,.T.);
#2620=EDGE_CURVE('',#2137,#2138,#1133,.T.);
#2621=EDGE_CURVE('',#2138,#2139,#241,.T.);
#2622=EDGE_CURVE('',#2139,#2140,#242,.T.);
#2623=EDGE_CURVE('',#2140,#2141,#1134,.T.);
#2624=EDGE_CURVE('',#2141,#2142,#243,.T.);
#2625=EDGE_CURVE('',#2142,#2143,#244,.T.);
#2626=EDGE_CURVE('',#2143,#2144,#245,.T.);
#2627=EDGE_CURVE('',#2144,#2145,#246,.T.);
#2628=EDGE_CURVE('',#2145,#2146,#247,.T.);
#2629=EDGE_CURVE('',#2146,#2147,#248,.T.);
#2630=EDGE_CURVE('',#2147,#2148,#249,.T.);
#2631=EDGE_CURVE('',#2148,#2149,#250,.T.);
#2632=EDGE_CURVE('',#2149,#2150,#251,.T.);
#2633=EDGE_CURVE('',#2150,#2151,#252,.T.);
#2634=EDGE_CURVE('',#2151,#2152,#1135,.T.);
#2635=EDGE_CURVE('',#2152,#2153,#253,.T.);
#2636=EDGE_CURVE('',#2153,#2154,#254,.T.);
#2637=EDGE_CURVE('',#2154,#2155,#255,.T.);
#2638=EDGE_CURVE('',#2155,#2131,#256,.T.);
#2639=EDGE_CURVE('',#2156,#2157,#1136,.T.);
#2640=EDGE_CURVE('',#2157,#2158,#257,.T.);
#2641=EDGE_CURVE('',#2158,#2159,#258,.T.);
#2642=EDGE_CURVE('',#2159,#2160,#259,.T.);
#2643=EDGE_CURVE('',#2160,#2161,#260,.T.);
#2644=EDGE_CURVE('',#2161,#2162,#261,.T.);
#2645=EDGE_CURVE('',#2162,#2163,#262,.T.);
#2646=EDGE_CURVE('',#2163,#2164,#263,.T.);
#2647=EDGE_CURVE('',#2164,#2165,#264,.T.);
#2648=EDGE_CURVE('',#2165,#2166,#1137,.T.);
#2649=EDGE_CURVE('',#2166,#2167,#265,.T.);
#2650=EDGE_CURVE('',#2167,#2168,#266,.T.);
#2651=EDGE_CURVE('',#2168,#2169,#267,.T.);
#2652=EDGE_CURVE('',#2169,#2156,#268,.T.);
#2653=EDGE_CURVE('',#2170,#2171,#1138,.T.);
#2654=EDGE_CURVE('',#2171,#2172,#269,.T.);
#2655=EDGE_CURVE('',#2172,#2173,#270,.T.);
#2656=EDGE_CURVE('',#2173,#2174,#271,.T.);
#2657=EDGE_CURVE('',#2174,#2175,#272,.T.);
#2658=EDGE_CURVE('',#2175,#2176,#273,.T.);
#2659=EDGE_CURVE('',#2176,#2177,#274,.T.);
#2660=EDGE_CURVE('',#2177,#2178,#275,.T.);
#2661=EDGE_CURVE('',#2178,#2179,#276,.T.);
#2662=EDGE_CURVE('',#2179,#2180,#277,.T.);
#2663=EDGE_CURVE('',#2180,#2181,#278,.T.);
#2664=EDGE_CURVE('',#2181,#2182,#279,.T.);
#2665=EDGE_CURVE('',#2182,#2183,#280,.T.);
#2666=EDGE_CURVE('',#2183,#2184,#1139,.T.);
#2667=EDGE_CURVE('',#2184,#2170,#1140,.T.);
#2668=EDGE_CURVE('',#2185,#2186,#1141,.T.);
#2669=EDGE_CURVE('',#2186,#2187,#1142,.T.);
#2670=EDGE_CURVE('',#2187,#2188,#281,.T.);
#2671=EDGE_CURVE('',#2188,#2189,#282,.T.);
#2672=EDGE_CURVE('',#2189,#2190,#283,.T.);
#2673=EDGE_CURVE('',#2190,#2191,#284,.T.);
#2674=EDGE_CURVE('',#2191,#2192,#285,.T.);
#2675=EDGE_CURVE('',#2192,#2193,#286,.T.);
#2676=EDGE_CURVE('',#2193,#2194,#287,.T.);
#2677=EDGE_CURVE('',#2194,#2195,#1143,.T.);
#2678=EDGE_CURVE('',#2195,#2196,#1144,.T.);
#2679=EDGE_CURVE('',#2196,#2185,#1145,.T.);
#2680=EDGE_CURVE('',#2197,#2198,#1146,.T.);
#2681=EDGE_CURVE('',#2198,#2199,#1147,.T.);
#2682=EDGE_CURVE('',#2199,#2200,#288,.T.);
#2683=EDGE_CURVE('',#2200,#2201,#289,.T.);
#2684=EDGE_CURVE('',#2201,#2202,#290,.T.);
#2685=EDGE_CURVE('',#2202,#2203,#291,.T.);
#2686=EDGE_CURVE('',#2203,#2204,#292,.T.);
#2687=EDGE_CURVE('',#2204,#2205,#293,.T.);
#2688=EDGE_CURVE('',#2205,#2206,#294,.T.);
#2689=EDGE_CURVE('',#2206,#2207,#1148,.T.);
#2690=EDGE_CURVE('',#2207,#2208,#1149,.T.);
#2691=EDGE_CURVE('',#2208,#2197,#1150,.T.);
#2692=EDGE_CURVE('',#2209,#2210,#1151,.T.);
#2693=EDGE_CURVE('',#2116,#2209,#1152,.T.);
#2694=EDGE_CURVE('',#2115,#2210,#1153,.T.);
#2695=EDGE_CURVE('',#2210,#2211,#1154,.T.);
#2696=EDGE_CURVE('',#2114,#2211,#1155,.T.);
#2697=EDGE_CURVE('',#2211,#2212,#1156,.T.);
#2698=EDGE_CURVE('',#2113,#2212,#1157,.T.);
#2699=EDGE_CURVE('',#2212,#2209,#1158,.T.);
#2700=EDGE_CURVE('',#2213,#2214,#1159,.T.);
#2701=EDGE_CURVE('',#2046,#2213,#1160,.T.);
#2702=EDGE_CURVE('',#2045,#2214,#1161,.T.);
#2703=EDGE_CURVE('',#2214,#2215,#1931,.T.);
#2704=EDGE_CURVE('',#2044,#2215,#1162,.T.);
#2705=EDGE_CURVE('',#2215,#2216,#1163,.T.);
#2706=EDGE_CURVE('',#2043,#2216,#1164,.T.);
#2707=EDGE_CURVE('',#2216,#2217,#1932,.T.);
#2708=EDGE_CURVE('',#2042,#2217,#1165,.T.);
#2709=EDGE_CURVE('',#2217,#2218,#1166,.T.);
#2710=EDGE_CURVE('',#2041,#2218,#1167,.T.);
#2711=EDGE_CURVE('',#2218,#2219,#1933,.T.);
#2712=EDGE_CURVE('',#2048,#2219,#1168,.T.);
#2713=EDGE_CURVE('',#2219,#2220,#1169,.T.);
#2714=EDGE_CURVE('',#2047,#2220,#1170,.T.);
#2715=EDGE_CURVE('',#2220,#2213,#1934,.T.);
#2716=EDGE_CURVE('',#2221,#2222,#1171,.T.);
#2717=EDGE_CURVE('',#2054,#2221,#1172,.T.);
#2718=EDGE_CURVE('',#2053,#2222,#1173,.T.);
#2719=EDGE_CURVE('',#2222,#2223,#1935,.T.);
#2720=EDGE_CURVE('',#2052,#2223,#1174,.T.);
#2721=EDGE_CURVE('',#2223,#2224,#1175,.T.);
#2722=EDGE_CURVE('',#2051,#2224,#1176,.T.);
#2723=EDGE_CURVE('',#2224,#2225,#1936,.T.);
#2724=EDGE_CURVE('',#2050,#2225,#1177,.T.);
#2725=EDGE_CURVE('',#2225,#2226,#1178,.T.);
#2726=EDGE_CURVE('',#2049,#2226,#1179,.T.);
#2727=EDGE_CURVE('',#2226,#2227,#1937,.T.);
#2728=EDGE_CURVE('',#2056,#2227,#1180,.T.);
#2729=EDGE_CURVE('',#2227,#2228,#1181,.T.);
#2730=EDGE_CURVE('',#2055,#2228,#1182,.T.);
#2731=EDGE_CURVE('',#2228,#2221,#1938,.T.);
#2732=EDGE_CURVE('',#2229,#2230,#1183,.T.);
#2733=EDGE_CURVE('',#2062,#2229,#1184,.T.);
#2734=EDGE_CURVE('',#2061,#2230,#1185,.T.);
#2735=EDGE_CURVE('',#2230,#2231,#1939,.T.);
#2736=EDGE_CURVE('',#2060,#2231,#1186,.T.);
#2737=EDGE_CURVE('',#2231,#2232,#1187,.T.);
#2738=EDGE_CURVE('',#2059,#2232,#1188,.T.);
#2739=EDGE_CURVE('',#2232,#2233,#1940,.T.);
#2740=EDGE_CURVE('',#2058,#2233,#1189,.T.);
#2741=EDGE_CURVE('',#2233,#2234,#1190,.T.);
#2742=EDGE_CURVE('',#2057,#2234,#1191,.T.);
#2743=EDGE_CURVE('',#2234,#2235,#1941,.T.);
#2744=EDGE_CURVE('',#2064,#2235,#1192,.T.);
#2745=EDGE_CURVE('',#2235,#2236,#1193,.T.);
#2746=EDGE_CURVE('',#2063,#2236,#1194,.T.);
#2747=EDGE_CURVE('',#2236,#2229,#1942,.T.);
#2748=EDGE_CURVE('',#2237,#2238,#1195,.T.);
#2749=EDGE_CURVE('',#2070,#2237,#1196,.T.);
#2750=EDGE_CURVE('',#2069,#2238,#1197,.T.);
#2751=EDGE_CURVE('',#2238,#2239,#1943,.T.);
#2752=EDGE_CURVE('',#2068,#2239,#1198,.T.);
#2753=EDGE_CURVE('',#2239,#2240,#1199,.T.);
#2754=EDGE_CURVE('',#2067,#2240,#1200,.T.);
#2755=EDGE_CURVE('',#2240,#2241,#1944,.T.);
#2756=EDGE_CURVE('',#2066,#2241,#1201,.T.);
#2757=EDGE_CURVE('',#2241,#2242,#1202,.T.);
#2758=EDGE_CURVE('',#2065,#2242,#1203,.T.);
#2759=EDGE_CURVE('',#2242,#2243,#1945,.T.);
#2760=EDGE_CURVE('',#2072,#2243,#1204,.T.);
#2761=EDGE_CURVE('',#2243,#2244,#1205,.T.);
#2762=EDGE_CURVE('',#2071,#2244,#1206,.T.);
#2763=EDGE_CURVE('',#2244,#2237,#1946,.T.);
#2764=EDGE_CURVE('',#2245,#2246,#1207,.T.);
#2765=EDGE_CURVE('',#2078,#2245,#1208,.T.);
#2766=EDGE_CURVE('',#2077,#2246,#1209,.T.);
#2767=EDGE_CURVE('',#2246,#2247,#1947,.T.);
#2768=EDGE_CURVE('',#2076,#2247,#1210,.T.);
#2769=EDGE_CURVE('',#2247,#2248,#1211,.T.);
#2770=EDGE_CURVE('',#2075,#2248,#1212,.T.);
#2771=EDGE_CURVE('',#2248,#2249,#1948,.T.);
#2772=EDGE_CURVE('',#2074,#2249,#1213,.T.);
#2773=EDGE_CURVE('',#2249,#2250,#1214,.T.);
#2774=EDGE_CURVE('',#2073,#2250,#1215,.T.);
#2775=EDGE_CURVE('',#2250,#2251,#1949,.T.);
#2776=EDGE_CURVE('',#2080,#2251,#1216,.T.);
#2777=EDGE_CURVE('',#2251,#2252,#1217,.T.);
#2778=EDGE_CURVE('',#2079,#2252,#1218,.T.);
#2779=EDGE_CURVE('',#2252,#2245,#1950,.T.);
#2780=EDGE_CURVE('',#2253,#2254,#1219,.T.);
#2781=EDGE_CURVE('',#2086,#2253,#1220,.T.);
#2782=EDGE_CURVE('',#2085,#2254,#1221,.T.);
#2783=EDGE_CURVE('',#2254,#2255,#1951,.T.);
#2784=EDGE_CURVE('',#2084,#2255,#1222,.T.);
#2785=EDGE_CURVE('',#2255,#2256,#1223,.T.);
#2786=EDGE_CURVE('',#2083,#2256,#1224,.T.);
#2787=EDGE_CURVE('',#2256,#2257,#1952,.T.);
#2788=EDGE_CURVE('',#2082,#2257,#1225,.T.);
#2789=EDGE_CURVE('',#2257,#2258,#1226,.T.);
#2790=EDGE_CURVE('',#2081,#2258,#1227,.T.);
#2791=EDGE_CURVE('',#2258,#2259,#1953,.T.);
#2792=EDGE_CURVE('',#2088,#2259,#1228,.T.);
#2793=EDGE_CURVE('',#2259,#2260,#1229,.T.);
#2794=EDGE_CURVE('',#2087,#2260,#1230,.T.);
#2795=EDGE_CURVE('',#2260,#2253,#1954,.T.);
#2796=EDGE_CURVE('',#2261,#2262,#1231,.T.);
#2797=EDGE_CURVE('',#2094,#2261,#1232,.T.);
#2798=EDGE_CURVE('',#2093,#2262,#1233,.T.);
#2799=EDGE_CURVE('',#2262,#2263,#1955,.T.);
#2800=EDGE_CURVE('',#2092,#2263,#1234,.T.);
#2801=EDGE_CURVE('',#2263,#2264,#1235,.T.);
#2802=EDGE_CURVE('',#2091,#2264,#1236,.T.);
#2803=EDGE_CURVE('',#2264,#2265,#1956,.T.);
#2804=EDGE_CURVE('',#2090,#2265,#1237,.T.);
#2805=EDGE_CURVE('',#2265,#2266,#1238,.T.);
#2806=EDGE_CURVE('',#2089,#2266,#1239,.T.);
#2807=EDGE_CURVE('',#2266,#2267,#1957,.T.);
#2808=EDGE_CURVE('',#2096,#2267,#1240,.T.);
#2809=EDGE_CURVE('',#2267,#2268,#1241,.T.);
#2810=EDGE_CURVE('',#2095,#2268,#1242,.T.);
#2811=EDGE_CURVE('',#2268,#2261,#1958,.T.);
#2812=EDGE_CURVE('',#2269,#2270,#1243,.T.);
#2813=EDGE_CURVE('',#2102,#2269,#1244,.T.);
#2814=EDGE_CURVE('',#2101,#2270,#1245,.T.);
#2815=EDGE_CURVE('',#2270,#2271,#1959,.T.);
#2816=EDGE_CURVE('',#2100,#2271,#1246,.T.);
#2817=EDGE_CURVE('',#2271,#2272,#1247,.T.);
#2818=EDGE_CURVE('',#2099,#2272,#1248,.T.);
#2819=EDGE_CURVE('',#2272,#2273,#1960,.T.);
#2820=EDGE_CURVE('',#2098,#2273,#1249,.T.);
#2821=EDGE_CURVE('',#2273,#2274,#1250,.T.);
#2822=EDGE_CURVE('',#2097,#2274,#1251,.T.);
#2823=EDGE_CURVE('',#2274,#2275,#1961,.T.);
#2824=EDGE_CURVE('',#2104,#2275,#1252,.T.);
#2825=EDGE_CURVE('',#2275,#2276,#1253,.T.);
#2826=EDGE_CURVE('',#2103,#2276,#1254,.T.);
#2827=EDGE_CURVE('',#2276,#2269,#1962,.T.);
#2828=EDGE_CURVE('',#2277,#2278,#1255,.T.);
#2829=EDGE_CURVE('',#2110,#2277,#1256,.T.);
#2830=EDGE_CURVE('',#2109,#2278,#1257,.T.);
#2831=EDGE_CURVE('',#2278,#2279,#1963,.T.);
#2832=EDGE_CURVE('',#2108,#2279,#1258,.T.);
#2833=EDGE_CURVE('',#2279,#2280,#1259,.T.);
#2834=EDGE_CURVE('',#2107,#2280,#1260,.T.);
#2835=EDGE_CURVE('',#2280,#2281,#1964,.T.);
#2836=EDGE_CURVE('',#2106,#2281,#1261,.T.);
#2837=EDGE_CURVE('',#2281,#2282,#1262,.T.);
#2838=EDGE_CURVE('',#2105,#2282,#1263,.T.);
#2839=EDGE_CURVE('',#2282,#2283,#1965,.T.);
#2840=EDGE_CURVE('',#2112,#2283,#1264,.T.);
#2841=EDGE_CURVE('',#2283,#2284,#1265,.T.);
#2842=EDGE_CURVE('',#2111,#2284,#1266,.T.);
#2843=EDGE_CURVE('',#2284,#2277,#1966,.T.);
#2844=EDGE_CURVE('',#2285,#2286,#1267,.T.);
#2845=EDGE_CURVE('',#2285,#2037,#1268,.T.);
#2846=EDGE_CURVE('',#2286,#2035,#1269,.T.);
#2847=EDGE_CURVE('',#2287,#2285,#1270,.T.);
#2848=EDGE_CURVE('',#2287,#2038,#1271,.T.);
#2849=EDGE_CURVE('',#2288,#2287,#1272,.T.);
#2850=EDGE_CURVE('',#2288,#2039,#1273,.T.);
#2851=EDGE_CURVE('',#2289,#2288,#1274,.T.);
#2852=EDGE_CURVE('',#2289,#2040,#1275,.T.);
#2853=EDGE_CURVE('',#2290,#2289,#1276,.T.);
#2854=EDGE_CURVE('',#2290,#2036,#1277,.T.);
#2855=EDGE_CURVE('',#2286,#2290,#1278,.T.);
#2856=EDGE_CURVE('',#2291,#2292,#1279,.T.);
#2857=EDGE_CURVE('',#2292,#2293,#1280,.T.);
#2858=EDGE_CURVE('',#2293,#2294,#1281,.T.);
#2859=EDGE_CURVE('',#2294,#2295,#1282,.T.);
#2860=EDGE_CURVE('',#2295,#2296,#1283,.T.);
#2861=EDGE_CURVE('',#2296,#2291,#1284,.T.);
#2862=EDGE_CURVE('',#2297,#2297,#1967,.T.);
#2863=EDGE_CURVE('',#2298,#2298,#1968,.T.);
#2864=EDGE_CURVE('',#2299,#2299,#1969,.T.);
#2865=EDGE_CURVE('',#2300,#2300,#1970,.T.);
#2866=EDGE_CURVE('',#2301,#2301,#1971,.T.);
#2867=EDGE_CURVE('',#2302,#2302,#1972,.T.);
#2868=EDGE_CURVE('',#2297,#2303,#1285,.T.);
#2869=EDGE_CURVE('',#2303,#2303,#1973,.T.);
#2870=EDGE_CURVE('',#2298,#2304,#1286,.T.);
#2871=EDGE_CURVE('',#2304,#2304,#1974,.T.);
#2872=EDGE_CURVE('',#2299,#2305,#1287,.T.);
#2873=EDGE_CURVE('',#2305,#2305,#1975,.T.);
#2874=EDGE_CURVE('',#2300,#2306,#1288,.T.);
#2875=EDGE_CURVE('',#2306,#2306,#1976,.T.);
#2876=EDGE_CURVE('',#2301,#2307,#1289,.T.);
#2877=EDGE_CURVE('',#2307,#2307,#1977,.T.);
#2878=EDGE_CURVE('',#2302,#2308,#1290,.T.);
#2879=EDGE_CURVE('',#2308,#2308,#1978,.T.);
#2880=EDGE_CURVE('',#2309,#2310,#1291,.T.);
#2881=EDGE_CURVE('',#2309,#2291,#1292,.T.);
#2882=EDGE_CURVE('',#2310,#2296,#1293,.T.);
#2883=EDGE_CURVE('',#2310,#2311,#1294,.T.);
#2884=EDGE_CURVE('',#2311,#2295,#1295,.T.);
#2885=EDGE_CURVE('',#2311,#2312,#1296,.T.);
#2886=EDGE_CURVE('',#2312,#2294,#1297,.T.);
#2887=EDGE_CURVE('',#2312,#2313,#1298,.T.);
#2888=EDGE_CURVE('',#2313,#2293,#1299,.T.);
#2889=EDGE_CURVE('',#2314,#2313,#1300,.T.);
#2890=EDGE_CURVE('',#2314,#2292,#1301,.T.);
#2891=EDGE_CURVE('',#2309,#2314,#1302,.T.);
#2892=EDGE_CURVE('',#1981,#2315,#1303,.T.);
#2893=EDGE_CURVE('',#2316,#2315,#295,.T.);
#2894=EDGE_CURVE('',#1982,#2316,#1304,.T.);
#2895=EDGE_CURVE('',#2317,#2316,#296,.T.);
#2896=EDGE_CURVE('',#1983,#2317,#1305,.T.);
#2897=EDGE_CURVE('',#2318,#2317,#297,.T.);
#2898=EDGE_CURVE('',#1984,#2318,#1306,.T.);
#2899=EDGE_CURVE('',#2319,#2318,#298,.T.);
#2900=EDGE_CURVE('',#1985,#2319,#1307,.T.);
#2901=EDGE_CURVE('',#2315,#2319,#1308,.T.);
#2902=EDGE_CURVE('',#2117,#2320,#1309,.T.);
#2903=EDGE_CURVE('',#2321,#2320,#1310,.T.);
#2904=EDGE_CURVE('',#2118,#2321,#1311,.T.);
#2905=EDGE_CURVE('',#2322,#2321,#299,.T.);
#2906=EDGE_CURVE('',#2119,#2322,#1312,.T.);
#2907=EDGE_CURVE('',#2323,#2322,#300,.T.);
#2908=EDGE_CURVE('',#2120,#2323,#1313,.T.);
#2909=EDGE_CURVE('',#2324,#2323,#301,.T.);
#2910=EDGE_CURVE('',#2121,#2324,#1314,.T.);
#2911=EDGE_CURVE('',#2325,#2324,#302,.T.);
#2912=EDGE_CURVE('',#2122,#2325,#1315,.T.);
#2913=EDGE_CURVE('',#2326,#2325,#303,.T.);
#2914=EDGE_CURVE('',#2123,#2326,#1316,.T.);
#2915=EDGE_CURVE('',#2327,#2326,#304,.T.);
#2916=EDGE_CURVE('',#2124,#2327,#1317,.T.);
#2917=EDGE_CURVE('',#2328,#2327,#305,.T.);
#2918=EDGE_CURVE('',#2125,#2328,#1318,.T.);
#2919=EDGE_CURVE('',#2329,#2328,#306,.T.);
#2920=EDGE_CURVE('',#2126,#2329,#1319,.T.);
#2921=EDGE_CURVE('',#2330,#2329,#1320,.T.);
#2922=EDGE_CURVE('',#2127,#2330,#1321,.T.);
#2923=EDGE_CURVE('',#2331,#2330,#307,.T.);
#2924=EDGE_CURVE('',#2128,#2331,#1322,.T.);
#2925=EDGE_CURVE('',#2332,#2331,#308,.T.);
#2926=EDGE_CURVE('',#2129,#2332,#1323,.T.);
#2927=EDGE_CURVE('',#2333,#2332,#309,.T.);
#2928=EDGE_CURVE('',#2130,#2333,#1324,.T.);
#2929=EDGE_CURVE('',#2320,#2333,#310,.T.);
#2930=EDGE_CURVE('',#1986,#2334,#1325,.T.);
#2931=EDGE_CURVE('',#2335,#2334,#311,.T.);
#2932=EDGE_CURVE('',#1987,#2335,#1326,.T.);
#2933=EDGE_CURVE('',#2336,#2335,#312,.T.);
#2934=EDGE_CURVE('',#1988,#2336,#1327,.T.);
#2935=EDGE_CURVE('',#2337,#2336,#313,.T.);
#2936=EDGE_CURVE('',#1989,#2337,#1328,.T.);
#2937=EDGE_CURVE('',#2338,#2337,#314,.T.);
#2938=EDGE_CURVE('',#1990,#2338,#1329,.T.);
#2939=EDGE_CURVE('',#2339,#2338,#315,.T.);
#2940=EDGE_CURVE('',#1991,#2339,#1330,.T.);
#2941=EDGE_CURVE('',#2340,#2339,#316,.T.);
#2942=EDGE_CURVE('',#1992,#2340,#1331,.T.);
#2943=EDGE_CURVE('',#2341,#2340,#317,.T.);
#2944=EDGE_CURVE('',#1993,#2341,#1332,.T.);
#2945=EDGE_CURVE('',#2342,#2341,#318,.T.);
#2946=EDGE_CURVE('',#1994,#2342,#1333,.T.);
#2947=EDGE_CURVE('',#2334,#2342,#1334,.T.);
#2948=EDGE_CURVE('',#2131,#2343,#1335,.T.);
#2949=EDGE_CURVE('',#2344,#2343,#1336,.T.);
#2950=EDGE_CURVE('',#2132,#2344,#1337,.T.);
#2951=EDGE_CURVE('',#2345,#2344,#319,.T.);
#2952=EDGE_CURVE('',#2133,#2345,#1338,.T.);
#2953=EDGE_CURVE('',#2346,#2345,#320,.T.);
#2954=EDGE_CURVE('',#2134,#2346,#1339,.T.);
#2955=EDGE_CURVE('',#2347,#2346,#321,.T.);
#2956=EDGE_CURVE('',#2135,#2347,#1340,.T.);
#2957=EDGE_CURVE('',#2348,#2347,#322,.T.);
#2958=EDGE_CURVE('',#2136,#2348,#1341,.T.);
#2959=EDGE_CURVE('',#2349,#2348,#323,.T.);
#2960=EDGE_CURVE('',#2137,#2349,#1342,.T.);
#2961=EDGE_CURVE('',#2350,#2349,#1343,.T.);
#2962=EDGE_CURVE('',#2138,#2350,#1344,.T.);
#2963=EDGE_CURVE('',#2351,#2350,#324,.T.);
#2964=EDGE_CURVE('',#2139,#2351,#1345,.T.);
#2965=EDGE_CURVE('',#2352,#2351,#325,.T.);
#2966=EDGE_CURVE('',#2140,#2352,#1346,.T.);
#2967=EDGE_CURVE('',#2353,#2352,#1347,.T.);
#2968=EDGE_CURVE('',#2141,#2353,#1348,.T.);
#2969=EDGE_CURVE('',#2354,#2353,#326,.T.);
#2970=EDGE_CURVE('',#2142,#2354,#1349,.T.);
#2971=EDGE_CURVE('',#2355,#2354,#327,.T.);
#2972=EDGE_CURVE('',#2143,#2355,#1350,.T.);
#2973=EDGE_CURVE('',#2356,#2355,#328,.T.);
#2974=EDGE_CURVE('',#2144,#2356,#1351,.T.);
#2975=EDGE_CURVE('',#2357,#2356,#329,.T.);
#2976=EDGE_CURVE('',#2145,#2357,#1352,.T.);
#2977=EDGE_CURVE('',#2358,#2357,#330,.T.);
#2978=EDGE_CURVE('',#2146,#2358,#1353,.T.);
#2979=EDGE_CURVE('',#2359,#2358,#331,.T.);
#2980=EDGE_CURVE('',#2147,#2359,#1354,.T.);
#2981=EDGE_CURVE('',#2360,#2359,#332,.T.);
#2982=EDGE_CURVE('',#2148,#2360,#1355,.T.);
#2983=EDGE_CURVE('',#2361,#2360,#333,.T.);
#2984=EDGE_CURVE('',#2149,#2361,#1356,.T.);
#2985=EDGE_CURVE('',#2362,#2361,#334,.T.);
#2986=EDGE_CURVE('',#2150,#2362,#1357,.T.);
#2987=EDGE_CURVE('',#2363,#2362,#335,.T.);
#2988=EDGE_CURVE('',#2151,#2363,#1358,.T.);
#2989=EDGE_CURVE('',#2364,#2363,#1359,.T.);
#2990=EDGE_CURVE('',#2152,#2364,#1360,.T.);
#2991=EDGE_CURVE('',#2365,#2364,#336,.T.);
#2992=EDGE_CURVE('',#2153,#2365,#1361,.T.);
#2993=EDGE_CURVE('',#2366,#2365,#337,.T.);
#2994=EDGE_CURVE('',#2154,#2366,#1362,.T.);
#2995=EDGE_CURVE('',#2367,#2366,#338,.T.);
#2996=EDGE_CURVE('',#2155,#2367,#1363,.T.);
#2997=EDGE_CURVE('',#2343,#2367,#339,.T.);
#2998=EDGE_CURVE('',#1995,#2368,#1364,.T.);
#2999=EDGE_CURVE('',#2369,#2368,#340,.T.);
#3000=EDGE_CURVE('',#1996,#2369,#1365,.T.);
#3001=EDGE_CURVE('',#2370,#2369,#341,.T.);
#3002=EDGE_CURVE('',#1997,#2370,#1366,.T.);
#3003=EDGE_CURVE('',#2371,#2370,#342,.T.);
#3004=EDGE_CURVE('',#1998,#2371,#1367,.T.);
#3005=EDGE_CURVE('',#2372,#2371,#343,.T.);
#3006=EDGE_CURVE('',#1999,#2372,#1368,.T.);
#3007=EDGE_CURVE('',#2368,#2372,#1369,.T.);
#3008=EDGE_CURVE('',#2156,#2373,#1370,.T.);
#3009=EDGE_CURVE('',#2374,#2373,#1371,.T.);
#3010=EDGE_CURVE('',#2157,#2374,#1372,.T.);
#3011=EDGE_CURVE('',#2375,#2374,#344,.T.);
#3012=EDGE_CURVE('',#2158,#2375,#1373,.T.);
#3013=EDGE_CURVE('',#2376,#2375,#345,.T.);
#3014=EDGE_CURVE('',#2159,#2376,#1374,.T.);
#3015=EDGE_CURVE('',#2377,#2376,#346,.T.);
#3016=EDGE_CURVE('',#2160,#2377,#1375,.T.);
#3017=EDGE_CURVE('',#2378,#2377,#347,.T.);
#3018=EDGE_CURVE('',#2161,#2378,#1376,.T.);
#3019=EDGE_CURVE('',#2379,#2378,#348,.T.);
#3020=EDGE_CURVE('',#2162,#2379,#1377,.T.);
#3021=EDGE_CURVE('',#2380,#2379,#349,.T.);
#3022=EDGE_CURVE('',#2163,#2380,#1378,.T.);
#3023=EDGE_CURVE('',#2381,#2380,#350,.T.);
#3024=EDGE_CURVE('',#2164,#2381,#1379,.T.);
#3025=EDGE_CURVE('',#2382,#2381,#351,.T.);
#3026=EDGE_CURVE('',#2165,#2382,#1380,.T.);
#3027=EDGE_CURVE('',#2383,#2382,#1381,.T.);
#3028=EDGE_CURVE('',#2166,#2383,#1382,.T.);
#3029=EDGE_CURVE('',#2384,#2383,#352,.T.);
#3030=EDGE_CURVE('',#2167,#2384,#1383,.T.);
#3031=EDGE_CURVE('',#2385,#2384,#353,.T.);
#3032=EDGE_CURVE('',#2168,#2385,#1384,.T.);
#3033=EDGE_CURVE('',#2386,#2385,#354,.T.);
#3034=EDGE_CURVE('',#2169,#2386,#1385,.T.);
#3035=EDGE_CURVE('',#2373,#2386,#355,.T.);
#3036=EDGE_CURVE('',#2009,#2387,#1386,.T.);
#3037=EDGE_CURVE('',#2388,#2387,#1387,.T.);
#3038=EDGE_CURVE('',#2010,#2388,#1388,.T.);
#3039=EDGE_CURVE('',#2389,#2388,#1389,.T.);
#3040=EDGE_CURVE('',#2011,#2389,#1390,.T.);
#3041=EDGE_CURVE('',#2390,#2389,#356,.T.);
#3042=EDGE_CURVE('',#2012,#2390,#1391,.T.);
#3043=EDGE_CURVE('',#2391,#2390,#357,.T.);
#3044=EDGE_CURVE('',#2013,#2391,#1392,.T.);
#3045=EDGE_CURVE('',#2392,#2391,#358,.T.);
#3046=EDGE_CURVE('',#2014,#2392,#1393,.T.);
#3047=EDGE_CURVE('',#2393,#2392,#359,.T.);
#3048=EDGE_CURVE('',#2015,#2393,#1394,.T.);
#3049=EDGE_CURVE('',#2394,#2393,#360,.T.);
#3050=EDGE_CURVE('',#2016,#2394,#1395,.T.);
#3051=EDGE_CURVE('',#2395,#2394,#361,.T.);
#3052=EDGE_CURVE('',#2017,#2395,#1396,.T.);
#3053=EDGE_CURVE('',#2387,#2395,#1397,.T.);
#3054=EDGE_CURVE('',#2000,#2396,#1398,.T.);
#3055=EDGE_CURVE('',#2397,#2396,#1399,.T.);
#3056=EDGE_CURVE('',#2001,#2397,#1400,.T.);
#3057=EDGE_CURVE('',#2398,#2397,#1401,.T.);
#3058=EDGE_CURVE('',#2002,#2398,#1402,.T.);
#3059=EDGE_CURVE('',#2399,#2398,#362,.T.);
#3060=EDGE_CURVE('',#2003,#2399,#1403,.T.);
#3061=EDGE_CURVE('',#2400,#2399,#363,.T.);
#3062=EDGE_CURVE('',#2004,#2400,#1404,.T.);
#3063=EDGE_CURVE('',#2401,#2400,#364,.T.);
#3064=EDGE_CURVE('',#2005,#2401,#1405,.T.);
#3065=EDGE_CURVE('',#2402,#2401,#365,.T.);
#3066=EDGE_CURVE('',#2006,#2402,#1406,.T.);
#3067=EDGE_CURVE('',#2403,#2402,#366,.T.);
#3068=EDGE_CURVE('',#2007,#2403,#1407,.T.);
#3069=EDGE_CURVE('',#2404,#2403,#367,.T.);
#3070=EDGE_CURVE('',#2008,#2404,#1408,.T.);
#3071=EDGE_CURVE('',#2396,#2404,#1409,.T.);
#3072=EDGE_CURVE('',#2170,#2405,#1410,.T.);
#3073=EDGE_CURVE('',#2406,#2405,#1411,.T.);
#3074=EDGE_CURVE('',#2171,#2406,#1412,.T.);
#3075=EDGE_CURVE('',#2407,#2406,#368,.T.);
#3076=EDGE_CURVE('',#2172,#2407,#1413,.T.);
#3077=EDGE_CURVE('',#2408,#2407,#369,.T.);
#3078=EDGE_CURVE('',#2173,#2408,#1414,.T.);
#3079=EDGE_CURVE('',#2409,#2408,#370,.T.);
#3080=EDGE_CURVE('',#2174,#2409,#1415,.T.);
#3081=EDGE_CURVE('',#2410,#2409,#371,.T.);
#3082=EDGE_CURVE('',#2175,#2410,#1416,.T.);
#3083=EDGE_CURVE('',#2411,#2410,#372,.T.);
#3084=EDGE_CURVE('',#2176,#2411,#1417,.T.);
#3085=EDGE_CURVE('',#2412,#2411,#373,.T.);
#3086=EDGE_CURVE('',#2177,#2412,#1418,.T.);
#3087=EDGE_CURVE('',#2413,#2412,#374,.T.);
#3088=EDGE_CURVE('',#2178,#2413,#1419,.T.);
#3089=EDGE_CURVE('',#2414,#2413,#375,.T.);
#3090=EDGE_CURVE('',#2179,#2414,#1420,.T.);
#3091=EDGE_CURVE('',#2415,#2414,#376,.T.);
#3092=EDGE_CURVE('',#2180,#2415,#1421,.T.);
#3093=EDGE_CURVE('',#2416,#2415,#377,.T.);
#3094=EDGE_CURVE('',#2181,#2416,#1422,.T.);
#3095=EDGE_CURVE('',#2417,#2416,#378,.T.);
#3096=EDGE_CURVE('',#2182,#2417,#1423,.T.);
#3097=EDGE_CURVE('',#2418,#2417,#379,.T.);
#3098=EDGE_CURVE('',#2183,#2418,#1424,.T.);
#3099=EDGE_CURVE('',#2419,#2418,#1425,.T.);
#3100=EDGE_CURVE('',#2184,#2419,#1426,.T.);
#3101=EDGE_CURVE('',#2405,#2419,#1427,.T.);
#3102=EDGE_CURVE('',#2018,#2420,#1428,.T.);
#3103=EDGE_CURVE('',#2421,#2420,#1429,.T.);
#3104=EDGE_CURVE('',#2019,#2421,#1430,.T.);
#3105=EDGE_CURVE('',#2422,#2421,#1431,.T.);
#3106=EDGE_CURVE('',#2020,#2422,#1432,.T.);
#3107=EDGE_CURVE('',#2423,#2422,#380,.T.);
#3108=EDGE_CURVE('',#2021,#2423,#1433,.T.);
#3109=EDGE_CURVE('',#2424,#2423,#381,.T.);
#3110=EDGE_CURVE('',#2022,#2424,#1434,.T.);
#3111=EDGE_CURVE('',#2425,#2424,#382,.T.);
#3112=EDGE_CURVE('',#2023,#2425,#1435,.T.);
#3113=EDGE_CURVE('',#2426,#2425,#383,.T.);
#3114=EDGE_CURVE('',#2024,#2426,#1436,.T.);
#3115=EDGE_CURVE('',#2427,#2426,#384,.T.);
#3116=EDGE_CURVE('',#2025,#2427,#1437,.T.);
#3117=EDGE_CURVE('',#2428,#2427,#385,.T.);
#3118=EDGE_CURVE('',#2026,#2428,#1438,.T.);
#3119=EDGE_CURVE('',#2420,#2428,#1439,.T.);
#3120=EDGE_CURVE('',#2185,#2429,#1440,.T.);
#3121=EDGE_CURVE('',#2430,#2429,#1441,.T.);
#3122=EDGE_CURVE('',#2186,#2430,#1442,.T.);
#3123=EDGE_CURVE('',#2431,#2430,#1443,.T.);
#3124=EDGE_CURVE('',#2187,#2431,#1444,.T.);
#3125=EDGE_CURVE('',#2432,#2431,#386,.T.);
#3126=EDGE_CURVE('',#2188,#2432,#1445,.T.);
#3127=EDGE_CURVE('',#2433,#2432,#387,.T.);
#3128=EDGE_CURVE('',#2189,#2433,#1446,.T.);
#3129=EDGE_CURVE('',#2434,#2433,#388,.T.);
#3130=EDGE_CURVE('',#2190,#2434,#1447,.T.);
#3131=EDGE_CURVE('',#2435,#2434,#389,.T.);
#3132=EDGE_CURVE('',#2191,#2435,#1448,.T.);
#3133=EDGE_CURVE('',#2436,#2435,#390,.T.);
#3134=EDGE_CURVE('',#2192,#2436,#1449,.T.);
#3135=EDGE_CURVE('',#2437,#2436,#391,.T.);
#3136=EDGE_CURVE('',#2193,#2437,#1450,.T.);
#3137=EDGE_CURVE('',#2438,#2437,#392,.T.);
#3138=EDGE_CURVE('',#2194,#2438,#1451,.T.);
#3139=EDGE_CURVE('',#2439,#2438,#1452,.T.);
#3140=EDGE_CURVE('',#2195,#2439,#1453,.T.);
#3141=EDGE_CURVE('',#2440,#2439,#1454,.T.);
#3142=EDGE_CURVE('',#2196,#2440,#1455,.T.);
#3143=EDGE_CURVE('',#2429,#2440,#1456,.T.);
#3144=EDGE_CURVE('',#2027,#2441,#1457,.T.);
#3145=EDGE_CURVE('',#2442,#2441,#393,.T.);
#3146=EDGE_CURVE('',#2028,#2442,#1458,.T.);
#3147=EDGE_CURVE('',#2443,#2442,#394,.T.);
#3148=EDGE_CURVE('',#2029,#2443,#1459,.T.);
#3149=EDGE_CURVE('',#2444,#2443,#395,.T.);
#3150=EDGE_CURVE('',#2030,#2444,#1460,.T.);
#3151=EDGE_CURVE('',#2445,#2444,#396,.T.);
#3152=EDGE_CURVE('',#2031,#2445,#1461,.T.);
#3153=EDGE_CURVE('',#2446,#2445,#397,.T.);
#3154=EDGE_CURVE('',#2032,#2446,#1462,.T.);
#3155=EDGE_CURVE('',#2447,#2446,#398,.T.);
#3156=EDGE_CURVE('',#2033,#2447,#1463,.T.);
#3157=EDGE_CURVE('',#2448,#2447,#399,.T.);
#3158=EDGE_CURVE('',#2034,#2448,#1464,.T.);
#3159=EDGE_CURVE('',#2441,#2448,#400,.T.);
#3160=EDGE_CURVE('',#2197,#2449,#1465,.T.);
#3161=EDGE_CURVE('',#2450,#2449,#1466,.T.);
#3162=EDGE_CURVE('',#2198,#2450,#1467,.T.);
#3163=EDGE_CURVE('',#2451,#2450,#1468,.T.);
#3164=EDGE_CURVE('',#2199,#2451,#1469,.T.);
#3165=EDGE_CURVE('',#2452,#2451,#401,.T.);
#3166=EDGE_CURVE('',#2200,#2452,#1470,.T.);
#3167=EDGE_CURVE('',#2453,#2452,#402,.T.);
#3168=EDGE_CURVE('',#2201,#2453,#1471,.T.);
#3169=EDGE_CURVE('',#2454,#2453,#403,.T.);
#3170=EDGE_CURVE('',#2202,#2454,#1472,.T.);
#3171=EDGE_CURVE('',#2455,#2454,#404,.T.);
#3172=EDGE_CURVE('',#2203,#2455,#1473,.T.);
#3173=EDGE_CURVE('',#2456,#2455,#405,.T.);
#3174=EDGE_CURVE('',#2204,#2456,#1474,.T.);
#3175=EDGE_CURVE('',#2457,#2456,#406,.T.);
#3176=EDGE_CURVE('',#2205,#2457,#1475,.T.);
#3177=EDGE_CURVE('',#2458,#2457,#407,.T.);
#3178=EDGE_CURVE('',#2206,#2458,#1476,.T.);
#3179=EDGE_CURVE('',#2459,#2458,#1477,.T.);
#3180=EDGE_CURVE('',#2207,#2459,#1478,.T.);
#3181=EDGE_CURVE('',#2460,#2459,#1479,.T.);
#3182=EDGE_CURVE('',#2208,#2460,#1480,.T.);
#3183=EDGE_CURVE('',#2449,#2460,#1481,.T.);
#3184=ORIENTED_EDGE('',*,*,#2461,.F.);
#3185=ORIENTED_EDGE('',*,*,#2462,.T.);
#3186=ORIENTED_EDGE('',*,*,#2463,.F.);
#3187=ORIENTED_EDGE('',*,*,#2462,.F.);
#3188=ORIENTED_EDGE('',*,*,#2464,.T.);
#3189=ORIENTED_EDGE('',*,*,#2465,.T.);
#3190=ORIENTED_EDGE('',*,*,#2466,.T.);
#3191=ORIENTED_EDGE('',*,*,#2467,.T.);
#3192=ORIENTED_EDGE('',*,*,#2468,.T.);
#3193=ORIENTED_EDGE('',*,*,#2469,.T.);
#3194=ORIENTED_EDGE('',*,*,#2470,.T.);
#3195=ORIENTED_EDGE('',*,*,#2471,.T.);
#3196=ORIENTED_EDGE('',*,*,#2472,.T.);
#3197=ORIENTED_EDGE('',*,*,#2473,.T.);
#3198=ORIENTED_EDGE('',*,*,#2474,.T.);
#3199=ORIENTED_EDGE('',*,*,#2475,.T.);
#3200=ORIENTED_EDGE('',*,*,#2476,.T.);
#3201=ORIENTED_EDGE('',*,*,#2477,.T.);
#3202=ORIENTED_EDGE('',*,*,#2478,.T.);
#3203=ORIENTED_EDGE('',*,*,#2479,.T.);
#3204=ORIENTED_EDGE('',*,*,#2480,.T.);
#3205=ORIENTED_EDGE('',*,*,#2481,.T.);
#3206=ORIENTED_EDGE('',*,*,#2482,.T.);
#3207=ORIENTED_EDGE('',*,*,#2483,.T.);
#3208=ORIENTED_EDGE('',*,*,#2484,.T.);
#3209=ORIENTED_EDGE('',*,*,#2485,.T.);
#3210=ORIENTED_EDGE('',*,*,#2486,.T.);
#3211=ORIENTED_EDGE('',*,*,#2487,.T.);
#3212=ORIENTED_EDGE('',*,*,#2488,.T.);
#3213=ORIENTED_EDGE('',*,*,#2489,.T.);
#3214=ORIENTED_EDGE('',*,*,#2490,.T.);
#3215=ORIENTED_EDGE('',*,*,#2491,.T.);
#3216=ORIENTED_EDGE('',*,*,#2492,.T.);
#3217=ORIENTED_EDGE('',*,*,#2493,.T.);
#3218=ORIENTED_EDGE('',*,*,#2494,.T.);
#3219=ORIENTED_EDGE('',*,*,#2495,.T.);
#3220=ORIENTED_EDGE('',*,*,#2496,.T.);
#3221=ORIENTED_EDGE('',*,*,#2497,.T.);
#3222=ORIENTED_EDGE('',*,*,#2498,.T.);
#3223=ORIENTED_EDGE('',*,*,#2499,.T.);
#3224=ORIENTED_EDGE('',*,*,#2500,.T.);
#3225=ORIENTED_EDGE('',*,*,#2501,.T.);
#3226=ORIENTED_EDGE('',*,*,#2502,.T.);
#3227=ORIENTED_EDGE('',*,*,#2503,.T.);
#3228=ORIENTED_EDGE('',*,*,#2504,.T.);
#3229=ORIENTED_EDGE('',*,*,#2505,.T.);
#3230=ORIENTED_EDGE('',*,*,#2506,.T.);
#3231=ORIENTED_EDGE('',*,*,#2507,.T.);
#3232=ORIENTED_EDGE('',*,*,#2508,.T.);
#3233=ORIENTED_EDGE('',*,*,#2509,.T.);
#3234=ORIENTED_EDGE('',*,*,#2510,.T.);
#3235=ORIENTED_EDGE('',*,*,#2511,.T.);
#3236=ORIENTED_EDGE('',*,*,#2512,.T.);
#3237=ORIENTED_EDGE('',*,*,#2513,.T.);
#3238=ORIENTED_EDGE('',*,*,#2514,.T.);
#3239=ORIENTED_EDGE('',*,*,#2515,.T.);
#3240=ORIENTED_EDGE('',*,*,#2516,.T.);
#3241=ORIENTED_EDGE('',*,*,#2517,.T.);
#3242=ORIENTED_EDGE('',*,*,#2518,.F.);
#3243=ORIENTED_EDGE('',*,*,#2519,.F.);
#3244=ORIENTED_EDGE('',*,*,#2520,.F.);
#3245=ORIENTED_EDGE('',*,*,#2521,.F.);
#3246=ORIENTED_EDGE('',*,*,#2522,.F.);
#3247=ORIENTED_EDGE('',*,*,#2523,.F.);
#3248=ORIENTED_EDGE('',*,*,#2524,.T.);
#3249=ORIENTED_EDGE('',*,*,#2525,.T.);
#3250=ORIENTED_EDGE('',*,*,#2526,.T.);
#3251=ORIENTED_EDGE('',*,*,#2527,.T.);
#3252=ORIENTED_EDGE('',*,*,#2528,.T.);
#3253=ORIENTED_EDGE('',*,*,#2529,.T.);
#3254=ORIENTED_EDGE('',*,*,#2530,.T.);
#3255=ORIENTED_EDGE('',*,*,#2531,.T.);
#3256=ORIENTED_EDGE('',*,*,#2532,.T.);
#3257=ORIENTED_EDGE('',*,*,#2533,.T.);
#3258=ORIENTED_EDGE('',*,*,#2534,.T.);
#3259=ORIENTED_EDGE('',*,*,#2535,.T.);
#3260=ORIENTED_EDGE('',*,*,#2536,.T.);
#3261=ORIENTED_EDGE('',*,*,#2537,.T.);
#3262=ORIENTED_EDGE('',*,*,#2538,.T.);
#3263=ORIENTED_EDGE('',*,*,#2539,.T.);
#3264=ORIENTED_EDGE('',*,*,#2540,.T.);
#3265=ORIENTED_EDGE('',*,*,#2541,.T.);
#3266=ORIENTED_EDGE('',*,*,#2542,.T.);
#3267=ORIENTED_EDGE('',*,*,#2543,.T.);
#3268=ORIENTED_EDGE('',*,*,#2544,.T.);
#3269=ORIENTED_EDGE('',*,*,#2545,.T.);
#3270=ORIENTED_EDGE('',*,*,#2546,.T.);
#3271=ORIENTED_EDGE('',*,*,#2547,.T.);
#3272=ORIENTED_EDGE('',*,*,#2548,.T.);
#3273=ORIENTED_EDGE('',*,*,#2549,.T.);
#3274=ORIENTED_EDGE('',*,*,#2550,.T.);
#3275=ORIENTED_EDGE('',*,*,#2551,.T.);
#3276=ORIENTED_EDGE('',*,*,#2552,.T.);
#3277=ORIENTED_EDGE('',*,*,#2553,.T.);
#3278=ORIENTED_EDGE('',*,*,#2554,.T.);
#3279=ORIENTED_EDGE('',*,*,#2555,.T.);
#3280=ORIENTED_EDGE('',*,*,#2556,.T.);
#3281=ORIENTED_EDGE('',*,*,#2557,.T.);
#3282=ORIENTED_EDGE('',*,*,#2558,.T.);
#3283=ORIENTED_EDGE('',*,*,#2559,.T.);
#3284=ORIENTED_EDGE('',*,*,#2560,.T.);
#3285=ORIENTED_EDGE('',*,*,#2561,.T.);
#3286=ORIENTED_EDGE('',*,*,#2562,.T.);
#3287=ORIENTED_EDGE('',*,*,#2563,.T.);
#3288=ORIENTED_EDGE('',*,*,#2564,.T.);
#3289=ORIENTED_EDGE('',*,*,#2565,.T.);
#3290=ORIENTED_EDGE('',*,*,#2566,.T.);
#3291=ORIENTED_EDGE('',*,*,#2567,.T.);
#3292=ORIENTED_EDGE('',*,*,#2568,.T.);
#3293=ORIENTED_EDGE('',*,*,#2569,.T.);
#3294=ORIENTED_EDGE('',*,*,#2570,.T.);
#3295=ORIENTED_EDGE('',*,*,#2571,.T.);
#3296=ORIENTED_EDGE('',*,*,#2572,.T.);
#3297=ORIENTED_EDGE('',*,*,#2573,.T.);
#3298=ORIENTED_EDGE('',*,*,#2574,.T.);
#3299=ORIENTED_EDGE('',*,*,#2575,.T.);
#3300=ORIENTED_EDGE('',*,*,#2576,.T.);
#3301=ORIENTED_EDGE('',*,*,#2577,.T.);
#3302=ORIENTED_EDGE('',*,*,#2578,.T.);
#3303=ORIENTED_EDGE('',*,*,#2579,.T.);
#3304=ORIENTED_EDGE('',*,*,#2580,.T.);
#3305=ORIENTED_EDGE('',*,*,#2581,.T.);
#3306=ORIENTED_EDGE('',*,*,#2582,.T.);
#3307=ORIENTED_EDGE('',*,*,#2583,.T.);
#3308=ORIENTED_EDGE('',*,*,#2584,.T.);
#3309=ORIENTED_EDGE('',*,*,#2585,.T.);
#3310=ORIENTED_EDGE('',*,*,#2586,.T.);
#3311=ORIENTED_EDGE('',*,*,#2587,.T.);
#3312=ORIENTED_EDGE('',*,*,#2588,.T.);
#3313=ORIENTED_EDGE('',*,*,#2589,.T.);
#3314=ORIENTED_EDGE('',*,*,#2590,.T.);
#3315=ORIENTED_EDGE('',*,*,#2591,.T.);
#3316=ORIENTED_EDGE('',*,*,#2592,.T.);
#3317=ORIENTED_EDGE('',*,*,#2593,.T.);
#3318=ORIENTED_EDGE('',*,*,#2594,.T.);
#3319=ORIENTED_EDGE('',*,*,#2595,.T.);
#3320=ORIENTED_EDGE('',*,*,#2596,.T.);
#3321=ORIENTED_EDGE('',*,*,#2597,.T.);
#3322=ORIENTED_EDGE('',*,*,#2598,.T.);
#3323=ORIENTED_EDGE('',*,*,#2599,.T.);
#3324=ORIENTED_EDGE('',*,*,#2600,.T.);
#3325=ORIENTED_EDGE('',*,*,#2601,.T.);
#3326=ORIENTED_EDGE('',*,*,#2602,.T.);
#3327=ORIENTED_EDGE('',*,*,#2603,.T.);
#3328=ORIENTED_EDGE('',*,*,#2604,.T.);
#3329=ORIENTED_EDGE('',*,*,#2605,.T.);
#3330=ORIENTED_EDGE('',*,*,#2606,.T.);
#3331=ORIENTED_EDGE('',*,*,#2607,.T.);
#3332=ORIENTED_EDGE('',*,*,#2608,.T.);
#3333=ORIENTED_EDGE('',*,*,#2609,.T.);
#3334=ORIENTED_EDGE('',*,*,#2610,.T.);
#3335=ORIENTED_EDGE('',*,*,#2611,.T.);
#3336=ORIENTED_EDGE('',*,*,#2612,.T.);
#3337=ORIENTED_EDGE('',*,*,#2613,.T.);
#3338=ORIENTED_EDGE('',*,*,#2614,.T.);
#3339=ORIENTED_EDGE('',*,*,#2615,.T.);
#3340=ORIENTED_EDGE('',*,*,#2616,.T.);
#3341=ORIENTED_EDGE('',*,*,#2617,.T.);
#3342=ORIENTED_EDGE('',*,*,#2618,.T.);
#3343=ORIENTED_EDGE('',*,*,#2619,.T.);
#3344=ORIENTED_EDGE('',*,*,#2620,.T.);
#3345=ORIENTED_EDGE('',*,*,#2621,.T.);
#3346=ORIENTED_EDGE('',*,*,#2622,.T.);
#3347=ORIENTED_EDGE('',*,*,#2623,.T.);
#3348=ORIENTED_EDGE('',*,*,#2624,.T.);
#3349=ORIENTED_EDGE('',*,*,#2625,.T.);
#3350=ORIENTED_EDGE('',*,*,#2626,.T.);
#3351=ORIENTED_EDGE('',*,*,#2627,.T.);
#3352=ORIENTED_EDGE('',*,*,#2628,.T.);
#3353=ORIENTED_EDGE('',*,*,#2629,.T.);
#3354=ORIENTED_EDGE('',*,*,#2630,.T.);
#3355=ORIENTED_EDGE('',*,*,#2631,.T.);
#3356=ORIENTED_EDGE('',*,*,#2632,.T.);
#3357=ORIENTED_EDGE('',*,*,#2633,.T.);
#3358=ORIENTED_EDGE('',*,*,#2634,.T.);
#3359=ORIENTED_EDGE('',*,*,#2635,.T.);
#3360=ORIENTED_EDGE('',*,*,#2636,.T.);
#3361=ORIENTED_EDGE('',*,*,#2637,.T.);
#3362=ORIENTED_EDGE('',*,*,#2638,.T.);
#3363=ORIENTED_EDGE('',*,*,#2639,.T.);
#3364=ORIENTED_EDGE('',*,*,#2640,.T.);
#3365=ORIENTED_EDGE('',*,*,#2641,.T.);
#3366=ORIENTED_EDGE('',*,*,#2642,.T.);
#3367=ORIENTED_EDGE('',*,*,#2643,.T.);
#3368=ORIENTED_EDGE('',*,*,#2644,.T.);
#3369=ORIENTED_EDGE('',*,*,#2645,.T.);
#3370=ORIENTED_EDGE('',*,*,#2646,.T.);
#3371=ORIENTED_EDGE('',*,*,#2647,.T.);
#3372=ORIENTED_EDGE('',*,*,#2648,.T.);
#3373=ORIENTED_EDGE('',*,*,#2649,.T.);
#3374=ORIENTED_EDGE('',*,*,#2650,.T.);
#3375=ORIENTED_EDGE('',*,*,#2651,.T.);
#3376=ORIENTED_EDGE('',*,*,#2652,.T.);
#3377=ORIENTED_EDGE('',*,*,#2653,.T.);
#3378=ORIENTED_EDGE('',*,*,#2654,.T.);
#3379=ORIENTED_EDGE('',*,*,#2655,.T.);
#3380=ORIENTED_EDGE('',*,*,#2656,.T.);
#3381=ORIENTED_EDGE('',*,*,#2657,.T.);
#3382=ORIENTED_EDGE('',*,*,#2658,.T.);
#3383=ORIENTED_EDGE('',*,*,#2659,.T.);
#3384=ORIENTED_EDGE('',*,*,#2660,.T.);
#3385=ORIENTED_EDGE('',*,*,#2661,.T.);
#3386=ORIENTED_EDGE('',*,*,#2662,.T.);
#3387=ORIENTED_EDGE('',*,*,#2663,.T.);
#3388=ORIENTED_EDGE('',*,*,#2664,.T.);
#3389=ORIENTED_EDGE('',*,*,#2665,.T.);
#3390=ORIENTED_EDGE('',*,*,#2666,.T.);
#3391=ORIENTED_EDGE('',*,*,#2667,.T.);
#3392=ORIENTED_EDGE('',*,*,#2668,.T.);
#3393=ORIENTED_EDGE('',*,*,#2669,.T.);
#3394=ORIENTED_EDGE('',*,*,#2670,.T.);
#3395=ORIENTED_EDGE('',*,*,#2671,.T.);
#3396=ORIENTED_EDGE('',*,*,#2672,.T.);
#3397=ORIENTED_EDGE('',*,*,#2673,.T.);
#3398=ORIENTED_EDGE('',*,*,#2674,.T.);
#3399=ORIENTED_EDGE('',*,*,#2675,.T.);
#3400=ORIENTED_EDGE('',*,*,#2676,.T.);
#3401=ORIENTED_EDGE('',*,*,#2677,.T.);
#3402=ORIENTED_EDGE('',*,*,#2678,.T.);
#3403=ORIENTED_EDGE('',*,*,#2679,.T.);
#3404=ORIENTED_EDGE('',*,*,#2680,.T.);
#3405=ORIENTED_EDGE('',*,*,#2681,.T.);
#3406=ORIENTED_EDGE('',*,*,#2682,.T.);
#3407=ORIENTED_EDGE('',*,*,#2683,.T.);
#3408=ORIENTED_EDGE('',*,*,#2684,.T.);
#3409=ORIENTED_EDGE('',*,*,#2685,.T.);
#3410=ORIENTED_EDGE('',*,*,#2686,.T.);
#3411=ORIENTED_EDGE('',*,*,#2687,.T.);
#3412=ORIENTED_EDGE('',*,*,#2688,.T.);
#3413=ORIENTED_EDGE('',*,*,#2689,.T.);
#3414=ORIENTED_EDGE('',*,*,#2690,.T.);
#3415=ORIENTED_EDGE('',*,*,#2691,.T.);
#3416=ORIENTED_EDGE('',*,*,#2461,.T.);
#3417=ORIENTED_EDGE('',*,*,#2692,.F.);
#3418=ORIENTED_EDGE('',*,*,#2693,.F.);
#3419=ORIENTED_EDGE('',*,*,#2598,.F.);
#3420=ORIENTED_EDGE('',*,*,#2694,.T.);
#3421=ORIENTED_EDGE('',*,*,#2695,.F.);
#3422=ORIENTED_EDGE('',*,*,#2694,.F.);
#3423=ORIENTED_EDGE('',*,*,#2597,.F.);
#3424=ORIENTED_EDGE('',*,*,#2696,.T.);
#3425=ORIENTED_EDGE('',*,*,#2697,.F.);
#3426=ORIENTED_EDGE('',*,*,#2696,.F.);
#3427=ORIENTED_EDGE('',*,*,#2596,.F.);
#3428=ORIENTED_EDGE('',*,*,#2698,.T.);
#3429=ORIENTED_EDGE('',*,*,#2699,.F.);
#3430=ORIENTED_EDGE('',*,*,#2698,.F.);
#3431=ORIENTED_EDGE('',*,*,#2599,.F.);
#3432=ORIENTED_EDGE('',*,*,#2693,.T.);
#3433=ORIENTED_EDGE('',*,*,#2700,.F.);
#3434=ORIENTED_EDGE('',*,*,#2701,.F.);
#3435=ORIENTED_EDGE('',*,*,#2528,.F.);
#3436=ORIENTED_EDGE('',*,*,#2702,.T.);
#3437=ORIENTED_EDGE('',*,*,#2703,.F.);
#3438=ORIENTED_EDGE('',*,*,#2702,.F.);
#3439=ORIENTED_EDGE('',*,*,#2527,.F.);
#3440=ORIENTED_EDGE('',*,*,#2704,.T.);
#3441=ORIENTED_EDGE('',*,*,#2705,.F.);
#3442=ORIENTED_EDGE('',*,*,#2704,.F.);
#3443=ORIENTED_EDGE('',*,*,#2526,.F.);
#3444=ORIENTED_EDGE('',*,*,#2706,.T.);
#3445=ORIENTED_EDGE('',*,*,#2707,.F.);
#3446=ORIENTED_EDGE('',*,*,#2706,.F.);
#3447=ORIENTED_EDGE('',*,*,#2525,.F.);
#3448=ORIENTED_EDGE('',*,*,#2708,.T.);
#3449=ORIENTED_EDGE('',*,*,#2709,.F.);
#3450=ORIENTED_EDGE('',*,*,#2708,.F.);
#3451=ORIENTED_EDGE('',*,*,#2524,.F.);
#3452=ORIENTED_EDGE('',*,*,#2710,.T.);
#3453=ORIENTED_EDGE('',*,*,#2711,.F.);
#3454=ORIENTED_EDGE('',*,*,#2710,.F.);
#3455=ORIENTED_EDGE('',*,*,#2531,.F.);
#3456=ORIENTED_EDGE('',*,*,#2712,.T.);
#3457=ORIENTED_EDGE('',*,*,#2713,.F.);
#3458=ORIENTED_EDGE('',*,*,#2712,.F.);
#3459=ORIENTED_EDGE('',*,*,#2530,.F.);
#3460=ORIENTED_EDGE('',*,*,#2714,.T.);
#3461=ORIENTED_EDGE('',*,*,#2715,.F.);
#3462=ORIENTED_EDGE('',*,*,#2714,.F.);
#3463=ORIENTED_EDGE('',*,*,#2529,.F.);
#3464=ORIENTED_EDGE('',*,*,#2701,.T.);
#3465=ORIENTED_EDGE('',*,*,#2716,.F.);
#3466=ORIENTED_EDGE('',*,*,#2717,.F.);
#3467=ORIENTED_EDGE('',*,*,#2536,.F.);
#3468=ORIENTED_EDGE('',*,*,#2718,.T.);
#3469=ORIENTED_EDGE('',*,*,#2719,.F.);
#3470=ORIENTED_EDGE('',*,*,#2718,.F.);
#3471=ORIENTED_EDGE('',*,*,#2535,.F.);
#3472=ORIENTED_EDGE('',*,*,#2720,.T.);
#3473=ORIENTED_EDGE('',*,*,#2721,.F.);
#3474=ORIENTED_EDGE('',*,*,#2720,.F.);
#3475=ORIENTED_EDGE('',*,*,#2534,.F.);
#3476=ORIENTED_EDGE('',*,*,#2722,.T.);
#3477=ORIENTED_EDGE('',*,*,#2723,.F.);
#3478=ORIENTED_EDGE('',*,*,#2722,.F.);
#3479=ORIENTED_EDGE('',*,*,#2533,.F.);
#3480=ORIENTED_EDGE('',*,*,#2724,.T.);
#3481=ORIENTED_EDGE('',*,*,#2725,.F.);
#3482=ORIENTED_EDGE('',*,*,#2724,.F.);
#3483=ORIENTED_EDGE('',*,*,#2532,.F.);
#3484=ORIENTED_EDGE('',*,*,#2726,.T.);
#3485=ORIENTED_EDGE('',*,*,#2727,.F.);
#3486=ORIENTED_EDGE('',*,*,#2726,.F.);
#3487=ORIENTED_EDGE('',*,*,#2539,.F.);
#3488=ORIENTED_EDGE('',*,*,#2728,.T.);
#3489=ORIENTED_EDGE('',*,*,#2729,.F.);
#3490=ORIENTED_EDGE('',*,*,#2728,.F.);
#3491=ORIENTED_EDGE('',*,*,#2538,.F.);
#3492=ORIENTED_EDGE('',*,*,#2730,.T.);
#3493=ORIENTED_EDGE('',*,*,#2731,.F.);
#3494=ORIENTED_EDGE('',*,*,#2730,.F.);
#3495=ORIENTED_EDGE('',*,*,#2537,.F.);
#3496=ORIENTED_EDGE('',*,*,#2717,.T.);
#3497=ORIENTED_EDGE('',*,*,#2732,.F.);
#3498=ORIENTED_EDGE('',*,*,#2733,.F.);
#3499=ORIENTED_EDGE('',*,*,#2544,.F.);
#3500=ORIENTED_EDGE('',*,*,#2734,.T.);
#3501=ORIENTED_EDGE('',*,*,#2735,.F.);
#3502=ORIENTED_EDGE('',*,*,#2734,.F.);
#3503=ORIENTED_EDGE('',*,*,#2543,.F.);
#3504=ORIENTED_EDGE('',*,*,#2736,.T.);
#3505=ORIENTED_EDGE('',*,*,#2737,.F.);
#3506=ORIENTED_EDGE('',*,*,#2736,.F.);
#3507=ORIENTED_EDGE('',*,*,#2542,.F.);
#3508=ORIENTED_EDGE('',*,*,#2738,.T.);
#3509=ORIENTED_EDGE('',*,*,#2739,.F.);
#3510=ORIENTED_EDGE('',*,*,#2738,.F.);
#3511=ORIENTED_EDGE('',*,*,#2541,.F.);
#3512=ORIENTED_EDGE('',*,*,#2740,.T.);
#3513=ORIENTED_EDGE('',*,*,#2741,.F.);
#3514=ORIENTED_EDGE('',*,*,#2740,.F.);
#3515=ORIENTED_EDGE('',*,*,#2540,.F.);
#3516=ORIENTED_EDGE('',*,*,#2742,.T.);
#3517=ORIENTED_EDGE('',*,*,#2743,.F.);
#3518=ORIENTED_EDGE('',*,*,#2742,.F.);
#3519=ORIENTED_EDGE('',*,*,#2547,.F.);
#3520=ORIENTED_EDGE('',*,*,#2744,.T.);
#3521=ORIENTED_EDGE('',*,*,#2745,.F.);
#3522=ORIENTED_EDGE('',*,*,#2744,.F.);
#3523=ORIENTED_EDGE('',*,*,#2546,.F.);
#3524=ORIENTED_EDGE('',*,*,#2746,.T.);
#3525=ORIENTED_EDGE('',*,*,#2747,.F.);
#3526=ORIENTED_EDGE('',*,*,#2746,.F.);
#3527=ORIENTED_EDGE('',*,*,#2545,.F.);
#3528=ORIENTED_EDGE('',*,*,#2733,.T.);
#3529=ORIENTED_EDGE('',*,*,#2748,.F.);
#3530=ORIENTED_EDGE('',*,*,#2749,.F.);
#3531=ORIENTED_EDGE('',*,*,#2552,.F.);
#3532=ORIENTED_EDGE('',*,*,#2750,.T.);
#3533=ORIENTED_EDGE('',*,*,#2751,.F.);
#3534=ORIENTED_EDGE('',*,*,#2750,.F.);
#3535=ORIENTED_EDGE('',*,*,#2551,.F.);
#3536=ORIENTED_EDGE('',*,*,#2752,.T.);
#3537=ORIENTED_EDGE('',*,*,#2753,.F.);
#3538=ORIENTED_EDGE('',*,*,#2752,.F.);
#3539=ORIENTED_EDGE('',*,*,#2550,.F.);
#3540=ORIENTED_EDGE('',*,*,#2754,.T.);
#3541=ORIENTED_EDGE('',*,*,#2755,.F.);
#3542=ORIENTED_EDGE('',*,*,#2754,.F.);
#3543=ORIENTED_EDGE('',*,*,#2549,.F.);
#3544=ORIENTED_EDGE('',*,*,#2756,.T.);
#3545=ORIENTED_EDGE('',*,*,#2757,.F.);
#3546=ORIENTED_EDGE('',*,*,#2756,.F.);
#3547=ORIENTED_EDGE('',*,*,#2548,.F.);
#3548=ORIENTED_EDGE('',*,*,#2758,.T.);
#3549=ORIENTED_EDGE('',*,*,#2759,.F.);
#3550=ORIENTED_EDGE('',*,*,#2758,.F.);
#3551=ORIENTED_EDGE('',*,*,#2555,.F.);
#3552=ORIENTED_EDGE('',*,*,#2760,.T.);
#3553=ORIENTED_EDGE('',*,*,#2761,.F.);
#3554=ORIENTED_EDGE('',*,*,#2760,.F.);
#3555=ORIENTED_EDGE('',*,*,#2554,.F.);
#3556=ORIENTED_EDGE('',*,*,#2762,.T.);
#3557=ORIENTED_EDGE('',*,*,#2763,.F.);
#3558=ORIENTED_EDGE('',*,*,#2762,.F.);
#3559=ORIENTED_EDGE('',*,*,#2553,.F.);
#3560=ORIENTED_EDGE('',*,*,#2749,.T.);
#3561=ORIENTED_EDGE('',*,*,#2764,.F.);
#3562=ORIENTED_EDGE('',*,*,#2765,.F.);
#3563=ORIENTED_EDGE('',*,*,#2560,.F.);
#3564=ORIENTED_EDGE('',*,*,#2766,.T.);
#3565=ORIENTED_EDGE('',*,*,#2767,.F.);
#3566=ORIENTED_EDGE('',*,*,#2766,.F.);
#3567=ORIENTED_EDGE('',*,*,#2559,.F.);
#3568=ORIENTED_EDGE('',*,*,#2768,.T.);
#3569=ORIENTED_EDGE('',*,*,#2769,.F.);
#3570=ORIENTED_EDGE('',*,*,#2768,.F.);
#3571=ORIENTED_EDGE('',*,*,#2558,.F.);
#3572=ORIENTED_EDGE('',*,*,#2770,.T.);
#3573=ORIENTED_EDGE('',*,*,#2771,.F.);
#3574=ORIENTED_EDGE('',*,*,#2770,.F.);
#3575=ORIENTED_EDGE('',*,*,#2557,.F.);
#3576=ORIENTED_EDGE('',*,*,#2772,.T.);
#3577=ORIENTED_EDGE('',*,*,#2773,.F.);
#3578=ORIENTED_EDGE('',*,*,#2772,.F.);
#3579=ORIENTED_EDGE('',*,*,#2556,.F.);
#3580=ORIENTED_EDGE('',*,*,#2774,.T.);
#3581=ORIENTED_EDGE('',*,*,#2775,.F.);
#3582=ORIENTED_EDGE('',*,*,#2774,.F.);
#3583=ORIENTED_EDGE('',*,*,#2563,.F.);
#3584=ORIENTED_EDGE('',*,*,#2776,.T.);
#3585=ORIENTED_EDGE('',*,*,#2777,.F.);
#3586=ORIENTED_EDGE('',*,*,#2776,.F.);
#3587=ORIENTED_EDGE('',*,*,#2562,.F.);
#3588=ORIENTED_EDGE('',*,*,#2778,.T.);
#3589=ORIENTED_EDGE('',*,*,#2779,.F.);
#3590=ORIENTED_EDGE('',*,*,#2778,.F.);
#3591=ORIENTED_EDGE('',*,*,#2561,.F.);
#3592=ORIENTED_EDGE('',*,*,#2765,.T.);
#3593=ORIENTED_EDGE('',*,*,#2780,.F.);
#3594=ORIENTED_EDGE('',*,*,#2781,.F.);
#3595=ORIENTED_EDGE('',*,*,#2568,.F.);
#3596=ORIENTED_EDGE('',*,*,#2782,.T.);
#3597=ORIENTED_EDGE('',*,*,#2783,.F.);
#3598=ORIENTED_EDGE('',*,*,#2782,.F.);
#3599=ORIENTED_EDGE('',*,*,#2567,.F.);
#3600=ORIENTED_EDGE('',*,*,#2784,.T.);
#3601=ORIENTED_EDGE('',*,*,#2785,.F.);
#3602=ORIENTED_EDGE('',*,*,#2784,.F.);
#3603=ORIENTED_EDGE('',*,*,#2566,.F.);
#3604=ORIENTED_EDGE('',*,*,#2786,.T.);
#3605=ORIENTED_EDGE('',*,*,#2787,.F.);
#3606=ORIENTED_EDGE('',*,*,#2786,.F.);
#3607=ORIENTED_EDGE('',*,*,#2565,.F.);
#3608=ORIENTED_EDGE('',*,*,#2788,.T.);
#3609=ORIENTED_EDGE('',*,*,#2789,.F.);
#3610=ORIENTED_EDGE('',*,*,#2788,.F.);
#3611=ORIENTED_EDGE('',*,*,#2564,.F.);
#3612=ORIENTED_EDGE('',*,*,#2790,.T.);
#3613=ORIENTED_EDGE('',*,*,#2791,.F.);
#3614=ORIENTED_EDGE('',*,*,#2790,.F.);
#3615=ORIENTED_EDGE('',*,*,#2571,.F.);
#3616=ORIENTED_EDGE('',*,*,#2792,.T.);
#3617=ORIENTED_EDGE('',*,*,#2793,.F.);
#3618=ORIENTED_EDGE('',*,*,#2792,.F.);
#3619=ORIENTED_EDGE('',*,*,#2570,.F.);
#3620=ORIENTED_EDGE('',*,*,#2794,.T.);
#3621=ORIENTED_EDGE('',*,*,#2795,.F.);
#3622=ORIENTED_EDGE('',*,*,#2794,.F.);
#3623=ORIENTED_EDGE('',*,*,#2569,.F.);
#3624=ORIENTED_EDGE('',*,*,#2781,.T.);
#3625=ORIENTED_EDGE('',*,*,#2796,.F.);
#3626=ORIENTED_EDGE('',*,*,#2797,.F.);
#3627=ORIENTED_EDGE('',*,*,#2576,.F.);
#3628=ORIENTED_EDGE('',*,*,#2798,.T.);
#3629=ORIENTED_EDGE('',*,*,#2799,.F.);
#3630=ORIENTED_EDGE('',*,*,#2798,.F.);
#3631=ORIENTED_EDGE('',*,*,#2575,.F.);
#3632=ORIENTED_EDGE('',*,*,#2800,.T.);
#3633=ORIENTED_EDGE('',*,*,#2801,.F.);
#3634=ORIENTED_EDGE('',*,*,#2800,.F.);
#3635=ORIENTED_EDGE('',*,*,#2574,.F.);
#3636=ORIENTED_EDGE('',*,*,#2802,.T.);
#3637=ORIENTED_EDGE('',*,*,#2803,.F.);
#3638=ORIENTED_EDGE('',*,*,#2802,.F.);
#3639=ORIENTED_EDGE('',*,*,#2573,.F.);
#3640=ORIENTED_EDGE('',*,*,#2804,.T.);
#3641=ORIENTED_EDGE('',*,*,#2805,.F.);
#3642=ORIENTED_EDGE('',*,*,#2804,.F.);
#3643=ORIENTED_EDGE('',*,*,#2572,.F.);
#3644=ORIENTED_EDGE('',*,*,#2806,.T.);
#3645=ORIENTED_EDGE('',*,*,#2807,.F.);
#3646=ORIENTED_EDGE('',*,*,#2806,.F.);
#3647=ORIENTED_EDGE('',*,*,#2579,.F.);
#3648=ORIENTED_EDGE('',*,*,#2808,.T.);
#3649=ORIENTED_EDGE('',*,*,#2809,.F.);
#3650=ORIENTED_EDGE('',*,*,#2808,.F.);
#3651=ORIENTED_EDGE('',*,*,#2578,.F.);
#3652=ORIENTED_EDGE('',*,*,#2810,.T.);
#3653=ORIENTED_EDGE('',*,*,#2811,.F.);
#3654=ORIENTED_EDGE('',*,*,#2810,.F.);
#3655=ORIENTED_EDGE('',*,*,#2577,.F.);
#3656=ORIENTED_EDGE('',*,*,#2797,.T.);
#3657=ORIENTED_EDGE('',*,*,#2812,.F.);
#3658=ORIENTED_EDGE('',*,*,#2813,.F.);
#3659=ORIENTED_EDGE('',*,*,#2584,.F.);
#3660=ORIENTED_EDGE('',*,*,#2814,.T.);
#3661=ORIENTED_EDGE('',*,*,#2815,.F.);
#3662=ORIENTED_EDGE('',*,*,#2814,.F.);
#3663=ORIENTED_EDGE('',*,*,#2583,.F.);
#3664=ORIENTED_EDGE('',*,*,#2816,.T.);
#3665=ORIENTED_EDGE('',*,*,#2817,.F.);
#3666=ORIENTED_EDGE('',*,*,#2816,.F.);
#3667=ORIENTED_EDGE('',*,*,#2582,.F.);
#3668=ORIENTED_EDGE('',*,*,#2818,.T.);
#3669=ORIENTED_EDGE('',*,*,#2819,.F.);
#3670=ORIENTED_EDGE('',*,*,#2818,.F.);
#3671=ORIENTED_EDGE('',*,*,#2581,.F.);
#3672=ORIENTED_EDGE('',*,*,#2820,.T.);
#3673=ORIENTED_EDGE('',*,*,#2821,.F.);
#3674=ORIENTED_EDGE('',*,*,#2820,.F.);
#3675=ORIENTED_EDGE('',*,*,#2580,.F.);
#3676=ORIENTED_EDGE('',*,*,#2822,.T.);
#3677=ORIENTED_EDGE('',*,*,#2823,.F.);
#3678=ORIENTED_EDGE('',*,*,#2822,.F.);
#3679=ORIENTED_EDGE('',*,*,#2587,.F.);
#3680=ORIENTED_EDGE('',*,*,#2824,.T.);
#3681=ORIENTED_EDGE('',*,*,#2825,.F.);
#3682=ORIENTED_EDGE('',*,*,#2824,.F.);
#3683=ORIENTED_EDGE('',*,*,#2586,.F.);
#3684=ORIENTED_EDGE('',*,*,#2826,.T.);
#3685=ORIENTED_EDGE('',*,*,#2827,.F.);
#3686=ORIENTED_EDGE('',*,*,#2826,.F.);
#3687=ORIENTED_EDGE('',*,*,#2585,.F.);
#3688=ORIENTED_EDGE('',*,*,#2813,.T.);
#3689=ORIENTED_EDGE('',*,*,#2828,.F.);
#3690=ORIENTED_EDGE('',*,*,#2829,.F.);
#3691=ORIENTED_EDGE('',*,*,#2592,.F.);
#3692=ORIENTED_EDGE('',*,*,#2830,.T.);
#3693=ORIENTED_EDGE('',*,*,#2831,.F.);
#3694=ORIENTED_EDGE('',*,*,#2830,.F.);
#3695=ORIENTED_EDGE('',*,*,#2591,.F.);
#3696=ORIENTED_EDGE('',*,*,#2832,.T.);
#3697=ORIENTED_EDGE('',*,*,#2833,.F.);
#3698=ORIENTED_EDGE('',*,*,#2832,.F.);
#3699=ORIENTED_EDGE('',*,*,#2590,.F.);
#3700=ORIENTED_EDGE('',*,*,#2834,.T.);
#3701=ORIENTED_EDGE('',*,*,#2835,.F.);
#3702=ORIENTED_EDGE('',*,*,#2834,.F.);
#3703=ORIENTED_EDGE('',*,*,#2589,.F.);
#3704=ORIENTED_EDGE('',*,*,#2836,.T.);
#3705=ORIENTED_EDGE('',*,*,#2837,.F.);
#3706=ORIENTED_EDGE('',*,*,#2836,.F.);
#3707=ORIENTED_EDGE('',*,*,#2588,.F.);
#3708=ORIENTED_EDGE('',*,*,#2838,.T.);
#3709=ORIENTED_EDGE('',*,*,#2839,.F.);
#3710=ORIENTED_EDGE('',*,*,#2838,.F.);
#3711=ORIENTED_EDGE('',*,*,#2595,.F.);
#3712=ORIENTED_EDGE('',*,*,#2840,.T.);
#3713=ORIENTED_EDGE('',*,*,#2841,.F.);
#3714=ORIENTED_EDGE('',*,*,#2840,.F.);
#3715=ORIENTED_EDGE('',*,*,#2594,.F.);
#3716=ORIENTED_EDGE('',*,*,#2842,.T.);
#3717=ORIENTED_EDGE('',*,*,#2843,.F.);
#3718=ORIENTED_EDGE('',*,*,#2842,.F.);
#3719=ORIENTED_EDGE('',*,*,#2593,.F.);
#3720=ORIENTED_EDGE('',*,*,#2829,.T.);
#3721=ORIENTED_EDGE('',*,*,#2844,.F.);
#3722=ORIENTED_EDGE('',*,*,#2845,.T.);
#3723=ORIENTED_EDGE('',*,*,#2519,.T.);
#3724=ORIENTED_EDGE('',*,*,#2846,.F.);
#3725=ORIENTED_EDGE('',*,*,#2847,.F.);
#3726=ORIENTED_EDGE('',*,*,#2848,.T.);
#3727=ORIENTED_EDGE('',*,*,#2520,.T.);
#3728=ORIENTED_EDGE('',*,*,#2845,.F.);
#3729=ORIENTED_EDGE('',*,*,#2849,.F.);
#3730=ORIENTED_EDGE('',*,*,#2850,.T.);
#3731=ORIENTED_EDGE('',*,*,#2521,.T.);
#3732=ORIENTED_EDGE('',*,*,#2848,.F.);
#3733=ORIENTED_EDGE('',*,*,#2851,.F.);
#3734=ORIENTED_EDGE('',*,*,#2852,.T.);
#3735=ORIENTED_EDGE('',*,*,#2522,.T.);
#3736=ORIENTED_EDGE('',*,*,#2850,.F.);
#3737=ORIENTED_EDGE('',*,*,#2853,.F.);
#3738=ORIENTED_EDGE('',*,*,#2854,.T.);
#3739=ORIENTED_EDGE('',*,*,#2523,.T.);
#3740=ORIENTED_EDGE('',*,*,#2852,.F.);
#3741=ORIENTED_EDGE('',*,*,#2855,.F.);
#3742=ORIENTED_EDGE('',*,*,#2846,.T.);
#3743=ORIENTED_EDGE('',*,*,#2518,.T.);
#3744=ORIENTED_EDGE('',*,*,#2854,.F.);
#3745=ORIENTED_EDGE('',*,*,#2856,.T.);
#3746=ORIENTED_EDGE('',*,*,#2857,.T.);
#3747=ORIENTED_EDGE('',*,*,#2858,.T.);
#3748=ORIENTED_EDGE('',*,*,#2859,.T.);
#3749=ORIENTED_EDGE('',*,*,#2860,.T.);
#3750=ORIENTED_EDGE('',*,*,#2861,.T.);
#3751=ORIENTED_EDGE('',*,*,#2844,.T.);
#3752=ORIENTED_EDGE('',*,*,#2855,.T.);
#3753=ORIENTED_EDGE('',*,*,#2853,.T.);
#3754=ORIENTED_EDGE('',*,*,#2851,.T.);
#3755=ORIENTED_EDGE('',*,*,#2849,.T.);
#3756=ORIENTED_EDGE('',*,*,#2847,.T.);
#3757=ORIENTED_EDGE('',*,*,#2862,.T.);
#3758=ORIENTED_EDGE('',*,*,#2863,.T.);
#3759=ORIENTED_EDGE('',*,*,#2864,.T.);
#3760=ORIENTED_EDGE('',*,*,#2865,.T.);
#3761=ORIENTED_EDGE('',*,*,#2866,.T.);
#3762=ORIENTED_EDGE('',*,*,#2867,.T.);
#3763=ORIENTED_EDGE('',*,*,#2862,.F.);
#3764=ORIENTED_EDGE('',*,*,#2868,.T.);
#3765=ORIENTED_EDGE('',*,*,#2869,.F.);
#3766=ORIENTED_EDGE('',*,*,#2868,.F.);
#3767=ORIENTED_EDGE('',*,*,#2863,.F.);
#3768=ORIENTED_EDGE('',*,*,#2870,.T.);
#3769=ORIENTED_EDGE('',*,*,#2871,.F.);
#3770=ORIENTED_EDGE('',*,*,#2870,.F.);
#3771=ORIENTED_EDGE('',*,*,#2864,.F.);
#3772=ORIENTED_EDGE('',*,*,#2872,.T.);
#3773=ORIENTED_EDGE('',*,*,#2873,.F.);
#3774=ORIENTED_EDGE('',*,*,#2872,.F.);
#3775=ORIENTED_EDGE('',*,*,#2865,.F.);
#3776=ORIENTED_EDGE('',*,*,#2874,.T.);
#3777=ORIENTED_EDGE('',*,*,#2875,.F.);
#3778=ORIENTED_EDGE('',*,*,#2874,.F.);
#3779=ORIENTED_EDGE('',*,*,#2866,.F.);
#3780=ORIENTED_EDGE('',*,*,#2876,.T.);
#3781=ORIENTED_EDGE('',*,*,#2877,.F.);
#3782=ORIENTED_EDGE('',*,*,#2876,.F.);
#3783=ORIENTED_EDGE('',*,*,#2867,.F.);
#3784=ORIENTED_EDGE('',*,*,#2878,.T.);
#3785=ORIENTED_EDGE('',*,*,#2879,.F.);
#3786=ORIENTED_EDGE('',*,*,#2878,.F.);
#3787=ORIENTED_EDGE('',*,*,#2880,.F.);
#3788=ORIENTED_EDGE('',*,*,#2881,.T.);
#3789=ORIENTED_EDGE('',*,*,#2861,.F.);
#3790=ORIENTED_EDGE('',*,*,#2882,.F.);
#3791=ORIENTED_EDGE('',*,*,#2883,.F.);
#3792=ORIENTED_EDGE('',*,*,#2882,.T.);
#3793=ORIENTED_EDGE('',*,*,#2860,.F.);
#3794=ORIENTED_EDGE('',*,*,#2884,.F.);
#3795=ORIENTED_EDGE('',*,*,#2885,.F.);
#3796=ORIENTED_EDGE('',*,*,#2884,.T.);
#3797=ORIENTED_EDGE('',*,*,#2859,.F.);
#3798=ORIENTED_EDGE('',*,*,#2886,.F.);
#3799=ORIENTED_EDGE('',*,*,#2887,.F.);
#3800=ORIENTED_EDGE('',*,*,#2886,.T.);
#3801=ORIENTED_EDGE('',*,*,#2858,.F.);
#3802=ORIENTED_EDGE('',*,*,#2888,.F.);
#3803=ORIENTED_EDGE('',*,*,#2889,.T.);
#3804=ORIENTED_EDGE('',*,*,#2888,.T.);
#3805=ORIENTED_EDGE('',*,*,#2857,.F.);
#3806=ORIENTED_EDGE('',*,*,#2890,.F.);
#3807=ORIENTED_EDGE('',*,*,#2891,.T.);
#3808=ORIENTED_EDGE('',*,*,#2890,.T.);
#3809=ORIENTED_EDGE('',*,*,#2856,.F.);
#3810=ORIENTED_EDGE('',*,*,#2881,.F.);
#3811=ORIENTED_EDGE('',*,*,#2891,.F.);
#3812=ORIENTED_EDGE('',*,*,#2880,.T.);
#3813=ORIENTED_EDGE('',*,*,#2883,.T.);
#3814=ORIENTED_EDGE('',*,*,#2885,.T.);
#3815=ORIENTED_EDGE('',*,*,#2887,.T.);
#3816=ORIENTED_EDGE('',*,*,#2889,.F.);
#3817=ORIENTED_EDGE('',*,*,#2697,.T.);
#3818=ORIENTED_EDGE('',*,*,#2699,.T.);
#3819=ORIENTED_EDGE('',*,*,#2692,.T.);
#3820=ORIENTED_EDGE('',*,*,#2695,.T.);
#3821=ORIENTED_EDGE('',*,*,#2879,.T.);
#3822=ORIENTED_EDGE('',*,*,#2877,.T.);
#3823=ORIENTED_EDGE('',*,*,#2875,.T.);
#3824=ORIENTED_EDGE('',*,*,#2873,.T.);
#3825=ORIENTED_EDGE('',*,*,#2871,.T.);
#3826=ORIENTED_EDGE('',*,*,#2869,.T.);
#3827=ORIENTED_EDGE('',*,*,#2837,.T.);
#3828=ORIENTED_EDGE('',*,*,#2839,.T.);
#3829=ORIENTED_EDGE('',*,*,#2841,.T.);
#3830=ORIENTED_EDGE('',*,*,#2843,.T.);
#3831=ORIENTED_EDGE('',*,*,#2828,.T.);
#3832=ORIENTED_EDGE('',*,*,#2831,.T.);
#3833=ORIENTED_EDGE('',*,*,#2833,.T.);
#3834=ORIENTED_EDGE('',*,*,#2835,.T.);
#3835=ORIENTED_EDGE('',*,*,#2821,.T.);
#3836=ORIENTED_EDGE('',*,*,#2823,.T.);
#3837=ORIENTED_EDGE('',*,*,#2825,.T.);
#3838=ORIENTED_EDGE('',*,*,#2827,.T.);
#3839=ORIENTED_EDGE('',*,*,#2812,.T.);
#3840=ORIENTED_EDGE('',*,*,#2815,.T.);
#3841=ORIENTED_EDGE('',*,*,#2817,.T.);
#3842=ORIENTED_EDGE('',*,*,#2819,.T.);
#3843=ORIENTED_EDGE('',*,*,#2805,.T.);
#3844=ORIENTED_EDGE('',*,*,#2807,.T.);
#3845=ORIENTED_EDGE('',*,*,#2809,.T.);
#3846=ORIENTED_EDGE('',*,*,#2811,.T.);
#3847=ORIENTED_EDGE('',*,*,#2796,.T.);
#3848=ORIENTED_EDGE('',*,*,#2799,.T.);
#3849=ORIENTED_EDGE('',*,*,#2801,.T.);
#3850=ORIENTED_EDGE('',*,*,#2803,.T.);
#3851=ORIENTED_EDGE('',*,*,#2789,.T.);
#3852=ORIENTED_EDGE('',*,*,#2791,.T.);
#3853=ORIENTED_EDGE('',*,*,#2793,.T.);
#3854=ORIENTED_EDGE('',*,*,#2795,.T.);
#3855=ORIENTED_EDGE('',*,*,#2780,.T.);
#3856=ORIENTED_EDGE('',*,*,#2783,.T.);
#3857=ORIENTED_EDGE('',*,*,#2785,.T.);
#3858=ORIENTED_EDGE('',*,*,#2787,.T.);
#3859=ORIENTED_EDGE('',*,*,#2773,.T.);
#3860=ORIENTED_EDGE('',*,*,#2775,.T.);
#3861=ORIENTED_EDGE('',*,*,#2777,.T.);
#3862=ORIENTED_EDGE('',*,*,#2779,.T.);
#3863=ORIENTED_EDGE('',*,*,#2764,.T.);
#3864=ORIENTED_EDGE('',*,*,#2767,.T.);
#3865=ORIENTED_EDGE('',*,*,#2769,.T.);
#3866=ORIENTED_EDGE('',*,*,#2771,.T.);
#3867=ORIENTED_EDGE('',*,*,#2757,.T.);
#3868=ORIENTED_EDGE('',*,*,#2759,.T.);
#3869=ORIENTED_EDGE('',*,*,#2761,.T.);
#3870=ORIENTED_EDGE('',*,*,#2763,.T.);
#3871=ORIENTED_EDGE('',*,*,#2748,.T.);
#3872=ORIENTED_EDGE('',*,*,#2751,.T.);
#3873=ORIENTED_EDGE('',*,*,#2753,.T.);
#3874=ORIENTED_EDGE('',*,*,#2755,.T.);
#3875=ORIENTED_EDGE('',*,*,#2741,.T.);
#3876=ORIENTED_EDGE('',*,*,#2743,.T.);
#3877=ORIENTED_EDGE('',*,*,#2745,.T.);
#3878=ORIENTED_EDGE('',*,*,#2747,.T.);
#3879=ORIENTED_EDGE('',*,*,#2732,.T.);
#3880=ORIENTED_EDGE('',*,*,#2735,.T.);
#3881=ORIENTED_EDGE('',*,*,#2737,.T.);
#3882=ORIENTED_EDGE('',*,*,#2739,.T.);
#3883=ORIENTED_EDGE('',*,*,#2725,.T.);
#3884=ORIENTED_EDGE('',*,*,#2727,.T.);
#3885=ORIENTED_EDGE('',*,*,#2729,.T.);
#3886=ORIENTED_EDGE('',*,*,#2731,.T.);
#3887=ORIENTED_EDGE('',*,*,#2716,.T.);
#3888=ORIENTED_EDGE('',*,*,#2719,.T.);
#3889=ORIENTED_EDGE('',*,*,#2721,.T.);
#3890=ORIENTED_EDGE('',*,*,#2723,.T.);
#3891=ORIENTED_EDGE('',*,*,#2709,.T.);
#3892=ORIENTED_EDGE('',*,*,#2711,.T.);
#3893=ORIENTED_EDGE('',*,*,#2713,.T.);
#3894=ORIENTED_EDGE('',*,*,#2715,.T.);
#3895=ORIENTED_EDGE('',*,*,#2700,.T.);
#3896=ORIENTED_EDGE('',*,*,#2703,.T.);
#3897=ORIENTED_EDGE('',*,*,#2705,.T.);
#3898=ORIENTED_EDGE('',*,*,#2707,.T.);
#3899=ORIENTED_EDGE('',*,*,#2463,.T.);
#3900=ORIENTED_EDGE('',*,*,#2464,.F.);
#3901=ORIENTED_EDGE('',*,*,#2892,.T.);
#3902=ORIENTED_EDGE('',*,*,#2893,.F.);
#3903=ORIENTED_EDGE('',*,*,#2894,.F.);
#3904=ORIENTED_EDGE('',*,*,#2465,.F.);
#3905=ORIENTED_EDGE('',*,*,#2894,.T.);
#3906=ORIENTED_EDGE('',*,*,#2895,.F.);
#3907=ORIENTED_EDGE('',*,*,#2896,.F.);
#3908=ORIENTED_EDGE('',*,*,#2466,.F.);
#3909=ORIENTED_EDGE('',*,*,#2896,.T.);
#3910=ORIENTED_EDGE('',*,*,#2897,.F.);
#3911=ORIENTED_EDGE('',*,*,#2898,.F.);
#3912=ORIENTED_EDGE('',*,*,#2467,.F.);
#3913=ORIENTED_EDGE('',*,*,#2898,.T.);
#3914=ORIENTED_EDGE('',*,*,#2899,.F.);
#3915=ORIENTED_EDGE('',*,*,#2900,.F.);
#3916=ORIENTED_EDGE('',*,*,#2468,.F.);
#3917=ORIENTED_EDGE('',*,*,#2900,.T.);
#3918=ORIENTED_EDGE('',*,*,#2901,.F.);
#3919=ORIENTED_EDGE('',*,*,#2892,.F.);
#3920=ORIENTED_EDGE('',*,*,#2600,.F.);
#3921=ORIENTED_EDGE('',*,*,#2902,.T.);
#3922=ORIENTED_EDGE('',*,*,#2903,.F.);
#3923=ORIENTED_EDGE('',*,*,#2904,.F.);
#3924=ORIENTED_EDGE('',*,*,#2601,.F.);
#3925=ORIENTED_EDGE('',*,*,#2904,.T.);
#3926=ORIENTED_EDGE('',*,*,#2905,.F.);
#3927=ORIENTED_EDGE('',*,*,#2906,.F.);
#3928=ORIENTED_EDGE('',*,*,#2602,.F.);
#3929=ORIENTED_EDGE('',*,*,#2906,.T.);
#3930=ORIENTED_EDGE('',*,*,#2907,.F.);
#3931=ORIENTED_EDGE('',*,*,#2908,.F.);
#3932=ORIENTED_EDGE('',*,*,#2603,.F.);
#3933=ORIENTED_EDGE('',*,*,#2908,.T.);
#3934=ORIENTED_EDGE('',*,*,#2909,.F.);
#3935=ORIENTED_EDGE('',*,*,#2910,.F.);
#3936=ORIENTED_EDGE('',*,*,#2604,.F.);
#3937=ORIENTED_EDGE('',*,*,#2910,.T.);
#3938=ORIENTED_EDGE('',*,*,#2911,.F.);
#3939=ORIENTED_EDGE('',*,*,#2912,.F.);
#3940=ORIENTED_EDGE('',*,*,#2605,.F.);
#3941=ORIENTED_EDGE('',*,*,#2912,.T.);
#3942=ORIENTED_EDGE('',*,*,#2913,.F.);
#3943=ORIENTED_EDGE('',*,*,#2914,.F.);
#3944=ORIENTED_EDGE('',*,*,#2606,.F.);
#3945=ORIENTED_EDGE('',*,*,#2914,.T.);
#3946=ORIENTED_EDGE('',*,*,#2915,.F.);
#3947=ORIENTED_EDGE('',*,*,#2916,.F.);
#3948=ORIENTED_EDGE('',*,*,#2607,.F.);
#3949=ORIENTED_EDGE('',*,*,#2916,.T.);
#3950=ORIENTED_EDGE('',*,*,#2917,.F.);
#3951=ORIENTED_EDGE('',*,*,#2918,.F.);
#3952=ORIENTED_EDGE('',*,*,#2608,.F.);
#3953=ORIENTED_EDGE('',*,*,#2918,.T.);
#3954=ORIENTED_EDGE('',*,*,#2919,.F.);
#3955=ORIENTED_EDGE('',*,*,#2920,.F.);
#3956=ORIENTED_EDGE('',*,*,#2609,.F.);
#3957=ORIENTED_EDGE('',*,*,#2920,.T.);
#3958=ORIENTED_EDGE('',*,*,#2921,.F.);
#3959=ORIENTED_EDGE('',*,*,#2922,.F.);
#3960=ORIENTED_EDGE('',*,*,#2610,.F.);
#3961=ORIENTED_EDGE('',*,*,#2922,.T.);
#3962=ORIENTED_EDGE('',*,*,#2923,.F.);
#3963=ORIENTED_EDGE('',*,*,#2924,.F.);
#3964=ORIENTED_EDGE('',*,*,#2611,.F.);
#3965=ORIENTED_EDGE('',*,*,#2924,.T.);
#3966=ORIENTED_EDGE('',*,*,#2925,.F.);
#3967=ORIENTED_EDGE('',*,*,#2926,.F.);
#3968=ORIENTED_EDGE('',*,*,#2612,.F.);
#3969=ORIENTED_EDGE('',*,*,#2926,.T.);
#3970=ORIENTED_EDGE('',*,*,#2927,.F.);
#3971=ORIENTED_EDGE('',*,*,#2928,.F.);
#3972=ORIENTED_EDGE('',*,*,#2613,.F.);
#3973=ORIENTED_EDGE('',*,*,#2928,.T.);
#3974=ORIENTED_EDGE('',*,*,#2929,.F.);
#3975=ORIENTED_EDGE('',*,*,#2902,.F.);
#3976=ORIENTED_EDGE('',*,*,#2929,.T.);
#3977=ORIENTED_EDGE('',*,*,#2927,.T.);
#3978=ORIENTED_EDGE('',*,*,#2925,.T.);
#3979=ORIENTED_EDGE('',*,*,#2923,.T.);
#3980=ORIENTED_EDGE('',*,*,#2921,.T.);
#3981=ORIENTED_EDGE('',*,*,#2919,.T.);
#3982=ORIENTED_EDGE('',*,*,#2917,.T.);
#3983=ORIENTED_EDGE('',*,*,#2915,.T.);
#3984=ORIENTED_EDGE('',*,*,#2913,.T.);
#3985=ORIENTED_EDGE('',*,*,#2911,.T.);
#3986=ORIENTED_EDGE('',*,*,#2909,.T.);
#3987=ORIENTED_EDGE('',*,*,#2907,.T.);
#3988=ORIENTED_EDGE('',*,*,#2905,.T.);
#3989=ORIENTED_EDGE('',*,*,#2903,.T.);
#3990=ORIENTED_EDGE('',*,*,#2901,.T.);
#3991=ORIENTED_EDGE('',*,*,#2899,.T.);
#3992=ORIENTED_EDGE('',*,*,#2897,.T.);
#3993=ORIENTED_EDGE('',*,*,#2895,.T.);
#3994=ORIENTED_EDGE('',*,*,#2893,.T.);
#3995=ORIENTED_EDGE('',*,*,#2469,.F.);
#3996=ORIENTED_EDGE('',*,*,#2930,.T.);
#3997=ORIENTED_EDGE('',*,*,#2931,.F.);
#3998=ORIENTED_EDGE('',*,*,#2932,.F.);
#3999=ORIENTED_EDGE('',*,*,#2470,.F.);
#4000=ORIENTED_EDGE('',*,*,#2932,.T.);
#4001=ORIENTED_EDGE('',*,*,#2933,.F.);
#4002=ORIENTED_EDGE('',*,*,#2934,.F.);
#4003=ORIENTED_EDGE('',*,*,#2471,.F.);
#4004=ORIENTED_EDGE('',*,*,#2934,.T.);
#4005=ORIENTED_EDGE('',*,*,#2935,.F.);
#4006=ORIENTED_EDGE('',*,*,#2936,.F.);
#4007=ORIENTED_EDGE('',*,*,#2472,.F.);
#4008=ORIENTED_EDGE('',*,*,#2936,.T.);
#4009=ORIENTED_EDGE('',*,*,#2937,.F.);
#4010=ORIENTED_EDGE('',*,*,#2938,.F.);
#4011=ORIENTED_EDGE('',*,*,#2473,.F.);
#4012=ORIENTED_EDGE('',*,*,#2938,.T.);
#4013=ORIENTED_EDGE('',*,*,#2939,.F.);
#4014=ORIENTED_EDGE('',*,*,#2940,.F.);
#4015=ORIENTED_EDGE('',*,*,#2474,.F.);
#4016=ORIENTED_EDGE('',*,*,#2940,.T.);
#4017=ORIENTED_EDGE('',*,*,#2941,.F.);
#4018=ORIENTED_EDGE('',*,*,#2942,.F.);
#4019=ORIENTED_EDGE('',*,*,#2475,.F.);
#4020=ORIENTED_EDGE('',*,*,#2942,.T.);
#4021=ORIENTED_EDGE('',*,*,#2943,.F.);
#4022=ORIENTED_EDGE('',*,*,#2944,.F.);
#4023=ORIENTED_EDGE('',*,*,#2476,.F.);
#4024=ORIENTED_EDGE('',*,*,#2944,.T.);
#4025=ORIENTED_EDGE('',*,*,#2945,.F.);
#4026=ORIENTED_EDGE('',*,*,#2946,.F.);
#4027=ORIENTED_EDGE('',*,*,#2477,.F.);
#4028=ORIENTED_EDGE('',*,*,#2946,.T.);
#4029=ORIENTED_EDGE('',*,*,#2947,.F.);
#4030=ORIENTED_EDGE('',*,*,#2930,.F.);
#4031=ORIENTED_EDGE('',*,*,#2614,.F.);
#4032=ORIENTED_EDGE('',*,*,#2948,.T.);
#4033=ORIENTED_EDGE('',*,*,#2949,.F.);
#4034=ORIENTED_EDGE('',*,*,#2950,.F.);
#4035=ORIENTED_EDGE('',*,*,#2615,.F.);
#4036=ORIENTED_EDGE('',*,*,#2950,.T.);
#4037=ORIENTED_EDGE('',*,*,#2951,.F.);
#4038=ORIENTED_EDGE('',*,*,#2952,.F.);
#4039=ORIENTED_EDGE('',*,*,#2616,.F.);
#4040=ORIENTED_EDGE('',*,*,#2952,.T.);
#4041=ORIENTED_EDGE('',*,*,#2953,.F.);
#4042=ORIENTED_EDGE('',*,*,#2954,.F.);
#4043=ORIENTED_EDGE('',*,*,#2617,.F.);
#4044=ORIENTED_EDGE('',*,*,#2954,.T.);
#4045=ORIENTED_EDGE('',*,*,#2955,.F.);
#4046=ORIENTED_EDGE('',*,*,#2956,.F.);
#4047=ORIENTED_EDGE('',*,*,#2618,.F.);
#4048=ORIENTED_EDGE('',*,*,#2956,.T.);
#4049=ORIENTED_EDGE('',*,*,#2957,.F.);
#4050=ORIENTED_EDGE('',*,*,#2958,.F.);
#4051=ORIENTED_EDGE('',*,*,#2619,.F.);
#4052=ORIENTED_EDGE('',*,*,#2958,.T.);
#4053=ORIENTED_EDGE('',*,*,#2959,.F.);
#4054=ORIENTED_EDGE('',*,*,#2960,.F.);
#4055=ORIENTED_EDGE('',*,*,#2620,.F.);
#4056=ORIENTED_EDGE('',*,*,#2960,.T.);
#4057=ORIENTED_EDGE('',*,*,#2961,.F.);
#4058=ORIENTED_EDGE('',*,*,#2962,.F.);
#4059=ORIENTED_EDGE('',*,*,#2621,.F.);
#4060=ORIENTED_EDGE('',*,*,#2962,.T.);
#4061=ORIENTED_EDGE('',*,*,#2963,.F.);
#4062=ORIENTED_EDGE('',*,*,#2964,.F.);
#4063=ORIENTED_EDGE('',*,*,#2622,.F.);
#4064=ORIENTED_EDGE('',*,*,#2964,.T.);
#4065=ORIENTED_EDGE('',*,*,#2965,.F.);
#4066=ORIENTED_EDGE('',*,*,#2966,.F.);
#4067=ORIENTED_EDGE('',*,*,#2623,.F.);
#4068=ORIENTED_EDGE('',*,*,#2966,.T.);
#4069=ORIENTED_EDGE('',*,*,#2967,.F.);
#4070=ORIENTED_EDGE('',*,*,#2968,.F.);
#4071=ORIENTED_EDGE('',*,*,#2624,.F.);
#4072=ORIENTED_EDGE('',*,*,#2968,.T.);
#4073=ORIENTED_EDGE('',*,*,#2969,.F.);
#4074=ORIENTED_EDGE('',*,*,#2970,.F.);
#4075=ORIENTED_EDGE('',*,*,#2625,.F.);
#4076=ORIENTED_EDGE('',*,*,#2970,.T.);
#4077=ORIENTED_EDGE('',*,*,#2971,.F.);
#4078=ORIENTED_EDGE('',*,*,#2972,.F.);
#4079=ORIENTED_EDGE('',*,*,#2626,.F.);
#4080=ORIENTED_EDGE('',*,*,#2972,.T.);
#4081=ORIENTED_EDGE('',*,*,#2973,.F.);
#4082=ORIENTED_EDGE('',*,*,#2974,.F.);
#4083=ORIENTED_EDGE('',*,*,#2627,.F.);
#4084=ORIENTED_EDGE('',*,*,#2974,.T.);
#4085=ORIENTED_EDGE('',*,*,#2975,.F.);
#4086=ORIENTED_EDGE('',*,*,#2976,.F.);
#4087=ORIENTED_EDGE('',*,*,#2628,.F.);
#4088=ORIENTED_EDGE('',*,*,#2976,.T.);
#4089=ORIENTED_EDGE('',*,*,#2977,.F.);
#4090=ORIENTED_EDGE('',*,*,#2978,.F.);
#4091=ORIENTED_EDGE('',*,*,#2629,.F.);
#4092=ORIENTED_EDGE('',*,*,#2978,.T.);
#4093=ORIENTED_EDGE('',*,*,#2979,.F.);
#4094=ORIENTED_EDGE('',*,*,#2980,.F.);
#4095=ORIENTED_EDGE('',*,*,#2630,.F.);
#4096=ORIENTED_EDGE('',*,*,#2980,.T.);
#4097=ORIENTED_EDGE('',*,*,#2981,.F.);
#4098=ORIENTED_EDGE('',*,*,#2982,.F.);
#4099=ORIENTED_EDGE('',*,*,#2631,.F.);
#4100=ORIENTED_EDGE('',*,*,#2982,.T.);
#4101=ORIENTED_EDGE('',*,*,#2983,.F.);
#4102=ORIENTED_EDGE('',*,*,#2984,.F.);
#4103=ORIENTED_EDGE('',*,*,#2632,.F.);
#4104=ORIENTED_EDGE('',*,*,#2984,.T.);
#4105=ORIENTED_EDGE('',*,*,#2985,.F.);
#4106=ORIENTED_EDGE('',*,*,#2986,.F.);
#4107=ORIENTED_EDGE('',*,*,#2633,.F.);
#4108=ORIENTED_EDGE('',*,*,#2986,.T.);
#4109=ORIENTED_EDGE('',*,*,#2987,.F.);
#4110=ORIENTED_EDGE('',*,*,#2988,.F.);
#4111=ORIENTED_EDGE('',*,*,#2634,.F.);
#4112=ORIENTED_EDGE('',*,*,#2988,.T.);
#4113=ORIENTED_EDGE('',*,*,#2989,.F.);
#4114=ORIENTED_EDGE('',*,*,#2990,.F.);
#4115=ORIENTED_EDGE('',*,*,#2635,.F.);
#4116=ORIENTED_EDGE('',*,*,#2990,.T.);
#4117=ORIENTED_EDGE('',*,*,#2991,.F.);
#4118=ORIENTED_EDGE('',*,*,#2992,.F.);
#4119=ORIENTED_EDGE('',*,*,#2636,.F.);
#4120=ORIENTED_EDGE('',*,*,#2992,.T.);
#4121=ORIENTED_EDGE('',*,*,#2993,.F.);
#4122=ORIENTED_EDGE('',*,*,#2994,.F.);
#4123=ORIENTED_EDGE('',*,*,#2637,.F.);
#4124=ORIENTED_EDGE('',*,*,#2994,.T.);
#4125=ORIENTED_EDGE('',*,*,#2995,.F.);
#4126=ORIENTED_EDGE('',*,*,#2996,.F.);
#4127=ORIENTED_EDGE('',*,*,#2638,.F.);
#4128=ORIENTED_EDGE('',*,*,#2996,.T.);
#4129=ORIENTED_EDGE('',*,*,#2997,.F.);
#4130=ORIENTED_EDGE('',*,*,#2948,.F.);
#4131=ORIENTED_EDGE('',*,*,#2997,.T.);
#4132=ORIENTED_EDGE('',*,*,#2995,.T.);
#4133=ORIENTED_EDGE('',*,*,#2993,.T.);
#4134=ORIENTED_EDGE('',*,*,#2991,.T.);
#4135=ORIENTED_EDGE('',*,*,#2989,.T.);
#4136=ORIENTED_EDGE('',*,*,#2987,.T.);
#4137=ORIENTED_EDGE('',*,*,#2985,.T.);
#4138=ORIENTED_EDGE('',*,*,#2983,.T.);
#4139=ORIENTED_EDGE('',*,*,#2981,.T.);
#4140=ORIENTED_EDGE('',*,*,#2979,.T.);
#4141=ORIENTED_EDGE('',*,*,#2977,.T.);
#4142=ORIENTED_EDGE('',*,*,#2975,.T.);
#4143=ORIENTED_EDGE('',*,*,#2973,.T.);
#4144=ORIENTED_EDGE('',*,*,#2971,.T.);
#4145=ORIENTED_EDGE('',*,*,#2969,.T.);
#4146=ORIENTED_EDGE('',*,*,#2967,.T.);
#4147=ORIENTED_EDGE('',*,*,#2965,.T.);
#4148=ORIENTED_EDGE('',*,*,#2963,.T.);
#4149=ORIENTED_EDGE('',*,*,#2961,.T.);
#4150=ORIENTED_EDGE('',*,*,#2959,.T.);
#4151=ORIENTED_EDGE('',*,*,#2957,.T.);
#4152=ORIENTED_EDGE('',*,*,#2955,.T.);
#4153=ORIENTED_EDGE('',*,*,#2953,.T.);
#4154=ORIENTED_EDGE('',*,*,#2951,.T.);
#4155=ORIENTED_EDGE('',*,*,#2949,.T.);
#4156=ORIENTED_EDGE('',*,*,#2947,.T.);
#4157=ORIENTED_EDGE('',*,*,#2945,.T.);
#4158=ORIENTED_EDGE('',*,*,#2943,.T.);
#4159=ORIENTED_EDGE('',*,*,#2941,.T.);
#4160=ORIENTED_EDGE('',*,*,#2939,.T.);
#4161=ORIENTED_EDGE('',*,*,#2937,.T.);
#4162=ORIENTED_EDGE('',*,*,#2935,.T.);
#4163=ORIENTED_EDGE('',*,*,#2933,.T.);
#4164=ORIENTED_EDGE('',*,*,#2931,.T.);
#4165=ORIENTED_EDGE('',*,*,#2478,.F.);
#4166=ORIENTED_EDGE('',*,*,#2998,.T.);
#4167=ORIENTED_EDGE('',*,*,#2999,.F.);
#4168=ORIENTED_EDGE('',*,*,#3000,.F.);
#4169=ORIENTED_EDGE('',*,*,#2479,.F.);
#4170=ORIENTED_EDGE('',*,*,#3000,.T.);
#4171=ORIENTED_EDGE('',*,*,#3001,.F.);
#4172=ORIENTED_EDGE('',*,*,#3002,.F.);
#4173=ORIENTED_EDGE('',*,*,#2480,.F.);
#4174=ORIENTED_EDGE('',*,*,#3002,.T.);
#4175=ORIENTED_EDGE('',*,*,#3003,.F.);
#4176=ORIENTED_EDGE('',*,*,#3004,.F.);
#4177=ORIENTED_EDGE('',*,*,#2481,.F.);
#4178=ORIENTED_EDGE('',*,*,#3004,.T.);
#4179=ORIENTED_EDGE('',*,*,#3005,.F.);
#4180=ORIENTED_EDGE('',*,*,#3006,.F.);
#4181=ORIENTED_EDGE('',*,*,#2482,.F.);
#4182=ORIENTED_EDGE('',*,*,#3006,.T.);
#4183=ORIENTED_EDGE('',*,*,#3007,.F.);
#4184=ORIENTED_EDGE('',*,*,#2998,.F.);
#4185=ORIENTED_EDGE('',*,*,#2639,.F.);
#4186=ORIENTED_EDGE('',*,*,#3008,.T.);
#4187=ORIENTED_EDGE('',*,*,#3009,.F.);
#4188=ORIENTED_EDGE('',*,*,#3010,.F.);
#4189=ORIENTED_EDGE('',*,*,#2640,.F.);
#4190=ORIENTED_EDGE('',*,*,#3010,.T.);
#4191=ORIENTED_EDGE('',*,*,#3011,.F.);
#4192=ORIENTED_EDGE('',*,*,#3012,.F.);
#4193=ORIENTED_EDGE('',*,*,#2641,.F.);
#4194=ORIENTED_EDGE('',*,*,#3012,.T.);
#4195=ORIENTED_EDGE('',*,*,#3013,.F.);
#4196=ORIENTED_EDGE('',*,*,#3014,.F.);
#4197=ORIENTED_EDGE('',*,*,#2642,.F.);
#4198=ORIENTED_EDGE('',*,*,#3014,.T.);
#4199=ORIENTED_EDGE('',*,*,#3015,.F.);
#4200=ORIENTED_EDGE('',*,*,#3016,.F.);
#4201=ORIENTED_EDGE('',*,*,#2643,.F.);
#4202=ORIENTED_EDGE('',*,*,#3016,.T.);
#4203=ORIENTED_EDGE('',*,*,#3017,.F.);
#4204=ORIENTED_EDGE('',*,*,#3018,.F.);
#4205=ORIENTED_EDGE('',*,*,#2644,.F.);
#4206=ORIENTED_EDGE('',*,*,#3018,.T.);
#4207=ORIENTED_EDGE('',*,*,#3019,.F.);
#4208=ORIENTED_EDGE('',*,*,#3020,.F.);
#4209=ORIENTED_EDGE('',*,*,#2645,.F.);
#4210=ORIENTED_EDGE('',*,*,#3020,.T.);
#4211=ORIENTED_EDGE('',*,*,#3021,.F.);
#4212=ORIENTED_EDGE('',*,*,#3022,.F.);
#4213=ORIENTED_EDGE('',*,*,#2646,.F.);
#4214=ORIENTED_EDGE('',*,*,#3022,.T.);
#4215=ORIENTED_EDGE('',*,*,#3023,.F.);
#4216=ORIENTED_EDGE('',*,*,#3024,.F.);
#4217=ORIENTED_EDGE('',*,*,#2647,.F.);
#4218=ORIENTED_EDGE('',*,*,#3024,.T.);
#4219=ORIENTED_EDGE('',*,*,#3025,.F.);
#4220=ORIENTED_EDGE('',*,*,#3026,.F.);
#4221=ORIENTED_EDGE('',*,*,#2648,.F.);
#4222=ORIENTED_EDGE('',*,*,#3026,.T.);
#4223=ORIENTED_EDGE('',*,*,#3027,.F.);
#4224=ORIENTED_EDGE('',*,*,#3028,.F.);
#4225=ORIENTED_EDGE('',*,*,#2649,.F.);
#4226=ORIENTED_EDGE('',*,*,#3028,.T.);
#4227=ORIENTED_EDGE('',*,*,#3029,.F.);
#4228=ORIENTED_EDGE('',*,*,#3030,.F.);
#4229=ORIENTED_EDGE('',*,*,#2650,.F.);
#4230=ORIENTED_EDGE('',*,*,#3030,.T.);
#4231=ORIENTED_EDGE('',*,*,#3031,.F.);
#4232=ORIENTED_EDGE('',*,*,#3032,.F.);
#4233=ORIENTED_EDGE('',*,*,#2651,.F.);
#4234=ORIENTED_EDGE('',*,*,#3032,.T.);
#4235=ORIENTED_EDGE('',*,*,#3033,.F.);
#4236=ORIENTED_EDGE('',*,*,#3034,.F.);
#4237=ORIENTED_EDGE('',*,*,#2652,.F.);
#4238=ORIENTED_EDGE('',*,*,#3034,.T.);
#4239=ORIENTED_EDGE('',*,*,#3035,.F.);
#4240=ORIENTED_EDGE('',*,*,#3008,.F.);
#4241=ORIENTED_EDGE('',*,*,#3035,.T.);
#4242=ORIENTED_EDGE('',*,*,#3033,.T.);
#4243=ORIENTED_EDGE('',*,*,#3031,.T.);
#4244=ORIENTED_EDGE('',*,*,#3029,.T.);
#4245=ORIENTED_EDGE('',*,*,#3027,.T.);
#4246=ORIENTED_EDGE('',*,*,#3025,.T.);
#4247=ORIENTED_EDGE('',*,*,#3023,.T.);
#4248=ORIENTED_EDGE('',*,*,#3021,.T.);
#4249=ORIENTED_EDGE('',*,*,#3019,.T.);
#4250=ORIENTED_EDGE('',*,*,#3017,.T.);
#4251=ORIENTED_EDGE('',*,*,#3015,.T.);
#4252=ORIENTED_EDGE('',*,*,#3013,.T.);
#4253=ORIENTED_EDGE('',*,*,#3011,.T.);
#4254=ORIENTED_EDGE('',*,*,#3009,.T.);
#4255=ORIENTED_EDGE('',*,*,#3007,.T.);
#4256=ORIENTED_EDGE('',*,*,#3005,.T.);
#4257=ORIENTED_EDGE('',*,*,#3003,.T.);
#4258=ORIENTED_EDGE('',*,*,#3001,.T.);
#4259=ORIENTED_EDGE('',*,*,#2999,.T.);
#4260=ORIENTED_EDGE('',*,*,#2492,.F.);
#4261=ORIENTED_EDGE('',*,*,#3036,.T.);
#4262=ORIENTED_EDGE('',*,*,#3037,.F.);
#4263=ORIENTED_EDGE('',*,*,#3038,.F.);
#4264=ORIENTED_EDGE('',*,*,#2493,.F.);
#4265=ORIENTED_EDGE('',*,*,#3038,.T.);
#4266=ORIENTED_EDGE('',*,*,#3039,.F.);
#4267=ORIENTED_EDGE('',*,*,#3040,.F.);
#4268=ORIENTED_EDGE('',*,*,#2494,.F.);
#4269=ORIENTED_EDGE('',*,*,#3040,.T.);
#4270=ORIENTED_EDGE('',*,*,#3041,.F.);
#4271=ORIENTED_EDGE('',*,*,#3042,.F.);
#4272=ORIENTED_EDGE('',*,*,#2495,.F.);
#4273=ORIENTED_EDGE('',*,*,#3042,.T.);
#4274=ORIENTED_EDGE('',*,*,#3043,.F.);
#4275=ORIENTED_EDGE('',*,*,#3044,.F.);
#4276=ORIENTED_EDGE('',*,*,#2496,.F.);
#4277=ORIENTED_EDGE('',*,*,#3044,.T.);
#4278=ORIENTED_EDGE('',*,*,#3045,.F.);
#4279=ORIENTED_EDGE('',*,*,#3046,.F.);
#4280=ORIENTED_EDGE('',*,*,#2497,.F.);
#4281=ORIENTED_EDGE('',*,*,#3046,.T.);
#4282=ORIENTED_EDGE('',*,*,#3047,.F.);
#4283=ORIENTED_EDGE('',*,*,#3048,.F.);
#4284=ORIENTED_EDGE('',*,*,#2498,.F.);
#4285=ORIENTED_EDGE('',*,*,#3048,.T.);
#4286=ORIENTED_EDGE('',*,*,#3049,.F.);
#4287=ORIENTED_EDGE('',*,*,#3050,.F.);
#4288=ORIENTED_EDGE('',*,*,#2499,.F.);
#4289=ORIENTED_EDGE('',*,*,#3050,.T.);
#4290=ORIENTED_EDGE('',*,*,#3051,.F.);
#4291=ORIENTED_EDGE('',*,*,#3052,.F.);
#4292=ORIENTED_EDGE('',*,*,#2500,.F.);
#4293=ORIENTED_EDGE('',*,*,#3052,.T.);
#4294=ORIENTED_EDGE('',*,*,#3053,.F.);
#4295=ORIENTED_EDGE('',*,*,#3036,.F.);
#4296=ORIENTED_EDGE('',*,*,#2483,.F.);
#4297=ORIENTED_EDGE('',*,*,#3054,.T.);
#4298=ORIENTED_EDGE('',*,*,#3055,.F.);
#4299=ORIENTED_EDGE('',*,*,#3056,.F.);
#4300=ORIENTED_EDGE('',*,*,#2484,.F.);
#4301=ORIENTED_EDGE('',*,*,#3056,.T.);
#4302=ORIENTED_EDGE('',*,*,#3057,.F.);
#4303=ORIENTED_EDGE('',*,*,#3058,.F.);
#4304=ORIENTED_EDGE('',*,*,#2485,.F.);
#4305=ORIENTED_EDGE('',*,*,#3058,.T.);
#4306=ORIENTED_EDGE('',*,*,#3059,.F.);
#4307=ORIENTED_EDGE('',*,*,#3060,.F.);
#4308=ORIENTED_EDGE('',*,*,#2486,.F.);
#4309=ORIENTED_EDGE('',*,*,#3060,.T.);
#4310=ORIENTED_EDGE('',*,*,#3061,.F.);
#4311=ORIENTED_EDGE('',*,*,#3062,.F.);
#4312=ORIENTED_EDGE('',*,*,#2487,.F.);
#4313=ORIENTED_EDGE('',*,*,#3062,.T.);
#4314=ORIENTED_EDGE('',*,*,#3063,.F.);
#4315=ORIENTED_EDGE('',*,*,#3064,.F.);
#4316=ORIENTED_EDGE('',*,*,#2488,.F.);
#4317=ORIENTED_EDGE('',*,*,#3064,.T.);
#4318=ORIENTED_EDGE('',*,*,#3065,.F.);
#4319=ORIENTED_EDGE('',*,*,#3066,.F.);
#4320=ORIENTED_EDGE('',*,*,#2489,.F.);
#4321=ORIENTED_EDGE('',*,*,#3066,.T.);
#4322=ORIENTED_EDGE('',*,*,#3067,.F.);
#4323=ORIENTED_EDGE('',*,*,#3068,.F.);
#4324=ORIENTED_EDGE('',*,*,#2490,.F.);
#4325=ORIENTED_EDGE('',*,*,#3068,.T.);
#4326=ORIENTED_EDGE('',*,*,#3069,.F.);
#4327=ORIENTED_EDGE('',*,*,#3070,.F.);
#4328=ORIENTED_EDGE('',*,*,#2491,.F.);
#4329=ORIENTED_EDGE('',*,*,#3070,.T.);
#4330=ORIENTED_EDGE('',*,*,#3071,.F.);
#4331=ORIENTED_EDGE('',*,*,#3054,.F.);
#4332=ORIENTED_EDGE('',*,*,#2653,.F.);
#4333=ORIENTED_EDGE('',*,*,#3072,.T.);
#4334=ORIENTED_EDGE('',*,*,#3073,.F.);
#4335=ORIENTED_EDGE('',*,*,#3074,.F.);
#4336=ORIENTED_EDGE('',*,*,#2654,.F.);
#4337=ORIENTED_EDGE('',*,*,#3074,.T.);
#4338=ORIENTED_EDGE('',*,*,#3075,.F.);
#4339=ORIENTED_EDGE('',*,*,#3076,.F.);
#4340=ORIENTED_EDGE('',*,*,#2655,.F.);
#4341=ORIENTED_EDGE('',*,*,#3076,.T.);
#4342=ORIENTED_EDGE('',*,*,#3077,.F.);
#4343=ORIENTED_EDGE('',*,*,#3078,.F.);
#4344=ORIENTED_EDGE('',*,*,#2656,.F.);
#4345=ORIENTED_EDGE('',*,*,#3078,.T.);
#4346=ORIENTED_EDGE('',*,*,#3079,.F.);
#4347=ORIENTED_EDGE('',*,*,#3080,.F.);
#4348=ORIENTED_EDGE('',*,*,#2657,.F.);
#4349=ORIENTED_EDGE('',*,*,#3080,.T.);
#4350=ORIENTED_EDGE('',*,*,#3081,.F.);
#4351=ORIENTED_EDGE('',*,*,#3082,.F.);
#4352=ORIENTED_EDGE('',*,*,#2658,.F.);
#4353=ORIENTED_EDGE('',*,*,#3082,.T.);
#4354=ORIENTED_EDGE('',*,*,#3083,.F.);
#4355=ORIENTED_EDGE('',*,*,#3084,.F.);
#4356=ORIENTED_EDGE('',*,*,#2659,.F.);
#4357=ORIENTED_EDGE('',*,*,#3084,.T.);
#4358=ORIENTED_EDGE('',*,*,#3085,.F.);
#4359=ORIENTED_EDGE('',*,*,#3086,.F.);
#4360=ORIENTED_EDGE('',*,*,#2660,.F.);
#4361=ORIENTED_EDGE('',*,*,#3086,.T.);
#4362=ORIENTED_EDGE('',*,*,#3087,.F.);
#4363=ORIENTED_EDGE('',*,*,#3088,.F.);
#4364=ORIENTED_EDGE('',*,*,#2661,.F.);
#4365=ORIENTED_EDGE('',*,*,#3088,.T.);
#4366=ORIENTED_EDGE('',*,*,#3089,.F.);
#4367=ORIENTED_EDGE('',*,*,#3090,.F.);
#4368=ORIENTED_EDGE('',*,*,#2662,.F.);
#4369=ORIENTED_EDGE('',*,*,#3090,.T.);
#4370=ORIENTED_EDGE('',*,*,#3091,.F.);
#4371=ORIENTED_EDGE('',*,*,#3092,.F.);
#4372=ORIENTED_EDGE('',*,*,#2663,.F.);
#4373=ORIENTED_EDGE('',*,*,#3092,.T.);
#4374=ORIENTED_EDGE('',*,*,#3093,.F.);
#4375=ORIENTED_EDGE('',*,*,#3094,.F.);
#4376=ORIENTED_EDGE('',*,*,#2664,.F.);
#4377=ORIENTED_EDGE('',*,*,#3094,.T.);
#4378=ORIENTED_EDGE('',*,*,#3095,.F.);
#4379=ORIENTED_EDGE('',*,*,#3096,.F.);
#4380=ORIENTED_EDGE('',*,*,#2665,.F.);
#4381=ORIENTED_EDGE('',*,*,#3096,.T.);
#4382=ORIENTED_EDGE('',*,*,#3097,.F.);
#4383=ORIENTED_EDGE('',*,*,#3098,.F.);
#4384=ORIENTED_EDGE('',*,*,#2666,.F.);
#4385=ORIENTED_EDGE('',*,*,#3098,.T.);
#4386=ORIENTED_EDGE('',*,*,#3099,.F.);
#4387=ORIENTED_EDGE('',*,*,#3100,.F.);
#4388=ORIENTED_EDGE('',*,*,#2667,.F.);
#4389=ORIENTED_EDGE('',*,*,#3100,.T.);
#4390=ORIENTED_EDGE('',*,*,#3101,.F.);
#4391=ORIENTED_EDGE('',*,*,#3072,.F.);
#4392=ORIENTED_EDGE('',*,*,#3101,.T.);
#4393=ORIENTED_EDGE('',*,*,#3099,.T.);
#4394=ORIENTED_EDGE('',*,*,#3097,.T.);
#4395=ORIENTED_EDGE('',*,*,#3095,.T.);
#4396=ORIENTED_EDGE('',*,*,#3093,.T.);
#4397=ORIENTED_EDGE('',*,*,#3091,.T.);
#4398=ORIENTED_EDGE('',*,*,#3089,.T.);
#4399=ORIENTED_EDGE('',*,*,#3087,.T.);
#4400=ORIENTED_EDGE('',*,*,#3085,.T.);
#4401=ORIENTED_EDGE('',*,*,#3083,.T.);
#4402=ORIENTED_EDGE('',*,*,#3081,.T.);
#4403=ORIENTED_EDGE('',*,*,#3079,.T.);
#4404=ORIENTED_EDGE('',*,*,#3077,.T.);
#4405=ORIENTED_EDGE('',*,*,#3075,.T.);
#4406=ORIENTED_EDGE('',*,*,#3073,.T.);
#4407=ORIENTED_EDGE('',*,*,#3071,.T.);
#4408=ORIENTED_EDGE('',*,*,#3069,.T.);
#4409=ORIENTED_EDGE('',*,*,#3067,.T.);
#4410=ORIENTED_EDGE('',*,*,#3065,.T.);
#4411=ORIENTED_EDGE('',*,*,#3063,.T.);
#4412=ORIENTED_EDGE('',*,*,#3061,.T.);
#4413=ORIENTED_EDGE('',*,*,#3059,.T.);
#4414=ORIENTED_EDGE('',*,*,#3057,.T.);
#4415=ORIENTED_EDGE('',*,*,#3055,.T.);
#4416=ORIENTED_EDGE('',*,*,#3053,.T.);
#4417=ORIENTED_EDGE('',*,*,#3051,.T.);
#4418=ORIENTED_EDGE('',*,*,#3049,.T.);
#4419=ORIENTED_EDGE('',*,*,#3047,.T.);
#4420=ORIENTED_EDGE('',*,*,#3045,.T.);
#4421=ORIENTED_EDGE('',*,*,#3043,.T.);
#4422=ORIENTED_EDGE('',*,*,#3041,.T.);
#4423=ORIENTED_EDGE('',*,*,#3039,.T.);
#4424=ORIENTED_EDGE('',*,*,#3037,.T.);
#4425=ORIENTED_EDGE('',*,*,#2501,.F.);
#4426=ORIENTED_EDGE('',*,*,#3102,.T.);
#4427=ORIENTED_EDGE('',*,*,#3103,.F.);
#4428=ORIENTED_EDGE('',*,*,#3104,.F.);
#4429=ORIENTED_EDGE('',*,*,#2502,.F.);
#4430=ORIENTED_EDGE('',*,*,#3104,.T.);
#4431=ORIENTED_EDGE('',*,*,#3105,.F.);
#4432=ORIENTED_EDGE('',*,*,#3106,.F.);
#4433=ORIENTED_EDGE('',*,*,#2503,.F.);
#4434=ORIENTED_EDGE('',*,*,#3106,.T.);
#4435=ORIENTED_EDGE('',*,*,#3107,.F.);
#4436=ORIENTED_EDGE('',*,*,#3108,.F.);
#4437=ORIENTED_EDGE('',*,*,#2504,.F.);
#4438=ORIENTED_EDGE('',*,*,#3108,.T.);
#4439=ORIENTED_EDGE('',*,*,#3109,.F.);
#4440=ORIENTED_EDGE('',*,*,#3110,.F.);
#4441=ORIENTED_EDGE('',*,*,#2505,.F.);
#4442=ORIENTED_EDGE('',*,*,#3110,.T.);
#4443=ORIENTED_EDGE('',*,*,#3111,.F.);
#4444=ORIENTED_EDGE('',*,*,#3112,.F.);
#4445=ORIENTED_EDGE('',*,*,#2506,.F.);
#4446=ORIENTED_EDGE('',*,*,#3112,.T.);
#4447=ORIENTED_EDGE('',*,*,#3113,.F.);
#4448=ORIENTED_EDGE('',*,*,#3114,.F.);
#4449=ORIENTED_EDGE('',*,*,#2507,.F.);
#4450=ORIENTED_EDGE('',*,*,#3114,.T.);
#4451=ORIENTED_EDGE('',*,*,#3115,.F.);
#4452=ORIENTED_EDGE('',*,*,#3116,.F.);
#4453=ORIENTED_EDGE('',*,*,#2508,.F.);
#4454=ORIENTED_EDGE('',*,*,#3116,.T.);
#4455=ORIENTED_EDGE('',*,*,#3117,.F.);
#4456=ORIENTED_EDGE('',*,*,#3118,.F.);
#4457=ORIENTED_EDGE('',*,*,#2509,.F.);
#4458=ORIENTED_EDGE('',*,*,#3118,.T.);
#4459=ORIENTED_EDGE('',*,*,#3119,.F.);
#4460=ORIENTED_EDGE('',*,*,#3102,.F.);
#4461=ORIENTED_EDGE('',*,*,#2668,.F.);
#4462=ORIENTED_EDGE('',*,*,#3120,.T.);
#4463=ORIENTED_EDGE('',*,*,#3121,.F.);
#4464=ORIENTED_EDGE('',*,*,#3122,.F.);
#4465=ORIENTED_EDGE('',*,*,#2669,.F.);
#4466=ORIENTED_EDGE('',*,*,#3122,.T.);
#4467=ORIENTED_EDGE('',*,*,#3123,.F.);
#4468=ORIENTED_EDGE('',*,*,#3124,.F.);
#4469=ORIENTED_EDGE('',*,*,#2670,.F.);
#4470=ORIENTED_EDGE('',*,*,#3124,.T.);
#4471=ORIENTED_EDGE('',*,*,#3125,.F.);
#4472=ORIENTED_EDGE('',*,*,#3126,.F.);
#4473=ORIENTED_EDGE('',*,*,#2671,.F.);
#4474=ORIENTED_EDGE('',*,*,#3126,.T.);
#4475=ORIENTED_EDGE('',*,*,#3127,.F.);
#4476=ORIENTED_EDGE('',*,*,#3128,.F.);
#4477=ORIENTED_EDGE('',*,*,#2672,.F.);
#4478=ORIENTED_EDGE('',*,*,#3128,.T.);
#4479=ORIENTED_EDGE('',*,*,#3129,.F.);
#4480=ORIENTED_EDGE('',*,*,#3130,.F.);
#4481=ORIENTED_EDGE('',*,*,#2673,.F.);
#4482=ORIENTED_EDGE('',*,*,#3130,.T.);
#4483=ORIENTED_EDGE('',*,*,#3131,.F.);
#4484=ORIENTED_EDGE('',*,*,#3132,.F.);
#4485=ORIENTED_EDGE('',*,*,#2674,.F.);
#4486=ORIENTED_EDGE('',*,*,#3132,.T.);
#4487=ORIENTED_EDGE('',*,*,#3133,.F.);
#4488=ORIENTED_EDGE('',*,*,#3134,.F.);
#4489=ORIENTED_EDGE('',*,*,#2675,.F.);
#4490=ORIENTED_EDGE('',*,*,#3134,.T.);
#4491=ORIENTED_EDGE('',*,*,#3135,.F.);
#4492=ORIENTED_EDGE('',*,*,#3136,.F.);
#4493=ORIENTED_EDGE('',*,*,#2676,.F.);
#4494=ORIENTED_EDGE('',*,*,#3136,.T.);
#4495=ORIENTED_EDGE('',*,*,#3137,.F.);
#4496=ORIENTED_EDGE('',*,*,#3138,.F.);
#4497=ORIENTED_EDGE('',*,*,#2677,.F.);
#4498=ORIENTED_EDGE('',*,*,#3138,.T.);
#4499=ORIENTED_EDGE('',*,*,#3139,.F.);
#4500=ORIENTED_EDGE('',*,*,#3140,.F.);
#4501=ORIENTED_EDGE('',*,*,#2678,.F.);
#4502=ORIENTED_EDGE('',*,*,#3140,.T.);
#4503=ORIENTED_EDGE('',*,*,#3141,.F.);
#4504=ORIENTED_EDGE('',*,*,#3142,.F.);
#4505=ORIENTED_EDGE('',*,*,#2679,.F.);
#4506=ORIENTED_EDGE('',*,*,#3142,.T.);
#4507=ORIENTED_EDGE('',*,*,#3143,.F.);
#4508=ORIENTED_EDGE('',*,*,#3120,.F.);
#4509=ORIENTED_EDGE('',*,*,#3143,.T.);
#4510=ORIENTED_EDGE('',*,*,#3141,.T.);
#4511=ORIENTED_EDGE('',*,*,#3139,.T.);
#4512=ORIENTED_EDGE('',*,*,#3137,.T.);
#4513=ORIENTED_EDGE('',*,*,#3135,.T.);
#4514=ORIENTED_EDGE('',*,*,#3133,.T.);
#4515=ORIENTED_EDGE('',*,*,#3131,.T.);
#4516=ORIENTED_EDGE('',*,*,#3129,.T.);
#4517=ORIENTED_EDGE('',*,*,#3127,.T.);
#4518=ORIENTED_EDGE('',*,*,#3125,.T.);
#4519=ORIENTED_EDGE('',*,*,#3123,.T.);
#4520=ORIENTED_EDGE('',*,*,#3121,.T.);
#4521=ORIENTED_EDGE('',*,*,#3119,.T.);
#4522=ORIENTED_EDGE('',*,*,#3117,.T.);
#4523=ORIENTED_EDGE('',*,*,#3115,.T.);
#4524=ORIENTED_EDGE('',*,*,#3113,.T.);
#4525=ORIENTED_EDGE('',*,*,#3111,.T.);
#4526=ORIENTED_EDGE('',*,*,#3109,.T.);
#4527=ORIENTED_EDGE('',*,*,#3107,.T.);
#4528=ORIENTED_EDGE('',*,*,#3105,.T.);
#4529=ORIENTED_EDGE('',*,*,#3103,.T.);
#4530=ORIENTED_EDGE('',*,*,#2510,.F.);
#4531=ORIENTED_EDGE('',*,*,#3144,.T.);
#4532=ORIENTED_EDGE('',*,*,#3145,.F.);
#4533=ORIENTED_EDGE('',*,*,#3146,.F.);
#4534=ORIENTED_EDGE('',*,*,#2511,.F.);
#4535=ORIENTED_EDGE('',*,*,#3146,.T.);
#4536=ORIENTED_EDGE('',*,*,#3147,.F.);
#4537=ORIENTED_EDGE('',*,*,#3148,.F.);
#4538=ORIENTED_EDGE('',*,*,#2512,.F.);
#4539=ORIENTED_EDGE('',*,*,#3148,.T.);
#4540=ORIENTED_EDGE('',*,*,#3149,.F.);
#4541=ORIENTED_EDGE('',*,*,#3150,.F.);
#4542=ORIENTED_EDGE('',*,*,#2513,.F.);
#4543=ORIENTED_EDGE('',*,*,#3150,.T.);
#4544=ORIENTED_EDGE('',*,*,#3151,.F.);
#4545=ORIENTED_EDGE('',*,*,#3152,.F.);
#4546=ORIENTED_EDGE('',*,*,#2514,.F.);
#4547=ORIENTED_EDGE('',*,*,#3152,.T.);
#4548=ORIENTED_EDGE('',*,*,#3153,.F.);
#4549=ORIENTED_EDGE('',*,*,#3154,.F.);
#4550=ORIENTED_EDGE('',*,*,#2515,.F.);
#4551=ORIENTED_EDGE('',*,*,#3154,.T.);
#4552=ORIENTED_EDGE('',*,*,#3155,.F.);
#4553=ORIENTED_EDGE('',*,*,#3156,.F.);
#4554=ORIENTED_EDGE('',*,*,#2516,.F.);
#4555=ORIENTED_EDGE('',*,*,#3156,.T.);
#4556=ORIENTED_EDGE('',*,*,#3157,.F.);
#4557=ORIENTED_EDGE('',*,*,#3158,.F.);
#4558=ORIENTED_EDGE('',*,*,#2517,.F.);
#4559=ORIENTED_EDGE('',*,*,#3158,.T.);
#4560=ORIENTED_EDGE('',*,*,#3159,.F.);
#4561=ORIENTED_EDGE('',*,*,#3144,.F.);
#4562=ORIENTED_EDGE('',*,*,#2680,.F.);
#4563=ORIENTED_EDGE('',*,*,#3160,.T.);
#4564=ORIENTED_EDGE('',*,*,#3161,.F.);
#4565=ORIENTED_EDGE('',*,*,#3162,.F.);
#4566=ORIENTED_EDGE('',*,*,#2681,.F.);
#4567=ORIENTED_EDGE('',*,*,#3162,.T.);
#4568=ORIENTED_EDGE('',*,*,#3163,.F.);
#4569=ORIENTED_EDGE('',*,*,#3164,.F.);
#4570=ORIENTED_EDGE('',*,*,#2682,.F.);
#4571=ORIENTED_EDGE('',*,*,#3164,.T.);
#4572=ORIENTED_EDGE('',*,*,#3165,.F.);
#4573=ORIENTED_EDGE('',*,*,#3166,.F.);
#4574=ORIENTED_EDGE('',*,*,#2683,.F.);
#4575=ORIENTED_EDGE('',*,*,#3166,.T.);
#4576=ORIENTED_EDGE('',*,*,#3167,.F.);
#4577=ORIENTED_EDGE('',*,*,#3168,.F.);
#4578=ORIENTED_EDGE('',*,*,#2684,.F.);
#4579=ORIENTED_EDGE('',*,*,#3168,.T.);
#4580=ORIENTED_EDGE('',*,*,#3169,.F.);
#4581=ORIENTED_EDGE('',*,*,#3170,.F.);
#4582=ORIENTED_EDGE('',*,*,#2685,.F.);
#4583=ORIENTED_EDGE('',*,*,#3170,.T.);
#4584=ORIENTED_EDGE('',*,*,#3171,.F.);
#4585=ORIENTED_EDGE('',*,*,#3172,.F.);
#4586=ORIENTED_EDGE('',*,*,#2686,.F.);
#4587=ORIENTED_EDGE('',*,*,#3172,.T.);
#4588=ORIENTED_EDGE('',*,*,#3173,.F.);
#4589=ORIENTED_EDGE('',*,*,#3174,.F.);
#4590=ORIENTED_EDGE('',*,*,#2687,.F.);
#4591=ORIENTED_EDGE('',*,*,#3174,.T.);
#4592=ORIENTED_EDGE('',*,*,#3175,.F.);
#4593=ORIENTED_EDGE('',*,*,#3176,.F.);
#4594=ORIENTED_EDGE('',*,*,#2688,.F.);
#4595=ORIENTED_EDGE('',*,*,#3176,.T.);
#4596=ORIENTED_EDGE('',*,*,#3177,.F.);
#4597=ORIENTED_EDGE('',*,*,#3178,.F.);
#4598=ORIENTED_EDGE('',*,*,#2689,.F.);
#4599=ORIENTED_EDGE('',*,*,#3178,.T.);
#4600=ORIENTED_EDGE('',*,*,#3179,.F.);
#4601=ORIENTED_EDGE('',*,*,#3180,.F.);
#4602=ORIENTED_EDGE('',*,*,#2690,.F.);
#4603=ORIENTED_EDGE('',*,*,#3180,.T.);
#4604=ORIENTED_EDGE('',*,*,#3181,.F.);
#4605=ORIENTED_EDGE('',*,*,#3182,.F.);
#4606=ORIENTED_EDGE('',*,*,#2691,.F.);
#4607=ORIENTED_EDGE('',*,*,#3182,.T.);
#4608=ORIENTED_EDGE('',*,*,#3183,.F.);
#4609=ORIENTED_EDGE('',*,*,#3160,.F.);
#4610=ORIENTED_EDGE('',*,*,#3183,.T.);
#4611=ORIENTED_EDGE('',*,*,#3181,.T.);
#4612=ORIENTED_EDGE('',*,*,#3179,.T.);
#4613=ORIENTED_EDGE('',*,*,#3177,.T.);
#4614=ORIENTED_EDGE('',*,*,#3175,.T.);
#4615=ORIENTED_EDGE('',*,*,#3173,.T.);
#4616=ORIENTED_EDGE('',*,*,#3171,.T.);
#4617=ORIENTED_EDGE('',*,*,#3169,.T.);
#4618=ORIENTED_EDGE('',*,*,#3167,.T.);
#4619=ORIENTED_EDGE('',*,*,#3165,.T.);
#4620=ORIENTED_EDGE('',*,*,#3163,.T.);
#4621=ORIENTED_EDGE('',*,*,#3161,.T.);
#4622=ORIENTED_EDGE('',*,*,#3159,.T.);
#4623=ORIENTED_EDGE('',*,*,#3157,.T.);
#4624=ORIENTED_EDGE('',*,*,#3155,.T.);
#4625=ORIENTED_EDGE('',*,*,#3153,.T.);
#4626=ORIENTED_EDGE('',*,*,#3151,.T.);
#4627=ORIENTED_EDGE('',*,*,#3149,.T.);
#4628=ORIENTED_EDGE('',*,*,#3147,.T.);
#4629=ORIENTED_EDGE('',*,*,#3145,.T.);
#4630=CYLINDRICAL_SURFACE('',#4944,3.90000000000001);
#4631=CYLINDRICAL_SURFACE('',#4996,0.499999999999998);
#4632=CYLINDRICAL_SURFACE('',#4999,0.499999999999998);
#4633=CYLINDRICAL_SURFACE('',#5002,0.499999999999998);
#4634=CYLINDRICAL_SURFACE('',#5005,0.499999999999998);
#4635=CYLINDRICAL_SURFACE('',#5008,0.499999999999998);
#4636=CYLINDRICAL_SURFACE('',#5011,0.499999999999998);
#4637=CYLINDRICAL_SURFACE('',#5014,0.499999999999998);
#4638=CYLINDRICAL_SURFACE('',#5017,0.499999999999998);
#4639=CYLINDRICAL_SURFACE('',#5020,0.500000000000007);
#4640=CYLINDRICAL_SURFACE('',#5023,0.499999999999998);
#4641=CYLINDRICAL_SURFACE('',#5026,0.499999999999989);
#4642=CYLINDRICAL_SURFACE('',#5029,0.499999999999998);
#4643=CYLINDRICAL_SURFACE('',#5032,0.499999999999998);
#4644=CYLINDRICAL_SURFACE('',#5035,0.499999999999998);
#4645=CYLINDRICAL_SURFACE('',#5038,0.499999999999998);
#4646=CYLINDRICAL_SURFACE('',#5041,0.500000000000003);
#4647=CYLINDRICAL_SURFACE('',#5044,0.500000000000007);
#4648=CYLINDRICAL_SURFACE('',#5047,0.499999999999998);
#4649=CYLINDRICAL_SURFACE('',#5050,0.499999999999989);
#4650=CYLINDRICAL_SURFACE('',#5053,0.499999999999998);
#4651=CYLINDRICAL_SURFACE('',#5056,0.499999999999998);
#4652=CYLINDRICAL_SURFACE('',#5059,0.499999999999998);
#4653=CYLINDRICAL_SURFACE('',#5062,0.499999999999998);
#4654=CYLINDRICAL_SURFACE('',#5065,0.500000000000003);
#4655=CYLINDRICAL_SURFACE('',#5068,0.499999999999998);
#4656=CYLINDRICAL_SURFACE('',#5071,0.499999999999998);
#4657=CYLINDRICAL_SURFACE('',#5074,0.499999999999998);
#4658=CYLINDRICAL_SURFACE('',#5077,0.499999999999998);
#4659=CYLINDRICAL_SURFACE('',#5080,0.500000000000007);
#4660=CYLINDRICAL_SURFACE('',#5083,0.499999999999998);
#4661=CYLINDRICAL_SURFACE('',#5086,0.499999999999989);
#4662=CYLINDRICAL_SURFACE('',#5089,0.500000000000003);
#4663=CYLINDRICAL_SURFACE('',#5092,0.499999999999998);
#4664=CYLINDRICAL_SURFACE('',#5095,0.499999999999998);
#4665=CYLINDRICAL_SURFACE('',#5098,0.499999999999998);
#4666=CYLINDRICAL_SURFACE('',#5101,0.499999999999998);
#4667=CYLINDRICAL_SURFACE('',#5116,1.7);
#4668=CYLINDRICAL_SURFACE('',#5118,1.7);
#4669=CYLINDRICAL_SURFACE('',#5120,1.7);
#4670=CYLINDRICAL_SURFACE('',#5122,1.7);
#4671=CYLINDRICAL_SURFACE('',#5124,1.7);
#4672=CYLINDRICAL_SURFACE('',#5126,1.7);
#4673=ADVANCED_FACE('',(#509),#4630,.F.);
#4674=ADVANCED_FACE('',(#510),#408,.F.);
#4675=ADVANCED_FACE('',(#511),#409,.F.);
#4676=ADVANCED_FACE('',(#512),#410,.F.);
#4677=ADVANCED_FACE('',(#513),#411,.F.);
#4678=ADVANCED_FACE('',(#514),#412,.F.);
#4679=ADVANCED_FACE('',(#515),#413,.F.);
#4680=ADVANCED_FACE('',(#516),#414,.F.);
#4681=ADVANCED_FACE('',(#517,#134,#135,#136,#137,#138,#139,#140,#141,#142,
#143,#144,#145,#146,#147,#148,#149,#150),#415,.F.);
#4682=ADVANCED_FACE('',(#518),#416,.F.);
#4683=ADVANCED_FACE('',(#519),#417,.F.);
#4684=ADVANCED_FACE('',(#520),#418,.F.);
#4685=ADVANCED_FACE('',(#521),#419,.F.);
#4686=ADVANCED_FACE('',(#522),#420,.F.);
#4687=ADVANCED_FACE('',(#523),#4631,.F.);
#4688=ADVANCED_FACE('',(#524),#421,.F.);
#4689=ADVANCED_FACE('',(#525),#4632,.F.);
#4690=ADVANCED_FACE('',(#526),#422,.F.);
#4691=ADVANCED_FACE('',(#527),#4633,.F.);
#4692=ADVANCED_FACE('',(#528),#423,.F.);
#4693=ADVANCED_FACE('',(#529),#4634,.F.);
#4694=ADVANCED_FACE('',(#530),#424,.F.);
#4695=ADVANCED_FACE('',(#531),#4635,.F.);
#4696=ADVANCED_FACE('',(#532),#425,.F.);
#4697=ADVANCED_FACE('',(#533),#4636,.F.);
#4698=ADVANCED_FACE('',(#534),#426,.F.);
#4699=ADVANCED_FACE('',(#535),#4637,.F.);
#4700=ADVANCED_FACE('',(#536),#427,.F.);
#4701=ADVANCED_FACE('',(#537),#4638,.F.);
#4702=ADVANCED_FACE('',(#538),#428,.F.);
#4703=ADVANCED_FACE('',(#539),#4639,.F.);
#4704=ADVANCED_FACE('',(#540),#429,.F.);
#4705=ADVANCED_FACE('',(#541),#4640,.F.);
#4706=ADVANCED_FACE('',(#542),#430,.F.);
#4707=ADVANCED_FACE('',(#543),#4641,.F.);
#4708=ADVANCED_FACE('',(#544),#431,.F.);
#4709=ADVANCED_FACE('',(#545),#4642,.F.);
#4710=ADVANCED_FACE('',(#546),#432,.F.);
#4711=ADVANCED_FACE('',(#547),#4643,.F.);
#4712=ADVANCED_FACE('',(#548),#433,.F.);
#4713=ADVANCED_FACE('',(#549),#4644,.F.);
#4714=ADVANCED_FACE('',(#550),#434,.F.);
#4715=ADVANCED_FACE('',(#551),#4645,.F.);
#4716=ADVANCED_FACE('',(#552),#435,.F.);
#4717=ADVANCED_FACE('',(#553),#4646,.F.);
#4718=ADVANCED_FACE('',(#554),#436,.F.);
#4719=ADVANCED_FACE('',(#555),#4647,.F.);
#4720=ADVANCED_FACE('',(#556),#437,.F.);
#4721=ADVANCED_FACE('',(#557),#4648,.F.);
#4722=ADVANCED_FACE('',(#558),#438,.F.);
#4723=ADVANCED_FACE('',(#559),#4649,.F.);
#4724=ADVANCED_FACE('',(#560),#439,.F.);
#4725=ADVANCED_FACE('',(#561),#4650,.F.);
#4726=ADVANCED_FACE('',(#562),#440,.F.);
#4727=ADVANCED_FACE('',(#563),#4651,.F.);
#4728=ADVANCED_FACE('',(#564),#441,.F.);
#4729=ADVANCED_FACE('',(#565),#4652,.F.);
#4730=ADVANCED_FACE('',(#566),#442,.F.);
#4731=ADVANCED_FACE('',(#567),#4653,.F.);
#4732=ADVANCED_FACE('',(#568),#443,.F.);
#4733=ADVANCED_FACE('',(#569),#4654,.F.);
#4734=ADVANCED_FACE('',(#570),#444,.F.);
#4735=ADVANCED_FACE('',(#571),#4655,.F.);
#4736=ADVANCED_FACE('',(#572),#445,.F.);
#4737=ADVANCED_FACE('',(#573),#4656,.F.);
#4738=ADVANCED_FACE('',(#574),#446,.F.);
#4739=ADVANCED_FACE('',(#575),#4657,.F.);
#4740=ADVANCED_FACE('',(#576),#447,.F.);
#4741=ADVANCED_FACE('',(#577),#4658,.F.);
#4742=ADVANCED_FACE('',(#578),#448,.F.);
#4743=ADVANCED_FACE('',(#579),#4659,.F.);
#4744=ADVANCED_FACE('',(#580),#449,.F.);
#4745=ADVANCED_FACE('',(#581),#4660,.F.);
#4746=ADVANCED_FACE('',(#582),#450,.F.);
#4747=ADVANCED_FACE('',(#583),#4661,.F.);
#4748=ADVANCED_FACE('',(#584),#451,.F.);
#4749=ADVANCED_FACE('',(#585),#4662,.F.);
#4750=ADVANCED_FACE('',(#586),#452,.F.);
#4751=ADVANCED_FACE('',(#587),#4663,.F.);
#4752=ADVANCED_FACE('',(#588),#453,.F.);
#4753=ADVANCED_FACE('',(#589),#4664,.F.);
#4754=ADVANCED_FACE('',(#590),#454,.F.);
#4755=ADVANCED_FACE('',(#591),#4665,.F.);
#4756=ADVANCED_FACE('',(#592),#455,.F.);
#4757=ADVANCED_FACE('',(#593),#4666,.F.);
#4758=ADVANCED_FACE('',(#594),#456,.F.);
#4759=ADVANCED_FACE('',(#595),#457,.F.);
#4760=ADVANCED_FACE('',(#596),#458,.F.);
#4761=ADVANCED_FACE('',(#597),#459,.F.);
#4762=ADVANCED_FACE('',(#598),#460,.F.);
#4763=ADVANCED_FACE('',(#599),#461,.F.);
#4764=ADVANCED_FACE('',(#600,#151,#152,#153,#154,#155,#156,#157),#462,.T.);
#4765=ADVANCED_FACE('',(#601),#4667,.F.);
#4766=ADVANCED_FACE('',(#602),#4668,.F.);
#4767=ADVANCED_FACE('',(#603),#4669,.F.);
#4768=ADVANCED_FACE('',(#604),#4670,.F.);
#4769=ADVANCED_FACE('',(#605),#4671,.F.);
#4770=ADVANCED_FACE('',(#606),#4672,.F.);
#4771=ADVANCED_FACE('',(#607),#463,.T.);
#4772=ADVANCED_FACE('',(#608),#464,.T.);
#4773=ADVANCED_FACE('',(#609),#465,.T.);
#4774=ADVANCED_FACE('',(#610),#466,.T.);
#4775=ADVANCED_FACE('',(#611),#467,.T.);
#4776=ADVANCED_FACE('',(#612),#468,.T.);
#4777=ADVANCED_FACE('',(#613,#158,#159,#160,#161,#162,#163,#164,#165,#166,
#167,#168,#169,#170,#171,#172,#173,#174),#469,.F.);
#4778=ADVANCED_FACE('',(#614),#21,.T.);
#4779=ADVANCED_FACE('',(#615),#22,.T.);
#4780=ADVANCED_FACE('',(#616),#23,.T.);
#4781=ADVANCED_FACE('',(#617),#24,.T.);
#4782=ADVANCED_FACE('',(#618),#470,.T.);
#4783=ADVANCED_FACE('',(#619),#471,.T.);
#4784=ADVANCED_FACE('',(#620),#25,.T.);
#4785=ADVANCED_FACE('',(#621),#26,.T.);
#4786=ADVANCED_FACE('',(#622),#27,.T.);
#4787=ADVANCED_FACE('',(#623),#28,.T.);
#4788=ADVANCED_FACE('',(#624),#29,.T.);
#4789=ADVANCED_FACE('',(#625),#30,.T.);
#4790=ADVANCED_FACE('',(#626),#31,.T.);
#4791=ADVANCED_FACE('',(#627),#32,.T.);
#4792=ADVANCED_FACE('',(#628),#472,.T.);
#4793=ADVANCED_FACE('',(#629),#33,.T.);
#4794=ADVANCED_FACE('',(#630),#34,.T.);
#4795=ADVANCED_FACE('',(#631),#35,.T.);
#4796=ADVANCED_FACE('',(#632),#36,.T.);
#4797=ADVANCED_FACE('',(#633,#175),#473,.T.);
#4798=ADVANCED_FACE('',(#634),#37,.T.);
#4799=ADVANCED_FACE('',(#635),#38,.T.);
#4800=ADVANCED_FACE('',(#636),#39,.T.);
#4801=ADVANCED_FACE('',(#637),#40,.T.);
#4802=ADVANCED_FACE('',(#638),#41,.T.);
#4803=ADVANCED_FACE('',(#639),#42,.T.);
#4804=ADVANCED_FACE('',(#640),#43,.T.);
#4805=ADVANCED_FACE('',(#641),#44,.T.);
#4806=ADVANCED_FACE('',(#642),#474,.T.);
#4807=ADVANCED_FACE('',(#643),#475,.T.);
#4808=ADVANCED_FACE('',(#644),#45,.T.);
#4809=ADVANCED_FACE('',(#645),#46,.T.);
#4810=ADVANCED_FACE('',(#646),#47,.T.);
#4811=ADVANCED_FACE('',(#647),#48,.T.);
#4812=ADVANCED_FACE('',(#648),#49,.T.);
#4813=ADVANCED_FACE('',(#649),#476,.T.);
#4814=ADVANCED_FACE('',(#650),#50,.T.);
#4815=ADVANCED_FACE('',(#651),#51,.T.);
#4816=ADVANCED_FACE('',(#652),#477,.T.);
#4817=ADVANCED_FACE('',(#653),#52,.T.);
#4818=ADVANCED_FACE('',(#654),#53,.T.);
#4819=ADVANCED_FACE('',(#655),#54,.T.);
#4820=ADVANCED_FACE('',(#656),#55,.T.);
#4821=ADVANCED_FACE('',(#657),#56,.T.);
#4822=ADVANCED_FACE('',(#658),#57,.T.);
#4823=ADVANCED_FACE('',(#659),#58,.T.);
#4824=ADVANCED_FACE('',(#660),#59,.T.);
#4825=ADVANCED_FACE('',(#661),#60,.T.);
#4826=ADVANCED_FACE('',(#662),#61,.T.);
#4827=ADVANCED_FACE('',(#663),#478,.T.);
#4828=ADVANCED_FACE('',(#664),#62,.T.);
#4829=ADVANCED_FACE('',(#665),#63,.T.);
#4830=ADVANCED_FACE('',(#666),#64,.T.);
#4831=ADVANCED_FACE('',(#667),#65,.T.);
#4832=ADVANCED_FACE('',(#668,#176),#479,.T.);
#4833=ADVANCED_FACE('',(#669),#66,.T.);
#4834=ADVANCED_FACE('',(#670),#67,.T.);
#4835=ADVANCED_FACE('',(#671),#68,.T.);
#4836=ADVANCED_FACE('',(#672),#69,.T.);
#4837=ADVANCED_FACE('',(#673),#480,.T.);
#4838=ADVANCED_FACE('',(#674),#481,.T.);
#4839=ADVANCED_FACE('',(#675),#70,.T.);
#4840=ADVANCED_FACE('',(#676),#71,.T.);
#4841=ADVANCED_FACE('',(#677),#72,.T.);
#4842=ADVANCED_FACE('',(#678),#73,.T.);
#4843=ADVANCED_FACE('',(#679),#74,.T.);
#4844=ADVANCED_FACE('',(#680),#75,.T.);
#4845=ADVANCED_FACE('',(#681),#76,.T.);
#4846=ADVANCED_FACE('',(#682),#77,.T.);
#4847=ADVANCED_FACE('',(#683),#482,.T.);
#4848=ADVANCED_FACE('',(#684),#78,.T.);
#4849=ADVANCED_FACE('',(#685),#79,.T.);
#4850=ADVANCED_FACE('',(#686),#80,.T.);
#4851=ADVANCED_FACE('',(#687),#81,.T.);
#4852=ADVANCED_FACE('',(#688,#177),#483,.T.);
#4853=ADVANCED_FACE('',(#689),#484,.T.);
#4854=ADVANCED_FACE('',(#690),#485,.T.);
#4855=ADVANCED_FACE('',(#691),#82,.T.);
#4856=ADVANCED_FACE('',(#692),#83,.T.);
#4857=ADVANCED_FACE('',(#693),#84,.T.);
#4858=ADVANCED_FACE('',(#694),#85,.T.);
#4859=ADVANCED_FACE('',(#695),#86,.T.);
#4860=ADVANCED_FACE('',(#696),#87,.T.);
#4861=ADVANCED_FACE('',(#697),#486,.T.);
#4862=ADVANCED_FACE('',(#698),#487,.T.);
#4863=ADVANCED_FACE('',(#699),#488,.T.);
#4864=ADVANCED_FACE('',(#700),#88,.T.);
#4865=ADVANCED_FACE('',(#701),#89,.T.);
#4866=ADVANCED_FACE('',(#702),#90,.T.);
#4867=ADVANCED_FACE('',(#703),#91,.T.);
#4868=ADVANCED_FACE('',(#704),#92,.T.);
#4869=ADVANCED_FACE('',(#705),#93,.T.);
#4870=ADVANCED_FACE('',(#706),#489,.T.);
#4871=ADVANCED_FACE('',(#707),#490,.T.);
#4872=ADVANCED_FACE('',(#708),#94,.T.);
#4873=ADVANCED_FACE('',(#709),#95,.T.);
#4874=ADVANCED_FACE('',(#710),#96,.T.);
#4875=ADVANCED_FACE('',(#711),#97,.T.);
#4876=ADVANCED_FACE('',(#712),#98,.T.);
#4877=ADVANCED_FACE('',(#713),#99,.T.);
#4878=ADVANCED_FACE('',(#714),#100,.T.);
#4879=ADVANCED_FACE('',(#715),#101,.T.);
#4880=ADVANCED_FACE('',(#716),#102,.T.);
#4881=ADVANCED_FACE('',(#717),#103,.T.);
#4882=ADVANCED_FACE('',(#718),#104,.T.);
#4883=ADVANCED_FACE('',(#719),#105,.T.);
#4884=ADVANCED_FACE('',(#720),#491,.T.);
#4885=ADVANCED_FACE('',(#721),#492,.T.);
#4886=ADVANCED_FACE('',(#722,#178,#179),#493,.T.);
#4887=ADVANCED_FACE('',(#723),#494,.T.);
#4888=ADVANCED_FACE('',(#724),#495,.T.);
#4889=ADVANCED_FACE('',(#725),#106,.T.);
#4890=ADVANCED_FACE('',(#726),#107,.T.);
#4891=ADVANCED_FACE('',(#727),#108,.T.);
#4892=ADVANCED_FACE('',(#728),#109,.T.);
#4893=ADVANCED_FACE('',(#729),#110,.T.);
#4894=ADVANCED_FACE('',(#730),#111,.T.);
#4895=ADVANCED_FACE('',(#731),#496,.T.);
#4896=ADVANCED_FACE('',(#732),#497,.T.);
#4897=ADVANCED_FACE('',(#733),#498,.T.);
#4898=ADVANCED_FACE('',(#734),#112,.T.);
#4899=ADVANCED_FACE('',(#735),#113,.T.);
#4900=ADVANCED_FACE('',(#736),#114,.T.);
#4901=ADVANCED_FACE('',(#737),#115,.T.);
#4902=ADVANCED_FACE('',(#738),#116,.T.);
#4903=ADVANCED_FACE('',(#739),#117,.T.);
#4904=ADVANCED_FACE('',(#740),#118,.T.);
#4905=ADVANCED_FACE('',(#741),#499,.T.);
#4906=ADVANCED_FACE('',(#742),#500,.T.);
#4907=ADVANCED_FACE('',(#743),#501,.T.);
#4908=ADVANCED_FACE('',(#744,#180),#502,.T.);
#4909=ADVANCED_FACE('',(#745),#119,.T.);
#4910=ADVANCED_FACE('',(#746),#120,.T.);
#4911=ADVANCED_FACE('',(#747),#121,.T.);
#4912=ADVANCED_FACE('',(#748),#122,.T.);
#4913=ADVANCED_FACE('',(#749),#123,.T.);
#4914=ADVANCED_FACE('',(#750),#124,.T.);
#4915=ADVANCED_FACE('',(#751),#125,.T.);
#4916=ADVANCED_FACE('',(#752),#126,.T.);
#4917=ADVANCED_FACE('',(#753),#503,.T.);
#4918=ADVANCED_FACE('',(#754),#504,.T.);
#4919=ADVANCED_FACE('',(#755),#127,.T.);
#4920=ADVANCED_FACE('',(#756),#128,.T.);
#4921=ADVANCED_FACE('',(#757),#129,.T.);
#4922=ADVANCED_FACE('',(#758),#130,.T.);
#4923=ADVANCED_FACE('',(#759),#131,.T.);
#4924=ADVANCED_FACE('',(#760),#132,.T.);
#4925=ADVANCED_FACE('',(#761),#133,.T.);
#4926=ADVANCED_FACE('',(#762),#505,.T.);
#4927=ADVANCED_FACE('',(#763),#506,.T.);
#4928=ADVANCED_FACE('',(#764),#507,.T.);
#4929=ADVANCED_FACE('',(#765,#181),#508,.T.);
#4930=CLOSED_SHELL('',(#4673,#4674,#4675,#4676,#4677,#4678,#4679,#4680,
#4681,#4682,#4683,#4684,#4685,#4686,#4687,#4688,#4689,#4690,#4691,#4692,
#4693,#4694,#4695,#4696,#4697,#4698,#4699,#4700,#4701,#4702,#4703,#4704,
#4705,#4706,#4707,#4708,#4709,#4710,#4711,#4712,#4713,#4714,#4715,#4716,
#4717,#4718,#4719,#4720,#4721,#4722,#4723,#4724,#4725,#4726,#4727,#4728,
#4729,#4730,#4731,#4732,#4733,#4734,#4735,#4736,#4737,#4738,#4739,#4740,
#4741,#4742,#4743,#4744,#4745,#4746,#4747,#4748,#4749,#4750,#4751,#4752,
#4753,#4754,#4755,#4756,#4757,#4758,#4759,#4760,#4761,#4762,#4763,#4764,
#4765,#4766,#4767,#4768,#4769,#4770,#4771,#4772,#4773,#4774,#4775,#4776,
#4777,#4778,#4779,#4780,#4781,#4782,#4783,#4784,#4785,#4786,#4787,#4788,
#4789,#4790,#4791,#4792,#4793,#4794,#4795,#4796,#4797,#4798,#4799,#4800,
#4801,#4802,#4803,#4804,#4805,#4806,#4807,#4808,#4809,#4810,#4811,#4812,
#4813,#4814,#4815,#4816,#4817,#4818,#4819,#4820,#4821,#4822,#4823,#4824,
#4825,#4826,#4827,#4828,#4829,#4830,#4831,#4832,#4833,#4834,#4835,#4836,
#4837,#4838,#4839,#4840,#4841,#4842,#4843,#4844,#4845,#4846,#4847,#4848,
#4849,#4850,#4851,#4852,#4853,#4854,#4855,#4856,#4857,#4858,#4859,#4860,
#4861,#4862,#4863,#4864,#4865,#4866,#4867,#4868,#4869,#4870,#4871,#4872,
#4873,#4874,#4875,#4876,#4877,#4878,#4879,#4880,#4881,#4882,#4883,#4884,
#4885,#4886,#4887,#4888,#4889,#4890,#4891,#4892,#4893,#4894,#4895,#4896,
#4897,#4898,#4899,#4900,#4901,#4902,#4903,#4904,#4905,#4906,#4907,#4908,
#4909,#4910,#4911,#4912,#4913,#4914,#4915,#4916,#4917,#4918,#4919,#4920,
#4921,#4922,#4923,#4924,#4925,#4926,#4927,#4928,#4929));
#4931=DERIVED_UNIT_ELEMENT(#4933,1.);
#4932=DERIVED_UNIT_ELEMENT(#9436,-3.);
#4933=(
MASS_UNIT()
NAMED_UNIT(*)
SI_UNIT(.KILO.,.GRAM.)
);
#4934=DERIVED_UNIT((#4931,#4932));
#4935=MEASURE_REPRESENTATION_ITEM('density measure',
POSITIVE_RATIO_MEASURE(7850.),#4934);
#4936=PROPERTY_DEFINITION_REPRESENTATION(#4941,#4938);
#4937=PROPERTY_DEFINITION_REPRESENTATION(#4942,#4939);
#4938=REPRESENTATION('material name',(#4940),#9433);
#4939=REPRESENTATION('density',(#4935),#9433);
#4940=DESCRIPTIVE_REPRESENTATION_ITEM('Steel','Steel');
#4941=PROPERTY_DEFINITION('material property','material name',#9443);
#4942=PROPERTY_DEFINITION('material property','density of part',#9443);
#4943=AXIS2_PLACEMENT_3D('',#6047,#5174,#5175);
#4944=AXIS2_PLACEMENT_3D('',#6048,#5176,#5177);
#4945=AXIS2_PLACEMENT_3D('',#6050,#5178,#5179);
#4946=AXIS2_PLACEMENT_3D('',#6053,#5181,#5182);
#4947=AXIS2_PLACEMENT_3D('',#6054,#5183,#5184);
#4948=AXIS2_PLACEMENT_3D('',#6081,#5186,#5187);
#4949=AXIS2_PLACEMENT_3D('',#6132,#5189,#5190);
#4950=AXIS2_PLACEMENT_3D('',#6159,#5192,#5193);
#4951=AXIS2_PLACEMENT_3D('',#6202,#5197,#5198);
#4952=AXIS2_PLACEMENT_3D('',#6245,#5202,#5203);
#4953=AXIS2_PLACEMENT_3D('',#6288,#5207,#5208);
#4954=AXIS2_PLACEMENT_3D('',#6337,#5209,#5210);
#4955=AXIS2_PLACEMENT_3D('',#6354,#5218,#5219);
#4956=AXIS2_PLACEMENT_3D('',#6358,#5221,#5222);
#4957=AXIS2_PLACEMENT_3D('',#6362,#5224,#5225);
#4958=AXIS2_PLACEMENT_3D('',#6365,#5227,#5228);
#4959=AXIS2_PLACEMENT_3D('',#6370,#5230,#5231);
#4960=AXIS2_PLACEMENT_3D('',#6374,#5233,#5234);
#4961=AXIS2_PLACEMENT_3D('',#6378,#5236,#5237);
#4962=AXIS2_PLACEMENT_3D('',#6381,#5239,#5240);
#4963=AXIS2_PLACEMENT_3D('',#6386,#5242,#5243);
#4964=AXIS2_PLACEMENT_3D('',#6390,#5245,#5246);
#4965=AXIS2_PLACEMENT_3D('',#6394,#5248,#5249);
#4966=AXIS2_PLACEMENT_3D('',#6397,#5251,#5252);
#4967=AXIS2_PLACEMENT_3D('',#6402,#5254,#5255);
#4968=AXIS2_PLACEMENT_3D('',#6406,#5257,#5258);
#4969=AXIS2_PLACEMENT_3D('',#6410,#5260,#5261);
#4970=AXIS2_PLACEMENT_3D('',#6413,#5263,#5264);
#4971=AXIS2_PLACEMENT_3D('',#6418,#5266,#5267);
#4972=AXIS2_PLACEMENT_3D('',#6422,#5269,#5270);
#4973=AXIS2_PLACEMENT_3D('',#6426,#5272,#5273);
#4974=AXIS2_PLACEMENT_3D('',#6429,#5275,#5276);
#4975=AXIS2_PLACEMENT_3D('',#6434,#5278,#5279);
#4976=AXIS2_PLACEMENT_3D('',#6438,#5281,#5282);
#4977=AXIS2_PLACEMENT_3D('',#6442,#5284,#5285);
#4978=AXIS2_PLACEMENT_3D('',#6445,#5287,#5288);
#4979=AXIS2_PLACEMENT_3D('',#6450,#5290,#5291);
#4980=AXIS2_PLACEMENT_3D('',#6454,#5293,#5294);
#4981=AXIS2_PLACEMENT_3D('',#6458,#5296,#5297);
#4982=AXIS2_PLACEMENT_3D('',#6461,#5299,#5300);
#4983=AXIS2_PLACEMENT_3D('',#6466,#5302,#5303);
#4984=AXIS2_PLACEMENT_3D('',#6470,#5305,#5306);
#4985=AXIS2_PLACEMENT_3D('',#6474,#5308,#5309);
#4986=AXIS2_PLACEMENT_3D('',#6477,#5311,#5312);
#4987=AXIS2_PLACEMENT_3D('',#6482,#5314,#5315);
#4988=AXIS2_PLACEMENT_3D('',#6486,#5317,#5318);
#4989=AXIS2_PLACEMENT_3D('',#6490,#5320,#5321);
#4990=AXIS2_PLACEMENT_3D('',#6493,#5323,#5324);
#4991=AXIS2_PLACEMENT_3D('',#6970,#5350,#5351);
#4992=AXIS2_PLACEMENT_3D('',#6976,#5355,#5356);
#4993=AXIS2_PLACEMENT_3D('',#6980,#5359,#5360);
#4994=AXIS2_PLACEMENT_3D('',#6984,#5363,#5364);
#4995=AXIS2_PLACEMENT_3D('',#6986,#5366,#5367);
#4996=AXIS2_PLACEMENT_3D('',#6992,#5371,#5372);
#4997=AXIS2_PLACEMENT_3D('',#6994,#5373,#5374);
#4998=AXIS2_PLACEMENT_3D('',#6996,#5376,#5377);
#4999=AXIS2_PLACEMENT_3D('',#7000,#5380,#5381);
#5000=AXIS2_PLACEMENT_3D('',#7002,#5382,#5383);
#5001=AXIS2_PLACEMENT_3D('',#7004,#5385,#5386);
#5002=AXIS2_PLACEMENT_3D('',#7008,#5389,#5390);
#5003=AXIS2_PLACEMENT_3D('',#7010,#5391,#5392);
#5004=AXIS2_PLACEMENT_3D('',#7012,#5394,#5395);
#5005=AXIS2_PLACEMENT_3D('',#7016,#5398,#5399);
#5006=AXIS2_PLACEMENT_3D('',#7017,#5400,#5401);
#5007=AXIS2_PLACEMENT_3D('',#7018,#5402,#5403);
#5008=AXIS2_PLACEMENT_3D('',#7024,#5407,#5408);
#5009=AXIS2_PLACEMENT_3D('',#7026,#5409,#5410);
#5010=AXIS2_PLACEMENT_3D('',#7028,#5412,#5413);
#5011=AXIS2_PLACEMENT_3D('',#7032,#5416,#5417);
#5012=AXIS2_PLACEMENT_3D('',#7034,#5418,#5419);
#5013=AXIS2_PLACEMENT_3D('',#7036,#5421,#5422);
#5014=AXIS2_PLACEMENT_3D('',#7040,#5425,#5426);
#5015=AXIS2_PLACEMENT_3D('',#7042,#5427,#5428);
#5016=AXIS2_PLACEMENT_3D('',#7044,#5430,#5431);
#5017=AXIS2_PLACEMENT_3D('',#7048,#5434,#5435);
#5018=AXIS2_PLACEMENT_3D('',#7049,#5436,#5437);
#5019=AXIS2_PLACEMENT_3D('',#7050,#5438,#5439);
#5020=AXIS2_PLACEMENT_3D('',#7056,#5443,#5444);
#5021=AXIS2_PLACEMENT_3D('',#7058,#5445,#5446);
#5022=AXIS2_PLACEMENT_3D('',#7060,#5448,#5449);
#5023=AXIS2_PLACEMENT_3D('',#7064,#5452,#5453);
#5024=AXIS2_PLACEMENT_3D('',#7066,#5454,#5455);
#5025=AXIS2_PLACEMENT_3D('',#7068,#5457,#5458);
#5026=AXIS2_PLACEMENT_3D('',#7072,#5461,#5462);
#5027=AXIS2_PLACEMENT_3D('',#7074,#5463,#5464);
#5028=AXIS2_PLACEMENT_3D('',#7076,#5466,#5467);
#5029=AXIS2_PLACEMENT_3D('',#7080,#5470,#5471);
#5030=AXIS2_PLACEMENT_3D('',#7081,#5472,#5473);
#5031=AXIS2_PLACEMENT_3D('',#7082,#5474,#5475);
#5032=AXIS2_PLACEMENT_3D('',#7088,#5479,#5480);
#5033=AXIS2_PLACEMENT_3D('',#7090,#5481,#5482);
#5034=AXIS2_PLACEMENT_3D('',#7092,#5484,#5485);
#5035=AXIS2_PLACEMENT_3D('',#7096,#5488,#5489);
#5036=AXIS2_PLACEMENT_3D('',#7098,#5490,#5491);
#5037=AXIS2_PLACEMENT_3D('',#7100,#5493,#5494);
#5038=AXIS2_PLACEMENT_3D('',#7104,#5497,#5498);
#5039=AXIS2_PLACEMENT_3D('',#7106,#5499,#5500);
#5040=AXIS2_PLACEMENT_3D('',#7108,#5502,#5503);
#5041=AXIS2_PLACEMENT_3D('',#7112,#5506,#5507);
#5042=AXIS2_PLACEMENT_3D('',#7113,#5508,#5509);
#5043=AXIS2_PLACEMENT_3D('',#7114,#5510,#5511);
#5044=AXIS2_PLACEMENT_3D('',#7120,#5515,#5516);
#5045=AXIS2_PLACEMENT_3D('',#7122,#5517,#5518);
#5046=AXIS2_PLACEMENT_3D('',#7124,#5520,#5521);
#5047=AXIS2_PLACEMENT_3D('',#7128,#5524,#5525);
#5048=AXIS2_PLACEMENT_3D('',#7130,#5526,#5527);
#5049=AXIS2_PLACEMENT_3D('',#7132,#5529,#5530);
#5050=AXIS2_PLACEMENT_3D('',#7136,#5533,#5534);
#5051=AXIS2_PLACEMENT_3D('',#7138,#5535,#5536);
#5052=AXIS2_PLACEMENT_3D('',#7140,#5538,#5539);
#5053=AXIS2_PLACEMENT_3D('',#7144,#5542,#5543);
#5054=AXIS2_PLACEMENT_3D('',#7145,#5544,#5545);
#5055=AXIS2_PLACEMENT_3D('',#7146,#5546,#5547);
#5056=AXIS2_PLACEMENT_3D('',#7152,#5551,#5552);
#5057=AXIS2_PLACEMENT_3D('',#7154,#5553,#5554);
#5058=AXIS2_PLACEMENT_3D('',#7156,#5556,#5557);
#5059=AXIS2_PLACEMENT_3D('',#7160,#5560,#5561);
#5060=AXIS2_PLACEMENT_3D('',#7162,#5562,#5563);
#5061=AXIS2_PLACEMENT_3D('',#7164,#5565,#5566);
#5062=AXIS2_PLACEMENT_3D('',#7168,#5569,#5570);
#5063=AXIS2_PLACEMENT_3D('',#7170,#5571,#5572);
#5064=AXIS2_PLACEMENT_3D('',#7172,#5574,#5575);
#5065=AXIS2_PLACEMENT_3D('',#7176,#5578,#5579);
#5066=AXIS2_PLACEMENT_3D('',#7177,#5580,#5581);
#5067=AXIS2_PLACEMENT_3D('',#7178,#5582,#5583);
#5068=AXIS2_PLACEMENT_3D('',#7184,#5587,#5588);
#5069=AXIS2_PLACEMENT_3D('',#7186,#5589,#5590);
#5070=AXIS2_PLACEMENT_3D('',#7188,#5592,#5593);
#5071=AXIS2_PLACEMENT_3D('',#7192,#5596,#5597);
#5072=AXIS2_PLACEMENT_3D('',#7194,#5598,#5599);
#5073=AXIS2_PLACEMENT_3D('',#7196,#5601,#5602);
#5074=AXIS2_PLACEMENT_3D('',#7200,#5605,#5606);
#5075=AXIS2_PLACEMENT_3D('',#7202,#5607,#5608);
#5076=AXIS2_PLACEMENT_3D('',#7204,#5610,#5611);
#5077=AXIS2_PLACEMENT_3D('',#7208,#5614,#5615);
#5078=AXIS2_PLACEMENT_3D('',#7209,#5616,#5617);
#5079=AXIS2_PLACEMENT_3D('',#7210,#5618,#5619);
#5080=AXIS2_PLACEMENT_3D('',#7216,#5623,#5624);
#5081=AXIS2_PLACEMENT_3D('',#7218,#5625,#5626);
#5082=AXIS2_PLACEMENT_3D('',#7220,#5628,#5629);
#5083=AXIS2_PLACEMENT_3D('',#7224,#5632,#5633);
#5084=AXIS2_PLACEMENT_3D('',#7226,#5634,#5635);
#5085=AXIS2_PLACEMENT_3D('',#7228,#5637,#5638);
#5086=AXIS2_PLACEMENT_3D('',#7232,#5641,#5642);
#5087=AXIS2_PLACEMENT_3D('',#7234,#5643,#5644);
#5088=AXIS2_PLACEMENT_3D('',#7236,#5646,#5647);
#5089=AXIS2_PLACEMENT_3D('',#7240,#5650,#5651);
#5090=AXIS2_PLACEMENT_3D('',#7241,#5652,#5653);
#5091=AXIS2_PLACEMENT_3D('',#7242,#5654,#5655);
#5092=AXIS2_PLACEMENT_3D('',#7248,#5659,#5660);
#5093=AXIS2_PLACEMENT_3D('',#7250,#5661,#5662);
#5094=AXIS2_PLACEMENT_3D('',#7252,#5664,#5665);
#5095=AXIS2_PLACEMENT_3D('',#7256,#5668,#5669);
#5096=AXIS2_PLACEMENT_3D('',#7258,#5670,#5671);
#5097=AXIS2_PLACEMENT_3D('',#7260,#5673,#5674);
#5098=AXIS2_PLACEMENT_3D('',#7264,#5677,#5678);
#5099=AXIS2_PLACEMENT_3D('',#7266,#5679,#5680);
#5100=AXIS2_PLACEMENT_3D('',#7268,#5682,#5683);
#5101=AXIS2_PLACEMENT_3D('',#7272,#5686,#5687);
#5102=AXIS2_PLACEMENT_3D('',#7273,#5688,#5689);
#5103=AXIS2_PLACEMENT_3D('',#7274,#5690,#5691);
#5104=AXIS2_PLACEMENT_3D('',#7280,#5695,#5696);
#5105=AXIS2_PLACEMENT_3D('',#7284,#5699,#5700);
#5106=AXIS2_PLACEMENT_3D('',#7288,#5703,#5704);
#5107=AXIS2_PLACEMENT_3D('',#7292,#5707,#5708);
#5108=AXIS2_PLACEMENT_3D('',#7296,#5711,#5712);
#5109=AXIS2_PLACEMENT_3D('',#7298,#5714,#5715);
#5110=AXIS2_PLACEMENT_3D('',#7312,#5722,#5723);
#5111=AXIS2_PLACEMENT_3D('',#7314,#5724,#5725);
#5112=AXIS2_PLACEMENT_3D('',#7316,#5726,#5727);
#5113=AXIS2_PLACEMENT_3D('',#7318,#5728,#5729);
#5114=AXIS2_PLACEMENT_3D('',#7320,#5730,#5731);
#5115=AXIS2_PLACEMENT_3D('',#7322,#5732,#5733);
#5116=AXIS2_PLACEMENT_3D('',#7323,#5734,#5735);
#5117=AXIS2_PLACEMENT_3D('',#7326,#5737,#5738);
#5118=AXIS2_PLACEMENT_3D('',#7327,#5739,#5740);
#5119=AXIS2_PLACEMENT_3D('',#7330,#5742,#5743);
#5120=AXIS2_PLACEMENT_3D('',#7331,#5744,#5745);
#5121=AXIS2_PLACEMENT_3D('',#7334,#5747,#5748);
#5122=AXIS2_PLACEMENT_3D('',#7335,#5749,#5750);
#5123=AXIS2_PLACEMENT_3D('',#7338,#5752,#5753);
#5124=AXIS2_PLACEMENT_3D('',#7339,#5754,#5755);
#5125=AXIS2_PLACEMENT_3D('',#7342,#5757,#5758);
#5126=AXIS2_PLACEMENT_3D('',#7343,#5759,#5760);
#5127=AXIS2_PLACEMENT_3D('',#7346,#5762,#5763);
#5128=AXIS2_PLACEMENT_3D('',#7347,#5764,#5765);
#5129=AXIS2_PLACEMENT_3D('',#7353,#5769,#5770);
#5130=AXIS2_PLACEMENT_3D('',#7357,#5773,#5774);
#5131=AXIS2_PLACEMENT_3D('',#7361,#5777,#5778);
#5132=AXIS2_PLACEMENT_3D('',#7365,#5781,#5782);
#5133=AXIS2_PLACEMENT_3D('',#7369,#5785,#5786);
#5134=AXIS2_PLACEMENT_3D('',#7371,#5788,#5789);
#5135=AXIS2_PLACEMENT_3D('',#7442,#5795,#5796);
#5136=AXIS2_PLACEMENT_3D('',#7444,#5798,#5799);
#5137=AXIS2_PLACEMENT_3D('',#7586,#5811,#5812);
#5138=AXIS2_PLACEMENT_3D('',#7656,#5818,#5819);
#5139=AXIS2_PLACEMENT_3D('',#7795,#5829,#5830);
#5140=AXIS2_PLACEMENT_3D('',#7797,#5832,#5833);
#5141=AXIS2_PLACEMENT_3D('',#7888,#5842,#5843);
#5142=AXIS2_PLACEMENT_3D('',#7926,#5848,#5849);
#5143=AXIS2_PLACEMENT_3D('',#8100,#5862,#5863);
#5144=AXIS2_PLACEMENT_3D('',#8170,#5869,#5870);
#5145=AXIS2_PLACEMENT_3D('',#8241,#5876,#5877);
#5146=AXIS2_PLACEMENT_3D('',#8243,#5879,#5880);
#5147=AXIS2_PLACEMENT_3D('',#8385,#5892,#5893);
#5148=AXIS2_PLACEMENT_3D('',#8455,#5899,#5900);
#5149=AXIS2_PLACEMENT_3D('',#8456,#5901,#5902);
#5150=AXIS2_PLACEMENT_3D('',#8462,#5906,#5907);
#5151=AXIS2_PLACEMENT_3D('',#8568,#5916,#5917);
#5152=AXIS2_PLACEMENT_3D('',#8570,#5919,#5920);
#5153=AXIS2_PLACEMENT_3D('',#8576,#5924,#5925);
#5154=AXIS2_PLACEMENT_3D('',#8682,#5934,#5935);
#5155=AXIS2_PLACEMENT_3D('',#8684,#5937,#5938);
#5156=AXIS2_PLACEMENT_3D('',#8894,#5954,#5955);
#5157=AXIS2_PLACEMENT_3D('',#8898,#5958,#5959);
#5158=AXIS2_PLACEMENT_3D('',#8900,#5961,#5962);
#5159=AXIS2_PLACEMENT_3D('',#8901,#5963,#5964);
#5160=AXIS2_PLACEMENT_3D('',#8907,#5968,#5969);
#5161=AXIS2_PLACEMENT_3D('',#9013,#5978,#5979);
#5162=AXIS2_PLACEMENT_3D('',#9015,#5981,#5982);
#5163=AXIS2_PLACEMENT_3D('',#9021,#5986,#5987);
#5164=AXIS2_PLACEMENT_3D('',#9144,#5997,#5998);
#5165=AXIS2_PLACEMENT_3D('',#9148,#6001,#6002);
#5166=AXIS2_PLACEMENT_3D('',#9152,#6005,#6006);
#5167=AXIS2_PLACEMENT_3D('',#9154,#6008,#6009);
#5168=AXIS2_PLACEMENT_3D('',#9291,#6018,#6019);
#5169=AXIS2_PLACEMENT_3D('',#9297,#6023,#6024);
#5170=AXIS2_PLACEMENT_3D('',#9420,#6034,#6035);
#5171=AXIS2_PLACEMENT_3D('',#9424,#6038,#6039);
#5172=AXIS2_PLACEMENT_3D('',#9428,#6042,#6043);
#5173=AXIS2_PLACEMENT_3D('',#9430,#6045,#6046);
#5174=DIRECTION('axis',(0.,0.,1.));
#5175=DIRECTION('refdir',(1.,0.,0.));
#5176=DIRECTION('center_axis',(0.,0.,-1.));
#5177=DIRECTION('ref_axis',(1.,0.,0.));
#5178=DIRECTION('center_axis',(0.,0.,-1.));
#5179=DIRECTION('ref_axis',(1.,0.,0.));
#5180=DIRECTION('',(0.,0.,-1.));
#5181=DIRECTION('center_axis',(0.,0.,1.));
#5182=DIRECTION('ref_axis',(1.,0.,0.));
#5183=DIRECTION('center_axis',(0.,0.,-1.));
#5184=DIRECTION('ref_axis',(-1.,0.,0.));
#5185=DIRECTION('',(0.,-1.,0.));
#5186=DIRECTION('center_axis',(0.,0.,-1.));
#5187=DIRECTION('ref_axis',(-1.,0.,0.));
#5188=DIRECTION('',(1.,0.,0.));
#5189=DIRECTION('center_axis',(0.,0.,-1.));
#5190=DIRECTION('ref_axis',(-1.,0.,0.));
#5191=DIRECTION('',(0.,-1.,0.));
#5192=DIRECTION('center_axis',(0.,0.,-1.));
#5193=DIRECTION('ref_axis',(-1.,0.,0.));
#5194=DIRECTION('',(-1.,0.,0.));
#5195=DIRECTION('',(0.,-1.,0.));
#5196=DIRECTION('',(0.,1.,0.));
#5197=DIRECTION('center_axis',(0.,0.,-1.));
#5198=DIRECTION('ref_axis',(-1.,0.,0.));
#5199=DIRECTION('',(-1.,0.,0.));
#5200=DIRECTION('',(0.,-1.,0.));
#5201=DIRECTION('',(0.,1.,0.));
#5202=DIRECTION('center_axis',(0.,0.,-1.));
#5203=DIRECTION('ref_axis',(-1.,0.,0.));
#5204=DIRECTION('',(-1.,0.,0.));
#5205=DIRECTION('',(0.,-1.,0.));
#5206=DIRECTION('',(0.,1.,0.));
#5207=DIRECTION('center_axis',(0.,0.,-1.));
#5208=DIRECTION('ref_axis',(-1.,0.,0.));
#5209=DIRECTION('center_axis',(0.,0.,-1.));
#5210=DIRECTION('ref_axis',(-1.,0.,0.));
#5211=DIRECTION('',(0.,1.,0.));
#5212=DIRECTION('',(-0.868136700244127,0.496325165279013,0.));
#5213=DIRECTION('',(-0.868136700244127,-0.496325165279013,0.));
#5214=DIRECTION('',(-2.00040184617145E-17,-1.,0.));
#5215=DIRECTION('',(0.868136700244127,-0.496325165279013,0.));
#5216=DIRECTION('',(0.868136700244127,0.496325165279013,0.));
#5217=DIRECTION('',(0.,1.,0.));
#5218=DIRECTION('center_axis',(0.,0.,-1.));
#5219=DIRECTION('ref_axis',(0.,1.,0.));
#5220=DIRECTION('',(1.,0.,0.));
#5221=DIRECTION('center_axis',(0.,0.,-1.));
#5222=DIRECTION('ref_axis',(1.,0.,0.));
#5223=DIRECTION('',(0.,-1.,0.));
#5224=DIRECTION('center_axis',(0.,0.,-1.));
#5225=DIRECTION('ref_axis',(0.,-1.,0.));
#5226=DIRECTION('',(-1.,0.,0.));
#5227=DIRECTION('center_axis',(0.,0.,-1.));
#5228=DIRECTION('ref_axis',(-1.,0.,0.));
#5229=DIRECTION('',(0.,1.,0.));
#5230=DIRECTION('center_axis',(0.,0.,-1.));
#5231=DIRECTION('ref_axis',(0.,1.,0.));
#5232=DIRECTION('',(1.,0.,0.));
#5233=DIRECTION('center_axis',(0.,0.,-1.));
#5234=DIRECTION('ref_axis',(1.,0.,0.));
#5235=DIRECTION('',(0.,-1.,0.));
#5236=DIRECTION('center_axis',(0.,0.,-1.));
#5237=DIRECTION('ref_axis',(0.,-1.,0.));
#5238=DIRECTION('',(-1.,0.,0.));
#5239=DIRECTION('center_axis',(0.,0.,-1.));
#5240=DIRECTION('ref_axis',(-1.,0.,0.));
#5241=DIRECTION('',(0.,1.,0.));
#5242=DIRECTION('center_axis',(0.,0.,-1.));
#5243=DIRECTION('ref_axis',(0.,1.,0.));
#5244=DIRECTION('',(1.,0.,0.));
#5245=DIRECTION('center_axis',(0.,0.,-1.));
#5246=DIRECTION('ref_axis',(1.,0.,0.));
#5247=DIRECTION('',(0.,-1.,0.));
#5248=DIRECTION('center_axis',(0.,0.,-1.));
#5249=DIRECTION('ref_axis',(0.,-1.,0.));
#5250=DIRECTION('',(-1.,0.,0.));
#5251=DIRECTION('center_axis',(0.,0.,-1.));
#5252=DIRECTION('ref_axis',(-1.,0.,0.));
#5253=DIRECTION('',(0.,1.,0.));
#5254=DIRECTION('center_axis',(0.,0.,-1.));
#5255=DIRECTION('ref_axis',(0.,1.,0.));
#5256=DIRECTION('',(1.,0.,0.));
#5257=DIRECTION('center_axis',(0.,0.,-1.));
#5258=DIRECTION('ref_axis',(1.,0.,0.));
#5259=DIRECTION('',(0.,-1.,0.));
#5260=DIRECTION('center_axis',(0.,0.,-1.));
#5261=DIRECTION('ref_axis',(0.,-1.,0.));
#5262=DIRECTION('',(-1.,0.,0.));
#5263=DIRECTION('center_axis',(0.,0.,-1.));
#5264=DIRECTION('ref_axis',(-1.,0.,0.));
#5265=DIRECTION('',(0.,1.,0.));
#5266=DIRECTION('center_axis',(0.,0.,-1.));
#5267=DIRECTION('ref_axis',(0.,1.,0.));
#5268=DIRECTION('',(1.,0.,0.));
#5269=DIRECTION('center_axis',(0.,0.,-1.));
#5270=DIRECTION('ref_axis',(1.,0.,0.));
#5271=DIRECTION('',(0.,-1.,0.));
#5272=DIRECTION('center_axis',(0.,0.,-1.));
#5273=DIRECTION('ref_axis',(0.,-1.,0.));
#5274=DIRECTION('',(-1.,0.,0.));
#5275=DIRECTION('center_axis',(0.,0.,-1.));
#5276=DIRECTION('ref_axis',(-1.,0.,0.));
#5277=DIRECTION('',(0.,1.,0.));
#5278=DIRECTION('center_axis',(0.,0.,-1.));
#5279=DIRECTION('ref_axis',(0.,1.,0.));
#5280=DIRECTION('',(1.,0.,0.));
#5281=DIRECTION('center_axis',(0.,0.,-1.));
#5282=DIRECTION('ref_axis',(1.,0.,0.));
#5283=DIRECTION('',(0.,-1.,0.));
#5284=DIRECTION('center_axis',(0.,0.,-1.));
#5285=DIRECTION('ref_axis',(0.,-1.,0.));
#5286=DIRECTION('',(-1.,0.,0.));
#5287=DIRECTION('center_axis',(0.,0.,-1.));
#5288=DIRECTION('ref_axis',(-1.,0.,0.));
#5289=DIRECTION('',(0.,1.,0.));
#5290=DIRECTION('center_axis',(0.,0.,-1.));
#5291=DIRECTION('ref_axis',(0.,1.,0.));
#5292=DIRECTION('',(1.,0.,0.));
#5293=DIRECTION('center_axis',(0.,0.,-1.));
#5294=DIRECTION('ref_axis',(1.,0.,0.));
#5295=DIRECTION('',(0.,-1.,0.));
#5296=DIRECTION('center_axis',(0.,0.,-1.));
#5297=DIRECTION('ref_axis',(0.,-1.,0.));
#5298=DIRECTION('',(-1.,0.,0.));
#5299=DIRECTION('center_axis',(0.,0.,-1.));
#5300=DIRECTION('ref_axis',(-1.,0.,0.));
#5301=DIRECTION('',(0.,1.,0.));
#5302=DIRECTION('center_axis',(0.,0.,-1.));
#5303=DIRECTION('ref_axis',(0.,1.,0.));
#5304=DIRECTION('',(1.,0.,0.));
#5305=DIRECTION('center_axis',(0.,0.,-1.));
#5306=DIRECTION('ref_axis',(1.,0.,0.));
#5307=DIRECTION('',(0.,-1.,0.));
#5308=DIRECTION('center_axis',(0.,0.,-1.));
#5309=DIRECTION('ref_axis',(0.,-1.,0.));
#5310=DIRECTION('',(-1.,0.,0.));
#5311=DIRECTION('center_axis',(0.,0.,-1.));
#5312=DIRECTION('ref_axis',(-1.,0.,0.));
#5313=DIRECTION('',(0.,1.,0.));
#5314=DIRECTION('center_axis',(0.,0.,-1.));
#5315=DIRECTION('ref_axis',(0.,1.,0.));
#5316=DIRECTION('',(1.,0.,0.));
#5317=DIRECTION('center_axis',(0.,0.,-1.));
#5318=DIRECTION('ref_axis',(1.,0.,0.));
#5319=DIRECTION('',(0.,-1.,0.));
#5320=DIRECTION('center_axis',(0.,0.,-1.));
#5321=DIRECTION('ref_axis',(0.,-1.,0.));
#5322=DIRECTION('',(-1.,0.,0.));
#5323=DIRECTION('center_axis',(0.,0.,-1.));
#5324=DIRECTION('ref_axis',(-1.,0.,0.));
#5325=DIRECTION('',(1.,0.,0.));
#5326=DIRECTION('',(0.,-1.,0.));
#5327=DIRECTION('',(-1.,0.,0.));
#5328=DIRECTION('',(0.,1.,0.));
#5329=DIRECTION('',(-0.165541425089047,-0.986202837442424,0.));
#5330=DIRECTION('',(0.,1.,0.));
#5331=DIRECTION('',(0.177527133544712,0.984115906209933,0.));
#5332=DIRECTION('',(-0.999958179804835,0.00914541641482935,0.));
#5333=DIRECTION('',(0.,1.,0.));
#5334=DIRECTION('',(1.,0.,0.));
#5335=DIRECTION('',(-0.165541425089047,-0.986202837442424,0.));
#5336=DIRECTION('',(0.,1.,0.));
#5337=DIRECTION('',(0.,-1.,0.));
#5338=DIRECTION('',(0.,1.,0.));
#5339=DIRECTION('',(1.,0.,0.));
#5340=DIRECTION('',(1.,0.,0.));
#5341=DIRECTION('',(0.,-1.,0.));
#5342=DIRECTION('',(0.,1.,0.));
#5343=DIRECTION('',(-1.,0.,0.));
#5344=DIRECTION('',(0.,1.,0.));
#5345=DIRECTION('',(0.,1.,0.));
#5346=DIRECTION('',(1.,0.,0.));
#5347=DIRECTION('',(1.,0.,0.));
#5348=DIRECTION('',(0.,-1.,0.));
#5349=DIRECTION('',(-1.,0.,0.));
#5350=DIRECTION('center_axis',(0.,-1.,0.));
#5351=DIRECTION('ref_axis',(-1.,0.,0.));
#5352=DIRECTION('',(1.,0.,0.));
#5353=DIRECTION('',(0.,0.,-1.));
#5354=DIRECTION('',(0.,0.,-1.));
#5355=DIRECTION('center_axis',(1.,0.,0.));
#5356=DIRECTION('ref_axis',(0.,-1.,0.));
#5357=DIRECTION('',(0.,1.,0.));
#5358=DIRECTION('',(0.,0.,-1.));
#5359=DIRECTION('center_axis',(0.,1.,0.));
#5360=DIRECTION('ref_axis',(1.,0.,0.));
#5361=DIRECTION('',(-1.,0.,0.));
#5362=DIRECTION('',(0.,0.,-1.));
#5363=DIRECTION('center_axis',(-1.,0.,0.));
#5364=DIRECTION('ref_axis',(0.,1.,0.));
#5365=DIRECTION('',(0.,-1.,0.));
#5366=DIRECTION('center_axis',(1.,0.,0.));
#5367=DIRECTION('ref_axis',(0.,-1.,0.));
#5368=DIRECTION('',(0.,1.,0.));
#5369=DIRECTION('',(0.,0.,-1.));
#5370=DIRECTION('',(0.,0.,-1.));
#5371=DIRECTION('center_axis',(0.,0.,-1.));
#5372=DIRECTION('ref_axis',(1.,0.,0.));
#5373=DIRECTION('center_axis',(0.,0.,1.));
#5374=DIRECTION('ref_axis',(1.,0.,0.));
#5375=DIRECTION('',(0.,0.,-1.));
#5376=DIRECTION('center_axis',(0.,1.,0.));
#5377=DIRECTION('ref_axis',(1.,0.,0.));
#5378=DIRECTION('',(-1.,0.,0.));
#5379=DIRECTION('',(0.,0.,-1.));
#5380=DIRECTION('center_axis',(0.,0.,-1.));
#5381=DIRECTION('ref_axis',(0.,1.,0.));
#5382=DIRECTION('center_axis',(0.,0.,1.));
#5383=DIRECTION('ref_axis',(0.,1.,0.));
#5384=DIRECTION('',(0.,0.,-1.));
#5385=DIRECTION('center_axis',(-1.,0.,0.));
#5386=DIRECTION('ref_axis',(0.,1.,0.));
#5387=DIRECTION('',(0.,-1.,0.));
#5388=DIRECTION('',(0.,0.,-1.));
#5389=DIRECTION('center_axis',(0.,0.,-1.));
#5390=DIRECTION('ref_axis',(-1.,0.,0.));
#5391=DIRECTION('center_axis',(0.,0.,1.));
#5392=DIRECTION('ref_axis',(-1.,0.,0.));
#5393=DIRECTION('',(0.,0.,-1.));
#5394=DIRECTION('center_axis',(0.,-1.,0.));
#5395=DIRECTION('ref_axis',(-1.,0.,0.));
#5396=DIRECTION('',(1.,0.,0.));
#5397=DIRECTION('',(0.,0.,-1.));
#5398=DIRECTION('center_axis',(0.,0.,-1.));
#5399=DIRECTION('ref_axis',(0.,-1.,0.));
#5400=DIRECTION('center_axis',(0.,0.,1.));
#5401=DIRECTION('ref_axis',(0.,-1.,0.));
#5402=DIRECTION('center_axis',(1.,0.,0.));
#5403=DIRECTION('ref_axis',(0.,-1.,0.));
#5404=DIRECTION('',(0.,1.,0.));
#5405=DIRECTION('',(0.,0.,-1.));
#5406=DIRECTION('',(0.,0.,-1.));
#5407=DIRECTION('center_axis',(0.,0.,-1.));
#5408=DIRECTION('ref_axis',(1.,0.,0.));
#5409=DIRECTION('center_axis',(0.,0.,1.));
#5410=DIRECTION('ref_axis',(1.,0.,0.));
#5411=DIRECTION('',(0.,0.,-1.));
#5412=DIRECTION('center_axis',(0.,1.,0.));
#5413=DIRECTION('ref_axis',(1.,0.,0.));
#5414=DIRECTION('',(-1.,0.,0.));
#5415=DIRECTION('',(0.,0.,-1.));
#5416=DIRECTION('center_axis',(0.,0.,-1.));
#5417=DIRECTION('ref_axis',(0.,1.,0.));
#5418=DIRECTION('center_axis',(0.,0.,1.));
#5419=DIRECTION('ref_axis',(0.,1.,0.));
#5420=DIRECTION('',(0.,0.,-1.));
#5421=DIRECTION('center_axis',(-1.,0.,0.));
#5422=DIRECTION('ref_axis',(0.,1.,0.));
#5423=DIRECTION('',(0.,-1.,0.));
#5424=DIRECTION('',(0.,0.,-1.));
#5425=DIRECTION('center_axis',(0.,0.,-1.));
#5426=DIRECTION('ref_axis',(-1.,0.,0.));
#5427=DIRECTION('center_axis',(0.,0.,1.));
#5428=DIRECTION('ref_axis',(-1.,0.,0.));
#5429=DIRECTION('',(0.,0.,-1.));
#5430=DIRECTION('center_axis',(0.,-1.,0.));
#5431=DIRECTION('ref_axis',(-1.,0.,0.));
#5432=DIRECTION('',(1.,0.,0.));
#5433=DIRECTION('',(0.,0.,-1.));
#5434=DIRECTION('center_axis',(0.,0.,-1.));
#5435=DIRECTION('ref_axis',(0.,-1.,0.));
#5436=DIRECTION('center_axis',(0.,0.,1.));
#5437=DIRECTION('ref_axis',(0.,-1.,0.));
#5438=DIRECTION('center_axis',(1.,0.,0.));
#5439=DIRECTION('ref_axis',(0.,-1.,0.));
#5440=DIRECTION('',(0.,1.,0.));
#5441=DIRECTION('',(0.,0.,-1.));
#5442=DIRECTION('',(0.,0.,-1.));
#5443=DIRECTION('center_axis',(0.,0.,-1.));
#5444=DIRECTION('ref_axis',(1.,0.,0.));
#5445=DIRECTION('center_axis',(0.,0.,1.));
#5446=DIRECTION('ref_axis',(1.,0.,0.));
#5447=DIRECTION('',(0.,0.,-1.));
#5448=DIRECTION('center_axis',(0.,1.,0.));
#5449=DIRECTION('ref_axis',(1.,0.,0.));
#5450=DIRECTION('',(-1.,0.,0.));
#5451=DIRECTION('',(0.,0.,-1.));
#5452=DIRECTION('center_axis',(0.,0.,-1.));
#5453=DIRECTION('ref_axis',(0.,1.,0.));
#5454=DIRECTION('center_axis',(0.,0.,1.));
#5455=DIRECTION('ref_axis',(0.,1.,0.));
#5456=DIRECTION('',(0.,0.,-1.));
#5457=DIRECTION('center_axis',(-1.,0.,0.));
#5458=DIRECTION('ref_axis',(0.,1.,0.));
#5459=DIRECTION('',(0.,-1.,0.));
#5460=DIRECTION('',(0.,0.,-1.));
#5461=DIRECTION('center_axis',(0.,0.,-1.));
#5462=DIRECTION('ref_axis',(-1.,0.,0.));
#5463=DIRECTION('center_axis',(0.,0.,1.));
#5464=DIRECTION('ref_axis',(-1.,0.,0.));
#5465=DIRECTION('',(0.,0.,-1.));
#5466=DIRECTION('center_axis',(0.,-1.,0.));
#5467=DIRECTION('ref_axis',(-1.,0.,0.));
#5468=DIRECTION('',(1.,0.,0.));
#5469=DIRECTION('',(0.,0.,-1.));
#5470=DIRECTION('center_axis',(0.,0.,-1.));
#5471=DIRECTION('ref_axis',(0.,-1.,0.));
#5472=DIRECTION('center_axis',(0.,0.,1.));
#5473=DIRECTION('ref_axis',(0.,-1.,0.));
#5474=DIRECTION('center_axis',(1.,0.,0.));
#5475=DIRECTION('ref_axis',(0.,-1.,0.));
#5476=DIRECTION('',(0.,1.,0.));
#5477=DIRECTION('',(0.,0.,-1.));
#5478=DIRECTION('',(0.,0.,-1.));
#5479=DIRECTION('center_axis',(0.,0.,-1.));
#5480=DIRECTION('ref_axis',(1.,0.,0.));
#5481=DIRECTION('center_axis',(0.,0.,1.));
#5482=DIRECTION('ref_axis',(1.,0.,0.));
#5483=DIRECTION('',(0.,0.,-1.));
#5484=DIRECTION('center_axis',(0.,1.,0.));
#5485=DIRECTION('ref_axis',(1.,0.,0.));
#5486=DIRECTION('',(-1.,0.,0.));
#5487=DIRECTION('',(0.,0.,-1.));
#5488=DIRECTION('center_axis',(0.,0.,-1.));
#5489=DIRECTION('ref_axis',(0.,1.,0.));
#5490=DIRECTION('center_axis',(0.,0.,1.));
#5491=DIRECTION('ref_axis',(0.,1.,0.));
#5492=DIRECTION('',(0.,0.,-1.));
#5493=DIRECTION('center_axis',(-1.,0.,0.));
#5494=DIRECTION('ref_axis',(0.,1.,0.));
#5495=DIRECTION('',(0.,-1.,0.));
#5496=DIRECTION('',(0.,0.,-1.));
#5497=DIRECTION('center_axis',(0.,0.,-1.));
#5498=DIRECTION('ref_axis',(-1.,0.,0.));
#5499=DIRECTION('center_axis',(0.,0.,1.));
#5500=DIRECTION('ref_axis',(-1.,0.,0.));
#5501=DIRECTION('',(0.,0.,-1.));
#5502=DIRECTION('center_axis',(0.,-1.,0.));
#5503=DIRECTION('ref_axis',(-1.,0.,0.));
#5504=DIRECTION('',(1.,0.,0.));
#5505=DIRECTION('',(0.,0.,-1.));
#5506=DIRECTION('center_axis',(0.,0.,-1.));
#5507=DIRECTION('ref_axis',(0.,-1.,0.));
#5508=DIRECTION('center_axis',(0.,0.,1.));
#5509=DIRECTION('ref_axis',(0.,-1.,0.));
#5510=DIRECTION('center_axis',(1.,0.,0.));
#5511=DIRECTION('ref_axis',(0.,-1.,0.));
#5512=DIRECTION('',(0.,1.,0.));
#5513=DIRECTION('',(0.,0.,-1.));
#5514=DIRECTION('',(0.,0.,-1.));
#5515=DIRECTION('center_axis',(0.,0.,-1.));
#5516=DIRECTION('ref_axis',(1.,0.,0.));
#5517=DIRECTION('center_axis',(0.,0.,1.));
#5518=DIRECTION('ref_axis',(1.,0.,0.));
#5519=DIRECTION('',(0.,0.,-1.));
#5520=DIRECTION('center_axis',(0.,1.,0.));
#5521=DIRECTION('ref_axis',(1.,0.,0.));
#5522=DIRECTION('',(-1.,0.,0.));
#5523=DIRECTION('',(0.,0.,-1.));
#5524=DIRECTION('center_axis',(0.,0.,-1.));
#5525=DIRECTION('ref_axis',(0.,1.,0.));
#5526=DIRECTION('center_axis',(0.,0.,1.));
#5527=DIRECTION('ref_axis',(0.,1.,0.));
#5528=DIRECTION('',(0.,0.,-1.));
#5529=DIRECTION('center_axis',(-1.,0.,0.));
#5530=DIRECTION('ref_axis',(0.,1.,0.));
#5531=DIRECTION('',(0.,-1.,0.));
#5532=DIRECTION('',(0.,0.,-1.));
#5533=DIRECTION('center_axis',(0.,0.,-1.));
#5534=DIRECTION('ref_axis',(-1.,0.,0.));
#5535=DIRECTION('center_axis',(0.,0.,1.));
#5536=DIRECTION('ref_axis',(-1.,0.,0.));
#5537=DIRECTION('',(0.,0.,-1.));
#5538=DIRECTION('center_axis',(0.,-1.,0.));
#5539=DIRECTION('ref_axis',(-1.,0.,0.));
#5540=DIRECTION('',(1.,0.,0.));
#5541=DIRECTION('',(0.,0.,-1.));
#5542=DIRECTION('center_axis',(0.,0.,-1.));
#5543=DIRECTION('ref_axis',(0.,-1.,0.));
#5544=DIRECTION('center_axis',(0.,0.,1.));
#5545=DIRECTION('ref_axis',(0.,-1.,0.));
#5546=DIRECTION('center_axis',(1.,0.,0.));
#5547=DIRECTION('ref_axis',(0.,-1.,0.));
#5548=DIRECTION('',(0.,1.,0.));
#5549=DIRECTION('',(0.,0.,-1.));
#5550=DIRECTION('',(0.,0.,-1.));
#5551=DIRECTION('center_axis',(0.,0.,-1.));
#5552=DIRECTION('ref_axis',(1.,0.,0.));
#5553=DIRECTION('center_axis',(0.,0.,1.));
#5554=DIRECTION('ref_axis',(1.,0.,0.));
#5555=DIRECTION('',(0.,0.,-1.));
#5556=DIRECTION('center_axis',(0.,1.,0.));
#5557=DIRECTION('ref_axis',(1.,0.,0.));
#5558=DIRECTION('',(-1.,0.,0.));
#5559=DIRECTION('',(0.,0.,-1.));
#5560=DIRECTION('center_axis',(0.,0.,-1.));
#5561=DIRECTION('ref_axis',(0.,1.,0.));
#5562=DIRECTION('center_axis',(0.,0.,1.));
#5563=DIRECTION('ref_axis',(0.,1.,0.));
#5564=DIRECTION('',(0.,0.,-1.));
#5565=DIRECTION('center_axis',(-1.,0.,0.));
#5566=DIRECTION('ref_axis',(0.,1.,0.));
#5567=DIRECTION('',(0.,-1.,0.));
#5568=DIRECTION('',(0.,0.,-1.));
#5569=DIRECTION('center_axis',(0.,0.,-1.));
#5570=DIRECTION('ref_axis',(-1.,0.,0.));
#5571=DIRECTION('center_axis',(0.,0.,1.));
#5572=DIRECTION('ref_axis',(-1.,0.,0.));
#5573=DIRECTION('',(0.,0.,-1.));
#5574=DIRECTION('center_axis',(0.,-1.,0.));
#5575=DIRECTION('ref_axis',(-1.,0.,0.));
#5576=DIRECTION('',(1.,0.,0.));
#5577=DIRECTION('',(0.,0.,-1.));
#5578=DIRECTION('center_axis',(0.,0.,-1.));
#5579=DIRECTION('ref_axis',(0.,-1.,0.));
#5580=DIRECTION('center_axis',(0.,0.,1.));
#5581=DIRECTION('ref_axis',(0.,-1.,0.));
#5582=DIRECTION('center_axis',(1.,0.,0.));
#5583=DIRECTION('ref_axis',(0.,-1.,0.));
#5584=DIRECTION('',(0.,1.,0.));
#5585=DIRECTION('',(0.,0.,-1.));
#5586=DIRECTION('',(0.,0.,-1.));
#5587=DIRECTION('center_axis',(0.,0.,-1.));
#5588=DIRECTION('ref_axis',(1.,0.,0.));
#5589=DIRECTION('center_axis',(0.,0.,1.));
#5590=DIRECTION('ref_axis',(1.,0.,0.));
#5591=DIRECTION('',(0.,0.,-1.));
#5592=DIRECTION('center_axis',(0.,1.,0.));
#5593=DIRECTION('ref_axis',(1.,0.,0.));
#5594=DIRECTION('',(-1.,0.,0.));
#5595=DIRECTION('',(0.,0.,-1.));
#5596=DIRECTION('center_axis',(0.,0.,-1.));
#5597=DIRECTION('ref_axis',(0.,1.,0.));
#5598=DIRECTION('center_axis',(0.,0.,1.));
#5599=DIRECTION('ref_axis',(0.,1.,0.));
#5600=DIRECTION('',(0.,0.,-1.));
#5601=DIRECTION('center_axis',(-1.,0.,0.));
#5602=DIRECTION('ref_axis',(0.,1.,0.));
#5603=DIRECTION('',(0.,-1.,0.));
#5604=DIRECTION('',(0.,0.,-1.));
#5605=DIRECTION('center_axis',(0.,0.,-1.));
#5606=DIRECTION('ref_axis',(-1.,0.,0.));
#5607=DIRECTION('center_axis',(0.,0.,1.));
#5608=DIRECTION('ref_axis',(-1.,0.,0.));
#5609=DIRECTION('',(0.,0.,-1.));
#5610=DIRECTION('center_axis',(0.,-1.,0.));
#5611=DIRECTION('ref_axis',(-1.,0.,0.));
#5612=DIRECTION('',(1.,0.,0.));
#5613=DIRECTION('',(0.,0.,-1.));
#5614=DIRECTION('center_axis',(0.,0.,-1.));
#5615=DIRECTION('ref_axis',(0.,-1.,0.));
#5616=DIRECTION('center_axis',(0.,0.,1.));
#5617=DIRECTION('ref_axis',(0.,-1.,0.));
#5618=DIRECTION('center_axis',(1.,0.,0.));
#5619=DIRECTION('ref_axis',(0.,-1.,0.));
#5620=DIRECTION('',(0.,1.,0.));
#5621=DIRECTION('',(0.,0.,-1.));
#5622=DIRECTION('',(0.,0.,-1.));
#5623=DIRECTION('center_axis',(0.,0.,-1.));
#5624=DIRECTION('ref_axis',(1.,0.,0.));
#5625=DIRECTION('center_axis',(0.,0.,1.));
#5626=DIRECTION('ref_axis',(1.,0.,0.));
#5627=DIRECTION('',(0.,0.,-1.));
#5628=DIRECTION('center_axis',(0.,1.,0.));
#5629=DIRECTION('ref_axis',(1.,0.,0.));
#5630=DIRECTION('',(-1.,0.,0.));
#5631=DIRECTION('',(0.,0.,-1.));
#5632=DIRECTION('center_axis',(0.,0.,-1.));
#5633=DIRECTION('ref_axis',(0.,1.,0.));
#5634=DIRECTION('center_axis',(0.,0.,1.));
#5635=DIRECTION('ref_axis',(0.,1.,0.));
#5636=DIRECTION('',(0.,0.,-1.));
#5637=DIRECTION('center_axis',(-1.,0.,0.));
#5638=DIRECTION('ref_axis',(0.,1.,0.));
#5639=DIRECTION('',(0.,-1.,0.));
#5640=DIRECTION('',(0.,0.,-1.));
#5641=DIRECTION('center_axis',(0.,0.,-1.));
#5642=DIRECTION('ref_axis',(-1.,0.,0.));
#5643=DIRECTION('center_axis',(0.,0.,1.));
#5644=DIRECTION('ref_axis',(-1.,0.,0.));
#5645=DIRECTION('',(0.,0.,-1.));
#5646=DIRECTION('center_axis',(0.,-1.,0.));
#5647=DIRECTION('ref_axis',(-1.,0.,0.));
#5648=DIRECTION('',(1.,0.,0.));
#5649=DIRECTION('',(0.,0.,-1.));
#5650=DIRECTION('center_axis',(0.,0.,-1.));
#5651=DIRECTION('ref_axis',(0.,-1.,0.));
#5652=DIRECTION('center_axis',(0.,0.,1.));
#5653=DIRECTION('ref_axis',(0.,-1.,0.));
#5654=DIRECTION('center_axis',(1.,0.,0.));
#5655=DIRECTION('ref_axis',(0.,-1.,0.));
#5656=DIRECTION('',(0.,1.,0.));
#5657=DIRECTION('',(0.,0.,-1.));
#5658=DIRECTION('',(0.,0.,-1.));
#5659=DIRECTION('center_axis',(0.,0.,-1.));
#5660=DIRECTION('ref_axis',(1.,0.,0.));
#5661=DIRECTION('center_axis',(0.,0.,1.));
#5662=DIRECTION('ref_axis',(1.,0.,0.));
#5663=DIRECTION('',(0.,0.,-1.));
#5664=DIRECTION('center_axis',(0.,1.,0.));
#5665=DIRECTION('ref_axis',(1.,0.,0.));
#5666=DIRECTION('',(-1.,0.,0.));
#5667=DIRECTION('',(0.,0.,-1.));
#5668=DIRECTION('center_axis',(0.,0.,-1.));
#5669=DIRECTION('ref_axis',(0.,1.,0.));
#5670=DIRECTION('center_axis',(0.,0.,1.));
#5671=DIRECTION('ref_axis',(0.,1.,0.));
#5672=DIRECTION('',(0.,0.,-1.));
#5673=DIRECTION('center_axis',(-1.,0.,0.));
#5674=DIRECTION('ref_axis',(0.,1.,0.));
#5675=DIRECTION('',(0.,-1.,0.));
#5676=DIRECTION('',(0.,0.,-1.));
#5677=DIRECTION('center_axis',(0.,0.,-1.));
#5678=DIRECTION('ref_axis',(-1.,0.,0.));
#5679=DIRECTION('center_axis',(0.,0.,1.));
#5680=DIRECTION('ref_axis',(-1.,0.,0.));
#5681=DIRECTION('',(0.,0.,-1.));
#5682=DIRECTION('center_axis',(0.,-1.,0.));
#5683=DIRECTION('ref_axis',(-1.,0.,0.));
#5684=DIRECTION('',(1.,0.,0.));
#5685=DIRECTION('',(0.,0.,-1.));
#5686=DIRECTION('center_axis',(0.,0.,-1.));
#5687=DIRECTION('ref_axis',(0.,-1.,0.));
#5688=DIRECTION('center_axis',(0.,0.,1.));
#5689=DIRECTION('ref_axis',(0.,-1.,0.));
#5690=DIRECTION('center_axis',(-0.496325165279013,-0.868136700244127,0.));
#5691=DIRECTION('ref_axis',(-0.868136700244127,0.496325165279013,0.));
#5692=DIRECTION('',(-0.868136700244127,0.496325165279013,0.));
#5693=DIRECTION('',(0.,0.,-1.));
#5694=DIRECTION('',(0.,0.,-1.));
#5695=DIRECTION('center_axis',(0.496325165279013,-0.868136700244127,0.));
#5696=DIRECTION('ref_axis',(-0.868136700244127,-0.496325165279013,0.));
#5697=DIRECTION('',(-0.868136700244127,-0.496325165279013,0.));
#5698=DIRECTION('',(0.,0.,-1.));
#5699=DIRECTION('center_axis',(1.,-2.00040184617145E-17,0.));
#5700=DIRECTION('ref_axis',(-2.00040184617145E-17,-1.,0.));
#5701=DIRECTION('',(-2.00040184617145E-17,-1.,0.));
#5702=DIRECTION('',(0.,0.,-1.));
#5703=DIRECTION('center_axis',(0.496325165279013,0.868136700244127,0.));
#5704=DIRECTION('ref_axis',(0.868136700244127,-0.496325165279013,0.));
#5705=DIRECTION('',(0.868136700244127,-0.496325165279013,0.));
#5706=DIRECTION('',(0.,0.,-1.));
#5707=DIRECTION('center_axis',(-0.496325165279013,0.868136700244127,0.));
#5708=DIRECTION('ref_axis',(0.868136700244127,0.496325165279013,0.));
#5709=DIRECTION('',(0.868136700244127,0.496325165279013,0.));
#5710=DIRECTION('',(0.,0.,-1.));
#5711=DIRECTION('center_axis',(-1.,0.,0.));
#5712=DIRECTION('ref_axis',(0.,1.,0.));
#5713=DIRECTION('',(0.,1.,0.));
#5714=DIRECTION('center_axis',(0.,0.,1.));
#5715=DIRECTION('ref_axis',(1.,0.,0.));
#5716=DIRECTION('',(0.841178475376554,-0.540757591313499,0.));
#5717=DIRECTION('',(0.841178475376554,0.540757591313499,0.));
#5718=DIRECTION('',(0.,1.,0.));
#5719=DIRECTION('',(-0.841178475376554,0.540757591313499,0.));
#5720=DIRECTION('',(-0.841178475376554,-0.540757591313499,0.));
#5721=DIRECTION('',(0.,-1.,0.));
#5722=DIRECTION('center_axis',(0.,0.,-1.));
#5723=DIRECTION('ref_axis',(-1.,0.,0.));
#5724=DIRECTION('center_axis',(0.,0.,-1.));
#5725=DIRECTION('ref_axis',(-1.,0.,0.));
#5726=DIRECTION('center_axis',(0.,0.,-1.));
#5727=DIRECTION('ref_axis',(-1.,0.,0.));
#5728=DIRECTION('center_axis',(0.,0.,-1.));
#5729=DIRECTION('ref_axis',(-1.,0.,0.));
#5730=DIRECTION('center_axis',(0.,0.,-1.));
#5731=DIRECTION('ref_axis',(-1.,0.,0.));
#5732=DIRECTION('center_axis',(0.,0.,-1.));
#5733=DIRECTION('ref_axis',(-1.,0.,0.));
#5734=DIRECTION('center_axis',(0.,0.,-1.));
#5735=DIRECTION('ref_axis',(-1.,0.,0.));
#5736=DIRECTION('',(0.,0.,-1.));
#5737=DIRECTION('center_axis',(0.,0.,1.));
#5738=DIRECTION('ref_axis',(-1.,0.,0.));
#5739=DIRECTION('center_axis',(0.,0.,-1.));
#5740=DIRECTION('ref_axis',(-1.,0.,0.));
#5741=DIRECTION('',(0.,0.,-1.));
#5742=DIRECTION('center_axis',(0.,0.,1.));
#5743=DIRECTION('ref_axis',(-1.,0.,0.));
#5744=DIRECTION('center_axis',(0.,0.,-1.));
#5745=DIRECTION('ref_axis',(-1.,0.,0.));
#5746=DIRECTION('',(0.,0.,-1.));
#5747=DIRECTION('center_axis',(0.,0.,1.));
#5748=DIRECTION('ref_axis',(-1.,0.,0.));
#5749=DIRECTION('center_axis',(0.,0.,-1.));
#5750=DIRECTION('ref_axis',(-1.,0.,0.));
#5751=DIRECTION('',(0.,0.,-1.));
#5752=DIRECTION('center_axis',(0.,0.,1.));
#5753=DIRECTION('ref_axis',(-1.,0.,0.));
#5754=DIRECTION('center_axis',(0.,0.,-1.));
#5755=DIRECTION('ref_axis',(-1.,0.,0.));
#5756=DIRECTION('',(0.,0.,-1.));
#5757=DIRECTION('center_axis',(0.,0.,1.));
#5758=DIRECTION('ref_axis',(-1.,0.,0.));
#5759=DIRECTION('center_axis',(0.,0.,-1.));
#5760=DIRECTION('ref_axis',(-1.,0.,0.));
#5761=DIRECTION('',(0.,0.,-1.));
#5762=DIRECTION('center_axis',(0.,0.,1.));
#5763=DIRECTION('ref_axis',(-1.,0.,0.));
#5764=DIRECTION('center_axis',(-1.,0.,0.));
#5765=DIRECTION('ref_axis',(0.,-1.,0.));
#5766=DIRECTION('',(0.,1.,0.));
#5767=DIRECTION('',(0.,0.,1.));
#5768=DIRECTION('',(0.,0.,1.));
#5769=DIRECTION('center_axis',(-0.540757591313499,0.841178475376554,0.));
#5770=DIRECTION('ref_axis',(-0.841178475376554,-0.540757591313499,0.));
#5771=DIRECTION('',(0.841178475376554,0.540757591313499,0.));
#5772=DIRECTION('',(0.,0.,1.));
#5773=DIRECTION('center_axis',(0.540757591313499,0.841178475376554,0.));
#5774=DIRECTION('ref_axis',(-0.841178475376554,0.540757591313499,0.));
#5775=DIRECTION('',(0.841178475376554,-0.540757591313499,0.));
#5776=DIRECTION('',(0.,0.,1.));
#5777=DIRECTION('center_axis',(1.,0.,0.));
#5778=DIRECTION('ref_axis',(0.,1.,0.));
#5779=DIRECTION('',(0.,-1.,0.));
#5780=DIRECTION('',(0.,0.,1.));
#5781=DIRECTION('center_axis',(0.540757591313499,-0.841178475376554,0.));
#5782=DIRECTION('ref_axis',(0.841178475376554,0.540757591313499,0.));
#5783=DIRECTION('',(0.841178475376554,0.540757591313499,0.));
#5784=DIRECTION('',(0.,0.,1.));
#5785=DIRECTION('center_axis',(-0.540757591313499,-0.841178475376554,0.));
#5786=DIRECTION('ref_axis',(0.841178475376554,-0.540757591313499,0.));
#5787=DIRECTION('',(0.841178475376554,-0.540757591313499,0.));
#5788=DIRECTION('center_axis',(0.,0.,1.));
#5789=DIRECTION('ref_axis',(1.,0.,0.));
#5790=DIRECTION('',(0.,0.,1.));
#5791=DIRECTION('',(0.,0.,1.));
#5792=DIRECTION('',(0.,0.,1.));
#5793=DIRECTION('',(0.,0.,1.));
#5794=DIRECTION('',(0.,0.,1.));
#5795=DIRECTION('center_axis',(1.,0.,0.));
#5796=DIRECTION('ref_axis',(0.,1.,0.));
#5797=DIRECTION('',(0.,1.,0.));
#5798=DIRECTION('center_axis',(0.986202837442424,-0.165541425089047,0.));
#5799=DIRECTION('ref_axis',(0.165541425089047,0.986202837442424,0.));
#5800=DIRECTION('',(0.,0.,1.));
#5801=DIRECTION('',(0.165541425089047,0.986202837442424,0.));
#5802=DIRECTION('',(0.,0.,1.));
#5803=DIRECTION('',(0.,0.,1.));
#5804=DIRECTION('',(0.,0.,1.));
#5805=DIRECTION('',(0.,0.,1.));
#5806=DIRECTION('',(0.,0.,1.));
#5807=DIRECTION('',(0.,0.,1.));
#5808=DIRECTION('',(0.,0.,1.));
#5809=DIRECTION('',(0.,0.,1.));
#5810=DIRECTION('',(0.,0.,1.));
#5811=DIRECTION('center_axis',(-1.,0.,0.));
#5812=DIRECTION('ref_axis',(0.,-1.,0.));
#5813=DIRECTION('',(0.,-1.,0.));
#5814=DIRECTION('',(0.,0.,1.));
#5815=DIRECTION('',(0.,0.,1.));
#5816=DIRECTION('',(0.,0.,1.));
#5817=DIRECTION('',(0.,0.,1.));
#5818=DIRECTION('center_axis',(0.,0.,1.));
#5819=DIRECTION('ref_axis',(-1.,0.,0.));
#5820=DIRECTION('',(0.,0.,1.));
#5821=DIRECTION('',(0.,0.,1.));
#5822=DIRECTION('',(0.,0.,1.));
#5823=DIRECTION('',(0.,0.,1.));
#5824=DIRECTION('',(0.,0.,1.));
#5825=DIRECTION('',(0.,0.,1.));
#5826=DIRECTION('',(0.,0.,1.));
#5827=DIRECTION('',(0.,0.,1.));
#5828=DIRECTION('',(0.,0.,1.));
#5829=DIRECTION('center_axis',(0.,1.,0.));
#5830=DIRECTION('ref_axis',(-1.,0.,0.));
#5831=DIRECTION('',(-1.,0.,0.));
#5832=DIRECTION('center_axis',(-0.984115906209933,0.177527133544712,0.));
#5833=DIRECTION('ref_axis',(-0.177527133544712,-0.984115906209933,0.));
#5834=DIRECTION('',(0.,0.,1.));
#5835=DIRECTION('',(-0.177527133544712,-0.984115906209933,0.));
#5836=DIRECTION('',(0.,0.,1.));
#5837=DIRECTION('',(0.,0.,1.));
#5838=DIRECTION('',(0.,0.,1.));
#5839=DIRECTION('',(0.,0.,1.));
#5840=DIRECTION('',(0.,0.,1.));
#5841=DIRECTION('',(0.,0.,1.));
#5842=DIRECTION('center_axis',(-0.00914541641482935,-0.999958179804835,
0.));
#5843=DIRECTION('ref_axis',(0.999958179804835,-0.00914541641482935,0.));
#5844=DIRECTION('',(0.999958179804835,-0.00914541641482935,0.));
#5845=DIRECTION('',(0.,0.,1.));
#5846=DIRECTION('',(0.,0.,1.));
#5847=DIRECTION('',(0.,0.,1.));
#5848=DIRECTION('center_axis',(-1.,0.,0.));
#5849=DIRECTION('ref_axis',(0.,-1.,0.));
#5850=DIRECTION('',(0.,-1.,0.));
#5851=DIRECTION('',(0.,0.,1.));
#5852=DIRECTION('',(0.,0.,1.));
#5853=DIRECTION('',(0.,0.,1.));
#5854=DIRECTION('',(0.,0.,1.));
#5855=DIRECTION('',(0.,0.,1.));
#5856=DIRECTION('',(0.,0.,1.));
#5857=DIRECTION('',(0.,0.,1.));
#5858=DIRECTION('',(0.,0.,1.));
#5859=DIRECTION('',(0.,0.,1.));
#5860=DIRECTION('',(0.,0.,1.));
#5861=DIRECTION('',(0.,0.,1.));
#5862=DIRECTION('center_axis',(0.,1.,0.));
#5863=DIRECTION('ref_axis',(-1.,0.,0.));
#5864=DIRECTION('',(-1.,0.,0.));
#5865=DIRECTION('',(0.,0.,1.));
#5866=DIRECTION('',(0.,0.,1.));
#5867=DIRECTION('',(0.,0.,1.));
#5868=DIRECTION('',(0.,0.,1.));
#5869=DIRECTION('center_axis',(0.,0.,1.));
#5870=DIRECTION('ref_axis',(-1.,0.,0.));
#5871=DIRECTION('',(0.,0.,1.));
#5872=DIRECTION('',(0.,0.,1.));
#5873=DIRECTION('',(0.,0.,1.));
#5874=DIRECTION('',(0.,0.,1.));
#5875=DIRECTION('',(0.,0.,1.));
#5876=DIRECTION('center_axis',(1.,0.,0.));
#5877=DIRECTION('ref_axis',(0.,1.,0.));
#5878=DIRECTION('',(0.,1.,0.));
#5879=DIRECTION('center_axis',(0.986202837442424,-0.165541425089047,0.));
#5880=DIRECTION('ref_axis',(0.165541425089047,0.986202837442424,0.));
#5881=DIRECTION('',(0.,0.,1.));
#5882=DIRECTION('',(0.165541425089047,0.986202837442424,0.));
#5883=DIRECTION('',(0.,0.,1.));
#5884=DIRECTION('',(0.,0.,1.));
#5885=DIRECTION('',(0.,0.,1.));
#5886=DIRECTION('',(0.,0.,1.));
#5887=DIRECTION('',(0.,0.,1.));
#5888=DIRECTION('',(0.,0.,1.));
#5889=DIRECTION('',(0.,0.,1.));
#5890=DIRECTION('',(0.,0.,1.));
#5891=DIRECTION('',(0.,0.,1.));
#5892=DIRECTION('center_axis',(-1.,0.,0.));
#5893=DIRECTION('ref_axis',(0.,-1.,0.));
#5894=DIRECTION('',(0.,-1.,0.));
#5895=DIRECTION('',(0.,0.,1.));
#5896=DIRECTION('',(0.,0.,1.));
#5897=DIRECTION('',(0.,0.,1.));
#5898=DIRECTION('',(0.,0.,1.));
#5899=DIRECTION('center_axis',(0.,0.,1.));
#5900=DIRECTION('ref_axis',(-1.,0.,0.));
#5901=DIRECTION('center_axis',(0.,-1.,0.));
#5902=DIRECTION('ref_axis',(1.,0.,0.));
#5903=DIRECTION('',(0.,0.,1.));
#5904=DIRECTION('',(1.,0.,0.));
#5905=DIRECTION('',(0.,0.,1.));
#5906=DIRECTION('center_axis',(1.,0.,0.));
#5907=DIRECTION('ref_axis',(0.,1.,0.));
#5908=DIRECTION('',(0.,1.,0.));
#5909=DIRECTION('',(0.,0.,1.));
#5910=DIRECTION('',(0.,0.,1.));
#5911=DIRECTION('',(0.,0.,1.));
#5912=DIRECTION('',(0.,0.,1.));
#5913=DIRECTION('',(0.,0.,1.));
#5914=DIRECTION('',(0.,0.,1.));
#5915=DIRECTION('',(0.,0.,1.));
#5916=DIRECTION('center_axis',(-1.,0.,0.));
#5917=DIRECTION('ref_axis',(0.,-1.,0.));
#5918=DIRECTION('',(0.,-1.,0.));
#5919=DIRECTION('center_axis',(0.,-1.,0.));
#5920=DIRECTION('ref_axis',(1.,0.,0.));
#5921=DIRECTION('',(0.,0.,1.));
#5922=DIRECTION('',(1.,0.,0.));
#5923=DIRECTION('',(0.,0.,1.));
#5924=DIRECTION('center_axis',(1.,0.,0.));
#5925=DIRECTION('ref_axis',(0.,1.,0.));
#5926=DIRECTION('',(0.,1.,0.));
#5927=DIRECTION('',(0.,0.,1.));
#5928=DIRECTION('',(0.,0.,1.));
#5929=DIRECTION('',(0.,0.,1.));
#5930=DIRECTION('',(0.,0.,1.));
#5931=DIRECTION('',(0.,0.,1.));
#5932=DIRECTION('',(0.,0.,1.));
#5933=DIRECTION('',(0.,0.,1.));
#5934=DIRECTION('center_axis',(-1.,0.,0.));
#5935=DIRECTION('ref_axis',(0.,-1.,0.));
#5936=DIRECTION('',(0.,-1.,0.));
#5937=DIRECTION('center_axis',(1.,0.,0.));
#5938=DIRECTION('ref_axis',(0.,1.,0.));
#5939=DIRECTION('',(0.,0.,1.));
#5940=DIRECTION('',(0.,1.,0.));
#5941=DIRECTION('',(0.,0.,1.));
#5942=DIRECTION('',(0.,0.,1.));
#5943=DIRECTION('',(0.,0.,1.));
#5944=DIRECTION('',(0.,0.,1.));
#5945=DIRECTION('',(0.,0.,1.));
#5946=DIRECTION('',(0.,0.,1.));
#5947=DIRECTION('',(0.,0.,1.));
#5948=DIRECTION('',(0.,0.,1.));
#5949=DIRECTION('',(0.,0.,1.));
#5950=DIRECTION('',(0.,0.,1.));
#5951=DIRECTION('',(0.,0.,1.));
#5952=DIRECTION('',(0.,0.,1.));
#5953=DIRECTION('',(0.,0.,1.));
#5954=DIRECTION('center_axis',(-1.,0.,0.));
#5955=DIRECTION('ref_axis',(0.,-1.,0.));
#5956=DIRECTION('',(0.,-1.,0.));
#5957=DIRECTION('',(0.,0.,1.));
#5958=DIRECTION('center_axis',(0.,1.,0.));
#5959=DIRECTION('ref_axis',(-1.,0.,0.));
#5960=DIRECTION('',(-1.,0.,0.));
#5961=DIRECTION('center_axis',(0.,0.,1.));
#5962=DIRECTION('ref_axis',(-1.,0.,0.));
#5963=DIRECTION('center_axis',(0.,-1.,0.));
#5964=DIRECTION('ref_axis',(1.,0.,0.));
#5965=DIRECTION('',(0.,0.,1.));
#5966=DIRECTION('',(1.,0.,0.));
#5967=DIRECTION('',(0.,0.,1.));
#5968=DIRECTION('center_axis',(1.,0.,0.));
#5969=DIRECTION('ref_axis',(0.,1.,0.));
#5970=DIRECTION('',(0.,1.,0.));
#5971=DIRECTION('',(0.,0.,1.));
#5972=DIRECTION('',(0.,0.,1.));
#5973=DIRECTION('',(0.,0.,1.));
#5974=DIRECTION('',(0.,0.,1.));
#5975=DIRECTION('',(0.,0.,1.));
#5976=DIRECTION('',(0.,0.,1.));
#5977=DIRECTION('',(0.,0.,1.));
#5978=DIRECTION('center_axis',(-1.,0.,0.));
#5979=DIRECTION('ref_axis',(0.,-1.,0.));
#5980=DIRECTION('',(0.,-1.,0.));
#5981=DIRECTION('center_axis',(0.,1.,0.));
#5982=DIRECTION('ref_axis',(-1.,0.,0.));
#5983=DIRECTION('',(0.,0.,1.));
#5984=DIRECTION('',(-1.,0.,0.));
#5985=DIRECTION('',(0.,0.,1.));
#5986=DIRECTION('center_axis',(1.,0.,0.));
#5987=DIRECTION('ref_axis',(0.,1.,0.));
#5988=DIRECTION('',(0.,1.,0.));
#5989=DIRECTION('',(0.,0.,1.));
#5990=DIRECTION('',(0.,0.,1.));
#5991=DIRECTION('',(0.,0.,1.));
#5992=DIRECTION('',(0.,0.,1.));
#5993=DIRECTION('',(0.,0.,1.));
#5994=DIRECTION('',(0.,0.,1.));
#5995=DIRECTION('',(0.,0.,1.));
#5996=DIRECTION('',(0.,0.,1.));
#5997=DIRECTION('center_axis',(-1.,0.,0.));
#5998=DIRECTION('ref_axis',(0.,-1.,0.));
#5999=DIRECTION('',(0.,-1.,0.));
#6000=DIRECTION('',(0.,0.,1.));
#6001=DIRECTION('center_axis',(0.,-1.,0.));
#6002=DIRECTION('ref_axis',(1.,0.,0.));
#6003=DIRECTION('',(1.,0.,0.));
#6004=DIRECTION('',(0.,0.,1.));
#6005=DIRECTION('center_axis',(-1.,0.,0.));
#6006=DIRECTION('ref_axis',(0.,-1.,0.));
#6007=DIRECTION('',(0.,-1.,0.));
#6008=DIRECTION('center_axis',(0.,0.,1.));
#6009=DIRECTION('ref_axis',(-1.,0.,0.));
#6010=DIRECTION('',(0.,0.,1.));
#6011=DIRECTION('',(0.,0.,1.));
#6012=DIRECTION('',(0.,0.,1.));
#6013=DIRECTION('',(0.,0.,1.));
#6014=DIRECTION('',(0.,0.,1.));
#6015=DIRECTION('',(0.,0.,1.));
#6016=DIRECTION('',(0.,0.,1.));
#6017=DIRECTION('',(0.,0.,1.));
#6018=DIRECTION('center_axis',(-1.,0.,0.));
#6019=DIRECTION('ref_axis',(0.,-1.,0.));
#6020=DIRECTION('',(0.,0.,1.));
#6021=DIRECTION('',(0.,-1.,0.));
#6022=DIRECTION('',(0.,0.,1.));
#6023=DIRECTION('center_axis',(0.,1.,0.));
#6024=DIRECTION('ref_axis',(-1.,0.,0.));
#6025=DIRECTION('',(-1.,0.,0.));
#6026=DIRECTION('',(0.,0.,1.));
#6027=DIRECTION('',(0.,0.,1.));
#6028=DIRECTION('',(0.,0.,1.));
#6029=DIRECTION('',(0.,0.,1.));
#6030=DIRECTION('',(0.,0.,1.));
#6031=DIRECTION('',(0.,0.,1.));
#6032=DIRECTION('',(0.,0.,1.));
#6033=DIRECTION('',(0.,0.,1.));
#6034=DIRECTION('center_axis',(0.,1.,0.));
#6035=DIRECTION('ref_axis',(-1.,0.,0.));
#6036=DIRECTION('',(-1.,0.,0.));
#6037=DIRECTION('',(0.,0.,1.));
#6038=DIRECTION('center_axis',(1.,0.,0.));
#6039=DIRECTION('ref_axis',(0.,1.,0.));
#6040=DIRECTION('',(0.,1.,0.));
#6041=DIRECTION('',(0.,0.,1.));
#6042=DIRECTION('center_axis',(0.,-1.,0.));
#6043=DIRECTION('ref_axis',(1.,0.,0.));
#6044=DIRECTION('',(1.,0.,0.));
#6045=DIRECTION('center_axis',(0.,0.,1.));
#6046=DIRECTION('ref_axis',(-1.,0.,0.));
#6047=CARTESIAN_POINT('',(0.,0.,0.));
#6048=CARTESIAN_POINT('Origin',(-88.5999980196357,38.3999991416931,17.));
#6049=CARTESIAN_POINT('',(-92.4999980196357,38.3999991416931,17.));
#6050=CARTESIAN_POINT('Origin',(-88.5999980196357,38.3999991416931,17.));
#6051=CARTESIAN_POINT('',(-92.4999980196357,38.3999991416931,14.));
#6052=CARTESIAN_POINT('',(-92.4999980196357,38.3999991416931,17.));
#6053=CARTESIAN_POINT('Origin',(-88.5999980196357,38.3999991416931,14.));
#6054=CARTESIAN_POINT('Origin',(-50.,18.55,17.));
#6055=CARTESIAN_POINT('',(-10.7296872615814,25.8815441608429,17.));
#6056=CARTESIAN_POINT('',(-9.73334972858428,26.2199221134186,17.));
#6057=CARTESIAN_POINT('Ctrl Pts',(-10.7296872615814,25.8815441608429,17.));
#6058=CARTESIAN_POINT('Ctrl Pts',(-10.5308374110935,25.8940083412375,17.));
#6059=CARTESIAN_POINT('Ctrl Pts',(-10.1664466416873,25.9168488526731,17.));
#6060=CARTESIAN_POINT('Ctrl Pts',(-9.86864124361415,26.1252475974597,17.));
#6061=CARTESIAN_POINT('Ctrl Pts',(-9.73334972858428,26.2199221134186,17.));
#6062=CARTESIAN_POINT('',(-9.39228539466857,27.0041022777557,17.));
#6063=CARTESIAN_POINT('Ctrl Pts',(-9.73334972858428,26.2199221134186,17.));
#6064=CARTESIAN_POINT('Ctrl Pts',(-9.63387297322589,26.332817006681,17.));
#6065=CARTESIAN_POINT('Ctrl Pts',(-9.43580156038511,26.5576057116446,17.));
#6066=CARTESIAN_POINT('Ctrl Pts',(-9.40674765335928,26.855712622158,17.));
#6067=CARTESIAN_POINT('Ctrl Pts',(-9.39228539466857,27.0041022777557,17.));
#6068=CARTESIAN_POINT('',(-9.75214843749999,27.8205082893371,17.));
#6069=CARTESIAN_POINT('Ctrl Pts',(-9.39228539466857,27.0041022777557,17.));
#6070=CARTESIAN_POINT('Ctrl Pts',(-9.40688784632968,27.161301517903,17.));
#6071=CARTESIAN_POINT('Ctrl Pts',(-9.43590493857251,27.4736781624362,17.));
#6072=CARTESIAN_POINT('Ctrl Pts',(-9.64718977992676,27.7053981775121,17.));
#6073=CARTESIAN_POINT('Ctrl Pts',(-9.75214843749999,27.8205082893371,17.));
#6074=CARTESIAN_POINT('',(-10.7296872615814,28.1374029397964,17.));
#6075=CARTESIAN_POINT('Ctrl Pts',(-9.75214843749999,27.8205082893371,17.));
#6076=CARTESIAN_POINT('Ctrl Pts',(-9.88902302926164,27.9141085014719,17.));
#6077=CARTESIAN_POINT('Ctrl Pts',(-10.1826521844125,28.114903629752,17.));
#6078=CARTESIAN_POINT('Ctrl Pts',(-10.5392935125397,28.1295721293622,17.));
#6079=CARTESIAN_POINT('Ctrl Pts',(-10.7296872615814,28.1374029397964,17.));
#6080=CARTESIAN_POINT('',(-10.7296872615814,28.1374029397964,17.));
#6081=CARTESIAN_POINT('Origin',(-50.,18.55,17.));
#6082=CARTESIAN_POINT('',(-11.3312501192093,6.53486709594726,17.));
#6083=CARTESIAN_POINT('',(-11.5622067928314,7.45332221984862,17.));
#6084=CARTESIAN_POINT('Ctrl Pts',(-11.3312501192093,6.53486709594726,17.));
#6085=CARTESIAN_POINT('Ctrl Pts',(-11.367907071519,6.65941199780301,17.));
#6086=CARTESIAN_POINT('Ctrl Pts',(-11.4570955906365,6.96243706290637,17.));
#6087=CARTESIAN_POINT('Ctrl Pts',(-11.523245088114,7.27136518638726,17.));
#6088=CARTESIAN_POINT('Ctrl Pts',(-11.5622067928314,7.45332221984862,17.));
#6089=CARTESIAN_POINT('',(-11.8253905057907,8.27509860992431,17.));
#6090=CARTESIAN_POINT('Ctrl Pts',(-11.5622067928314,7.45332221984862,17.));
#6091=CARTESIAN_POINT('Ctrl Pts',(-11.5983144332102,7.62933814831222,17.));
#6092=CARTESIAN_POINT('Ctrl Pts',(-11.6565694875335,7.91331731080638,17.));
#6093=CARTESIAN_POINT('Ctrl Pts',(-11.778887592952,8.17544345801709,17.));
#6094=CARTESIAN_POINT('Ctrl Pts',(-11.8253905057907,8.27509860992431,17.));
#6095=CARTESIAN_POINT('',(-12.35712890625,8.5705099582672,17.));
#6096=CARTESIAN_POINT('Ctrl Pts',(-11.8253905057907,8.27509860992431,17.));
#6097=CARTESIAN_POINT('Ctrl Pts',(-11.8979352462019,8.3612305079423,17.));
#6098=CARTESIAN_POINT('Ctrl Pts',(-12.0381739792854,8.52773504276676,17.));
#6099=CARTESIAN_POINT('Ctrl Pts',(-12.2532908383833,8.5565842772282,17.));
#6100=CARTESIAN_POINT('Ctrl Pts',(-12.35712890625,8.5705099582672,17.));
#6101=CARTESIAN_POINT('',(-12.9049802303314,8.33418350219726,17.));
#6102=CARTESIAN_POINT('Ctrl Pts',(-12.35712890625,8.5705099582672,17.));
#6103=CARTESIAN_POINT('Ctrl Pts',(-12.4596221443329,8.5602067314966,17.));
#6104=CARTESIAN_POINT('Ctrl Pts',(-12.6670552076226,8.53935433254059,17.));
#6105=CARTESIAN_POINT('Ctrl Pts',(-12.8250507255157,8.40310942972382,17.));
#6106=CARTESIAN_POINT('Ctrl Pts',(-12.9049802303314,8.33418350219726,17.));
#6107=CARTESIAN_POINT('',(-13.1359375,7.73262004852294,17.));
#6108=CARTESIAN_POINT('Ctrl Pts',(-12.9049802303314,8.33418350219726,17.));
#6109=CARTESIAN_POINT('Ctrl Pts',(-12.9723282448149,8.24841716803227,17.));
#6110=CARTESIAN_POINT('Ctrl Pts',(-13.110903109101,8.07194488138239,17.));
#6111=CARTESIAN_POINT('Ctrl Pts',(-13.127438423583,7.8478194834244,17.));
#6112=CARTESIAN_POINT('Ctrl Pts',(-13.1359375,7.73262004852294,17.));
#6113=CARTESIAN_POINT('',(-12.8673828125,6.95381145477294,17.));
#6114=CARTESIAN_POINT('Ctrl Pts',(-13.1359375,7.73262004852294,17.));
#6115=CARTESIAN_POINT('Ctrl Pts',(-13.1234325208735,7.59633562737926,17.));
#6116=CARTESIAN_POINT('Ctrl Pts',(-13.0976288156719,7.31511620340533,17.));
#6117=CARTESIAN_POINT('Ctrl Pts',(-12.9456894145729,7.07669109997179,17.));
#6118=CARTESIAN_POINT('Ctrl Pts',(-12.8673828125,6.95381145477294,17.));
#6119=CARTESIAN_POINT('',(-12.3678708553314,6.59394721984862,17.));
#6120=CARTESIAN_POINT('Ctrl Pts',(-12.8673828125,6.95381145477294,17.));
#6121=CARTESIAN_POINT('Ctrl Pts',(-12.797011419135,6.87077830492349,17.));
#6122=CARTESIAN_POINT('Ctrl Pts',(-12.6601395170789,6.70927936891886,17.));
#6123=CARTESIAN_POINT('Ctrl Pts',(-12.4634394460231,6.63165954549512,17.));
#6124=CARTESIAN_POINT('Ctrl Pts',(-12.3678708553314,6.59394721984862,17.));
#6125=CARTESIAN_POINT('',(-11.63203125,6.53486709594726,17.));
#6126=CARTESIAN_POINT('Ctrl Pts',(-12.3678708553314,6.59394721984862,17.));
#6127=CARTESIAN_POINT('Ctrl Pts',(-12.2745373733972,6.57693003456506,17.));
#6128=CARTESIAN_POINT('Ctrl Pts',(-12.031589791199,6.53263420487157,17.));
#6129=CARTESIAN_POINT('Ctrl Pts',(-11.7843120107439,6.53401609085888,17.));
#6130=CARTESIAN_POINT('Ctrl Pts',(-11.63203125,6.53486709594726,17.));
#6131=CARTESIAN_POINT('',(-11.63203125,6.53486709594726,17.));
#6132=CARTESIAN_POINT('Origin',(-50.,18.55,17.));
#6133=CARTESIAN_POINT('',(-10.7296872615814,19.7584972858429,17.));
#6134=CARTESIAN_POINT('',(-9.73334972858428,20.0968764305115,17.));
#6135=CARTESIAN_POINT('Ctrl Pts',(-10.7296872615814,19.7584972858429,17.));
#6136=CARTESIAN_POINT('Ctrl Pts',(-10.5308373914917,19.7709616701239,17.));
#6137=CARTESIAN_POINT('Ctrl Pts',(-10.166446510422,19.7938025599272,17.));
#6138=CARTESIAN_POINT('Ctrl Pts',(-9.8686412258374,20.0022017077956,17.));
#6139=CARTESIAN_POINT('Ctrl Pts',(-9.73334972858428,20.0968764305115,17.));
#6140=CARTESIAN_POINT('',(-9.39228539466857,20.8810554027557,17.));
#6141=CARTESIAN_POINT('Ctrl Pts',(-9.73334972858428,20.0968764305115,17.));
#6142=CARTESIAN_POINT('Ctrl Pts',(-9.63387297325637,20.209771116173,17.));
#6143=CARTESIAN_POINT('Ctrl Pts',(-9.43580158407313,20.434559380996,17.));
#6144=CARTESIAN_POINT('Ctrl Pts',(-9.40674766007118,20.7326659399774,17.));
#6145=CARTESIAN_POINT('Ctrl Pts',(-9.39228539466857,20.8810554027557,17.));
#6146=CARTESIAN_POINT('',(-9.75214843749999,21.69746260643,17.));
#6147=CARTESIAN_POINT('Ctrl Pts',(-9.39228539466857,20.8810554027557,17.));
#6148=CARTESIAN_POINT('Ctrl Pts',(-9.40688780419377,21.038254952488,17.));
#6149=CARTESIAN_POINT('Ctrl Pts',(-9.43590479284189,21.3506319983584,17.));
#6150=CARTESIAN_POINT('Ctrl Pts',(-9.6471897801916,21.5823523882437,17.));
#6151=CARTESIAN_POINT('Ctrl Pts',(-9.75214843749999,21.69746260643,17.));
#6152=CARTESIAN_POINT('',(-10.7296872615814,22.0143566608429,17.));
#6153=CARTESIAN_POINT('Ctrl Pts',(-9.75214843749999,21.69746260643,17.));
#6154=CARTESIAN_POINT('Ctrl Pts',(-9.88902303089665,21.7910627875614,17.));
#6155=CARTESIAN_POINT('Ctrl Pts',(-10.1826521959677,21.9918578537171,17.));
#6156=CARTESIAN_POINT('Ctrl Pts',(-10.5392935141943,22.0065260253504,17.));
#6157=CARTESIAN_POINT('Ctrl Pts',(-10.7296872615814,22.0143566608429,17.));
#6158=CARTESIAN_POINT('',(-10.7296872615814,22.0143566608429,17.));
#6159=CARTESIAN_POINT('Origin',(-50.,18.55,17.));
#6160=CARTESIAN_POINT('',(-10.63837890625,35.0070325613022,17.));
#6161=CARTESIAN_POINT('',(-12.7438474178314,35.0070325613022,17.));
#6162=CARTESIAN_POINT('',(-10.63837890625,35.0070325613022,17.));
#6163=CARTESIAN_POINT('',(-12.7438474178314,33.5353527545929,17.));
#6164=CARTESIAN_POINT('',(-12.7438474178314,35.0070325613022,17.));
#6165=CARTESIAN_POINT('',(-12.6955080509186,32.4450204849243,17.));
#6166=CARTESIAN_POINT('Ctrl Pts',(-12.7438474178314,33.5353527545929,17.));
#6167=CARTESIAN_POINT('Ctrl Pts',(-12.7455264752943,33.3009473032063,17.));
#6168=CARTESIAN_POINT('Ctrl Pts',(-12.748137250978,32.9364689776298,17.));
#6169=CARTESIAN_POINT('Ctrl Pts',(-12.7093501593217,32.5742773100876,17.));
#6170=CARTESIAN_POINT('Ctrl Pts',(-12.6955080509186,32.4450204849243,17.));
#6171=CARTESIAN_POINT('',(-12.3812985897064,31.8676279067993,17.));
#6172=CARTESIAN_POINT('Ctrl Pts',(-12.6955080509186,32.4450204849243,17.));
#6173=CARTESIAN_POINT('Ctrl Pts',(-12.6671610695186,32.3331155101124,17.));
#6174=CARTESIAN_POINT('Ctrl Pts',(-12.6115764239951,32.1136847965044,17.));
#6175=CARTESIAN_POINT('Ctrl Pts',(-12.4570297584238,31.9485483127337,17.));
#6176=CARTESIAN_POINT('Ctrl Pts',(-12.3812985897064,31.8676279067993,17.));
#6177=CARTESIAN_POINT('',(-11.71259765625,31.6447279930115,17.));
#6178=CARTESIAN_POINT('Ctrl Pts',(-12.3812985897064,31.8676279067993,17.));
#6179=CARTESIAN_POINT('Ctrl Pts',(-12.287140848817,31.802681968929,17.));
#6180=CARTESIAN_POINT('Ctrl Pts',(-12.0864490547105,31.6642534481508,17.));
#6181=CARTESIAN_POINT('Ctrl Pts',(-11.8422348763141,31.6514986664266,17.));
#6182=CARTESIAN_POINT('Ctrl Pts',(-11.71259765625,31.6447279930115,17.));
#6183=CARTESIAN_POINT('',(-11.1110353946686,31.8166027545929,17.));
#6184=CARTESIAN_POINT('Ctrl Pts',(-11.71259765625,31.6447279930115,17.));
#6185=CARTESIAN_POINT('Ctrl Pts',(-11.6008936115097,31.6505501449518,17.));
#6186=CARTESIAN_POINT('Ctrl Pts',(-11.3868501551772,31.6617063526567,17.));
#6187=CARTESIAN_POINT('Ctrl Pts',(-11.2002523629705,31.7664988828634,17.));
#6188=CARTESIAN_POINT('Ctrl Pts',(-11.1110353946686,31.8166027545929,17.));
#6189=CARTESIAN_POINT('',(-10.7511723518372,32.3134289264679,17.));
#6190=CARTESIAN_POINT('Ctrl Pts',(-11.1110353946686,31.8166027545929,17.));
#6191=CARTESIAN_POINT('Ctrl Pts',(-11.0336593447932,31.8820980274342,17.));
#6192=CARTESIAN_POINT('Ctrl Pts',(-10.8731444546377,32.0179665105469,17.));
#6193=CARTESIAN_POINT('Ctrl Pts',(-10.7927913295365,32.2126120723113,17.));
#6194=CARTESIAN_POINT('Ctrl Pts',(-10.7511723518372,32.3134289264679,17.));
#6195=CARTESIAN_POINT('',(-10.63837890625,33.7233410358429,17.));
#6196=CARTESIAN_POINT('Ctrl Pts',(-10.7511723518372,32.3134289264679,17.));
#6197=CARTESIAN_POINT('Ctrl Pts',(-10.7187910318274,32.484672370407,17.));
#6198=CARTESIAN_POINT('Ctrl Pts',(-10.6308496693442,32.9497362335175,17.));
#6199=CARTESIAN_POINT('Ctrl Pts',(-10.6354637799318,33.4238212110169,17.));
#6200=CARTESIAN_POINT('Ctrl Pts',(-10.63837890625,33.7233410358429,17.));
#6201=CARTESIAN_POINT('',(-10.63837890625,33.7233410358429,17.));
#6202=CARTESIAN_POINT('Origin',(-50.,18.55,17.));
#6203=CARTESIAN_POINT('',(-7.50703101158142,35.0070325613022,17.));
#6204=CARTESIAN_POINT('',(-9.3278319120407,35.0070325613022,17.));
#6205=CARTESIAN_POINT('',(-7.50703101158142,35.0070325613022,17.));
#6206=CARTESIAN_POINT('',(-9.3278319120407,33.9650402545929,17.));
#6207=CARTESIAN_POINT('',(-9.3278319120407,35.0070325613022,17.));
#6208=CARTESIAN_POINT('',(-9.3009764432907,32.8102550983429,17.));
#6209=CARTESIAN_POINT('Ctrl Pts',(-9.3278319120407,33.9650402545929,17.));
#6210=CARTESIAN_POINT('Ctrl Pts',(-9.32896623651754,33.7138421067946,17.));
#6211=CARTESIAN_POINT('Ctrl Pts',(-9.33070586632279,33.3285980308182,17.));
#6212=CARTESIAN_POINT('Ctrl Pts',(-9.30865059082417,32.9440565559915,17.));
#6213=CARTESIAN_POINT('Ctrl Pts',(-9.3009764432907,32.8102550983429,17.));
#6214=CARTESIAN_POINT('',(-9.0189940214157,32.1684096336365,17.));
#6215=CARTESIAN_POINT('Ctrl Pts',(-9.3009764432907,32.8102550983429,17.));
#6216=CARTESIAN_POINT('Ctrl Pts',(-9.27967504249464,32.6841046183957,17.));
#6217=CARTESIAN_POINT('Ctrl Pts',(-9.23944919352892,32.4458803719298,17.));
#6218=CARTESIAN_POINT('Ctrl Pts',(-9.08952608432049,32.2571831624221,17.));
#6219=CARTESIAN_POINT('Ctrl Pts',(-9.0189940214157,32.1684096336365,17.));
#6220=CARTESIAN_POINT('',(-8.40400402545928,31.9347665786743,17.));
#6221=CARTESIAN_POINT('Ctrl Pts',(-9.0189940214157,32.1684096336365,17.));
#6222=CARTESIAN_POINT('Ctrl Pts',(-8.93258376368959,32.1002939481274,17.));
#6223=CARTESIAN_POINT('Ctrl Pts',(-8.75253037303143,31.9583610288693,17.));
#6224=CARTESIAN_POINT('Ctrl Pts',(-8.52324959960068,31.9428392359631,17.));
#6225=CARTESIAN_POINT('Ctrl Pts',(-8.40400402545928,31.9347665786743,17.));
#6226=CARTESIAN_POINT('',(-7.8104979276657,32.1361825942993,17.));
#6227=CARTESIAN_POINT('Ctrl Pts',(-8.40400402545928,31.9347665786743,17.));
#6228=CARTESIAN_POINT('Ctrl Pts',(-8.29010193107436,31.9413452341395,17.));
#6229=CARTESIAN_POINT('Ctrl Pts',(-8.07315986608941,31.9538751802232,17.));
#6230=CARTESIAN_POINT('Ctrl Pts',(-7.89507979603043,32.0774763280171,17.));
#6231=CARTESIAN_POINT('Ctrl Pts',(-7.8104979276657,32.1361825942993,17.));
#6232=CARTESIAN_POINT('',(-7.53388648033142,32.7350596666336,17.));
#6233=CARTESIAN_POINT('Ctrl Pts',(-7.8104979276657,32.1361825942993,17.));
#6234=CARTESIAN_POINT('Ctrl Pts',(-7.74146266068749,32.2158550933502,17.));
#6235=CARTESIAN_POINT('Ctrl Pts',(-7.59218173846946,32.3881378215026,17.));
#6236=CARTESIAN_POINT('Ctrl Pts',(-7.55426730610973,32.6137710076562,17.));
#6237=CARTESIAN_POINT('Ctrl Pts',(-7.53388648033142,32.7350596666336,17.));
#6238=CARTESIAN_POINT('',(-7.50703101158142,34.0939460277557,17.));
#6239=CARTESIAN_POINT('Ctrl Pts',(-7.53388648033142,32.7350596666336,17.));
#6240=CARTESIAN_POINT('Ctrl Pts',(-7.52623268172896,32.887664020851,17.));
#6241=CARTESIAN_POINT('Ctrl Pts',(-7.503532311927,33.3402726475023,17.));
#6242=CARTESIAN_POINT('Ctrl Pts',(-7.5056363705308,33.7935190295332,17.));
#6243=CARTESIAN_POINT('Ctrl Pts',(-7.50703101158142,34.0939460277557,17.));
#6244=CARTESIAN_POINT('',(-7.50703101158142,34.0939460277557,17.));
#6245=CARTESIAN_POINT('Origin',(-50.,18.55,17.));
#6246=CARTESIAN_POINT('',(-7.5285155057907,15.4240236759186,17.));
#6247=CARTESIAN_POINT('',(-9.76289038658141,15.4240236759186,17.));
#6248=CARTESIAN_POINT('',(-7.5285155057907,15.4240236759186,17.));
#6249=CARTESIAN_POINT('',(-9.76289038658141,14.55390791893,17.));
#6250=CARTESIAN_POINT('',(-9.76289038658141,15.4240236759186,17.));
#6251=CARTESIAN_POINT('',(-9.63935558795928,13.2970700740814,17.));
#6252=CARTESIAN_POINT('Ctrl Pts',(-9.76289038658141,14.55390791893,17.));
#6253=CARTESIAN_POINT('Ctrl Pts',(-9.7649976363422,14.2910635902194,17.));
#6254=CARTESIAN_POINT('Ctrl Pts',(-9.76839818175154,13.8669021585734,17.));
#6255=CARTESIAN_POINT('Ctrl Pts',(-9.67491073841535,13.4540761052173,17.));
#6256=CARTESIAN_POINT('Ctrl Pts',(-9.63935558795928,13.2970700740814,17.));
#6257=CARTESIAN_POINT('',(-9.25263648033141,12.8002439022064,17.));
#6258=CARTESIAN_POINT('Ctrl Pts',(-9.63935558795928,13.2970700740814,17.));
#6259=CARTESIAN_POINT('Ctrl Pts',(-9.59314039183169,13.1976860195254,17.));
#6260=CARTESIAN_POINT('Ctrl Pts',(-9.50228185930787,13.0022981361052,17.));
#6261=CARTESIAN_POINT('Ctrl Pts',(-9.33488628782289,12.8668140182212,17.));
#6262=CARTESIAN_POINT('Ctrl Pts',(-9.25263648033141,12.8002439022064,17.));
#6263=CARTESIAN_POINT('',(-8.64033226966857,12.6203117847443,17.));
#6264=CARTESIAN_POINT('Ctrl Pts',(-9.25263648033141,12.8002439022064,17.));
#6265=CARTESIAN_POINT('Ctrl Pts',(-9.15997840368963,12.7477720339248,17.));
#6266=CARTESIAN_POINT('Ctrl Pts',(-8.97005190240165,12.6402174772153,17.));
#6267=CARTESIAN_POINT('Ctrl Pts',(-8.75200314667501,12.6270535311099,17.));
#6268=CARTESIAN_POINT('Ctrl Pts',(-8.64033226966857,12.6203117847443,17.));
#6269=CARTESIAN_POINT('',(-7.9313475370407,12.8727541446686,17.));
#6270=CARTESIAN_POINT('Ctrl Pts',(-8.64033226966857,12.6203117847443,17.));
#6271=CARTESIAN_POINT('Ctrl Pts',(-8.5052159361277,12.6292059470047,17.));
#6272=CARTESIAN_POINT('Ctrl Pts',(-8.24450646254223,12.6463673981788,17.));
#6273=CARTESIAN_POINT('Ctrl Pts',(-8.03316049765503,12.7991522032037,17.));
#6274=CARTESIAN_POINT('Ctrl Pts',(-7.9313475370407,12.8727541446686,17.));
#6275=CARTESIAN_POINT('',(-7.5822264432907,13.5119138240814,17.));
#6276=CARTESIAN_POINT('Ctrl Pts',(-7.9313475370407,12.8727541446686,17.));
#6277=CARTESIAN_POINT('Ctrl Pts',(-7.84684681907234,12.9632302394263,17.));
#6278=CARTESIAN_POINT('Ctrl Pts',(-7.67585758805217,13.1463107888024,17.));
#6279=CARTESIAN_POINT('Ctrl Pts',(-7.61367777713296,13.3891052955133,17.));
#6280=CARTESIAN_POINT('Ctrl Pts',(-7.5822264432907,13.5119138240814,17.));
#6281=CARTESIAN_POINT('',(-7.5285155057907,14.6559582233429,17.));
#6282=CARTESIAN_POINT('Ctrl Pts',(-7.5822264432907,13.5119138240814,17.));
#6283=CARTESIAN_POINT('Ctrl Pts',(-7.56678324948944,13.6545820414376,17.));
#6284=CARTESIAN_POINT('Ctrl Pts',(-7.52564567776522,14.0346215656308,17.));
#6285=CARTESIAN_POINT('Ctrl Pts',(-7.52741216455571,14.4170775833956,17.));
#6286=CARTESIAN_POINT('Ctrl Pts',(-7.5285155057907,14.6559582233429,17.));
#6287=CARTESIAN_POINT('',(-7.5285155057907,14.6559582233429,17.));
#6288=CARTESIAN_POINT('Origin',(-50.,18.55,17.));
#6289=CARTESIAN_POINT('',(-11.094921875,2.35615234374999,17.));
#6290=CARTESIAN_POINT('',(-12.4162108182907,2.10370998382567,17.));
#6291=CARTESIAN_POINT('Ctrl Pts',(-11.094921875,2.35615234374999,17.));
#6292=CARTESIAN_POINT('Ctrl Pts',(-11.3613607302076,2.35456397028905,17.));
#6293=CARTESIAN_POINT('Ctrl Pts',(-11.8191657908896,2.35183476846861,17.));
#6294=CARTESIAN_POINT('Ctrl Pts',(-12.2402106664855,2.17685354546604,17.));
#6295=CARTESIAN_POINT('Ctrl Pts',(-12.4162108182907,2.10370998382567,17.));
#6296=CARTESIAN_POINT('',(-13.0070311307907,1.08320217132567,17.));
#6297=CARTESIAN_POINT('Ctrl Pts',(-12.4162108182907,2.10370998382567,17.));
#6298=CARTESIAN_POINT('Ctrl Pts',(-12.5885176894475,1.97187780752502,17.));
#6299=CARTESIAN_POINT('Ctrl Pts',(-12.9271346575461,1.71280159345965,17.));
#6300=CARTESIAN_POINT('Ctrl Pts',(-12.9807152702821,1.29057616289652,17.));
#6301=CARTESIAN_POINT('Ctrl Pts',(-13.0070311307907,1.08320217132567,17.));
#6302=CARTESIAN_POINT('',(-12.5639158964157,0.196971702575675,17.));
#6303=CARTESIAN_POINT('Ctrl Pts',(-13.0070311307907,1.08320217132567,17.));
#6304=CARTESIAN_POINT('Ctrl Pts',(-12.9865749066686,0.914418471389364,17.));
#6305=CARTESIAN_POINT('Ctrl Pts',(-12.9444777200031,0.567075829858874,17.));
#6306=CARTESIAN_POINT('Ctrl Pts',(-12.6931277463348,0.32263285927856,17.));
#6307=CARTESIAN_POINT('Ctrl Pts',(-12.5639158964157,0.196971702575675,17.));
#6308=CARTESIAN_POINT('',(-11.2399411678314,-0.168261718750009,17.));
#6309=CARTESIAN_POINT('Ctrl Pts',(-12.5639158964157,0.196971702575675,17.));
#6310=CARTESIAN_POINT('Ctrl Pts',(-12.384150144206,0.0908061183256992,17.));
#6311=CARTESIAN_POINT('Ctrl Pts',(-11.9779559339132,-0.149082988050835,
17.));
#6312=CARTESIAN_POINT('Ctrl Pts',(-11.5040915909509,-0.161397262831362,
17.));
#6313=CARTESIAN_POINT('Ctrl Pts',(-11.2399411678314,-0.168261718750009,
17.));
#6314=CARTESIAN_POINT('',(-9.82465867996215,0.186228561401358,17.));
#6315=CARTESIAN_POINT('Ctrl Pts',(-11.2399411678314,-0.168261718750009,
17.));
#6316=CARTESIAN_POINT('Ctrl Pts',(-10.9509957865697,-0.164643807411768,
17.));
#6317=CARTESIAN_POINT('Ctrl Pts',(-10.4482206497173,-0.158348514300455,
17.));
#6318=CARTESIAN_POINT('Ctrl Pts',(-10.0107250953529,0.0834092356383476,
17.));
#6319=CARTESIAN_POINT('Ctrl Pts',(-9.82465867996215,0.186228561401358,17.));
#6320=CARTESIAN_POINT('',(-9.39228539466857,1.09394531249999,17.));
#6321=CARTESIAN_POINT('Ctrl Pts',(-9.82465867996215,0.186228561401358,17.));
#6322=CARTESIAN_POINT('Ctrl Pts',(-9.69854999694743,0.312388974362032,17.));
#6323=CARTESIAN_POINT('Ctrl Pts',(-9.44710518284775,0.563936931451829,17.));
#6324=CARTESIAN_POINT('Ctrl Pts',(-9.41052118988351,0.917638095343269,17.));
#6325=CARTESIAN_POINT('Ctrl Pts',(-9.39228539466857,1.09394531249999,17.));
#6326=CARTESIAN_POINT('',(-9.81928710937499,1.99360351562499,17.));
#6327=CARTESIAN_POINT('Ctrl Pts',(-9.39228539466857,1.09394531249999,17.));
#6328=CARTESIAN_POINT('Ctrl Pts',(-9.4109230197797,1.26642001975545,17.));
#6329=CARTESIAN_POINT('Ctrl Pts',(-9.44865485908393,1.61559476167703,17.));
#6330=CARTESIAN_POINT('Ctrl Pts',(-9.6947503671875,1.86658818250688,17.));
#6331=CARTESIAN_POINT('Ctrl Pts',(-9.81928710937499,1.99360351562499,17.));
#6332=CARTESIAN_POINT('Ctrl Pts',(-9.81928710937499,1.99360351562499,17.));
#6333=CARTESIAN_POINT('Ctrl Pts',(-9.99224182967709,2.09900571941658,17.));
#6334=CARTESIAN_POINT('Ctrl Pts',(-10.3818091694895,2.33641615880634,17.));
#6335=CARTESIAN_POINT('Ctrl Pts',(-10.8400978598357,2.34909980653883,17.));
#6336=CARTESIAN_POINT('Ctrl Pts',(-11.094921875,2.35615234374999,17.));
#6337=CARTESIAN_POINT('Origin',(-50.,18.55,17.));
#6338=CARTESIAN_POINT('',(-100.2,-9.20000000000002,17.));
#6339=CARTESIAN_POINT('',(-100.2,46.3,17.));
#6340=CARTESIAN_POINT('',(-100.2,46.3,17.));
#6341=CARTESIAN_POINT('',(-50.,-37.9,17.));
#6342=CARTESIAN_POINT('',(-100.2,-9.20000000000002,17.));
#6343=CARTESIAN_POINT('',(0.199999999999996,-9.20000000000002,17.));
#6344=CARTESIAN_POINT('',(-50.,-37.9,17.));
#6345=CARTESIAN_POINT('',(0.199999999999996,46.3,17.));
#6346=CARTESIAN_POINT('',(0.199999999999996,-9.20000000000002,17.));
#6347=CARTESIAN_POINT('',(-50.,75.,17.));
#6348=CARTESIAN_POINT('',(-50.,75.,17.));
#6349=CARTESIAN_POINT('',(-100.2,46.3,17.));
#6350=CARTESIAN_POINT('',(-76.05,-7.,17.));
#6351=CARTESIAN_POINT('',(-76.05,6.00000000000001,17.));
#6352=CARTESIAN_POINT('',(-76.05,5.775,17.));
#6353=CARTESIAN_POINT('',(-75.55,6.5,17.));
#6354=CARTESIAN_POINT('Origin',(-75.55,6.00000000000001,17.));
#6355=CARTESIAN_POINT('',(-62.55,6.5,17.));
#6356=CARTESIAN_POINT('',(-62.775,6.5,17.));
#6357=CARTESIAN_POINT('',(-62.05,6.00000000000001,17.));
#6358=CARTESIAN_POINT('Origin',(-62.55,6.00000000000001,17.));
#6359=CARTESIAN_POINT('',(-62.05,-7.,17.));
#6360=CARTESIAN_POINT('',(-62.05,12.275,17.));
#6361=CARTESIAN_POINT('',(-62.55,-7.5,17.));
#6362=CARTESIAN_POINT('Origin',(-62.55,-7.,17.));
#6363=CARTESIAN_POINT('',(-75.55,-7.5,17.));
#6364=CARTESIAN_POINT('',(-56.275,-7.5,17.));
#6365=CARTESIAN_POINT('Origin',(-75.55,-7.,17.));
#6366=CARTESIAN_POINT('',(-37.95,31.1,17.));
#6367=CARTESIAN_POINT('',(-37.95,44.1,17.));
#6368=CARTESIAN_POINT('',(-37.95,24.825,17.));
#6369=CARTESIAN_POINT('',(-37.45,44.6,17.));
#6370=CARTESIAN_POINT('Origin',(-37.45,44.1,17.));
#6371=CARTESIAN_POINT('',(-24.45,44.6,17.));
#6372=CARTESIAN_POINT('',(-43.725,44.6,17.));
#6373=CARTESIAN_POINT('',(-23.95,44.1,17.));
#6374=CARTESIAN_POINT('Origin',(-24.45,44.1,17.));
#6375=CARTESIAN_POINT('',(-23.95,31.1,17.));
#6376=CARTESIAN_POINT('',(-23.95,31.325,17.));
#6377=CARTESIAN_POINT('',(-24.45,30.6,17.));
#6378=CARTESIAN_POINT('Origin',(-24.45,31.1,17.));
#6379=CARTESIAN_POINT('',(-37.45,30.6,17.));
#6380=CARTESIAN_POINT('',(-37.225,30.6,17.));
#6381=CARTESIAN_POINT('Origin',(-37.45,31.1,17.));
#6382=CARTESIAN_POINT('',(-57.,31.1,17.));
#6383=CARTESIAN_POINT('',(-57.,44.1,17.));
#6384=CARTESIAN_POINT('',(-57.,24.825,17.));
#6385=CARTESIAN_POINT('',(-56.5,44.6,17.));
#6386=CARTESIAN_POINT('Origin',(-56.5,44.1,17.));
#6387=CARTESIAN_POINT('',(-43.5,44.6,17.));
#6388=CARTESIAN_POINT('',(-53.25,44.6,17.));
#6389=CARTESIAN_POINT('',(-43.,44.1,17.));
#6390=CARTESIAN_POINT('Origin',(-43.5,44.1,17.));
#6391=CARTESIAN_POINT('',(-43.,31.1,17.));
#6392=CARTESIAN_POINT('',(-43.,31.325,17.));
#6393=CARTESIAN_POINT('',(-43.5,30.6,17.));
#6394=CARTESIAN_POINT('Origin',(-43.5,31.1,17.));
#6395=CARTESIAN_POINT('',(-56.5,30.6,17.));
#6396=CARTESIAN_POINT('',(-46.75,30.6,17.));
#6397=CARTESIAN_POINT('Origin',(-56.5,31.1,17.));
#6398=CARTESIAN_POINT('',(-76.05,12.05,17.));
#6399=CARTESIAN_POINT('',(-76.05,25.05,17.));
#6400=CARTESIAN_POINT('',(-76.05,15.3,17.));
#6401=CARTESIAN_POINT('',(-75.55,25.55,17.));
#6402=CARTESIAN_POINT('Origin',(-75.55,25.05,17.));
#6403=CARTESIAN_POINT('',(-62.55,25.55,17.));
#6404=CARTESIAN_POINT('',(-62.775,25.55,17.));
#6405=CARTESIAN_POINT('',(-62.05,25.05,17.));
#6406=CARTESIAN_POINT('Origin',(-62.55,25.05,17.));
#6407=CARTESIAN_POINT('',(-62.05,12.05,17.));
#6408=CARTESIAN_POINT('',(-62.05,21.8,17.));
#6409=CARTESIAN_POINT('',(-62.55,11.55,17.));
#6410=CARTESIAN_POINT('Origin',(-62.55,12.05,17.));
#6411=CARTESIAN_POINT('',(-75.55,11.55,17.));
#6412=CARTESIAN_POINT('',(-56.275,11.55,17.));
#6413=CARTESIAN_POINT('Origin',(-75.55,12.05,17.));
#6414=CARTESIAN_POINT('',(-57.,-7.,17.));
#6415=CARTESIAN_POINT('',(-57.,6.00000000000001,17.));
#6416=CARTESIAN_POINT('',(-57.,5.775,17.));
#6417=CARTESIAN_POINT('',(-56.5,6.5,17.));
#6418=CARTESIAN_POINT('Origin',(-56.5,6.00000000000001,17.));
#6419=CARTESIAN_POINT('',(-43.5,6.50000000000001,17.));
#6420=CARTESIAN_POINT('',(-53.25,6.5,17.));
#6421=CARTESIAN_POINT('',(-43.,6.00000000000001,17.));
#6422=CARTESIAN_POINT('Origin',(-43.5,6.00000000000001,17.));
#6423=CARTESIAN_POINT('',(-43.,-7.,17.));
#6424=CARTESIAN_POINT('',(-43.,12.275,17.));
#6425=CARTESIAN_POINT('',(-43.5,-7.5,17.));
#6426=CARTESIAN_POINT('Origin',(-43.5,-7.,17.));
#6427=CARTESIAN_POINT('',(-56.5,-7.49999999999999,17.));
#6428=CARTESIAN_POINT('',(-46.75,-7.5,17.));
#6429=CARTESIAN_POINT('Origin',(-56.5,-7.,17.));
#6430=CARTESIAN_POINT('',(-37.95,12.05,17.));
#6431=CARTESIAN_POINT('',(-37.95,25.05,17.));
#6432=CARTESIAN_POINT('',(-37.95,15.3,17.));
#6433=CARTESIAN_POINT('',(-37.45,25.55,17.));
#6434=CARTESIAN_POINT('Origin',(-37.45,25.05,17.));
#6435=CARTESIAN_POINT('',(-24.45,25.55,17.));
#6436=CARTESIAN_POINT('',(-43.725,25.55,17.));
#6437=CARTESIAN_POINT('',(-23.95,25.05,17.));
#6438=CARTESIAN_POINT('Origin',(-24.45,25.05,17.));
#6439=CARTESIAN_POINT('',(-23.95,12.05,17.));
#6440=CARTESIAN_POINT('',(-23.95,21.8,17.));
#6441=CARTESIAN_POINT('',(-24.45,11.55,17.));
#6442=CARTESIAN_POINT('Origin',(-24.45,12.05,17.));
#6443=CARTESIAN_POINT('',(-37.45,11.55,17.));
#6444=CARTESIAN_POINT('',(-37.225,11.55,17.));
#6445=CARTESIAN_POINT('Origin',(-37.45,12.05,17.));
#6446=CARTESIAN_POINT('',(-76.05,31.1,17.));
#6447=CARTESIAN_POINT('',(-76.05,44.1,17.));
#6448=CARTESIAN_POINT('',(-76.05,24.825,17.));
#6449=CARTESIAN_POINT('',(-75.55,44.6,17.));
#6450=CARTESIAN_POINT('Origin',(-75.55,44.1,17.));
#6451=CARTESIAN_POINT('',(-62.55,44.6,17.));
#6452=CARTESIAN_POINT('',(-62.775,44.6,17.));
#6453=CARTESIAN_POINT('',(-62.05,44.1,17.));
#6454=CARTESIAN_POINT('Origin',(-62.55,44.1,17.));
#6455=CARTESIAN_POINT('',(-62.05,31.1,17.));
#6456=CARTESIAN_POINT('',(-62.05,31.325,17.));
#6457=CARTESIAN_POINT('',(-62.55,30.6,17.));
#6458=CARTESIAN_POINT('Origin',(-62.55,31.1,17.));
#6459=CARTESIAN_POINT('',(-75.55,30.6,17.));
#6460=CARTESIAN_POINT('',(-56.275,30.6,17.));
#6461=CARTESIAN_POINT('Origin',(-75.55,31.1,17.));
#6462=CARTESIAN_POINT('',(-57.,12.05,17.));
#6463=CARTESIAN_POINT('',(-57.,25.05,17.));
#6464=CARTESIAN_POINT('',(-57.,15.3,17.));
#6465=CARTESIAN_POINT('',(-56.5,25.55,17.));
#6466=CARTESIAN_POINT('Origin',(-56.5,25.05,17.));
#6467=CARTESIAN_POINT('',(-43.5,25.55,17.));
#6468=CARTESIAN_POINT('',(-53.25,25.55,17.));
#6469=CARTESIAN_POINT('',(-43.,25.05,17.));
#6470=CARTESIAN_POINT('Origin',(-43.5,25.05,17.));
#6471=CARTESIAN_POINT('',(-43.,12.05,17.));
#6472=CARTESIAN_POINT('',(-43.,21.8,17.));
#6473=CARTESIAN_POINT('',(-43.5,11.55,17.));
#6474=CARTESIAN_POINT('Origin',(-43.5,12.05,17.));
#6475=CARTESIAN_POINT('',(-56.5,11.55,17.));
#6476=CARTESIAN_POINT('',(-46.75,11.55,17.));
#6477=CARTESIAN_POINT('Origin',(-56.5,12.05,17.));
#6478=CARTESIAN_POINT('',(-37.95,-7.,17.));
#6479=CARTESIAN_POINT('',(-37.95,6.00000000000001,17.));
#6480=CARTESIAN_POINT('',(-37.95,5.775,17.));
#6481=CARTESIAN_POINT('',(-37.45,6.5,17.));
#6482=CARTESIAN_POINT('Origin',(-37.45,6.00000000000001,17.));
#6483=CARTESIAN_POINT('',(-24.45,6.5,17.));
#6484=CARTESIAN_POINT('',(-43.725,6.5,17.));
#6485=CARTESIAN_POINT('',(-23.95,6.00000000000001,17.));
#6486=CARTESIAN_POINT('Origin',(-24.45,6.00000000000001,17.));
#6487=CARTESIAN_POINT('',(-23.95,-7.,17.));
#6488=CARTESIAN_POINT('',(-23.95,12.275,17.));
#6489=CARTESIAN_POINT('',(-24.45,-7.5,17.));
#6490=CARTESIAN_POINT('Origin',(-24.45,-7.,17.));
#6491=CARTESIAN_POINT('',(-37.45,-7.5,17.));
#6492=CARTESIAN_POINT('',(-37.225,-7.5,17.));
#6493=CARTESIAN_POINT('Origin',(-37.45,-7.,17.));
#6494=CARTESIAN_POINT('',(-93.4600037321122,22.8120977512275,17.));
#6495=CARTESIAN_POINT('',(-81.4600037321122,22.8120977512275,17.));
#6496=CARTESIAN_POINT('',(-71.7300018660561,22.8120977512275,17.));
#6497=CARTESIAN_POINT('',(-81.4600037321122,-6.68790224877251,17.));
#6498=CARTESIAN_POINT('',(-81.4600037321122,20.6810488756137,17.));
#6499=CARTESIAN_POINT('',(-93.4600037321122,-6.68790224877251,17.));
#6500=CARTESIAN_POINT('',(-65.7300018660561,-6.68790224877251,17.));
#6501=CARTESIAN_POINT('',(-93.4600037321122,5.93104887561374,17.));
#6502=CARTESIAN_POINT('',(-12.2550780057907,25.9674809455871,17.));
#6503=CARTESIAN_POINT('',(-12.5075197696686,24.4635746955871,17.));
#6504=CARTESIAN_POINT('',(-12.2550780057907,25.9674809455871,17.));
#6505=CARTESIAN_POINT('',(-13.767041015625,25.3793464183807,17.));
#6506=CARTESIAN_POINT('Ctrl Pts',(-12.5075197696686,24.4635746955871,17.));
#6507=CARTESIAN_POINT('Ctrl Pts',(-12.7637710564511,24.5699914540308,17.));
#6508=CARTESIAN_POINT('Ctrl Pts',(-13.2574463548442,24.7750063268859,17.));
#6509=CARTESIAN_POINT('Ctrl Pts',(-13.6015504906,25.183087378143,17.));
#6510=CARTESIAN_POINT('Ctrl Pts',(-13.767041015625,25.3793464183807,17.));
#6511=CARTESIAN_POINT('',(-14.1994143009186,26.9450197696686,17.));
#6512=CARTESIAN_POINT('Ctrl Pts',(-13.767041015625,25.3793464183807,17.));
#6513=CARTESIAN_POINT('Ctrl Pts',(-13.8930413182538,25.6089941558835,17.));
#6514=CARTESIAN_POINT('Ctrl Pts',(-14.1601210105893,26.0957727254437,17.));
#6515=CARTESIAN_POINT('Ctrl Pts',(-14.1858326518432,26.651479187134,17.));
#6516=CARTESIAN_POINT('Ctrl Pts',(-14.1994143009186,26.9450197696686,17.));
#6517=CARTESIAN_POINT('',(-13.2272458553314,29.147168803215,17.));
#6518=CARTESIAN_POINT('Ctrl Pts',(-14.1994143009186,26.9450197696686,17.));
#6519=CARTESIAN_POINT('Ctrl Pts',(-14.1698643420461,27.4001724776489,17.));
#6520=CARTESIAN_POINT('Ctrl Pts',(-14.1141918623623,28.2576856808808,17.));
#6521=CARTESIAN_POINT('Ctrl Pts',(-13.510506022664,28.8630983681777,17.));
#6522=CARTESIAN_POINT('Ctrl Pts',(-13.2272458553314,29.147168803215,17.));
#6523=CARTESIAN_POINT('',(-11.2614262580872,29.711133646965,17.));
#6524=CARTESIAN_POINT('Ctrl Pts',(-13.2272458553314,29.147168803215,17.));
#6525=CARTESIAN_POINT('Ctrl Pts',(-12.9405565036231,29.311516760676,17.));
#6526=CARTESIAN_POINT('Ctrl Pts',(-12.332870187096,29.6598799081145,17.));
#6527=CARTESIAN_POINT('Ctrl Pts',(-11.6317680700845,29.6934179252146,17.));
#6528=CARTESIAN_POINT('Ctrl Pts',(-11.2614262580872,29.711133646965,17.));
#6529=CARTESIAN_POINT('',(-9.04047851562499,28.9699224710464,17.));
#6530=CARTESIAN_POINT('Ctrl Pts',(-11.2614262580872,29.711133646965,17.));
#6531=CARTESIAN_POINT('Ctrl Pts',(-10.8257772455415,29.6901510411138,17.));
#6532=CARTESIAN_POINT('Ctrl Pts',(-10.0128584097312,29.6509976055967,17.));
#6533=CARTESIAN_POINT('Ctrl Pts',(-9.34870661710995,29.1858118543661,17.));
#6534=CARTESIAN_POINT('Ctrl Pts',(-9.04047851562499,28.9699224710464,17.));
#6535=CARTESIAN_POINT('',(-8.23750023841857,27.0954106330871,17.));
#6536=CARTESIAN_POINT('Ctrl Pts',(-9.04047851562499,28.9699224710464,17.));
#6537=CARTESIAN_POINT('Ctrl Pts',(-8.80628361268661,28.7045968202593,17.));
#6538=CARTESIAN_POINT('Ctrl Pts',(-8.33299529943696,28.1683958690543,17.));
#6539=CARTESIAN_POINT('Ctrl Pts',(-8.26955080772942,27.4555317462435,17.));
#6540=CARTESIAN_POINT('Ctrl Pts',(-8.23750023841857,27.0954106330871,17.));
#6541=CARTESIAN_POINT('',(-9.07807652950286,25.0866220474243,17.));
#6542=CARTESIAN_POINT('Ctrl Pts',(-8.23750023841857,27.0954106330871,17.));
#6543=CARTESIAN_POINT('Ctrl Pts',(-8.26698556871392,26.6984761569661,17.));
#6544=CARTESIAN_POINT('Ctrl Pts',(-8.32383245821477,25.9331976243157,17.));
#6545=CARTESIAN_POINT('Ctrl Pts',(-8.83300261911752,25.3616969137221,17.));
#6546=CARTESIAN_POINT('Ctrl Pts',(-9.07807652950286,25.0866220474243,17.));
#6547=CARTESIAN_POINT('',(-11.6535157442093,24.3830082893371,17.));
#6548=CARTESIAN_POINT('Ctrl Pts',(-9.07807652950286,25.0866220474243,17.));
#6549=CARTESIAN_POINT('Ctrl Pts',(-9.42367426260114,24.8746676251886,17.));
#6550=CARTESIAN_POINT('Ctrl Pts',(-10.2087584412066,24.3931770147297,17.));
#6551=CARTESIAN_POINT('Ctrl Pts',(-11.1350064486125,24.3866577456364,17.));
#6552=CARTESIAN_POINT('Ctrl Pts',(-11.6535157442093,24.3830082893371,17.));
#6553=CARTESIAN_POINT('',(-11.6535157442093,28.1642584085464,17.));
#6554=CARTESIAN_POINT('',(-11.6535157442093,24.3830082893371,17.));
#6555=CARTESIAN_POINT('',(-12.6981932401657,27.7990243911743,17.));
#6556=CARTESIAN_POINT('Ctrl Pts',(-11.6535157442093,28.1642584085464,17.));
#6557=CARTESIAN_POINT('Ctrl Pts',(-11.8593289311836,28.1499049977967,17.));
#6558=CARTESIAN_POINT('Ctrl Pts',(-12.2422860640116,28.1231975690463,17.));
#6559=CARTESIAN_POINT('Ctrl Pts',(-12.5540028445374,27.9015510922536,17.));
#6560=CARTESIAN_POINT('Ctrl Pts',(-12.6981932401657,27.7990243911743,17.));
#6561=CARTESIAN_POINT('',(-13.0714846134186,26.9289074420929,17.));
#6562=CARTESIAN_POINT('Ctrl Pts',(-12.6981932401657,27.7990243911743,17.));
#6563=CARTESIAN_POINT('Ctrl Pts',(-12.8070689022012,27.6750219066784,17.));
#6564=CARTESIAN_POINT('Ctrl Pts',(-13.026010389782,27.425661416816,17.));
#6565=CARTESIAN_POINT('Ctrl Pts',(-13.0562717054803,27.0950910925452,17.));
#6566=CARTESIAN_POINT('Ctrl Pts',(-13.0714846134186,26.9289074420929,17.));
#6567=CARTESIAN_POINT('',(-12.8781247615814,26.3327155590057,17.));
#6568=CARTESIAN_POINT('Ctrl Pts',(-13.0714846134186,26.9289074420929,17.));
#6569=CARTESIAN_POINT('Ctrl Pts',(-13.0646850104494,26.8170555997934,17.));
#6570=CARTESIAN_POINT('Ctrl Pts',(-13.0515694927173,26.6013084704827,17.));
#6571=CARTESIAN_POINT('Ctrl Pts',(-12.9345005402696,26.4200179200258,17.));
#6572=CARTESIAN_POINT('Ctrl Pts',(-12.8781247615814,26.3327155590057,17.));
#6573=CARTESIAN_POINT('Ctrl Pts',(-12.8781247615814,26.3327155590057,17.));
#6574=CARTESIAN_POINT('Ctrl Pts',(-12.7979140834856,26.2555075740011,17.));
#6575=CARTESIAN_POINT('Ctrl Pts',(-12.6201686584284,26.0844160630172,17.));
#6576=CARTESIAN_POINT('Ctrl Pts',(-12.3844335789214,26.0089123244105,17.));
#6577=CARTESIAN_POINT('Ctrl Pts',(-12.2550780057907,25.9674809455871,17.));
#6578=CARTESIAN_POINT('',(-10.1066411018372,8.55439763069152,17.));
#6579=CARTESIAN_POINT('',(-9.85957031249999,9.92402653694152,17.));
#6580=CARTESIAN_POINT('',(-10.1066411018372,8.55439763069152,17.));
#6581=CARTESIAN_POINT('',(-8.63496129512786,9.12910323143004,17.));
#6582=CARTESIAN_POINT('Ctrl Pts',(-9.85957031249999,9.92402653694152,17.));
#6583=CARTESIAN_POINT('Ctrl Pts',(-9.60633191657928,9.83936022975892,17.));
#6584=CARTESIAN_POINT('Ctrl Pts',(-9.12829413114063,9.67953575353885,17.));
#6585=CARTESIAN_POINT('Ctrl Pts',(-8.79275164019843,9.30515666080154,17.));
#6586=CARTESIAN_POINT('Ctrl Pts',(-8.63496129512786,9.12910323143004,17.));
#6587=CARTESIAN_POINT('',(-8.23750023841857,7.45332221984862,17.));
#6588=CARTESIAN_POINT('Ctrl Pts',(-8.63496129512786,9.12910323143004,17.));
#6589=CARTESIAN_POINT('Ctrl Pts',(-8.51949733508737,8.89960292604682,17.));
#6590=CARTESIAN_POINT('Ctrl Pts',(-8.25548916834405,8.37485083136715,17.));
#6591=CARTESIAN_POINT('Ctrl Pts',(-8.24397735865155,7.78512914998098,17.));
#6592=CARTESIAN_POINT('Ctrl Pts',(-8.23750023841857,7.45332221984862,17.));
#6593=CARTESIAN_POINT('',(-8.47651367187499,5.94941596984862,17.));
#6594=CARTESIAN_POINT('Ctrl Pts',(-8.23750023841857,7.45332221984862,17.));
#6595=CARTESIAN_POINT('Ctrl Pts',(-8.23970100498959,7.15658942912522,17.));
#6596=CARTESIAN_POINT('Ctrl Pts',(-8.24351784780917,6.64195855617349,17.));
#6597=CARTESIAN_POINT('Ctrl Pts',(-8.40720672793491,6.15541970574811,17.));
#6598=CARTESIAN_POINT('Ctrl Pts',(-8.47651367187499,5.94941596984862,17.));
#6599=CARTESIAN_POINT('',(-9.08344750404357,5.25385837554931,17.));
#6600=CARTESIAN_POINT('Ctrl Pts',(-8.47651367187499,5.94941596984862,17.));
#6601=CARTESIAN_POINT('Ctrl Pts',(-8.55653294934618,5.79981635364722,17.));
#6602=CARTESIAN_POINT('Ctrl Pts',(-8.70585246529175,5.52065684380433,17.));
#6603=CARTESIAN_POINT('Ctrl Pts',(-8.96375371744283,5.33843077626273,17.));
#6604=CARTESIAN_POINT('Ctrl Pts',(-9.08344750404357,5.25385837554931,17.));
#6605=CARTESIAN_POINT('',(-10.4342771053314,5.05244235992431,17.));
#6606=CARTESIAN_POINT('Ctrl Pts',(-9.08344750404357,5.25385837554931,17.));
#6607=CARTESIAN_POINT('Ctrl Pts',(-9.25599021298576,5.19572027864506,17.));
#6608=CARTESIAN_POINT('Ctrl Pts',(-9.69244357231909,5.04865774639045,17.));
#6609=CARTESIAN_POINT('Ctrl Pts',(-10.1547399397134,5.0510162446395,17.));
#6610=CARTESIAN_POINT('Ctrl Pts',(-10.4342771053314,5.05244235992431,17.));
#6611=CARTESIAN_POINT('',(-12.19599609375,5.06855468749999,17.));
#6612=CARTESIAN_POINT('',(-10.4342771053314,5.05244235992431,17.));
#6613=CARTESIAN_POINT('',(-13.3051270723343,4.99604682922362,17.));
#6614=CARTESIAN_POINT('Ctrl Pts',(-12.19599609375,5.06855468749999,17.));
#6615=CARTESIAN_POINT('Ctrl Pts',(-12.4141749134311,5.06831566905249,17.));
#6616=CARTESIAN_POINT('Ctrl Pts',(-12.7856285959006,5.06790873549848,17.));
#6617=CARTESIAN_POINT('Ctrl Pts',(-13.1533799291423,5.01703791866126,17.));
#6618=CARTESIAN_POINT('Ctrl Pts',(-13.3051270723343,4.99604682922362,17.));
#6619=CARTESIAN_POINT('',(-14.0705079317093,4.72480754852294,17.));
#6620=CARTESIAN_POINT('Ctrl Pts',(-13.3051270723343,4.99604682922362,17.));
#6621=CARTESIAN_POINT('Ctrl Pts',(-13.4296956299085,4.96494594684952,17.));
#6622=CARTESIAN_POINT('Ctrl Pts',(-13.6934322560109,4.89909913971067,17.));
#6623=CARTESIAN_POINT('Ctrl Pts',(-13.9402615132007,4.78500993491743,17.));
#6624=CARTESIAN_POINT('Ctrl Pts',(-14.0705079317093,4.72480754852294,17.));
#6625=CARTESIAN_POINT('',(-14.0705079317093,6.21797065734862,17.));
#6626=CARTESIAN_POINT('',(-14.0705079317093,4.72480754852294,17.));
#6627=CARTESIAN_POINT('',(-13.6247069120407,6.36299114227294,17.));
#6628=CARTESIAN_POINT('Ctrl Pts',(-14.0705079317093,6.21797065734862,17.));
#6629=CARTESIAN_POINT('Ctrl Pts',(-14.008476622336,6.24046238632025,17.));
#6630=CARTESIAN_POINT('Ctrl Pts',(-13.8615045685796,6.29375250114919,17.));
#6631=CARTESIAN_POINT('Ctrl Pts',(-13.7114367923058,6.33763168921857,17.));
#6632=CARTESIAN_POINT('Ctrl Pts',(-13.6247069120407,6.36299114227294,17.));
#6633=CARTESIAN_POINT('',(-13.4474611759186,6.41670207977294,17.));
#6634=CARTESIAN_POINT('Ctrl Pts',(-13.6247069120407,6.36299114227294,17.));
#6635=CARTESIAN_POINT('Ctrl Pts',(-13.5874351560694,6.37333844888813,17.));
#6636=CARTESIAN_POINT('Ctrl Pts',(-13.5279275494527,6.38985882566006,17.));
#6637=CARTESIAN_POINT('Ctrl Pts',(-13.4693496343201,6.40940017929944,17.));
#6638=CARTESIAN_POINT('Ctrl Pts',(-13.4474611759186,6.41670207977294,17.));
#6639=CARTESIAN_POINT('',(-14.0114260196686,7.24385242462157,17.));
#6640=CARTESIAN_POINT('Ctrl Pts',(-13.4474611759186,6.41670207977294,17.));
#6641=CARTESIAN_POINT('Ctrl Pts',(-13.5639243490421,6.54547404054386,17.));
#6642=CARTESIAN_POINT('Ctrl Pts',(-13.7899643256821,6.79540378420361,17.));
#6643=CARTESIAN_POINT('Ctrl Pts',(-13.9391201459364,7.09743671639798,17.));
#6644=CARTESIAN_POINT('Ctrl Pts',(-14.0114260196686,7.24385242462157,17.));
#6645=CARTESIAN_POINT('',(-14.1994143009186,8.18379383087157,17.));
#6646=CARTESIAN_POINT('Ctrl Pts',(-14.0114260196686,7.24385242462157,17.));
#6647=CARTESIAN_POINT('Ctrl Pts',(-14.06625410082,7.39400992685728,17.));
#6648=CARTESIAN_POINT('Ctrl Pts',(-14.1771163636861,7.69762807534212,17.));
#6649=CARTESIAN_POINT('Ctrl Pts',(-14.1919279421176,8.02056746402344,17.));
#6650=CARTESIAN_POINT('Ctrl Pts',(-14.1994143009186,8.18379383087157,17.));
#6651=CARTESIAN_POINT('',(-13.7213868379593,9.57221846580504,17.));
#6652=CARTESIAN_POINT('Ctrl Pts',(-14.1994143009186,8.18379383087157,17.));
#6653=CARTESIAN_POINT('Ctrl Pts',(-14.1851878359863,8.45548807812539,17.));
#6654=CARTESIAN_POINT('Ctrl Pts',(-14.1584643740907,8.96584753132079,17.));
#6655=CARTESIAN_POINT('Ctrl Pts',(-13.8606548832776,9.37900767869636,17.));
#6656=CARTESIAN_POINT('Ctrl Pts',(-13.7213868379593,9.57221846580504,17.));
#6657=CARTESIAN_POINT('',(-12.5128907442093,10.0797877788544,17.));
#6658=CARTESIAN_POINT('Ctrl Pts',(-13.7213868379593,9.57221846580504,17.));
#6659=CARTESIAN_POINT('Ctrl Pts',(-13.5499578223424,9.72025224889144,17.));
#6660=CARTESIAN_POINT('Ctrl Pts',(-13.2025158866575,10.0202781456582,17.));
#6661=CARTESIAN_POINT('Ctrl Pts',(-12.744778811997,10.0597775254468,17.));
#6662=CARTESIAN_POINT('Ctrl Pts',(-12.5128907442093,10.0797877788544,17.));
#6663=CARTESIAN_POINT('',(-11.6508299589157,9.84883170127868,17.));
#6664=CARTESIAN_POINT('Ctrl Pts',(-12.5128907442093,10.0797877788544,17.));
#6665=CARTESIAN_POINT('Ctrl Pts',(-12.3576290815356,10.0710707560274,17.));
#6666=CARTESIAN_POINT('Ctrl Pts',(-12.0540120086408,10.0540244555467,17.));
#6667=CARTESIAN_POINT('Ctrl Pts',(-11.7831704013435,9.91618415385271,17.));
#6668=CARTESIAN_POINT('Ctrl Pts',(-11.6508299589157,9.84883170127868,17.));
#6669=CARTESIAN_POINT('',(-11.0707521915436,9.2016134738922,17.));
#6670=CARTESIAN_POINT('Ctrl Pts',(-11.6508299589157,9.84883170127868,17.));
#6671=CARTESIAN_POINT('Ctrl Pts',(-11.5316323157093,9.76337017849295,17.));
#6672=CARTESIAN_POINT('Ctrl Pts',(-11.2905643151705,9.59053086836263,17.));
#6673=CARTESIAN_POINT('Ctrl Pts',(-11.1445624721916,9.33220728082653,17.));
#6674=CARTESIAN_POINT('Ctrl Pts',(-11.0707521915436,9.2016134738922,17.));
#6675=CARTESIAN_POINT('',(-10.7189453125,8.00117473602294,17.));
#6676=CARTESIAN_POINT('Ctrl Pts',(-11.0707521915436,9.2016134738922,17.));
#6677=CARTESIAN_POINT('Ctrl Pts',(-11.0032307205227,9.03360097507047,17.));
#6678=CARTESIAN_POINT('Ctrl Pts',(-10.8471337764546,8.64518767134976,17.));
#6679=CARTESIAN_POINT('Ctrl Pts',(-10.7653516625407,8.23431809998537,17.));
#6680=CARTESIAN_POINT('Ctrl Pts',(-10.7189453125,8.00117473602294,17.));
#6681=CARTESIAN_POINT('',(-10.3483403205872,6.53486709594726,17.));
#6682=CARTESIAN_POINT('Ctrl Pts',(-10.7189453125,8.00117473602294,17.));
#6683=CARTESIAN_POINT('Ctrl Pts',(-10.6631630717469,7.70046848312689,17.));
#6684=CARTESIAN_POINT('Ctrl Pts',(-10.5709651196772,7.20345544963644,17.));
#6685=CARTESIAN_POINT('Ctrl Pts',(-10.4113743731297,6.72417140341015,17.));
#6686=CARTESIAN_POINT('Ctrl Pts',(-10.3483403205872,6.53486709594726,17.));
#6687=CARTESIAN_POINT('',(-10.1979494571686,6.53486709594726,17.));
#6688=CARTESIAN_POINT('',(-10.3483403205872,6.53486709594726,17.));
#6689=CARTESIAN_POINT('',(-9.57758789062499,6.74971084594726,17.));
#6690=CARTESIAN_POINT('Ctrl Pts',(-10.1979494571686,6.53486709594726,17.));
#6691=CARTESIAN_POINT('Ctrl Pts',(-10.068418139251,6.53862036994325,17.));
#6692=CARTESIAN_POINT('Ctrl Pts',(-9.83720349919577,6.54531999988574,17.));
#6693=CARTESIAN_POINT('Ctrl Pts',(-9.65688719718836,6.68727988330288,17.));
#6694=CARTESIAN_POINT('Ctrl Pts',(-9.57758789062499,6.74971084594726,17.));
#6695=CARTESIAN_POINT('',(-9.39228539466857,7.56074409484862,17.));
#6696=CARTESIAN_POINT('Ctrl Pts',(-9.57758789062499,6.74971084594726,17.));
#6697=CARTESIAN_POINT('Ctrl Pts',(-9.52402591084414,6.85120449046647,17.));
#6698=CARTESIAN_POINT('Ctrl Pts',(-9.39119984323528,7.1028942477147,17.));
#6699=CARTESIAN_POINT('Ctrl Pts',(-9.39187969340454,7.38963266150317,17.));
#6700=CARTESIAN_POINT('Ctrl Pts',(-9.39228539466857,7.56074409484862,17.));
#6701=CARTESIAN_POINT('',(-9.55073242187499,8.18916301727294,17.));
#6702=CARTESIAN_POINT('Ctrl Pts',(-9.39228539466857,7.56074409484862,17.));
#6703=CARTESIAN_POINT('Ctrl Pts',(-9.39579360625451,7.68285480973232,17.));
#6704=CARTESIAN_POINT('Ctrl Pts',(-9.40217006408588,7.9048008939808,17.));
#6705=CARTESIAN_POINT('Ctrl Pts',(-9.50463971610518,8.10093730602252,17.));
#6706=CARTESIAN_POINT('Ctrl Pts',(-9.55073242187499,8.18916301727294,17.));
#6707=CARTESIAN_POINT('Ctrl Pts',(-9.55073242187499,8.18916301727294,17.));
#6708=CARTESIAN_POINT('Ctrl Pts',(-9.61965831365465,8.26277966809623,17.));
#6709=CARTESIAN_POINT('Ctrl Pts',(-9.77490398834588,8.42859060402297,17.));
#6710=CARTESIAN_POINT('Ctrl Pts',(-9.98809983395703,8.50944238196289,17.));
#6711=CARTESIAN_POINT('Ctrl Pts',(-10.1066411018372,8.55439763069152,17.));
#6712=CARTESIAN_POINT('',(-12.2550780057907,19.84443526268,17.));
#6713=CARTESIAN_POINT('',(-12.5075197696686,18.34052901268,17.));
#6714=CARTESIAN_POINT('',(-12.2550780057907,19.84443526268,17.));
#6715=CARTESIAN_POINT('',(-13.767041015625,19.2562995433807,17.));
#6716=CARTESIAN_POINT('Ctrl Pts',(-12.5075197696686,18.34052901268,17.));
#6717=CARTESIAN_POINT('Ctrl Pts',(-12.7637710658581,18.4469454365283,17.));
#6718=CARTESIAN_POINT('Ctrl Pts',(-13.2574464341625,18.6519596862827,17.));
#6719=CARTESIAN_POINT('Ctrl Pts',(-13.6015505037062,19.0600405642585,17.));
#6720=CARTESIAN_POINT('Ctrl Pts',(-13.767041015625,19.2562995433807,17.));
#6721=CARTESIAN_POINT('',(-14.1994143009186,20.8219740867615,17.));
#6722=CARTESIAN_POINT('Ctrl Pts',(-13.767041015625,19.2562995433807,17.));
#6723=CARTESIAN_POINT('Ctrl Pts',(-13.8930413208628,19.4859476837296,17.));
#6724=CARTESIAN_POINT('Ctrl Pts',(-14.1601208217038,19.9727267480952,17.));
#6725=CARTESIAN_POINT('Ctrl Pts',(-14.1858325924107,20.5284335290055,17.));
#6726=CARTESIAN_POINT('Ctrl Pts',(-14.1994143009186,20.8219740867615,17.));
#6727=CARTESIAN_POINT('',(-13.2272458553314,23.0241225242615,17.));
#6728=CARTESIAN_POINT('Ctrl Pts',(-14.1994143009186,20.8219740867615,17.));
#6729=CARTESIAN_POINT('Ctrl Pts',(-14.1698643193403,21.2771266397366,17.));
#6730=CARTESIAN_POINT('Ctrl Pts',(-14.1141917907707,22.1346396450129,17.));
#6731=CARTESIAN_POINT('Ctrl Pts',(-13.5105060237266,22.7400521428624,17.));
#6732=CARTESIAN_POINT('Ctrl Pts',(-13.2272458553314,23.0241225242615,17.));
#6733=CARTESIAN_POINT('',(-11.2614262580872,23.5880873680115,17.));
#6734=CARTESIAN_POINT('Ctrl Pts',(-13.2272458553314,23.0241225242615,17.));
#6735=CARTESIAN_POINT('Ctrl Pts',(-12.9405565036231,23.1884704817225,17.));
#6736=CARTESIAN_POINT('Ctrl Pts',(-12.332870187096,23.536833629161,17.));
#6737=CARTESIAN_POINT('Ctrl Pts',(-11.6317680700845,23.570371646261,17.));
#6738=CARTESIAN_POINT('Ctrl Pts',(-11.2614262580872,23.5880873680115,17.));
#6739=CARTESIAN_POINT('',(-9.04047851562499,22.8468761920929,17.));
#6740=CARTESIAN_POINT('Ctrl Pts',(-11.2614262580872,23.5880873680115,17.));
#6741=CARTESIAN_POINT('Ctrl Pts',(-10.8257772299694,23.5671049059586,17.));
#6742=CARTESIAN_POINT('Ctrl Pts',(-10.0128583012897,23.527951735695,17.));
#6743=CARTESIAN_POINT('Ctrl Pts',(-9.3487066018186,23.0627657184411,17.));
#6744=CARTESIAN_POINT('Ctrl Pts',(-9.04047851562499,22.8468761920929,17.));
#6745=CARTESIAN_POINT('',(-8.23750023841857,20.97236495018,17.));
#6746=CARTESIAN_POINT('Ctrl Pts',(-9.04047851562499,22.8468761920929,17.));
#6747=CARTESIAN_POINT('Ctrl Pts',(-8.80628361213375,22.5815504928728,17.));
#6748=CARTESIAN_POINT('Ctrl Pts',(-8.33299549162233,22.045349663413,17.));
#6749=CARTESIAN_POINT('Ctrl Pts',(-8.26955086368868,21.332485791904,17.));
#6750=CARTESIAN_POINT('Ctrl Pts',(-8.23750023841857,20.97236495018,17.));
#6751=CARTESIAN_POINT('',(-9.07807652950286,18.9635751724243,17.));
#6752=CARTESIAN_POINT('Ctrl Pts',(-8.23750023841857,20.97236495018,17.));
#6753=CARTESIAN_POINT('Ctrl Pts',(-8.26698548948852,20.575430047239,17.));
#6754=CARTESIAN_POINT('Ctrl Pts',(-8.32383219854338,19.8101510646154,17.));
#6755=CARTESIAN_POINT('Ctrl Pts',(-8.83300262162214,19.2386500436573,17.));
#6756=CARTESIAN_POINT('Ctrl Pts',(-9.07807652950286,18.9635751724243,17.));
#6757=CARTESIAN_POINT('',(-11.6535157442093,18.25996260643,17.));
#6758=CARTESIAN_POINT('Ctrl Pts',(-9.07807652950286,18.9635751724243,17.));
#6759=CARTESIAN_POINT('Ctrl Pts',(-9.42367425498877,18.7516206807561,17.));
#6760=CARTESIAN_POINT('Ctrl Pts',(-10.2087583800537,18.2701299348001,17.));
#6761=CARTESIAN_POINT('Ctrl Pts',(-11.1350064387345,18.2636115612667,17.));
#6762=CARTESIAN_POINT('Ctrl Pts',(-11.6535157442093,18.25996260643,17.));
#6763=CARTESIAN_POINT('',(-11.6535157442093,22.0412121295929,17.));
#6764=CARTESIAN_POINT('',(-11.6535157442093,18.25996260643,17.));
#6765=CARTESIAN_POINT('',(-12.6981932401657,21.6759775161743,17.));
#6766=CARTESIAN_POINT('Ctrl Pts',(-11.6535157442093,22.0412121295929,17.));
#6767=CARTESIAN_POINT('Ctrl Pts',(-11.8593289160576,22.0268584009068,17.));
#6768=CARTESIAN_POINT('Ctrl Pts',(-12.242285959045,22.0001503848742,17.));
#6769=CARTESIAN_POINT('Ctrl Pts',(-12.5540028297926,21.7785041063502,17.));
#6770=CARTESIAN_POINT('Ctrl Pts',(-12.6981932401657,21.6759775161743,17.));
#6771=CARTESIAN_POINT('',(-13.0714846134186,20.8058605670929,17.));
#6772=CARTESIAN_POINT('Ctrl Pts',(-12.6981932401657,21.6759775161743,17.));
#6773=CARTESIAN_POINT('Ctrl Pts',(-12.8070689023863,21.5519749301844,17.));
#6774=CARTESIAN_POINT('Ctrl Pts',(-13.0260102688297,21.3026143746167,17.));
#6775=CARTESIAN_POINT('Ctrl Pts',(-13.0562716705748,20.9720441008989,17.));
#6776=CARTESIAN_POINT('Ctrl Pts',(-13.0714846134186,20.8058605670929,17.));
#6777=CARTESIAN_POINT('',(-12.8781247615814,20.2096686840057,17.));
#6778=CARTESIAN_POINT('Ctrl Pts',(-13.0714846134186,20.8058605670929,17.));
#6779=CARTESIAN_POINT('Ctrl Pts',(-13.0646849475151,20.6940089477261,17.));
#6780=CARTESIAN_POINT('Ctrl Pts',(-13.0515692862779,20.4782618846698,17.));
#6781=CARTESIAN_POINT('Ctrl Pts',(-12.9345005422381,20.2969712459806,17.));
#6782=CARTESIAN_POINT('Ctrl Pts',(-12.8781247615814,20.2096686840057,17.));
#6783=CARTESIAN_POINT('Ctrl Pts',(-12.8781247615814,20.2096686840057,17.));
#6784=CARTESIAN_POINT('Ctrl Pts',(-12.7979140902517,20.1324607670503,17.));
#6785=CARTESIAN_POINT('Ctrl Pts',(-12.6201687064982,19.9613694321872,17.));
#6786=CARTESIAN_POINT('Ctrl Pts',(-12.3844335857858,19.8858663023875,17.));
#6787=CARTESIAN_POINT('Ctrl Pts',(-12.2550780057907,19.84443526268,17.));
#6788=CARTESIAN_POINT('',(-6.19648461341857,36.5968761920929,17.));
#6789=CARTESIAN_POINT('',(-6.19648461341857,33.449415075779,17.));
#6790=CARTESIAN_POINT('',(-6.19648461341857,36.5968761920929,17.));
#6791=CARTESIAN_POINT('',(-6.27436523437499,32.0556161880493,17.));
#6792=CARTESIAN_POINT('Ctrl Pts',(-6.19648461341857,33.449415075779,17.));
#6793=CARTESIAN_POINT('Ctrl Pts',(-6.19688434440639,33.177123637286,17.));
#6794=CARTESIAN_POINT('Ctrl Pts',(-6.1975687029304,32.7109477023923,17.));
#6795=CARTESIAN_POINT('Ctrl Pts',(-6.25180721374761,32.2481116242395,17.));
#6796=CARTESIAN_POINT('Ctrl Pts',(-6.27436523437499,32.0556161880493,17.));
#6797=CARTESIAN_POINT('',(-6.59931664466857,31.2338392019272,17.));
#6798=CARTESIAN_POINT('Ctrl Pts',(-6.27436523437499,32.0556161880493,17.));
#6799=CARTESIAN_POINT('Ctrl Pts',(-6.30672081854543,31.9075353502822,17.));
#6800=CARTESIAN_POINT('Ctrl Pts',(-6.37044530147864,31.6158894084467,17.));
#6801=CARTESIAN_POINT('Ctrl Pts',(-6.52381778379961,31.3598678911678,17.));
#6802=CARTESIAN_POINT('Ctrl Pts',(-6.59931664466857,31.2338392019272,17.));
#6803=CARTESIAN_POINT('',(-7.25727562904357,30.6295911550522,17.));
#6804=CARTESIAN_POINT('Ctrl Pts',(-6.59931664466857,31.2338392019272,17.));
#6805=CARTESIAN_POINT('Ctrl Pts',(-6.68991641682099,31.1171995068695,17.));
#6806=CARTESIAN_POINT('Ctrl Pts',(-6.87509948923639,30.8787916545843,17.));
#6807=CARTESIAN_POINT('Ctrl Pts',(-7.12806967681041,30.7138407574875,17.));
#6808=CARTESIAN_POINT('Ctrl Pts',(-7.25727562904357,30.6295911550522,17.));
#6809=CARTESIAN_POINT('',(-8.17841773033141,30.3878919363022,17.));
#6810=CARTESIAN_POINT('Ctrl Pts',(-7.25727562904357,30.6295911550522,17.));
#6811=CARTESIAN_POINT('Ctrl Pts',(-7.39985177461788,30.5591019060412,17.));
#6812=CARTESIAN_POINT('Ctrl Pts',(-7.69020821297981,30.4155504921411,17.));
#6813=CARTESIAN_POINT('Ctrl Pts',(-8.01374825551558,30.397220963497,17.));
#6814=CARTESIAN_POINT('Ctrl Pts',(-8.17841773033141,30.3878919363022,17.));
#6815=CARTESIAN_POINT('',(-9.1935545682907,30.6859872817993,17.));
#6816=CARTESIAN_POINT('Ctrl Pts',(-8.17841773033141,30.3878919363022,17.));
#6817=CARTESIAN_POINT('Ctrl Pts',(-8.35889139752061,30.4002291833575,17.));
#6818=CARTESIAN_POINT('Ctrl Pts',(-8.71923541100136,30.4248624342271,17.));
#6819=CARTESIAN_POINT('Ctrl Pts',(-9.03562475851979,30.5990428755493,17.));
#6820=CARTESIAN_POINT('Ctrl Pts',(-9.1935545682907,30.6859872817993,17.));
#6821=CARTESIAN_POINT('',(-9.88642578124999,31.4943371295929,17.));
#6822=CARTESIAN_POINT('Ctrl Pts',(-9.1935545682907,30.6859872817993,17.));
#6823=CARTESIAN_POINT('Ctrl Pts',(-9.33809110846244,30.7946100943587,17.));
#6824=CARTESIAN_POINT('Ctrl Pts',(-9.62860340680215,31.0129373276747,17.));
#6825=CARTESIAN_POINT('Ctrl Pts',(-9.80020161996638,31.3333414276047,17.));
#6826=CARTESIAN_POINT('Ctrl Pts',(-9.88642578124999,31.4943371295929,17.));
#6827=CARTESIAN_POINT('',(-10.6007814884186,30.3878919363022,17.));
#6828=CARTESIAN_POINT('Ctrl Pts',(-9.88642578124999,31.4943371295929,17.));
#6829=CARTESIAN_POINT('Ctrl Pts',(-9.96454517181682,31.271473131425,17.));
#6830=CARTESIAN_POINT('Ctrl Pts',(-10.1141695642711,30.8446150865293,17.));
#6831=CARTESIAN_POINT('Ctrl Pts',(-10.4434293342276,30.5355791753337,17.));
#6832=CARTESIAN_POINT('Ctrl Pts',(-10.6007814884186,30.3878919363022,17.));
#6833=CARTESIAN_POINT('',(-11.7877930879593,30.0011728286743,17.));
#6834=CARTESIAN_POINT('Ctrl Pts',(-10.6007814884186,30.3878919363022,17.));
#6835=CARTESIAN_POINT('Ctrl Pts',(-10.7785430680896,30.2751102503232,17.));
#6836=CARTESIAN_POINT('Ctrl Pts',(-11.1409427446207,30.0451840390853,17.));
#6837=CARTESIAN_POINT('Ctrl Pts',(-11.5694659044324,30.0160276458845,17.));
#6838=CARTESIAN_POINT('Ctrl Pts',(-11.7877930879593,30.0011728286743,17.));
#6839=CARTESIAN_POINT('',(-12.8324705839157,30.2509288072586,17.));
#6840=CARTESIAN_POINT('Ctrl Pts',(-11.7877930879593,30.0011728286743,17.));
#6841=CARTESIAN_POINT('Ctrl Pts',(-11.966708046969,30.0121290905869,17.));
#6842=CARTESIAN_POINT('Ctrl Pts',(-12.3294259439801,30.034340940854,17.));
#6843=CARTESIAN_POINT('Ctrl Pts',(-12.6632893252289,30.1780871448182,17.));
#6844=CARTESIAN_POINT('Ctrl Pts',(-12.8324705839157,30.2509288072586,17.));
#6845=CARTESIAN_POINT('',(-13.6435062170029,30.93305747509,17.));
#6846=CARTESIAN_POINT('Ctrl Pts',(-12.8324705839157,30.2509288072586,17.));
#6847=CARTESIAN_POINT('Ctrl Pts',(-12.9922097087032,30.3404544186391,17.));
#6848=CARTESIAN_POINT('Ctrl Pts',(-13.3060560383395,30.5163492382558,17.));
#6849=CARTESIAN_POINT('Ctrl Pts',(-13.5323765855817,30.7958264534531,17.));
#6850=CARTESIAN_POINT('Ctrl Pts',(-13.6435062170029,30.93305747509,17.));
#6851=CARTESIAN_POINT('',(-14.0167969942093,31.9992194652557,17.));
#6852=CARTESIAN_POINT('Ctrl Pts',(-13.6435062170029,30.93305747509,17.));
#6853=CARTESIAN_POINT('Ctrl Pts',(-13.7354001675818,31.0903202797492,17.));
#6854=CARTESIAN_POINT('Ctrl Pts',(-13.9286928158077,31.421111847513,17.));
#6855=CARTESIAN_POINT('Ctrl Pts',(-13.9864817200341,31.800301647139,17.));
#6856=CARTESIAN_POINT('Ctrl Pts',(-14.0167969942093,31.9992194652557,17.));
#6857=CARTESIAN_POINT('',(-14.0705079317093,33.9167002916336,17.));
#6858=CARTESIAN_POINT('Ctrl Pts',(-14.0167969942093,31.9992194652557,17.));
#6859=CARTESIAN_POINT('Ctrl Pts',(-14.0298863206277,32.2252048211232,17.));
#6860=CARTESIAN_POINT('Ctrl Pts',(-14.066870384863,32.8637294212822,17.));
#6861=CARTESIAN_POINT('Ctrl Pts',(-14.0690802060435,33.50341254569,17.));
#6862=CARTESIAN_POINT('Ctrl Pts',(-14.0705079317093,33.9167002916336,17.));
#6863=CARTESIAN_POINT('',(-14.0705079317093,36.5968761920929,17.));
#6864=CARTESIAN_POINT('',(-14.0705079317093,33.9167002916336,17.));
#6865=CARTESIAN_POINT('',(-14.0705079317093,36.5968761920929,17.));
#6866=CARTESIAN_POINT('',(-14.0705079317093,17.0138679027557,17.));
#6867=CARTESIAN_POINT('',(-6.19648461341857,17.0138679027557,17.));
#6868=CARTESIAN_POINT('',(-14.0705079317093,17.0138679027557,17.));
#6869=CARTESIAN_POINT('',(-6.19648461341857,14.4625983715057,17.));
#6870=CARTESIAN_POINT('',(-6.19648461341857,17.0138679027557,17.));
#6871=CARTESIAN_POINT('',(-6.31464843749999,12.5719724178314,17.));
#6872=CARTESIAN_POINT('Ctrl Pts',(-6.19648461341857,14.4625983715057,17.));
#6873=CARTESIAN_POINT('Ctrl Pts',(-6.19343762018084,14.0623659705587,17.));
#6874=CARTESIAN_POINT('Ctrl Pts',(-6.18861419549528,13.4287935625909,17.));
#6875=CARTESIAN_POINT('Ctrl Pts',(-6.28072479030592,12.8025962368897,17.));
#6876=CARTESIAN_POINT('Ctrl Pts',(-6.31464843749999,12.5719724178314,17.));
#6877=CARTESIAN_POINT('',(-7.0854002714157,11.4386711597443,17.));
#6878=CARTESIAN_POINT('Ctrl Pts',(-6.31464843749999,12.5719724178314,17.));
#6879=CARTESIAN_POINT('Ctrl Pts',(-6.3928433477547,12.3542161714092,17.));
#6880=CARTESIAN_POINT('Ctrl Pts',(-6.55216960050078,11.9105263373588,17.));
#6881=CARTESIAN_POINT('Ctrl Pts',(-6.9054861366753,11.5978769605989,17.));
#6882=CARTESIAN_POINT('Ctrl Pts',(-7.0854002714157,11.4386711597443,17.));
#6883=CARTESIAN_POINT('',(-8.61884777545928,10.9821281909943,17.));
#6884=CARTESIAN_POINT('Ctrl Pts',(-7.0854002714157,11.4386711597443,17.));
#6885=CARTESIAN_POINT('Ctrl Pts',(-7.30626895884084,11.3056475914023,17.));
#6886=CARTESIAN_POINT('Ctrl Pts',(-7.77686403167177,11.0222202003949,17.));
#6887=CARTESIAN_POINT('Ctrl Pts',(-8.32694260659037,10.9960275861557,17.));
#6888=CARTESIAN_POINT('Ctrl Pts',(-8.61884777545928,10.9821281909943,17.));
#6889=CARTESIAN_POINT('',(-9.8380858182907,11.2453136920929,17.));
#6890=CARTESIAN_POINT('Ctrl Pts',(-8.61884777545928,10.9821281909943,17.));
#6891=CARTESIAN_POINT('Ctrl Pts',(-8.84449669630313,10.9898269292989,17.));
#6892=CARTESIAN_POINT('Ctrl Pts',(-9.26736875024065,11.0042545687816,17.));
#6893=CARTESIAN_POINT('Ctrl Pts',(-9.6565675439597,11.1686441153011,17.));
#6894=CARTESIAN_POINT('Ctrl Pts',(-9.8380858182907,11.2453136920929,17.));
#6895=CARTESIAN_POINT('',(-10.6142092227936,11.9140134334564,17.));
#6896=CARTESIAN_POINT('Ctrl Pts',(-9.8380858182907,11.2453136920929,17.));
#6897=CARTESIAN_POINT('Ctrl Pts',(-9.99230301188085,11.3366311762006,17.));
#6898=CARTESIAN_POINT('Ctrl Pts',(-10.2909910719258,11.5134949975511,17.));
#6899=CARTESIAN_POINT('Ctrl Pts',(-10.5088393351133,11.7834434685831,17.));
#6900=CARTESIAN_POINT('Ctrl Pts',(-10.6142092227936,11.9140134334564,17.));
#6901=CARTESIAN_POINT('',(-10.9875,12.7384768009186,17.));
#6902=CARTESIAN_POINT('Ctrl Pts',(-10.6142092227936,11.9140134334564,17.));
#6903=CARTESIAN_POINT('Ctrl Pts',(-10.6996423572851,12.047018713704,17.));
#6904=CARTESIAN_POINT('Ctrl Pts',(-10.8645179481179,12.3037027777408,17.));
#6905=CARTESIAN_POINT('Ctrl Pts',(-10.9475111559485,12.5971056793247,17.));
#6906=CARTESIAN_POINT('Ctrl Pts',(-10.9875,12.7384768009186,17.));
#6907=CARTESIAN_POINT('',(-11.1002934455872,14.3874035358429,17.));
#6908=CARTESIAN_POINT('Ctrl Pts',(-10.9875,12.7384768009186,17.));
#6909=CARTESIAN_POINT('Ctrl Pts',(-11.0202110435722,12.9704367530379,17.));
#6910=CARTESIAN_POINT('Ctrl Pts',(-11.0973020876003,13.5171033502714,17.));
#6911=CARTESIAN_POINT('Ctrl Pts',(-11.0992005392951,14.0694353912823,17.));
#6912=CARTESIAN_POINT('Ctrl Pts',(-11.1002934455872,14.3874035358429,17.));
#6913=CARTESIAN_POINT('',(-11.1002934455872,15.4240236759186,17.));
#6914=CARTESIAN_POINT('',(-11.1002934455872,14.3874035358429,17.));
#6915=CARTESIAN_POINT('',(-14.0705079317093,15.4240236759186,17.));
#6916=CARTESIAN_POINT('',(-11.1002934455872,15.4240236759186,17.));
#6917=CARTESIAN_POINT('',(-14.0705079317093,15.4240236759186,17.));
#6918=CARTESIAN_POINT('',(-14.0705079317093,-1.67216796875001,17.));
#6919=CARTESIAN_POINT('',(-14.0705079317093,-0.270314407348642,17.));
#6920=CARTESIAN_POINT('',(-14.0705079317093,-1.67216796875001,17.));
#6921=CARTESIAN_POINT('',(-13.2326174259186,-0.270314407348642,17.));
#6922=CARTESIAN_POINT('',(-14.0705079317093,-0.270314407348642,17.));
#6923=CARTESIAN_POINT('',(-13.9604002714157,0.554151344299307,17.));
#6924=CARTESIAN_POINT('Ctrl Pts',(-13.2326174259186,-0.270314407348642,
17.));
#6925=CARTESIAN_POINT('Ctrl Pts',(-13.3837696189171,-0.151340831652207,
17.));
#6926=CARTESIAN_POINT('Ctrl Pts',(-13.6768009594157,0.0793074022809748,
17.));
#6927=CARTESIAN_POINT('Ctrl Pts',(-13.8678827770611,0.399244862280095,17.));
#6928=CARTESIAN_POINT('Ctrl Pts',(-13.9604002714157,0.554151344299307,17.));
#6929=CARTESIAN_POINT('',(-14.1994143009186,1.51288967132567,17.));
#6930=CARTESIAN_POINT('Ctrl Pts',(-13.9604002714157,0.554151344299307,17.));
#6931=CARTESIAN_POINT('Ctrl Pts',(-14.0300998993961,0.710821924083538,17.));
#6932=CARTESIAN_POINT('Ctrl Pts',(-14.1661051212358,1.01653398563587,17.));
#6933=CARTESIAN_POINT('Ctrl Pts',(-14.1884975096823,1.35021345260053,17.));
#6934=CARTESIAN_POINT('Ctrl Pts',(-14.1994143009186,1.51288967132567,17.));
#6935=CARTESIAN_POINT('',(-13.4071779727936,3.19673042297362,17.));
#6936=CARTESIAN_POINT('Ctrl Pts',(-14.1994143009186,1.51288967132567,17.));
#6937=CARTESIAN_POINT('Ctrl Pts',(-14.1637165081098,1.83111918014204,17.));
#6938=CARTESIAN_POINT('Ctrl Pts',(-14.0907890540622,2.48123410475763,17.));
#6939=CARTESIAN_POINT('Ctrl Pts',(-13.6382171472362,2.95491503523799,17.));
#6940=CARTESIAN_POINT('Ctrl Pts',(-13.4071779727936,3.19673042297362,17.));
#6941=CARTESIAN_POINT('',(-11.1969727754593,3.89765720367431,17.));
#6942=CARTESIAN_POINT('Ctrl Pts',(-13.4071779727936,3.19673042297362,17.));
#6943=CARTESIAN_POINT('Ctrl Pts',(-13.1005826281332,3.40081927224059,17.));
#6944=CARTESIAN_POINT('Ctrl Pts',(-12.4339471960864,3.84457310143763,17.));
#6945=CARTESIAN_POINT('Ctrl Pts',(-11.6307616114327,3.87904138548603,17.));
#6946=CARTESIAN_POINT('Ctrl Pts',(-11.1969727754593,3.89765720367431,17.));
#6947=CARTESIAN_POINT('',(-8.9921385526657,3.21552734374999,17.));
#6948=CARTESIAN_POINT('Ctrl Pts',(-11.1969727754593,3.89765720367431,17.));
#6949=CARTESIAN_POINT('Ctrl Pts',(-10.7579620023045,3.88202564934782,17.));
#6950=CARTESIAN_POINT('Ctrl Pts',(-9.95750690139863,3.85352439570931,17.));
#6951=CARTESIAN_POINT('Ctrl Pts',(-9.29244588153948,3.41399582550074,17.));
#6952=CARTESIAN_POINT('Ctrl Pts',(-8.9921385526657,3.21552734374999,17.));
#6953=CARTESIAN_POINT('',(-8.23750023841857,1.49140815734862,17.));
#6954=CARTESIAN_POINT('Ctrl Pts',(-8.9921385526657,3.21552734374999,17.));
#6955=CARTESIAN_POINT('Ctrl Pts',(-8.7720387209649,2.97198075765827,17.));
#6956=CARTESIAN_POINT('Ctrl Pts',(-8.32880024021857,2.48152504955493,17.));
#6957=CARTESIAN_POINT('Ctrl Pts',(-8.26807235464031,1.82295216725946,17.));
#6958=CARTESIAN_POINT('Ctrl Pts',(-8.23750023841857,1.49140815734862,17.));
#6959=CARTESIAN_POINT('',(-9.0324217557907,-0.162892532348642,17.));
#6960=CARTESIAN_POINT('Ctrl Pts',(-8.23750023841857,1.49140815734862,17.));
#6961=CARTESIAN_POINT('Ctrl Pts',(-8.27430265668425,1.18029638781294,17.));
#6962=CARTESIAN_POINT('Ctrl Pts',(-8.35010646713285,0.539483671758192,17.));
#6963=CARTESIAN_POINT('Ctrl Pts',(-8.80062698033301,0.0757172968961672,
17.));
#6964=CARTESIAN_POINT('Ctrl Pts',(-9.0324217557907,-0.162892532348642,17.));
#6965=CARTESIAN_POINT('',(-6.19648461341857,-0.162892532348642,17.));
#6966=CARTESIAN_POINT('',(-9.0324217557907,-0.162892532348642,17.));
#6967=CARTESIAN_POINT('',(-6.19648461341857,-1.67216796875001,17.));
#6968=CARTESIAN_POINT('',(-6.19648461341857,-0.162892532348642,17.));
#6969=CARTESIAN_POINT('',(-6.19648461341857,-1.67216796875001,17.));
#6970=CARTESIAN_POINT('Origin',(-81.4600037321122,-6.68790224877251,17.));
#6971=CARTESIAN_POINT('',(-93.4600037321122,-6.68790224877251,14.));
#6972=CARTESIAN_POINT('',(-81.4600037321122,-6.68790224877251,14.));
#6973=CARTESIAN_POINT('',(-65.7300018660561,-6.68790224877251,14.));
#6974=CARTESIAN_POINT('',(-93.4600037321122,-6.68790224877251,17.));
#6975=CARTESIAN_POINT('',(-81.4600037321122,-6.68790224877251,17.));
#6976=CARTESIAN_POINT('Origin',(-81.4600037321122,22.8120977512275,17.));
#6977=CARTESIAN_POINT('',(-81.4600037321122,22.8120977512275,14.));
#6978=CARTESIAN_POINT('',(-81.4600037321122,20.6810488756137,14.));
#6979=CARTESIAN_POINT('',(-81.4600037321122,22.8120977512275,17.));
#6980=CARTESIAN_POINT('Origin',(-93.4600037321122,22.8120977512275,17.));
#6981=CARTESIAN_POINT('',(-93.4600037321122,22.8120977512275,14.));
#6982=CARTESIAN_POINT('',(-71.7300018660561,22.8120977512275,14.));
#6983=CARTESIAN_POINT('',(-93.4600037321122,22.8120977512275,17.));
#6984=CARTESIAN_POINT('Origin',(-93.4600037321122,-6.68790224877251,17.));
#6985=CARTESIAN_POINT('',(-93.4600037321122,5.93104887561374,14.));
#6986=CARTESIAN_POINT('Origin',(-62.05,6.00000000000001,17.));
#6987=CARTESIAN_POINT('',(-62.05,-7.,14.));
#6988=CARTESIAN_POINT('',(-62.05,6.00000000000001,14.));
#6989=CARTESIAN_POINT('',(-62.05,12.275,14.));
#6990=CARTESIAN_POINT('',(-62.05,-7.,17.));
#6991=CARTESIAN_POINT('',(-62.05,6.00000000000001,17.));
#6992=CARTESIAN_POINT('Origin',(-62.55,6.00000000000001,17.));
#6993=CARTESIAN_POINT('',(-62.55,6.5,14.));
#6994=CARTESIAN_POINT('Origin',(-62.55,6.00000000000001,14.));
#6995=CARTESIAN_POINT('',(-62.55,6.5,17.));
#6996=CARTESIAN_POINT('Origin',(-75.55,6.5,17.));
#6997=CARTESIAN_POINT('',(-75.55,6.5,14.));
#6998=CARTESIAN_POINT('',(-62.775,6.5,14.));
#6999=CARTESIAN_POINT('',(-75.55,6.5,17.));
#7000=CARTESIAN_POINT('Origin',(-75.55,6.00000000000001,17.));
#7001=CARTESIAN_POINT('',(-76.05,6.00000000000001,14.));
#7002=CARTESIAN_POINT('Origin',(-75.55,6.00000000000001,14.));
#7003=CARTESIAN_POINT('',(-76.05,6.00000000000001,17.));
#7004=CARTESIAN_POINT('Origin',(-76.05,-7.,17.));
#7005=CARTESIAN_POINT('',(-76.05,-7.,14.));
#7006=CARTESIAN_POINT('',(-76.05,5.775,14.));
#7007=CARTESIAN_POINT('',(-76.05,-7.,17.));
#7008=CARTESIAN_POINT('Origin',(-75.55,-7.,17.));
#7009=CARTESIAN_POINT('',(-75.55,-7.5,14.));
#7010=CARTESIAN_POINT('Origin',(-75.55,-7.,14.));
#7011=CARTESIAN_POINT('',(-75.55,-7.5,17.));
#7012=CARTESIAN_POINT('Origin',(-62.55,-7.5,17.));
#7013=CARTESIAN_POINT('',(-62.55,-7.5,14.));
#7014=CARTESIAN_POINT('',(-56.275,-7.5,14.));
#7015=CARTESIAN_POINT('',(-62.55,-7.5,17.));
#7016=CARTESIAN_POINT('Origin',(-62.55,-7.,17.));
#7017=CARTESIAN_POINT('Origin',(-62.55,-7.,14.));
#7018=CARTESIAN_POINT('Origin',(-23.95,44.1,17.));
#7019=CARTESIAN_POINT('',(-23.95,31.1,14.));
#7020=CARTESIAN_POINT('',(-23.95,44.1,14.));
#7021=CARTESIAN_POINT('',(-23.95,31.325,14.));
#7022=CARTESIAN_POINT('',(-23.95,31.1,17.));
#7023=CARTESIAN_POINT('',(-23.95,44.1,17.));
#7024=CARTESIAN_POINT('Origin',(-24.45,44.1,17.));
#7025=CARTESIAN_POINT('',(-24.45,44.6,14.));
#7026=CARTESIAN_POINT('Origin',(-24.45,44.1,14.));
#7027=CARTESIAN_POINT('',(-24.45,44.6,17.));
#7028=CARTESIAN_POINT('Origin',(-37.45,44.6,17.));
#7029=CARTESIAN_POINT('',(-37.45,44.6,14.));
#7030=CARTESIAN_POINT('',(-43.725,44.6,14.));
#7031=CARTESIAN_POINT('',(-37.45,44.6,17.));
#7032=CARTESIAN_POINT('Origin',(-37.45,44.1,17.));
#7033=CARTESIAN_POINT('',(-37.95,44.1,14.));
#7034=CARTESIAN_POINT('Origin',(-37.45,44.1,14.));
#7035=CARTESIAN_POINT('',(-37.95,44.1,17.));
#7036=CARTESIAN_POINT('Origin',(-37.95,31.1,17.));
#7037=CARTESIAN_POINT('',(-37.95,31.1,14.));
#7038=CARTESIAN_POINT('',(-37.95,24.825,14.));
#7039=CARTESIAN_POINT('',(-37.95,31.1,17.));
#7040=CARTESIAN_POINT('Origin',(-37.45,31.1,17.));
#7041=CARTESIAN_POINT('',(-37.45,30.6,14.));
#7042=CARTESIAN_POINT('Origin',(-37.45,31.1,14.));
#7043=CARTESIAN_POINT('',(-37.45,30.6,17.));
#7044=CARTESIAN_POINT('Origin',(-24.45,30.6,17.));
#7045=CARTESIAN_POINT('',(-24.45,30.6,14.));
#7046=CARTESIAN_POINT('',(-37.225,30.6,14.));
#7047=CARTESIAN_POINT('',(-24.45,30.6,17.));
#7048=CARTESIAN_POINT('Origin',(-24.45,31.1,17.));
#7049=CARTESIAN_POINT('Origin',(-24.45,31.1,14.));
#7050=CARTESIAN_POINT('Origin',(-43.,44.1,17.));
#7051=CARTESIAN_POINT('',(-43.,31.1,14.));
#7052=CARTESIAN_POINT('',(-43.,44.1,14.));
#7053=CARTESIAN_POINT('',(-43.,31.325,14.));
#7054=CARTESIAN_POINT('',(-43.,31.1,17.));
#7055=CARTESIAN_POINT('',(-43.,44.1,17.));
#7056=CARTESIAN_POINT('Origin',(-43.5,44.1,17.));
#7057=CARTESIAN_POINT('',(-43.5,44.6,14.));
#7058=CARTESIAN_POINT('Origin',(-43.5,44.1,14.));
#7059=CARTESIAN_POINT('',(-43.5,44.6,17.));
#7060=CARTESIAN_POINT('Origin',(-56.5,44.6,17.));
#7061=CARTESIAN_POINT('',(-56.5,44.6,14.));
#7062=CARTESIAN_POINT('',(-53.25,44.6,14.));
#7063=CARTESIAN_POINT('',(-56.5,44.6,17.));
#7064=CARTESIAN_POINT('Origin',(-56.5,44.1,17.));
#7065=CARTESIAN_POINT('',(-57.,44.1,14.));
#7066=CARTESIAN_POINT('Origin',(-56.5,44.1,14.));
#7067=CARTESIAN_POINT('',(-57.,44.1,17.));
#7068=CARTESIAN_POINT('Origin',(-57.,31.1,17.));
#7069=CARTESIAN_POINT('',(-57.,31.1,14.));
#7070=CARTESIAN_POINT('',(-57.,24.825,14.));
#7071=CARTESIAN_POINT('',(-57.,31.1,17.));
#7072=CARTESIAN_POINT('Origin',(-56.5,31.1,17.));
#7073=CARTESIAN_POINT('',(-56.5,30.6,14.));
#7074=CARTESIAN_POINT('Origin',(-56.5,31.1,14.));
#7075=CARTESIAN_POINT('',(-56.5,30.6,17.));
#7076=CARTESIAN_POINT('Origin',(-43.5,30.6,17.));
#7077=CARTESIAN_POINT('',(-43.5,30.6,14.));
#7078=CARTESIAN_POINT('',(-46.75,30.6,14.));
#7079=CARTESIAN_POINT('',(-43.5,30.6,17.));
#7080=CARTESIAN_POINT('Origin',(-43.5,31.1,17.));
#7081=CARTESIAN_POINT('Origin',(-43.5,31.1,14.));
#7082=CARTESIAN_POINT('Origin',(-62.05,25.05,17.));
#7083=CARTESIAN_POINT('',(-62.05,12.05,14.));
#7084=CARTESIAN_POINT('',(-62.05,25.05,14.));
#7085=CARTESIAN_POINT('',(-62.05,21.8,14.));
#7086=CARTESIAN_POINT('',(-62.05,12.05,17.));
#7087=CARTESIAN_POINT('',(-62.05,25.05,17.));
#7088=CARTESIAN_POINT('Origin',(-62.55,25.05,17.));
#7089=CARTESIAN_POINT('',(-62.55,25.55,14.));
#7090=CARTESIAN_POINT('Origin',(-62.55,25.05,14.));
#7091=CARTESIAN_POINT('',(-62.55,25.55,17.));
#7092=CARTESIAN_POINT('Origin',(-75.55,25.55,17.));
#7093=CARTESIAN_POINT('',(-75.55,25.55,14.));
#7094=CARTESIAN_POINT('',(-62.775,25.55,14.));
#7095=CARTESIAN_POINT('',(-75.55,25.55,17.));
#7096=CARTESIAN_POINT('Origin',(-75.55,25.05,17.));
#7097=CARTESIAN_POINT('',(-76.05,25.05,14.));
#7098=CARTESIAN_POINT('Origin',(-75.55,25.05,14.));
#7099=CARTESIAN_POINT('',(-76.05,25.05,17.));
#7100=CARTESIAN_POINT('Origin',(-76.05,12.05,17.));
#7101=CARTESIAN_POINT('',(-76.05,12.05,14.));
#7102=CARTESIAN_POINT('',(-76.05,15.3,14.));
#7103=CARTESIAN_POINT('',(-76.05,12.05,17.));
#7104=CARTESIAN_POINT('Origin',(-75.55,12.05,17.));
#7105=CARTESIAN_POINT('',(-75.55,11.55,14.));
#7106=CARTESIAN_POINT('Origin',(-75.55,12.05,14.));
#7107=CARTESIAN_POINT('',(-75.55,11.55,17.));
#7108=CARTESIAN_POINT('Origin',(-62.55,11.55,17.));
#7109=CARTESIAN_POINT('',(-62.55,11.55,14.));
#7110=CARTESIAN_POINT('',(-56.275,11.55,14.));
#7111=CARTESIAN_POINT('',(-62.55,11.55,17.));
#7112=CARTESIAN_POINT('Origin',(-62.55,12.05,17.));
#7113=CARTESIAN_POINT('Origin',(-62.55,12.05,14.));
#7114=CARTESIAN_POINT('Origin',(-43.,6.00000000000001,17.));
#7115=CARTESIAN_POINT('',(-43.,-7.,14.));
#7116=CARTESIAN_POINT('',(-43.,6.00000000000001,14.));
#7117=CARTESIAN_POINT('',(-43.,12.275,14.));
#7118=CARTESIAN_POINT('',(-43.,-7.,17.));
#7119=CARTESIAN_POINT('',(-43.,6.00000000000001,17.));
#7120=CARTESIAN_POINT('Origin',(-43.5,6.00000000000001,17.));
#7121=CARTESIAN_POINT('',(-43.5,6.50000000000001,14.));
#7122=CARTESIAN_POINT('Origin',(-43.5,6.00000000000001,14.));
#7123=CARTESIAN_POINT('',(-43.5,6.50000000000001,17.));
#7124=CARTESIAN_POINT('Origin',(-56.5,6.5,17.));
#7125=CARTESIAN_POINT('',(-56.5,6.5,14.));
#7126=CARTESIAN_POINT('',(-53.25,6.5,14.));
#7127=CARTESIAN_POINT('',(-56.5,6.5,17.));
#7128=CARTESIAN_POINT('Origin',(-56.5,6.00000000000001,17.));
#7129=CARTESIAN_POINT('',(-57.,6.00000000000001,14.));
#7130=CARTESIAN_POINT('Origin',(-56.5,6.00000000000001,14.));
#7131=CARTESIAN_POINT('',(-57.,6.00000000000001,17.));
#7132=CARTESIAN_POINT('Origin',(-57.,-7.,17.));
#7133=CARTESIAN_POINT('',(-57.,-7.,14.));
#7134=CARTESIAN_POINT('',(-57.,5.775,14.));
#7135=CARTESIAN_POINT('',(-57.,-7.,17.));
#7136=CARTESIAN_POINT('Origin',(-56.5,-7.,17.));
#7137=CARTESIAN_POINT('',(-56.5,-7.49999999999999,14.));
#7138=CARTESIAN_POINT('Origin',(-56.5,-7.,14.));
#7139=CARTESIAN_POINT('',(-56.5,-7.49999999999999,17.));
#7140=CARTESIAN_POINT('Origin',(-43.5,-7.5,17.));
#7141=CARTESIAN_POINT('',(-43.5,-7.5,14.));
#7142=CARTESIAN_POINT('',(-46.75,-7.5,14.));
#7143=CARTESIAN_POINT('',(-43.5,-7.5,17.));
#7144=CARTESIAN_POINT('Origin',(-43.5,-7.,17.));
#7145=CARTESIAN_POINT('Origin',(-43.5,-7.,14.));
#7146=CARTESIAN_POINT('Origin',(-23.95,25.05,17.));
#7147=CARTESIAN_POINT('',(-23.95,12.05,14.));
#7148=CARTESIAN_POINT('',(-23.95,25.05,14.));
#7149=CARTESIAN_POINT('',(-23.95,21.8,14.));
#7150=CARTESIAN_POINT('',(-23.95,12.05,17.));
#7151=CARTESIAN_POINT('',(-23.95,25.05,17.));
#7152=CARTESIAN_POINT('Origin',(-24.45,25.05,17.));
#7153=CARTESIAN_POINT('',(-24.45,25.55,14.));
#7154=CARTESIAN_POINT('Origin',(-24.45,25.05,14.));
#7155=CARTESIAN_POINT('',(-24.45,25.55,17.));
#7156=CARTESIAN_POINT('Origin',(-37.45,25.55,17.));
#7157=CARTESIAN_POINT('',(-37.45,25.55,14.));
#7158=CARTESIAN_POINT('',(-43.725,25.55,14.));
#7159=CARTESIAN_POINT('',(-37.45,25.55,17.));
#7160=CARTESIAN_POINT('Origin',(-37.45,25.05,17.));
#7161=CARTESIAN_POINT('',(-37.95,25.05,14.));
#7162=CARTESIAN_POINT('Origin',(-37.45,25.05,14.));
#7163=CARTESIAN_POINT('',(-37.95,25.05,17.));
#7164=CARTESIAN_POINT('Origin',(-37.95,12.05,17.));
#7165=CARTESIAN_POINT('',(-37.95,12.05,14.));
#7166=CARTESIAN_POINT('',(-37.95,15.3,14.));
#7167=CARTESIAN_POINT('',(-37.95,12.05,17.));
#7168=CARTESIAN_POINT('Origin',(-37.45,12.05,17.));
#7169=CARTESIAN_POINT('',(-37.45,11.55,14.));
#7170=CARTESIAN_POINT('Origin',(-37.45,12.05,14.));
#7171=CARTESIAN_POINT('',(-37.45,11.55,17.));
#7172=CARTESIAN_POINT('Origin',(-24.45,11.55,17.));
#7173=CARTESIAN_POINT('',(-24.45,11.55,14.));
#7174=CARTESIAN_POINT('',(-37.225,11.55,14.));
#7175=CARTESIAN_POINT('',(-24.45,11.55,17.));
#7176=CARTESIAN_POINT('Origin',(-24.45,12.05,17.));
#7177=CARTESIAN_POINT('Origin',(-24.45,12.05,14.));
#7178=CARTESIAN_POINT('Origin',(-62.05,44.1,17.));
#7179=CARTESIAN_POINT('',(-62.05,31.1,14.));
#7180=CARTESIAN_POINT('',(-62.05,44.1,14.));
#7181=CARTESIAN_POINT('',(-62.05,31.325,14.));
#7182=CARTESIAN_POINT('',(-62.05,31.1,17.));
#7183=CARTESIAN_POINT('',(-62.05,44.1,17.));
#7184=CARTESIAN_POINT('Origin',(-62.55,44.1,17.));
#7185=CARTESIAN_POINT('',(-62.55,44.6,14.));
#7186=CARTESIAN_POINT('Origin',(-62.55,44.1,14.));
#7187=CARTESIAN_POINT('',(-62.55,44.6,17.));
#7188=CARTESIAN_POINT('Origin',(-75.55,44.6,17.));
#7189=CARTESIAN_POINT('',(-75.55,44.6,14.));
#7190=CARTESIAN_POINT('',(-62.775,44.6,14.));
#7191=CARTESIAN_POINT('',(-75.55,44.6,17.));
#7192=CARTESIAN_POINT('Origin',(-75.55,44.1,17.));
#7193=CARTESIAN_POINT('',(-76.05,44.1,14.));
#7194=CARTESIAN_POINT('Origin',(-75.55,44.1,14.));
#7195=CARTESIAN_POINT('',(-76.05,44.1,17.));
#7196=CARTESIAN_POINT('Origin',(-76.05,31.1,17.));
#7197=CARTESIAN_POINT('',(-76.05,31.1,14.));
#7198=CARTESIAN_POINT('',(-76.05,24.825,14.));
#7199=CARTESIAN_POINT('',(-76.05,31.1,17.));
#7200=CARTESIAN_POINT('Origin',(-75.55,31.1,17.));
#7201=CARTESIAN_POINT('',(-75.55,30.6,14.));
#7202=CARTESIAN_POINT('Origin',(-75.55,31.1,14.));
#7203=CARTESIAN_POINT('',(-75.55,30.6,17.));
#7204=CARTESIAN_POINT('Origin',(-62.55,30.6,17.));
#7205=CARTESIAN_POINT('',(-62.55,30.6,14.));
#7206=CARTESIAN_POINT('',(-56.275,30.6,14.));
#7207=CARTESIAN_POINT('',(-62.55,30.6,17.));
#7208=CARTESIAN_POINT('Origin',(-62.55,31.1,17.));
#7209=CARTESIAN_POINT('Origin',(-62.55,31.1,14.));
#7210=CARTESIAN_POINT('Origin',(-43.,25.05,17.));
#7211=CARTESIAN_POINT('',(-43.,12.05,14.));
#7212=CARTESIAN_POINT('',(-43.,25.05,14.));
#7213=CARTESIAN_POINT('',(-43.,21.8,14.));
#7214=CARTESIAN_POINT('',(-43.,12.05,17.));
#7215=CARTESIAN_POINT('',(-43.,25.05,17.));
#7216=CARTESIAN_POINT('Origin',(-43.5,25.05,17.));
#7217=CARTESIAN_POINT('',(-43.5,25.55,14.));
#7218=CARTESIAN_POINT('Origin',(-43.5,25.05,14.));
#7219=CARTESIAN_POINT('',(-43.5,25.55,17.));
#7220=CARTESIAN_POINT('Origin',(-56.5,25.55,17.));
#7221=CARTESIAN_POINT('',(-56.5,25.55,14.));
#7222=CARTESIAN_POINT('',(-53.25,25.55,14.));
#7223=CARTESIAN_POINT('',(-56.5,25.55,17.));
#7224=CARTESIAN_POINT('Origin',(-56.5,25.05,17.));
#7225=CARTESIAN_POINT('',(-57.,25.05,14.));
#7226=CARTESIAN_POINT('Origin',(-56.5,25.05,14.));
#7227=CARTESIAN_POINT('',(-57.,25.05,17.));
#7228=CARTESIAN_POINT('Origin',(-57.,12.05,17.));
#7229=CARTESIAN_POINT('',(-57.,12.05,14.));
#7230=CARTESIAN_POINT('',(-57.,15.3,14.));
#7231=CARTESIAN_POINT('',(-57.,12.05,17.));
#7232=CARTESIAN_POINT('Origin',(-56.5,12.05,17.));
#7233=CARTESIAN_POINT('',(-56.5,11.55,14.));
#7234=CARTESIAN_POINT('Origin',(-56.5,12.05,14.));
#7235=CARTESIAN_POINT('',(-56.5,11.55,17.));
#7236=CARTESIAN_POINT('Origin',(-43.5,11.55,17.));
#7237=CARTESIAN_POINT('',(-43.5,11.55,14.));
#7238=CARTESIAN_POINT('',(-46.75,11.55,14.));
#7239=CARTESIAN_POINT('',(-43.5,11.55,17.));
#7240=CARTESIAN_POINT('Origin',(-43.5,12.05,17.));
#7241=CARTESIAN_POINT('Origin',(-43.5,12.05,14.));
#7242=CARTESIAN_POINT('Origin',(-23.95,6.00000000000001,17.));
#7243=CARTESIAN_POINT('',(-23.95,-7.,14.));
#7244=CARTESIAN_POINT('',(-23.95,6.00000000000001,14.));
#7245=CARTESIAN_POINT('',(-23.95,12.275,14.));
#7246=CARTESIAN_POINT('',(-23.95,-7.,17.));
#7247=CARTESIAN_POINT('',(-23.95,6.00000000000001,17.));
#7248=CARTESIAN_POINT('Origin',(-24.45,6.00000000000001,17.));
#7249=CARTESIAN_POINT('',(-24.45,6.5,14.));
#7250=CARTESIAN_POINT('Origin',(-24.45,6.00000000000001,14.));
#7251=CARTESIAN_POINT('',(-24.45,6.5,17.));
#7252=CARTESIAN_POINT('Origin',(-37.45,6.5,17.));
#7253=CARTESIAN_POINT('',(-37.45,6.5,14.));
#7254=CARTESIAN_POINT('',(-43.725,6.5,14.));
#7255=CARTESIAN_POINT('',(-37.45,6.5,17.));
#7256=CARTESIAN_POINT('Origin',(-37.45,6.00000000000001,17.));
#7257=CARTESIAN_POINT('',(-37.95,6.00000000000001,14.));
#7258=CARTESIAN_POINT('Origin',(-37.45,6.00000000000001,14.));
#7259=CARTESIAN_POINT('',(-37.95,6.00000000000001,17.));
#7260=CARTESIAN_POINT('Origin',(-37.95,-7.,17.));
#7261=CARTESIAN_POINT('',(-37.95,-7.,14.));
#7262=CARTESIAN_POINT('',(-37.95,5.775,14.));
#7263=CARTESIAN_POINT('',(-37.95,-7.,17.));
#7264=CARTESIAN_POINT('Origin',(-37.45,-7.,17.));
#7265=CARTESIAN_POINT('',(-37.45,-7.5,14.));
#7266=CARTESIAN_POINT('Origin',(-37.45,-7.,14.));
#7267=CARTESIAN_POINT('',(-37.45,-7.5,17.));
#7268=CARTESIAN_POINT('Origin',(-24.45,-7.5,17.));
#7269=CARTESIAN_POINT('',(-24.45,-7.5,14.));
#7270=CARTESIAN_POINT('',(-37.225,-7.5,14.));
#7271=CARTESIAN_POINT('',(-24.45,-7.5,17.));
#7272=CARTESIAN_POINT('Origin',(-24.45,-7.,17.));
#7273=CARTESIAN_POINT('Origin',(-24.45,-7.,14.));
#7274=CARTESIAN_POINT('Origin',(-50.,-37.9,19.));
#7275=CARTESIAN_POINT('',(-50.,-37.9,19.));
#7276=CARTESIAN_POINT('',(-100.2,-9.20000000000002,19.));
#7277=CARTESIAN_POINT('',(-62.1615341250639,-30.9470910480212,19.));
#7278=CARTESIAN_POINT('',(-50.,-37.9,19.));
#7279=CARTESIAN_POINT('',(-100.2,-9.20000000000002,19.));
#7280=CARTESIAN_POINT('Origin',(0.199999999999996,-9.20000000000002,19.));
#7281=CARTESIAN_POINT('',(0.199999999999996,-9.20000000000002,19.));
#7282=CARTESIAN_POINT('',(-12.7384658749361,-16.5970910480212,19.));
#7283=CARTESIAN_POINT('',(0.199999999999996,-9.20000000000002,19.));
#7284=CARTESIAN_POINT('Origin',(0.199999999999997,46.3,19.));
#7285=CARTESIAN_POINT('',(0.199999999999997,46.3,19.));
#7286=CARTESIAN_POINT('',(0.199999999999996,32.425,19.));
#7287=CARTESIAN_POINT('',(0.199999999999997,46.3,19.));
#7288=CARTESIAN_POINT('Origin',(-50.,75.,19.));
#7289=CARTESIAN_POINT('',(-50.,75.,19.));
#7290=CARTESIAN_POINT('',(-37.8384658749361,68.0470910480212,19.));
#7291=CARTESIAN_POINT('',(-50.,75.,19.));
#7292=CARTESIAN_POINT('Origin',(-100.2,46.3,19.));
#7293=CARTESIAN_POINT('',(-100.2,46.3,19.));
#7294=CARTESIAN_POINT('',(-87.2615341250639,53.6970910480212,19.));
#7295=CARTESIAN_POINT('',(-100.2,46.3,19.));
#7296=CARTESIAN_POINT('Origin',(-100.2,-9.20000000000002,19.));
#7297=CARTESIAN_POINT('',(-100.2,4.67499999999999,19.));
#7298=CARTESIAN_POINT('Origin',(-50.,18.55,19.));
#7299=CARTESIAN_POINT('',(-110.2,-9.20000000000002,19.));
#7300=CARTESIAN_POINT('',(-50.,-47.9,19.));
#7301=CARTESIAN_POINT('',(-110.2,-9.20000000000001,19.));
#7302=CARTESIAN_POINT('',(10.2,-9.20000000000002,19.));
#7303=CARTESIAN_POINT('',(-50.,-47.9,19.));
#7304=CARTESIAN_POINT('',(10.2,46.3,19.));
#7305=CARTESIAN_POINT('',(10.2,46.3,19.));
#7306=CARTESIAN_POINT('',(-50.,85.,19.));
#7307=CARTESIAN_POINT('',(-50.,85.,19.));
#7308=CARTESIAN_POINT('',(-110.2,46.3,19.));
#7309=CARTESIAN_POINT('',(-110.2,46.3,19.));
#7310=CARTESIAN_POINT('',(-110.2,-9.20000000000001,19.));
#7311=CARTESIAN_POINT('',(-48.3,80.,19.));
#7312=CARTESIAN_POINT('Origin',(-50.,80.,19.));
#7313=CARTESIAN_POINT('',(-103.5,41.3,19.));
#7314=CARTESIAN_POINT('Origin',(-105.2,41.3,19.));
#7315=CARTESIAN_POINT('',(-103.5,-4.20000000000002,19.));
#7316=CARTESIAN_POINT('Origin',(-105.2,-4.20000000000001,19.));
#7317=CARTESIAN_POINT('',(-48.3,-42.9,19.));
#7318=CARTESIAN_POINT('Origin',(-50.,-42.9,19.));
#7319=CARTESIAN_POINT('',(6.9,-4.20000000000002,19.));
#7320=CARTESIAN_POINT('Origin',(5.2,-4.20000000000001,19.));
#7321=CARTESIAN_POINT('',(6.9,41.3,19.));
#7322=CARTESIAN_POINT('Origin',(5.2,41.3,19.));
#7323=CARTESIAN_POINT('Origin',(-50.,80.,17.));
#7324=CARTESIAN_POINT('',(-48.3,80.,14.));
#7325=CARTESIAN_POINT('',(-48.3,80.,17.));
#7326=CARTESIAN_POINT('Origin',(-50.,80.,14.));
#7327=CARTESIAN_POINT('Origin',(-105.2,41.3,17.));
#7328=CARTESIAN_POINT('',(-103.5,41.3,14.));
#7329=CARTESIAN_POINT('',(-103.5,41.3,17.));
#7330=CARTESIAN_POINT('Origin',(-105.2,41.3,14.));
#7331=CARTESIAN_POINT('Origin',(-105.2,-4.20000000000001,17.));
#7332=CARTESIAN_POINT('',(-103.5,-4.20000000000001,14.));
#7333=CARTESIAN_POINT('',(-103.5,-4.20000000000001,17.));
#7334=CARTESIAN_POINT('Origin',(-105.2,-4.20000000000001,14.));
#7335=CARTESIAN_POINT('Origin',(-50.,-42.9,17.));
#7336=CARTESIAN_POINT('',(-48.3,-42.9,14.));
#7337=CARTESIAN_POINT('',(-48.3,-42.9,17.));
#7338=CARTESIAN_POINT('Origin',(-50.,-42.9,14.));
#7339=CARTESIAN_POINT('Origin',(5.2,-4.20000000000001,17.));
#7340=CARTESIAN_POINT('',(6.9,-4.20000000000001,14.));
#7341=CARTESIAN_POINT('',(6.9,-4.20000000000001,17.));
#7342=CARTESIAN_POINT('Origin',(5.2,-4.20000000000001,14.));
#7343=CARTESIAN_POINT('Origin',(5.2,41.3,17.));
#7344=CARTESIAN_POINT('',(6.9,41.3,14.));
#7345=CARTESIAN_POINT('',(6.9,41.3,17.));
#7346=CARTESIAN_POINT('Origin',(5.2,41.3,14.));
#7347=CARTESIAN_POINT('Origin',(-110.2,46.3,14.));
#7348=CARTESIAN_POINT('',(-110.2,-9.20000000000001,14.));
#7349=CARTESIAN_POINT('',(-110.2,46.3,14.));
#7350=CARTESIAN_POINT('',(-110.2,-9.20000000000001,14.));
#7351=CARTESIAN_POINT('',(-110.2,-9.20000000000001,14.));
#7352=CARTESIAN_POINT('',(-110.2,46.3,14.));
#7353=CARTESIAN_POINT('Origin',(-50.,85.,14.));
#7354=CARTESIAN_POINT('',(-50.,85.,14.));
#7355=CARTESIAN_POINT('',(-110.2,46.3,14.));
#7356=CARTESIAN_POINT('',(-50.,85.,14.));
#7357=CARTESIAN_POINT('Origin',(10.2,46.3,14.));
#7358=CARTESIAN_POINT('',(10.2,46.3,14.));
#7359=CARTESIAN_POINT('',(-50.,85.,14.));
#7360=CARTESIAN_POINT('',(10.2,46.3,14.));
#7361=CARTESIAN_POINT('Origin',(10.2,-9.20000000000001,14.));
#7362=CARTESIAN_POINT('',(10.2,-9.20000000000001,14.));
#7363=CARTESIAN_POINT('',(10.2,46.3,14.));
#7364=CARTESIAN_POINT('',(10.2,-9.20000000000001,14.));
#7365=CARTESIAN_POINT('Origin',(-50.,-47.9,14.));
#7366=CARTESIAN_POINT('',(-50.,-47.9,14.));
#7367=CARTESIAN_POINT('',(-50.,-47.9,14.));
#7368=CARTESIAN_POINT('',(-50.,-47.9,14.));
#7369=CARTESIAN_POINT('Origin',(-110.2,-9.20000000000001,14.));
#7370=CARTESIAN_POINT('',(-110.2,-9.20000000000001,14.));
#7371=CARTESIAN_POINT('Origin',(-50.,18.55,14.));
#7372=CARTESIAN_POINT('Ctrl Pts',(-9.73334972858428,26.2199221134186,17.));
#7373=CARTESIAN_POINT('Ctrl Pts',(-9.73334972858428,26.2199221134186,19.));
#7374=CARTESIAN_POINT('Ctrl Pts',(-9.86864124361415,26.1252475974597,17.));
#7375=CARTESIAN_POINT('Ctrl Pts',(-9.86864124361415,26.1252475974597,19.));
#7376=CARTESIAN_POINT('Ctrl Pts',(-10.1664466416873,25.9168488526731,17.));
#7377=CARTESIAN_POINT('Ctrl Pts',(-10.1664466416873,25.9168488526731,19.));
#7378=CARTESIAN_POINT('Ctrl Pts',(-10.5308374110935,25.8940083412375,17.));
#7379=CARTESIAN_POINT('Ctrl Pts',(-10.5308374110935,25.8940083412375,19.));
#7380=CARTESIAN_POINT('Ctrl Pts',(-10.7296872615814,25.8815441608429,17.));
#7381=CARTESIAN_POINT('Ctrl Pts',(-10.7296872615814,25.8815441608429,19.));
#7382=CARTESIAN_POINT('',(-10.7296872615814,25.8815441608429,19.));
#7383=CARTESIAN_POINT('',(-10.7296872615814,25.8815441608429,17.));
#7384=CARTESIAN_POINT('',(-9.73334972858428,26.2199221134186,19.));
#7385=CARTESIAN_POINT('Ctrl Pts',(-9.73334972858428,26.2199221134186,19.));
#7386=CARTESIAN_POINT('Ctrl Pts',(-9.86864124361415,26.1252475974597,19.));
#7387=CARTESIAN_POINT('Ctrl Pts',(-10.1664466416873,25.9168488526731,19.));
#7388=CARTESIAN_POINT('Ctrl Pts',(-10.5308374110935,25.8940083412375,19.));
#7389=CARTESIAN_POINT('Ctrl Pts',(-10.7296872615814,25.8815441608429,19.));
#7390=CARTESIAN_POINT('',(-9.73334972858428,26.2199221134186,17.));
#7391=CARTESIAN_POINT('Ctrl Pts',(-9.39228539466857,27.0041022777557,17.));
#7392=CARTESIAN_POINT('Ctrl Pts',(-9.39228539466857,27.0041022777557,19.));
#7393=CARTESIAN_POINT('Ctrl Pts',(-9.40674765335928,26.855712622158,17.));
#7394=CARTESIAN_POINT('Ctrl Pts',(-9.40674765335928,26.855712622158,19.));
#7395=CARTESIAN_POINT('Ctrl Pts',(-9.43580156038511,26.5576057116446,17.));
#7396=CARTESIAN_POINT('Ctrl Pts',(-9.43580156038511,26.5576057116446,19.));
#7397=CARTESIAN_POINT('Ctrl Pts',(-9.63387297322589,26.332817006681,17.));
#7398=CARTESIAN_POINT('Ctrl Pts',(-9.63387297322589,26.332817006681,19.));
#7399=CARTESIAN_POINT('Ctrl Pts',(-9.73334972858428,26.2199221134186,17.));
#7400=CARTESIAN_POINT('Ctrl Pts',(-9.73334972858428,26.2199221134186,19.));
#7401=CARTESIAN_POINT('',(-9.39228539466857,27.0041022777557,19.));
#7402=CARTESIAN_POINT('Ctrl Pts',(-9.39228539466857,27.0041022777557,19.));
#7403=CARTESIAN_POINT('Ctrl Pts',(-9.40674765335928,26.855712622158,19.));
#7404=CARTESIAN_POINT('Ctrl Pts',(-9.43580156038511,26.5576057116446,19.));
#7405=CARTESIAN_POINT('Ctrl Pts',(-9.63387297322589,26.332817006681,19.));
#7406=CARTESIAN_POINT('Ctrl Pts',(-9.73334972858428,26.2199221134186,19.));
#7407=CARTESIAN_POINT('',(-9.39228539466857,27.0041022777557,17.));
#7408=CARTESIAN_POINT('Ctrl Pts',(-9.75214843749999,27.8205082893371,17.));
#7409=CARTESIAN_POINT('Ctrl Pts',(-9.75214843749999,27.8205082893371,19.));
#7410=CARTESIAN_POINT('Ctrl Pts',(-9.64718977992676,27.7053981775121,17.));
#7411=CARTESIAN_POINT('Ctrl Pts',(-9.64718977992676,27.7053981775121,19.));
#7412=CARTESIAN_POINT('Ctrl Pts',(-9.43590493857251,27.4736781624362,17.));
#7413=CARTESIAN_POINT('Ctrl Pts',(-9.43590493857251,27.4736781624362,19.));
#7414=CARTESIAN_POINT('Ctrl Pts',(-9.40688784632968,27.161301517903,17.));
#7415=CARTESIAN_POINT('Ctrl Pts',(-9.40688784632968,27.161301517903,19.));
#7416=CARTESIAN_POINT('Ctrl Pts',(-9.39228539466857,27.0041022777557,17.));
#7417=CARTESIAN_POINT('Ctrl Pts',(-9.39228539466857,27.0041022777557,19.));
#7418=CARTESIAN_POINT('',(-9.75214843749999,27.8205082893371,19.));
#7419=CARTESIAN_POINT('Ctrl Pts',(-9.75214843749999,27.8205082893371,19.));
#7420=CARTESIAN_POINT('Ctrl Pts',(-9.64718977992676,27.7053981775121,19.));
#7421=CARTESIAN_POINT('Ctrl Pts',(-9.43590493857251,27.4736781624362,19.));
#7422=CARTESIAN_POINT('Ctrl Pts',(-9.40688784632968,27.161301517903,19.));
#7423=CARTESIAN_POINT('Ctrl Pts',(-9.39228539466857,27.0041022777557,19.));
#7424=CARTESIAN_POINT('',(-9.75214843749999,27.8205082893371,17.));
#7425=CARTESIAN_POINT('Ctrl Pts',(-10.7296872615814,28.1374029397964,17.));
#7426=CARTESIAN_POINT('Ctrl Pts',(-10.7296872615814,28.1374029397964,19.));
#7427=CARTESIAN_POINT('Ctrl Pts',(-10.5392935125397,28.1295721293622,17.));
#7428=CARTESIAN_POINT('Ctrl Pts',(-10.5392935125397,28.1295721293622,19.));
#7429=CARTESIAN_POINT('Ctrl Pts',(-10.1826521844125,28.114903629752,17.));
#7430=CARTESIAN_POINT('Ctrl Pts',(-10.1826521844125,28.114903629752,19.));
#7431=CARTESIAN_POINT('Ctrl Pts',(-9.88902302926164,27.9141085014719,17.));
#7432=CARTESIAN_POINT('Ctrl Pts',(-9.88902302926164,27.9141085014719,19.));
#7433=CARTESIAN_POINT('Ctrl Pts',(-9.75214843749999,27.8205082893371,17.));
#7434=CARTESIAN_POINT('Ctrl Pts',(-9.75214843749999,27.8205082893371,19.));
#7435=CARTESIAN_POINT('',(-10.7296872615814,28.1374029397964,19.));
#7436=CARTESIAN_POINT('Ctrl Pts',(-10.7296872615814,28.1374029397964,19.));
#7437=CARTESIAN_POINT('Ctrl Pts',(-10.5392935125397,28.1295721293622,19.));
#7438=CARTESIAN_POINT('Ctrl Pts',(-10.1826521844125,28.114903629752,19.));
#7439=CARTESIAN_POINT('Ctrl Pts',(-9.88902302926164,27.9141085014719,19.));
#7440=CARTESIAN_POINT('Ctrl Pts',(-9.75214843749999,27.8205082893371,19.));
#7441=CARTESIAN_POINT('',(-10.7296872615814,28.1374029397964,17.));
#7442=CARTESIAN_POINT('Origin',(-10.7296872615814,25.8815441608429,17.));
#7443=CARTESIAN_POINT('',(-10.7296872615814,28.1374029397964,19.));
#7444=CARTESIAN_POINT('Origin',(-12.5075197696686,24.4635746955871,17.));
#7445=CARTESIAN_POINT('',(-12.2550780057907,25.9674809455871,19.));
#7446=CARTESIAN_POINT('',(-12.2550780057907,25.9674809455871,17.));
#7447=CARTESIAN_POINT('',(-12.5075197696686,24.4635746955871,19.));
#7448=CARTESIAN_POINT('',(-12.2550780057907,25.9674809455871,19.));
#7449=CARTESIAN_POINT('',(-12.5075197696686,24.4635746955871,17.));
#7450=CARTESIAN_POINT('Ctrl Pts',(-13.767041015625,25.3793464183807,17.));
#7451=CARTESIAN_POINT('Ctrl Pts',(-13.767041015625,25.3793464183807,19.));
#7452=CARTESIAN_POINT('Ctrl Pts',(-13.6015504906,25.183087378143,17.));
#7453=CARTESIAN_POINT('Ctrl Pts',(-13.6015504906,25.183087378143,19.));
#7454=CARTESIAN_POINT('Ctrl Pts',(-13.2574463548442,24.7750063268859,17.));
#7455=CARTESIAN_POINT('Ctrl Pts',(-13.2574463548442,24.7750063268859,19.));
#7456=CARTESIAN_POINT('Ctrl Pts',(-12.7637710564511,24.5699914540308,17.));
#7457=CARTESIAN_POINT('Ctrl Pts',(-12.7637710564511,24.5699914540308,19.));
#7458=CARTESIAN_POINT('Ctrl Pts',(-12.5075197696686,24.4635746955871,17.));
#7459=CARTESIAN_POINT('Ctrl Pts',(-12.5075197696686,24.4635746955871,19.));
#7460=CARTESIAN_POINT('',(-13.767041015625,25.3793464183807,19.));
#7461=CARTESIAN_POINT('Ctrl Pts',(-13.767041015625,25.3793464183807,19.));
#7462=CARTESIAN_POINT('Ctrl Pts',(-13.6015504906,25.183087378143,19.));
#7463=CARTESIAN_POINT('Ctrl Pts',(-13.2574463548442,24.7750063268859,19.));
#7464=CARTESIAN_POINT('Ctrl Pts',(-12.7637710564511,24.5699914540308,19.));
#7465=CARTESIAN_POINT('Ctrl Pts',(-12.5075197696686,24.4635746955871,19.));
#7466=CARTESIAN_POINT('',(-13.767041015625,25.3793464183807,17.));
#7467=CARTESIAN_POINT('Ctrl Pts',(-14.1994143009186,26.9450197696686,17.));
#7468=CARTESIAN_POINT('Ctrl Pts',(-14.1994143009186,26.9450197696686,19.));
#7469=CARTESIAN_POINT('Ctrl Pts',(-14.1858326518432,26.651479187134,17.));
#7470=CARTESIAN_POINT('Ctrl Pts',(-14.1858326518432,26.651479187134,19.));
#7471=CARTESIAN_POINT('Ctrl Pts',(-14.1601210105893,26.0957727254437,17.));
#7472=CARTESIAN_POINT('Ctrl Pts',(-14.1601210105893,26.0957727254437,19.));
#7473=CARTESIAN_POINT('Ctrl Pts',(-13.8930413182538,25.6089941558835,17.));
#7474=CARTESIAN_POINT('Ctrl Pts',(-13.8930413182538,25.6089941558835,19.));
#7475=CARTESIAN_POINT('Ctrl Pts',(-13.767041015625,25.3793464183807,17.));
#7476=CARTESIAN_POINT('Ctrl Pts',(-13.767041015625,25.3793464183807,19.));
#7477=CARTESIAN_POINT('',(-14.1994143009186,26.9450197696686,19.));
#7478=CARTESIAN_POINT('Ctrl Pts',(-14.1994143009186,26.9450197696686,19.));
#7479=CARTESIAN_POINT('Ctrl Pts',(-14.1858326518432,26.651479187134,19.));
#7480=CARTESIAN_POINT('Ctrl Pts',(-14.1601210105893,26.0957727254437,19.));
#7481=CARTESIAN_POINT('Ctrl Pts',(-13.8930413182538,25.6089941558835,19.));
#7482=CARTESIAN_POINT('Ctrl Pts',(-13.767041015625,25.3793464183807,19.));
#7483=CARTESIAN_POINT('',(-14.1994143009186,26.9450197696686,17.));
#7484=CARTESIAN_POINT('Ctrl Pts',(-13.2272458553314,29.147168803215,17.));
#7485=CARTESIAN_POINT('Ctrl Pts',(-13.2272458553314,29.147168803215,19.));
#7486=CARTESIAN_POINT('Ctrl Pts',(-13.510506022664,28.8630983681777,17.));
#7487=CARTESIAN_POINT('Ctrl Pts',(-13.510506022664,28.8630983681777,19.));
#7488=CARTESIAN_POINT('Ctrl Pts',(-14.1141918623623,28.2576856808808,17.));
#7489=CARTESIAN_POINT('Ctrl Pts',(-14.1141918623623,28.2576856808808,19.));
#7490=CARTESIAN_POINT('Ctrl Pts',(-14.1698643420461,27.4001724776489,17.));
#7491=CARTESIAN_POINT('Ctrl Pts',(-14.1698643420461,27.4001724776489,19.));
#7492=CARTESIAN_POINT('Ctrl Pts',(-14.1994143009186,26.9450197696686,17.));
#7493=CARTESIAN_POINT('Ctrl Pts',(-14.1994143009186,26.9450197696686,19.));
#7494=CARTESIAN_POINT('',(-13.2272458553314,29.147168803215,19.));
#7495=CARTESIAN_POINT('Ctrl Pts',(-13.2272458553314,29.147168803215,19.));
#7496=CARTESIAN_POINT('Ctrl Pts',(-13.510506022664,28.8630983681777,19.));
#7497=CARTESIAN_POINT('Ctrl Pts',(-14.1141918623623,28.2576856808808,19.));
#7498=CARTESIAN_POINT('Ctrl Pts',(-14.1698643420461,27.4001724776489,19.));
#7499=CARTESIAN_POINT('Ctrl Pts',(-14.1994143009186,26.9450197696686,19.));
#7500=CARTESIAN_POINT('',(-13.2272458553314,29.147168803215,17.));
#7501=CARTESIAN_POINT('Ctrl Pts',(-11.2614262580872,29.711133646965,17.));
#7502=CARTESIAN_POINT('Ctrl Pts',(-11.2614262580872,29.711133646965,19.));
#7503=CARTESIAN_POINT('Ctrl Pts',(-11.6317680700845,29.6934179252146,17.));
#7504=CARTESIAN_POINT('Ctrl Pts',(-11.6317680700845,29.6934179252146,19.));
#7505=CARTESIAN_POINT('Ctrl Pts',(-12.332870187096,29.6598799081145,17.));
#7506=CARTESIAN_POINT('Ctrl Pts',(-12.332870187096,29.6598799081145,19.));
#7507=CARTESIAN_POINT('Ctrl Pts',(-12.9405565036231,29.311516760676,17.));
#7508=CARTESIAN_POINT('Ctrl Pts',(-12.9405565036231,29.311516760676,19.));
#7509=CARTESIAN_POINT('Ctrl Pts',(-13.2272458553314,29.147168803215,17.));
#7510=CARTESIAN_POINT('Ctrl Pts',(-13.2272458553314,29.147168803215,19.));
#7511=CARTESIAN_POINT('',(-11.2614262580872,29.711133646965,19.));
#7512=CARTESIAN_POINT('Ctrl Pts',(-11.2614262580872,29.711133646965,19.));
#7513=CARTESIAN_POINT('Ctrl Pts',(-11.6317680700845,29.6934179252146,19.));
#7514=CARTESIAN_POINT('Ctrl Pts',(-12.332870187096,29.6598799081145,19.));
#7515=CARTESIAN_POINT('Ctrl Pts',(-12.9405565036231,29.311516760676,19.));
#7516=CARTESIAN_POINT('Ctrl Pts',(-13.2272458553314,29.147168803215,19.));
#7517=CARTESIAN_POINT('',(-11.2614262580872,29.711133646965,17.));
#7518=CARTESIAN_POINT('Ctrl Pts',(-9.04047851562499,28.9699224710464,17.));
#7519=CARTESIAN_POINT('Ctrl Pts',(-9.04047851562499,28.9699224710464,19.));
#7520=CARTESIAN_POINT('Ctrl Pts',(-9.34870661710995,29.1858118543661,17.));
#7521=CARTESIAN_POINT('Ctrl Pts',(-9.34870661710995,29.1858118543661,19.));
#7522=CARTESIAN_POINT('Ctrl Pts',(-10.0128584097312,29.6509976055967,17.));
#7523=CARTESIAN_POINT('Ctrl Pts',(-10.0128584097312,29.6509976055967,19.));
#7524=CARTESIAN_POINT('Ctrl Pts',(-10.8257772455415,29.6901510411138,17.));
#7525=CARTESIAN_POINT('Ctrl Pts',(-10.8257772455415,29.6901510411138,19.));
#7526=CARTESIAN_POINT('Ctrl Pts',(-11.2614262580872,29.711133646965,17.));
#7527=CARTESIAN_POINT('Ctrl Pts',(-11.2614262580872,29.711133646965,19.));
#7528=CARTESIAN_POINT('',(-9.04047851562499,28.9699224710464,19.));
#7529=CARTESIAN_POINT('Ctrl Pts',(-9.04047851562499,28.9699224710464,19.));
#7530=CARTESIAN_POINT('Ctrl Pts',(-9.34870661710995,29.1858118543661,19.));
#7531=CARTESIAN_POINT('Ctrl Pts',(-10.0128584097312,29.6509976055967,19.));
#7532=CARTESIAN_POINT('Ctrl Pts',(-10.8257772455415,29.6901510411138,19.));
#7533=CARTESIAN_POINT('Ctrl Pts',(-11.2614262580872,29.711133646965,19.));
#7534=CARTESIAN_POINT('',(-9.04047851562499,28.9699224710464,17.));
#7535=CARTESIAN_POINT('Ctrl Pts',(-8.23750023841857,27.0954106330871,17.));
#7536=CARTESIAN_POINT('Ctrl Pts',(-8.23750023841857,27.0954106330871,19.));
#7537=CARTESIAN_POINT('Ctrl Pts',(-8.26955080772942,27.4555317462435,17.));
#7538=CARTESIAN_POINT('Ctrl Pts',(-8.26955080772942,27.4555317462435,19.));
#7539=CARTESIAN_POINT('Ctrl Pts',(-8.33299529943696,28.1683958690543,17.));
#7540=CARTESIAN_POINT('Ctrl Pts',(-8.33299529943696,28.1683958690543,19.));
#7541=CARTESIAN_POINT('Ctrl Pts',(-8.80628361268661,28.7045968202593,17.));
#7542=CARTESIAN_POINT('Ctrl Pts',(-8.80628361268661,28.7045968202593,19.));
#7543=CARTESIAN_POINT('Ctrl Pts',(-9.04047851562499,28.9699224710464,17.));
#7544=CARTESIAN_POINT('Ctrl Pts',(-9.04047851562499,28.9699224710464,19.));
#7545=CARTESIAN_POINT('',(-8.23750023841857,27.0954106330871,19.));
#7546=CARTESIAN_POINT('Ctrl Pts',(-8.23750023841857,27.0954106330871,19.));
#7547=CARTESIAN_POINT('Ctrl Pts',(-8.26955080772942,27.4555317462435,19.));
#7548=CARTESIAN_POINT('Ctrl Pts',(-8.33299529943696,28.1683958690543,19.));
#7549=CARTESIAN_POINT('Ctrl Pts',(-8.80628361268661,28.7045968202593,19.));
#7550=CARTESIAN_POINT('Ctrl Pts',(-9.04047851562499,28.9699224710464,19.));
#7551=CARTESIAN_POINT('',(-8.23750023841857,27.0954106330871,17.));
#7552=CARTESIAN_POINT('Ctrl Pts',(-9.07807652950286,25.0866220474243,17.));
#7553=CARTESIAN_POINT('Ctrl Pts',(-9.07807652950286,25.0866220474243,19.));
#7554=CARTESIAN_POINT('Ctrl Pts',(-8.83300261911752,25.3616969137221,17.));
#7555=CARTESIAN_POINT('Ctrl Pts',(-8.83300261911752,25.3616969137221,19.));
#7556=CARTESIAN_POINT('Ctrl Pts',(-8.32383245821477,25.9331976243157,17.));
#7557=CARTESIAN_POINT('Ctrl Pts',(-8.32383245821477,25.9331976243157,19.));
#7558=CARTESIAN_POINT('Ctrl Pts',(-8.26698556871392,26.6984761569661,17.));
#7559=CARTESIAN_POINT('Ctrl Pts',(-8.26698556871392,26.6984761569661,19.));
#7560=CARTESIAN_POINT('Ctrl Pts',(-8.23750023841857,27.0954106330871,17.));
#7561=CARTESIAN_POINT('Ctrl Pts',(-8.23750023841857,27.0954106330871,19.));
#7562=CARTESIAN_POINT('',(-9.07807652950286,25.0866220474243,19.));
#7563=CARTESIAN_POINT('Ctrl Pts',(-9.07807652950286,25.0866220474243,19.));
#7564=CARTESIAN_POINT('Ctrl Pts',(-8.83300261911752,25.3616969137221,19.));
#7565=CARTESIAN_POINT('Ctrl Pts',(-8.32383245821477,25.9331976243157,19.));
#7566=CARTESIAN_POINT('Ctrl Pts',(-8.26698556871392,26.6984761569661,19.));
#7567=CARTESIAN_POINT('Ctrl Pts',(-8.23750023841857,27.0954106330871,19.));
#7568=CARTESIAN_POINT('',(-9.07807652950286,25.0866220474243,17.));
#7569=CARTESIAN_POINT('Ctrl Pts',(-11.6535157442093,24.3830082893371,17.));
#7570=CARTESIAN_POINT('Ctrl Pts',(-11.6535157442093,24.3830082893371,19.));
#7571=CARTESIAN_POINT('Ctrl Pts',(-11.1350064486125,24.3866577456364,17.));
#7572=CARTESIAN_POINT('Ctrl Pts',(-11.1350064486125,24.3866577456364,19.));
#7573=CARTESIAN_POINT('Ctrl Pts',(-10.2087584412066,24.3931770147297,17.));
#7574=CARTESIAN_POINT('Ctrl Pts',(-10.2087584412066,24.3931770147297,19.));
#7575=CARTESIAN_POINT('Ctrl Pts',(-9.42367426260114,24.8746676251886,17.));
#7576=CARTESIAN_POINT('Ctrl Pts',(-9.42367426260114,24.8746676251886,19.));
#7577=CARTESIAN_POINT('Ctrl Pts',(-9.07807652950286,25.0866220474243,17.));
#7578=CARTESIAN_POINT('Ctrl Pts',(-9.07807652950286,25.0866220474243,19.));
#7579=CARTESIAN_POINT('',(-11.6535157442093,24.3830082893371,19.));
#7580=CARTESIAN_POINT('Ctrl Pts',(-11.6535157442093,24.3830082893371,19.));
#7581=CARTESIAN_POINT('Ctrl Pts',(-11.1350064486125,24.3866577456364,19.));
#7582=CARTESIAN_POINT('Ctrl Pts',(-10.2087584412066,24.3931770147297,19.));
#7583=CARTESIAN_POINT('Ctrl Pts',(-9.42367426260114,24.8746676251886,19.));
#7584=CARTESIAN_POINT('Ctrl Pts',(-9.07807652950286,25.0866220474243,19.));
#7585=CARTESIAN_POINT('',(-11.6535157442093,24.3830082893371,17.));
#7586=CARTESIAN_POINT('Origin',(-11.6535157442093,28.1642584085464,17.));
#7587=CARTESIAN_POINT('',(-11.6535157442093,28.1642584085464,19.));
#7588=CARTESIAN_POINT('',(-11.6535157442093,24.3830082893371,19.));
#7589=CARTESIAN_POINT('',(-11.6535157442093,28.1642584085464,17.));
#7590=CARTESIAN_POINT('Ctrl Pts',(-12.6981932401657,27.7990243911743,17.));
#7591=CARTESIAN_POINT('Ctrl Pts',(-12.6981932401657,27.7990243911743,19.));
#7592=CARTESIAN_POINT('Ctrl Pts',(-12.5540028445374,27.9015510922536,17.));
#7593=CARTESIAN_POINT('Ctrl Pts',(-12.5540028445374,27.9015510922536,19.));
#7594=CARTESIAN_POINT('Ctrl Pts',(-12.2422860640116,28.1231975690463,17.));
#7595=CARTESIAN_POINT('Ctrl Pts',(-12.2422860640116,28.1231975690463,19.));
#7596=CARTESIAN_POINT('Ctrl Pts',(-11.8593289311836,28.1499049977967,17.));
#7597=CARTESIAN_POINT('Ctrl Pts',(-11.8593289311836,28.1499049977967,19.));
#7598=CARTESIAN_POINT('Ctrl Pts',(-11.6535157442093,28.1642584085464,17.));
#7599=CARTESIAN_POINT('Ctrl Pts',(-11.6535157442093,28.1642584085464,19.));
#7600=CARTESIAN_POINT('',(-12.6981932401657,27.7990243911743,19.));
#7601=CARTESIAN_POINT('Ctrl Pts',(-12.6981932401657,27.7990243911743,19.));
#7602=CARTESIAN_POINT('Ctrl Pts',(-12.5540028445374,27.9015510922536,19.));
#7603=CARTESIAN_POINT('Ctrl Pts',(-12.2422860640116,28.1231975690463,19.));
#7604=CARTESIAN_POINT('Ctrl Pts',(-11.8593289311836,28.1499049977967,19.));
#7605=CARTESIAN_POINT('Ctrl Pts',(-11.6535157442093,28.1642584085464,19.));
#7606=CARTESIAN_POINT('',(-12.6981932401657,27.7990243911743,17.));
#7607=CARTESIAN_POINT('Ctrl Pts',(-13.0714846134186,26.9289074420929,17.));
#7608=CARTESIAN_POINT('Ctrl Pts',(-13.0714846134186,26.9289074420929,19.));
#7609=CARTESIAN_POINT('Ctrl Pts',(-13.0562717054803,27.0950910925452,17.));
#7610=CARTESIAN_POINT('Ctrl Pts',(-13.0562717054803,27.0950910925452,19.));
#7611=CARTESIAN_POINT('Ctrl Pts',(-13.026010389782,27.425661416816,17.));
#7612=CARTESIAN_POINT('Ctrl Pts',(-13.026010389782,27.425661416816,19.));
#7613=CARTESIAN_POINT('Ctrl Pts',(-12.8070689022012,27.6750219066784,17.));
#7614=CARTESIAN_POINT('Ctrl Pts',(-12.8070689022012,27.6750219066784,19.));
#7615=CARTESIAN_POINT('Ctrl Pts',(-12.6981932401657,27.7990243911743,17.));
#7616=CARTESIAN_POINT('Ctrl Pts',(-12.6981932401657,27.7990243911743,19.));
#7617=CARTESIAN_POINT('',(-13.0714846134186,26.9289074420929,19.));
#7618=CARTESIAN_POINT('Ctrl Pts',(-13.0714846134186,26.9289074420929,19.));
#7619=CARTESIAN_POINT('Ctrl Pts',(-13.0562717054803,27.0950910925452,19.));
#7620=CARTESIAN_POINT('Ctrl Pts',(-13.026010389782,27.425661416816,19.));
#7621=CARTESIAN_POINT('Ctrl Pts',(-12.8070689022012,27.6750219066784,19.));
#7622=CARTESIAN_POINT('Ctrl Pts',(-12.6981932401657,27.7990243911743,19.));
#7623=CARTESIAN_POINT('',(-13.0714846134186,26.9289074420929,17.));
#7624=CARTESIAN_POINT('Ctrl Pts',(-12.8781247615814,26.3327155590057,17.));
#7625=CARTESIAN_POINT('Ctrl Pts',(-12.8781247615814,26.3327155590057,19.));
#7626=CARTESIAN_POINT('Ctrl Pts',(-12.9345005402696,26.4200179200258,17.));
#7627=CARTESIAN_POINT('Ctrl Pts',(-12.9345005402696,26.4200179200258,19.));
#7628=CARTESIAN_POINT('Ctrl Pts',(-13.0515694927173,26.6013084704827,17.));
#7629=CARTESIAN_POINT('Ctrl Pts',(-13.0515694927173,26.6013084704827,19.));
#7630=CARTESIAN_POINT('Ctrl Pts',(-13.0646850104494,26.8170555997934,17.));
#7631=CARTESIAN_POINT('Ctrl Pts',(-13.0646850104494,26.8170555997934,19.));
#7632=CARTESIAN_POINT('Ctrl Pts',(-13.0714846134186,26.9289074420929,17.));
#7633=CARTESIAN_POINT('Ctrl Pts',(-13.0714846134186,26.9289074420929,19.));
#7634=CARTESIAN_POINT('',(-12.8781247615814,26.3327155590057,19.));
#7635=CARTESIAN_POINT('Ctrl Pts',(-12.8781247615814,26.3327155590057,19.));
#7636=CARTESIAN_POINT('Ctrl Pts',(-12.9345005402696,26.4200179200258,19.));
#7637=CARTESIAN_POINT('Ctrl Pts',(-13.0515694927173,26.6013084704827,19.));
#7638=CARTESIAN_POINT('Ctrl Pts',(-13.0646850104494,26.8170555997934,19.));
#7639=CARTESIAN_POINT('Ctrl Pts',(-13.0714846134186,26.9289074420929,19.));
#7640=CARTESIAN_POINT('',(-12.8781247615814,26.3327155590057,17.));
#7641=CARTESIAN_POINT('Ctrl Pts',(-12.2550780057907,25.9674809455871,17.));
#7642=CARTESIAN_POINT('Ctrl Pts',(-12.2550780057907,25.9674809455871,19.));
#7643=CARTESIAN_POINT('Ctrl Pts',(-12.3844335789214,26.0089123244105,17.));
#7644=CARTESIAN_POINT('Ctrl Pts',(-12.3844335789214,26.0089123244105,19.));
#7645=CARTESIAN_POINT('Ctrl Pts',(-12.6201686584284,26.0844160630172,17.));
#7646=CARTESIAN_POINT('Ctrl Pts',(-12.6201686584284,26.0844160630172,19.));
#7647=CARTESIAN_POINT('Ctrl Pts',(-12.7979140834856,26.2555075740011,17.));
#7648=CARTESIAN_POINT('Ctrl Pts',(-12.7979140834856,26.2555075740011,19.));
#7649=CARTESIAN_POINT('Ctrl Pts',(-12.8781247615814,26.3327155590057,17.));
#7650=CARTESIAN_POINT('Ctrl Pts',(-12.8781247615814,26.3327155590057,19.));
#7651=CARTESIAN_POINT('Ctrl Pts',(-12.2550780057907,25.9674809455871,19.));
#7652=CARTESIAN_POINT('Ctrl Pts',(-12.3844335789214,26.0089123244105,19.));
#7653=CARTESIAN_POINT('Ctrl Pts',(-12.6201686584284,26.0844160630172,19.));
#7654=CARTESIAN_POINT('Ctrl Pts',(-12.7979140834856,26.2555075740011,19.));
#7655=CARTESIAN_POINT('Ctrl Pts',(-12.8781247615814,26.3327155590057,19.));
#7656=CARTESIAN_POINT('Origin',(-10.1940142482069,17.4623541116714,19.));
#7657=CARTESIAN_POINT('Ctrl Pts',(-11.5622067928314,7.45332221984862,17.));
#7658=CARTESIAN_POINT('Ctrl Pts',(-11.5622067928314,7.45332221984862,19.));
#7659=CARTESIAN_POINT('Ctrl Pts',(-11.523245088114,7.27136518638726,17.));
#7660=CARTESIAN_POINT('Ctrl Pts',(-11.523245088114,7.27136518638726,19.));
#7661=CARTESIAN_POINT('Ctrl Pts',(-11.4570955906365,6.96243706290637,17.));
#7662=CARTESIAN_POINT('Ctrl Pts',(-11.4570955906365,6.96243706290637,19.));
#7663=CARTESIAN_POINT('Ctrl Pts',(-11.367907071519,6.65941199780301,17.));
#7664=CARTESIAN_POINT('Ctrl Pts',(-11.367907071519,6.65941199780301,19.));
#7665=CARTESIAN_POINT('Ctrl Pts',(-11.3312501192093,6.53486709594726,17.));
#7666=CARTESIAN_POINT('Ctrl Pts',(-11.3312501192093,6.53486709594726,19.));
#7667=CARTESIAN_POINT('',(-11.3312501192093,6.53486709594726,19.));
#7668=CARTESIAN_POINT('',(-11.3312501192093,6.53486709594726,17.));
#7669=CARTESIAN_POINT('',(-11.5622067928314,7.45332221984862,19.));
#7670=CARTESIAN_POINT('Ctrl Pts',(-11.5622067928314,7.45332221984862,19.));
#7671=CARTESIAN_POINT('Ctrl Pts',(-11.523245088114,7.27136518638726,19.));
#7672=CARTESIAN_POINT('Ctrl Pts',(-11.4570955906365,6.96243706290637,19.));
#7673=CARTESIAN_POINT('Ctrl Pts',(-11.367907071519,6.65941199780301,19.));
#7674=CARTESIAN_POINT('Ctrl Pts',(-11.3312501192093,6.53486709594726,19.));
#7675=CARTESIAN_POINT('',(-11.5622067928314,7.45332221984862,17.));
#7676=CARTESIAN_POINT('Ctrl Pts',(-11.8253905057907,8.27509860992431,17.));
#7677=CARTESIAN_POINT('Ctrl Pts',(-11.8253905057907,8.27509860992431,19.));
#7678=CARTESIAN_POINT('Ctrl Pts',(-11.778887592952,8.17544345801709,17.));
#7679=CARTESIAN_POINT('Ctrl Pts',(-11.778887592952,8.17544345801709,19.));
#7680=CARTESIAN_POINT('Ctrl Pts',(-11.6565694875335,7.91331731080638,17.));
#7681=CARTESIAN_POINT('Ctrl Pts',(-11.6565694875335,7.91331731080638,19.));
#7682=CARTESIAN_POINT('Ctrl Pts',(-11.5983144332102,7.62933814831222,17.));
#7683=CARTESIAN_POINT('Ctrl Pts',(-11.5983144332102,7.62933814831222,19.));
#7684=CARTESIAN_POINT('Ctrl Pts',(-11.5622067928314,7.45332221984862,17.));
#7685=CARTESIAN_POINT('Ctrl Pts',(-11.5622067928314,7.45332221984862,19.));
#7686=CARTESIAN_POINT('',(-11.8253905057907,8.27509860992431,19.));
#7687=CARTESIAN_POINT('Ctrl Pts',(-11.8253905057907,8.27509860992431,19.));
#7688=CARTESIAN_POINT('Ctrl Pts',(-11.778887592952,8.17544345801709,19.));
#7689=CARTESIAN_POINT('Ctrl Pts',(-11.6565694875335,7.91331731080638,19.));
#7690=CARTESIAN_POINT('Ctrl Pts',(-11.5983144332102,7.62933814831222,19.));
#7691=CARTESIAN_POINT('Ctrl Pts',(-11.5622067928314,7.45332221984862,19.));
#7692=CARTESIAN_POINT('',(-11.8253905057907,8.27509860992431,17.));
#7693=CARTESIAN_POINT('Ctrl Pts',(-12.35712890625,8.5705099582672,17.));
#7694=CARTESIAN_POINT('Ctrl Pts',(-12.35712890625,8.5705099582672,19.));
#7695=CARTESIAN_POINT('Ctrl Pts',(-12.2532908383833,8.5565842772282,17.));
#7696=CARTESIAN_POINT('Ctrl Pts',(-12.2532908383833,8.5565842772282,19.));
#7697=CARTESIAN_POINT('Ctrl Pts',(-12.0381739792854,8.52773504276676,17.));
#7698=CARTESIAN_POINT('Ctrl Pts',(-12.0381739792854,8.52773504276676,19.));
#7699=CARTESIAN_POINT('Ctrl Pts',(-11.8979352462019,8.3612305079423,17.));
#7700=CARTESIAN_POINT('Ctrl Pts',(-11.8979352462019,8.3612305079423,19.));
#7701=CARTESIAN_POINT('Ctrl Pts',(-11.8253905057907,8.27509860992431,17.));
#7702=CARTESIAN_POINT('Ctrl Pts',(-11.8253905057907,8.27509860992431,19.));
#7703=CARTESIAN_POINT('',(-12.35712890625,8.5705099582672,19.));
#7704=CARTESIAN_POINT('Ctrl Pts',(-12.35712890625,8.5705099582672,19.));
#7705=CARTESIAN_POINT('Ctrl Pts',(-12.2532908383833,8.5565842772282,19.));
#7706=CARTESIAN_POINT('Ctrl Pts',(-12.0381739792854,8.52773504276676,19.));
#7707=CARTESIAN_POINT('Ctrl Pts',(-11.8979352462019,8.3612305079423,19.));
#7708=CARTESIAN_POINT('Ctrl Pts',(-11.8253905057907,8.27509860992431,19.));
#7709=CARTESIAN_POINT('',(-12.35712890625,8.5705099582672,17.));
#7710=CARTESIAN_POINT('Ctrl Pts',(-12.9049802303314,8.33418350219726,17.));
#7711=CARTESIAN_POINT('Ctrl Pts',(-12.9049802303314,8.33418350219726,19.));
#7712=CARTESIAN_POINT('Ctrl Pts',(-12.8250507255157,8.40310942972382,17.));
#7713=CARTESIAN_POINT('Ctrl Pts',(-12.8250507255157,8.40310942972382,19.));
#7714=CARTESIAN_POINT('Ctrl Pts',(-12.6670552076226,8.53935433254059,17.));
#7715=CARTESIAN_POINT('Ctrl Pts',(-12.6670552076226,8.53935433254059,19.));
#7716=CARTESIAN_POINT('Ctrl Pts',(-12.4596221443329,8.5602067314966,17.));
#7717=CARTESIAN_POINT('Ctrl Pts',(-12.4596221443329,8.5602067314966,19.));
#7718=CARTESIAN_POINT('Ctrl Pts',(-12.35712890625,8.5705099582672,17.));
#7719=CARTESIAN_POINT('Ctrl Pts',(-12.35712890625,8.5705099582672,19.));
#7720=CARTESIAN_POINT('',(-12.9049802303314,8.33418350219726,19.));
#7721=CARTESIAN_POINT('Ctrl Pts',(-12.9049802303314,8.33418350219726,19.));
#7722=CARTESIAN_POINT('Ctrl Pts',(-12.8250507255157,8.40310942972382,19.));
#7723=CARTESIAN_POINT('Ctrl Pts',(-12.6670552076226,8.53935433254059,19.));
#7724=CARTESIAN_POINT('Ctrl Pts',(-12.4596221443329,8.5602067314966,19.));
#7725=CARTESIAN_POINT('Ctrl Pts',(-12.35712890625,8.5705099582672,19.));
#7726=CARTESIAN_POINT('',(-12.9049802303314,8.33418350219726,17.));
#7727=CARTESIAN_POINT('Ctrl Pts',(-13.1359375,7.73262004852294,17.));
#7728=CARTESIAN_POINT('Ctrl Pts',(-13.1359375,7.73262004852294,19.));
#7729=CARTESIAN_POINT('Ctrl Pts',(-13.127438423583,7.8478194834244,17.));
#7730=CARTESIAN_POINT('Ctrl Pts',(-13.127438423583,7.8478194834244,19.));
#7731=CARTESIAN_POINT('Ctrl Pts',(-13.110903109101,8.07194488138239,17.));
#7732=CARTESIAN_POINT('Ctrl Pts',(-13.110903109101,8.07194488138239,19.));
#7733=CARTESIAN_POINT('Ctrl Pts',(-12.9723282448149,8.24841716803227,17.));
#7734=CARTESIAN_POINT('Ctrl Pts',(-12.9723282448149,8.24841716803227,19.));
#7735=CARTESIAN_POINT('Ctrl Pts',(-12.9049802303314,8.33418350219726,17.));
#7736=CARTESIAN_POINT('Ctrl Pts',(-12.9049802303314,8.33418350219726,19.));
#7737=CARTESIAN_POINT('',(-13.1359375,7.73262004852294,19.));
#7738=CARTESIAN_POINT('Ctrl Pts',(-13.1359375,7.73262004852294,19.));
#7739=CARTESIAN_POINT('Ctrl Pts',(-13.127438423583,7.8478194834244,19.));
#7740=CARTESIAN_POINT('Ctrl Pts',(-13.110903109101,8.07194488138239,19.));
#7741=CARTESIAN_POINT('Ctrl Pts',(-12.9723282448149,8.24841716803227,19.));
#7742=CARTESIAN_POINT('Ctrl Pts',(-12.9049802303314,8.33418350219726,19.));
#7743=CARTESIAN_POINT('',(-13.1359375,7.73262004852294,17.));
#7744=CARTESIAN_POINT('Ctrl Pts',(-12.8673828125,6.95381145477294,17.));
#7745=CARTESIAN_POINT('Ctrl Pts',(-12.8673828125,6.95381145477294,19.));
#7746=CARTESIAN_POINT('Ctrl Pts',(-12.9456894145729,7.07669109997179,17.));
#7747=CARTESIAN_POINT('Ctrl Pts',(-12.9456894145729,7.07669109997179,19.));
#7748=CARTESIAN_POINT('Ctrl Pts',(-13.0976288156719,7.31511620340533,17.));
#7749=CARTESIAN_POINT('Ctrl Pts',(-13.0976288156719,7.31511620340533,19.));
#7750=CARTESIAN_POINT('Ctrl Pts',(-13.1234325208735,7.59633562737926,17.));
#7751=CARTESIAN_POINT('Ctrl Pts',(-13.1234325208735,7.59633562737926,19.));
#7752=CARTESIAN_POINT('Ctrl Pts',(-13.1359375,7.73262004852294,17.));
#7753=CARTESIAN_POINT('Ctrl Pts',(-13.1359375,7.73262004852294,19.));
#7754=CARTESIAN_POINT('',(-12.8673828125,6.95381145477294,19.));
#7755=CARTESIAN_POINT('Ctrl Pts',(-12.8673828125,6.95381145477294,19.));
#7756=CARTESIAN_POINT('Ctrl Pts',(-12.9456894145729,7.07669109997179,19.));
#7757=CARTESIAN_POINT('Ctrl Pts',(-13.0976288156719,7.31511620340533,19.));
#7758=CARTESIAN_POINT('Ctrl Pts',(-13.1234325208735,7.59633562737926,19.));
#7759=CARTESIAN_POINT('Ctrl Pts',(-13.1359375,7.73262004852294,19.));
#7760=CARTESIAN_POINT('',(-12.8673828125,6.95381145477294,17.));
#7761=CARTESIAN_POINT('Ctrl Pts',(-12.3678708553314,6.59394721984862,17.));
#7762=CARTESIAN_POINT('Ctrl Pts',(-12.3678708553314,6.59394721984862,19.));
#7763=CARTESIAN_POINT('Ctrl Pts',(-12.4634394460231,6.63165954549512,17.));
#7764=CARTESIAN_POINT('Ctrl Pts',(-12.4634394460231,6.63165954549512,19.));
#7765=CARTESIAN_POINT('Ctrl Pts',(-12.6601395170789,6.70927936891886,17.));
#7766=CARTESIAN_POINT('Ctrl Pts',(-12.6601395170789,6.70927936891886,19.));
#7767=CARTESIAN_POINT('Ctrl Pts',(-12.797011419135,6.87077830492349,17.));
#7768=CARTESIAN_POINT('Ctrl Pts',(-12.797011419135,6.87077830492349,19.));
#7769=CARTESIAN_POINT('Ctrl Pts',(-12.8673828125,6.95381145477294,17.));
#7770=CARTESIAN_POINT('Ctrl Pts',(-12.8673828125,6.95381145477294,19.));
#7771=CARTESIAN_POINT('',(-12.3678708553314,6.59394721984862,19.));
#7772=CARTESIAN_POINT('Ctrl Pts',(-12.3678708553314,6.59394721984862,19.));
#7773=CARTESIAN_POINT('Ctrl Pts',(-12.4634394460231,6.63165954549512,19.));
#7774=CARTESIAN_POINT('Ctrl Pts',(-12.6601395170789,6.70927936891886,19.));
#7775=CARTESIAN_POINT('Ctrl Pts',(-12.797011419135,6.87077830492349,19.));
#7776=CARTESIAN_POINT('Ctrl Pts',(-12.8673828125,6.95381145477294,19.));
#7777=CARTESIAN_POINT('',(-12.3678708553314,6.59394721984862,17.));
#7778=CARTESIAN_POINT('Ctrl Pts',(-11.63203125,6.53486709594726,17.));
#7779=CARTESIAN_POINT('Ctrl Pts',(-11.63203125,6.53486709594726,19.));
#7780=CARTESIAN_POINT('Ctrl Pts',(-11.7843120107439,6.53401609085888,17.));
#7781=CARTESIAN_POINT('Ctrl Pts',(-11.7843120107439,6.53401609085888,19.));
#7782=CARTESIAN_POINT('Ctrl Pts',(-12.031589791199,6.53263420487157,17.));
#7783=CARTESIAN_POINT('Ctrl Pts',(-12.031589791199,6.53263420487157,19.));
#7784=CARTESIAN_POINT('Ctrl Pts',(-12.2745373733972,6.57693003456506,17.));
#7785=CARTESIAN_POINT('Ctrl Pts',(-12.2745373733972,6.57693003456506,19.));
#7786=CARTESIAN_POINT('Ctrl Pts',(-12.3678708553314,6.59394721984862,17.));
#7787=CARTESIAN_POINT('Ctrl Pts',(-12.3678708553314,6.59394721984862,19.));
#7788=CARTESIAN_POINT('',(-11.63203125,6.53486709594726,19.));
#7789=CARTESIAN_POINT('Ctrl Pts',(-11.63203125,6.53486709594726,19.));
#7790=CARTESIAN_POINT('Ctrl Pts',(-11.7843120107439,6.53401609085888,19.));
#7791=CARTESIAN_POINT('Ctrl Pts',(-12.031589791199,6.53263420487157,19.));
#7792=CARTESIAN_POINT('Ctrl Pts',(-12.2745373733972,6.57693003456506,19.));
#7793=CARTESIAN_POINT('Ctrl Pts',(-12.3678708553314,6.59394721984862,19.));
#7794=CARTESIAN_POINT('',(-11.63203125,6.53486709594726,17.));
#7795=CARTESIAN_POINT('Origin',(-11.3312501192093,6.53486709594726,17.));
#7796=CARTESIAN_POINT('',(-11.63203125,6.53486709594726,19.));
#7797=CARTESIAN_POINT('Origin',(-9.85957031249999,9.92402653694152,17.));
#7798=CARTESIAN_POINT('',(-10.1066411018372,8.55439763069152,19.));
#7799=CARTESIAN_POINT('',(-10.1066411018372,8.55439763069152,17.));
#7800=CARTESIAN_POINT('',(-9.85957031249999,9.92402653694152,19.));
#7801=CARTESIAN_POINT('',(-10.1066411018372,8.55439763069152,19.));
#7802=CARTESIAN_POINT('',(-9.85957031249999,9.92402653694152,17.));
#7803=CARTESIAN_POINT('Ctrl Pts',(-8.63496129512786,9.12910323143004,17.));
#7804=CARTESIAN_POINT('Ctrl Pts',(-8.63496129512786,9.12910323143004,19.));
#7805=CARTESIAN_POINT('Ctrl Pts',(-8.79275164019843,9.30515666080154,17.));
#7806=CARTESIAN_POINT('Ctrl Pts',(-8.79275164019843,9.30515666080154,19.));
#7807=CARTESIAN_POINT('Ctrl Pts',(-9.12829413114063,9.67953575353885,17.));
#7808=CARTESIAN_POINT('Ctrl Pts',(-9.12829413114063,9.67953575353885,19.));
#7809=CARTESIAN_POINT('Ctrl Pts',(-9.60633191657928,9.83936022975892,17.));
#7810=CARTESIAN_POINT('Ctrl Pts',(-9.60633191657928,9.83936022975892,19.));
#7811=CARTESIAN_POINT('Ctrl Pts',(-9.85957031249999,9.92402653694152,17.));
#7812=CARTESIAN_POINT('Ctrl Pts',(-9.85957031249999,9.92402653694152,19.));
#7813=CARTESIAN_POINT('',(-8.63496129512786,9.12910323143004,19.));
#7814=CARTESIAN_POINT('Ctrl Pts',(-8.63496129512786,9.12910323143004,19.));
#7815=CARTESIAN_POINT('Ctrl Pts',(-8.79275164019843,9.30515666080154,19.));
#7816=CARTESIAN_POINT('Ctrl Pts',(-9.12829413114063,9.67953575353885,19.));
#7817=CARTESIAN_POINT('Ctrl Pts',(-9.60633191657928,9.83936022975892,19.));
#7818=CARTESIAN_POINT('Ctrl Pts',(-9.85957031249999,9.92402653694152,19.));
#7819=CARTESIAN_POINT('',(-8.63496129512786,9.12910323143004,17.));
#7820=CARTESIAN_POINT('Ctrl Pts',(-8.23750023841857,7.45332221984862,17.));
#7821=CARTESIAN_POINT('Ctrl Pts',(-8.23750023841857,7.45332221984862,19.));
#7822=CARTESIAN_POINT('Ctrl Pts',(-8.24397735865155,7.78512914998098,17.));
#7823=CARTESIAN_POINT('Ctrl Pts',(-8.24397735865155,7.78512914998098,19.));
#7824=CARTESIAN_POINT('Ctrl Pts',(-8.25548916834405,8.37485083136715,17.));
#7825=CARTESIAN_POINT('Ctrl Pts',(-8.25548916834405,8.37485083136715,19.));
#7826=CARTESIAN_POINT('Ctrl Pts',(-8.51949733508737,8.89960292604682,17.));
#7827=CARTESIAN_POINT('Ctrl Pts',(-8.51949733508737,8.89960292604682,19.));
#7828=CARTESIAN_POINT('Ctrl Pts',(-8.63496129512786,9.12910323143004,17.));
#7829=CARTESIAN_POINT('Ctrl Pts',(-8.63496129512786,9.12910323143004,19.));
#7830=CARTESIAN_POINT('',(-8.23750023841857,7.45332221984862,19.));
#7831=CARTESIAN_POINT('Ctrl Pts',(-8.23750023841857,7.45332221984862,19.));
#7832=CARTESIAN_POINT('Ctrl Pts',(-8.24397735865155,7.78512914998098,19.));
#7833=CARTESIAN_POINT('Ctrl Pts',(-8.25548916834405,8.37485083136715,19.));
#7834=CARTESIAN_POINT('Ctrl Pts',(-8.51949733508737,8.89960292604682,19.));
#7835=CARTESIAN_POINT('Ctrl Pts',(-8.63496129512786,9.12910323143004,19.));
#7836=CARTESIAN_POINT('',(-8.23750023841857,7.45332221984862,17.));
#7837=CARTESIAN_POINT('Ctrl Pts',(-8.47651367187499,5.94941596984862,17.));
#7838=CARTESIAN_POINT('Ctrl Pts',(-8.47651367187499,5.94941596984862,19.));
#7839=CARTESIAN_POINT('Ctrl Pts',(-8.40720672793491,6.15541970574811,17.));
#7840=CARTESIAN_POINT('Ctrl Pts',(-8.40720672793491,6.15541970574811,19.));
#7841=CARTESIAN_POINT('Ctrl Pts',(-8.24351784780917,6.64195855617349,17.));
#7842=CARTESIAN_POINT('Ctrl Pts',(-8.24351784780917,6.64195855617349,19.));
#7843=CARTESIAN_POINT('Ctrl Pts',(-8.23970100498959,7.15658942912522,17.));
#7844=CARTESIAN_POINT('Ctrl Pts',(-8.23970100498959,7.15658942912522,19.));
#7845=CARTESIAN_POINT('Ctrl Pts',(-8.23750023841857,7.45332221984862,17.));
#7846=CARTESIAN_POINT('Ctrl Pts',(-8.23750023841857,7.45332221984862,19.));
#7847=CARTESIAN_POINT('',(-8.47651367187499,5.94941596984862,19.));
#7848=CARTESIAN_POINT('Ctrl Pts',(-8.47651367187499,5.94941596984862,19.));
#7849=CARTESIAN_POINT('Ctrl Pts',(-8.40720672793491,6.15541970574811,19.));
#7850=CARTESIAN_POINT('Ctrl Pts',(-8.24351784780917,6.64195855617349,19.));
#7851=CARTESIAN_POINT('Ctrl Pts',(-8.23970100498959,7.15658942912522,19.));
#7852=CARTESIAN_POINT('Ctrl Pts',(-8.23750023841857,7.45332221984862,19.));
#7853=CARTESIAN_POINT('',(-8.47651367187499,5.94941596984862,17.));
#7854=CARTESIAN_POINT('Ctrl Pts',(-9.08344750404357,5.25385837554931,17.));
#7855=CARTESIAN_POINT('Ctrl Pts',(-9.08344750404357,5.25385837554931,19.));
#7856=CARTESIAN_POINT('Ctrl Pts',(-8.96375371744283,5.33843077626273,17.));
#7857=CARTESIAN_POINT('Ctrl Pts',(-8.96375371744283,5.33843077626273,19.));
#7858=CARTESIAN_POINT('Ctrl Pts',(-8.70585246529175,5.52065684380433,17.));
#7859=CARTESIAN_POINT('Ctrl Pts',(-8.70585246529175,5.52065684380433,19.));
#7860=CARTESIAN_POINT('Ctrl Pts',(-8.55653294934618,5.79981635364722,17.));
#7861=CARTESIAN_POINT('Ctrl Pts',(-8.55653294934618,5.79981635364722,19.));
#7862=CARTESIAN_POINT('Ctrl Pts',(-8.47651367187499,5.94941596984862,17.));
#7863=CARTESIAN_POINT('Ctrl Pts',(-8.47651367187499,5.94941596984862,19.));
#7864=CARTESIAN_POINT('',(-9.08344750404357,5.25385837554931,19.));
#7865=CARTESIAN_POINT('Ctrl Pts',(-9.08344750404357,5.25385837554931,19.));
#7866=CARTESIAN_POINT('Ctrl Pts',(-8.96375371744283,5.33843077626273,19.));
#7867=CARTESIAN_POINT('Ctrl Pts',(-8.70585246529175,5.52065684380433,19.));
#7868=CARTESIAN_POINT('Ctrl Pts',(-8.55653294934618,5.79981635364722,19.));
#7869=CARTESIAN_POINT('Ctrl Pts',(-8.47651367187499,5.94941596984862,19.));
#7870=CARTESIAN_POINT('',(-9.08344750404357,5.25385837554931,17.));
#7871=CARTESIAN_POINT('Ctrl Pts',(-10.4342771053314,5.05244235992431,17.));
#7872=CARTESIAN_POINT('Ctrl Pts',(-10.4342771053314,5.05244235992431,19.));
#7873=CARTESIAN_POINT('Ctrl Pts',(-10.1547399397134,5.0510162446395,17.));
#7874=CARTESIAN_POINT('Ctrl Pts',(-10.1547399397134,5.0510162446395,19.));
#7875=CARTESIAN_POINT('Ctrl Pts',(-9.69244357231909,5.04865774639045,17.));
#7876=CARTESIAN_POINT('Ctrl Pts',(-9.69244357231909,5.04865774639045,19.));
#7877=CARTESIAN_POINT('Ctrl Pts',(-9.25599021298576,5.19572027864506,17.));
#7878=CARTESIAN_POINT('Ctrl Pts',(-9.25599021298576,5.19572027864506,19.));
#7879=CARTESIAN_POINT('Ctrl Pts',(-9.08344750404357,5.25385837554931,17.));
#7880=CARTESIAN_POINT('Ctrl Pts',(-9.08344750404357,5.25385837554931,19.));
#7881=CARTESIAN_POINT('',(-10.4342771053314,5.05244235992431,19.));
#7882=CARTESIAN_POINT('Ctrl Pts',(-10.4342771053314,5.05244235992431,19.));
#7883=CARTESIAN_POINT('Ctrl Pts',(-10.1547399397134,5.0510162446395,19.));
#7884=CARTESIAN_POINT('Ctrl Pts',(-9.69244357231909,5.04865774639045,19.));
#7885=CARTESIAN_POINT('Ctrl Pts',(-9.25599021298576,5.19572027864506,19.));
#7886=CARTESIAN_POINT('Ctrl Pts',(-9.08344750404357,5.25385837554931,19.));
#7887=CARTESIAN_POINT('',(-10.4342771053314,5.05244235992431,17.));
#7888=CARTESIAN_POINT('Origin',(-12.19599609375,5.06855468749999,17.));
#7889=CARTESIAN_POINT('',(-12.19599609375,5.06855468749999,19.));
#7890=CARTESIAN_POINT('',(-10.4342771053314,5.05244235992431,19.));
#7891=CARTESIAN_POINT('',(-12.19599609375,5.06855468749999,17.));
#7892=CARTESIAN_POINT('Ctrl Pts',(-13.3051270723343,4.99604682922362,17.));
#7893=CARTESIAN_POINT('Ctrl Pts',(-13.3051270723343,4.99604682922362,19.));
#7894=CARTESIAN_POINT('Ctrl Pts',(-13.1533799291423,5.01703791866126,17.));
#7895=CARTESIAN_POINT('Ctrl Pts',(-13.1533799291423,5.01703791866126,19.));
#7896=CARTESIAN_POINT('Ctrl Pts',(-12.7856285959006,5.06790873549848,17.));
#7897=CARTESIAN_POINT('Ctrl Pts',(-12.7856285959006,5.06790873549848,19.));
#7898=CARTESIAN_POINT('Ctrl Pts',(-12.4141749134311,5.06831566905249,17.));
#7899=CARTESIAN_POINT('Ctrl Pts',(-12.4141749134311,5.06831566905249,19.));
#7900=CARTESIAN_POINT('Ctrl Pts',(-12.19599609375,5.06855468749999,17.));
#7901=CARTESIAN_POINT('Ctrl Pts',(-12.19599609375,5.06855468749999,19.));
#7902=CARTESIAN_POINT('',(-13.3051270723343,4.99604682922362,19.));
#7903=CARTESIAN_POINT('Ctrl Pts',(-13.3051270723343,4.99604682922362,19.));
#7904=CARTESIAN_POINT('Ctrl Pts',(-13.1533799291423,5.01703791866126,19.));
#7905=CARTESIAN_POINT('Ctrl Pts',(-12.7856285959006,5.06790873549848,19.));
#7906=CARTESIAN_POINT('Ctrl Pts',(-12.4141749134311,5.06831566905249,19.));
#7907=CARTESIAN_POINT('Ctrl Pts',(-12.19599609375,5.06855468749999,19.));
#7908=CARTESIAN_POINT('',(-13.3051270723343,4.99604682922362,17.));
#7909=CARTESIAN_POINT('Ctrl Pts',(-14.0705079317093,4.72480754852294,17.));
#7910=CARTESIAN_POINT('Ctrl Pts',(-14.0705079317093,4.72480754852294,19.));
#7911=CARTESIAN_POINT('Ctrl Pts',(-13.9402615132007,4.78500993491743,17.));
#7912=CARTESIAN_POINT('Ctrl Pts',(-13.9402615132007,4.78500993491743,19.));
#7913=CARTESIAN_POINT('Ctrl Pts',(-13.6934322560109,4.89909913971067,17.));
#7914=CARTESIAN_POINT('Ctrl Pts',(-13.6934322560109,4.89909913971067,19.));
#7915=CARTESIAN_POINT('Ctrl Pts',(-13.4296956299085,4.96494594684952,17.));
#7916=CARTESIAN_POINT('Ctrl Pts',(-13.4296956299085,4.96494594684952,19.));
#7917=CARTESIAN_POINT('Ctrl Pts',(-13.3051270723343,4.99604682922362,17.));
#7918=CARTESIAN_POINT('Ctrl Pts',(-13.3051270723343,4.99604682922362,19.));
#7919=CARTESIAN_POINT('',(-14.0705079317093,4.72480754852294,19.));
#7920=CARTESIAN_POINT('Ctrl Pts',(-14.0705079317093,4.72480754852294,19.));
#7921=CARTESIAN_POINT('Ctrl Pts',(-13.9402615132007,4.78500993491743,19.));
#7922=CARTESIAN_POINT('Ctrl Pts',(-13.6934322560109,4.89909913971067,19.));
#7923=CARTESIAN_POINT('Ctrl Pts',(-13.4296956299085,4.96494594684952,19.));
#7924=CARTESIAN_POINT('Ctrl Pts',(-13.3051270723343,4.99604682922362,19.));
#7925=CARTESIAN_POINT('',(-14.0705079317093,4.72480754852294,17.));
#7926=CARTESIAN_POINT('Origin',(-14.0705079317093,6.21797065734862,17.));
#7927=CARTESIAN_POINT('',(-14.0705079317093,6.21797065734862,19.));
#7928=CARTESIAN_POINT('',(-14.0705079317093,4.72480754852294,19.));
#7929=CARTESIAN_POINT('',(-14.0705079317093,6.21797065734862,17.));
#7930=CARTESIAN_POINT('Ctrl Pts',(-13.6247069120407,6.36299114227294,17.));
#7931=CARTESIAN_POINT('Ctrl Pts',(-13.6247069120407,6.36299114227294,19.));
#7932=CARTESIAN_POINT('Ctrl Pts',(-13.7114367923058,6.33763168921857,17.));
#7933=CARTESIAN_POINT('Ctrl Pts',(-13.7114367923058,6.33763168921857,19.));
#7934=CARTESIAN_POINT('Ctrl Pts',(-13.8615045685796,6.29375250114919,17.));
#7935=CARTESIAN_POINT('Ctrl Pts',(-13.8615045685796,6.29375250114919,19.));
#7936=CARTESIAN_POINT('Ctrl Pts',(-14.008476622336,6.24046238632025,17.));
#7937=CARTESIAN_POINT('Ctrl Pts',(-14.008476622336,6.24046238632025,19.));
#7938=CARTESIAN_POINT('Ctrl Pts',(-14.0705079317093,6.21797065734862,17.));
#7939=CARTESIAN_POINT('Ctrl Pts',(-14.0705079317093,6.21797065734862,19.));
#7940=CARTESIAN_POINT('',(-13.6247069120407,6.36299114227294,19.));
#7941=CARTESIAN_POINT('Ctrl Pts',(-13.6247069120407,6.36299114227294,19.));
#7942=CARTESIAN_POINT('Ctrl Pts',(-13.7114367923058,6.33763168921857,19.));
#7943=CARTESIAN_POINT('Ctrl Pts',(-13.8615045685796,6.29375250114919,19.));
#7944=CARTESIAN_POINT('Ctrl Pts',(-14.008476622336,6.24046238632025,19.));
#7945=CARTESIAN_POINT('Ctrl Pts',(-14.0705079317093,6.21797065734862,19.));
#7946=CARTESIAN_POINT('',(-13.6247069120407,6.36299114227294,17.));
#7947=CARTESIAN_POINT('Ctrl Pts',(-13.4474611759186,6.41670207977294,17.));
#7948=CARTESIAN_POINT('Ctrl Pts',(-13.4474611759186,6.41670207977294,19.));
#7949=CARTESIAN_POINT('Ctrl Pts',(-13.4693496343201,6.40940017929944,17.));
#7950=CARTESIAN_POINT('Ctrl Pts',(-13.4693496343201,6.40940017929944,19.));
#7951=CARTESIAN_POINT('Ctrl Pts',(-13.5279275494527,6.38985882566006,17.));
#7952=CARTESIAN_POINT('Ctrl Pts',(-13.5279275494527,6.38985882566006,19.));
#7953=CARTESIAN_POINT('Ctrl Pts',(-13.5874351560694,6.37333844888813,17.));
#7954=CARTESIAN_POINT('Ctrl Pts',(-13.5874351560694,6.37333844888813,19.));
#7955=CARTESIAN_POINT('Ctrl Pts',(-13.6247069120407,6.36299114227294,17.));
#7956=CARTESIAN_POINT('Ctrl Pts',(-13.6247069120407,6.36299114227294,19.));
#7957=CARTESIAN_POINT('',(-13.4474611759186,6.41670207977294,19.));
#7958=CARTESIAN_POINT('Ctrl Pts',(-13.4474611759186,6.41670207977294,19.));
#7959=CARTESIAN_POINT('Ctrl Pts',(-13.4693496343201,6.40940017929944,19.));
#7960=CARTESIAN_POINT('Ctrl Pts',(-13.5279275494527,6.38985882566006,19.));
#7961=CARTESIAN_POINT('Ctrl Pts',(-13.5874351560694,6.37333844888813,19.));
#7962=CARTESIAN_POINT('Ctrl Pts',(-13.6247069120407,6.36299114227294,19.));
#7963=CARTESIAN_POINT('',(-13.4474611759186,6.41670207977294,17.));
#7964=CARTESIAN_POINT('Ctrl Pts',(-14.0114260196686,7.24385242462157,17.));
#7965=CARTESIAN_POINT('Ctrl Pts',(-14.0114260196686,7.24385242462157,19.));
#7966=CARTESIAN_POINT('Ctrl Pts',(-13.9391201459364,7.09743671639798,17.));
#7967=CARTESIAN_POINT('Ctrl Pts',(-13.9391201459364,7.09743671639798,19.));
#7968=CARTESIAN_POINT('Ctrl Pts',(-13.7899643256821,6.79540378420361,17.));
#7969=CARTESIAN_POINT('Ctrl Pts',(-13.7899643256821,6.79540378420361,19.));
#7970=CARTESIAN_POINT('Ctrl Pts',(-13.5639243490421,6.54547404054386,17.));
#7971=CARTESIAN_POINT('Ctrl Pts',(-13.5639243490421,6.54547404054386,19.));
#7972=CARTESIAN_POINT('Ctrl Pts',(-13.4474611759186,6.41670207977294,17.));
#7973=CARTESIAN_POINT('Ctrl Pts',(-13.4474611759186,6.41670207977294,19.));
#7974=CARTESIAN_POINT('',(-14.0114260196686,7.24385242462157,19.));
#7975=CARTESIAN_POINT('Ctrl Pts',(-14.0114260196686,7.24385242462157,19.));
#7976=CARTESIAN_POINT('Ctrl Pts',(-13.9391201459364,7.09743671639798,19.));
#7977=CARTESIAN_POINT('Ctrl Pts',(-13.7899643256821,6.79540378420361,19.));
#7978=CARTESIAN_POINT('Ctrl Pts',(-13.5639243490421,6.54547404054386,19.));
#7979=CARTESIAN_POINT('Ctrl Pts',(-13.4474611759186,6.41670207977294,19.));
#7980=CARTESIAN_POINT('',(-14.0114260196686,7.24385242462157,17.));
#7981=CARTESIAN_POINT('Ctrl Pts',(-14.1994143009186,8.18379383087157,17.));
#7982=CARTESIAN_POINT('Ctrl Pts',(-14.1994143009186,8.18379383087157,19.));
#7983=CARTESIAN_POINT('Ctrl Pts',(-14.1919279421176,8.02056746402344,17.));
#7984=CARTESIAN_POINT('Ctrl Pts',(-14.1919279421176,8.02056746402344,19.));
#7985=CARTESIAN_POINT('Ctrl Pts',(-14.1771163636861,7.69762807534212,17.));
#7986=CARTESIAN_POINT('Ctrl Pts',(-14.1771163636861,7.69762807534212,19.));
#7987=CARTESIAN_POINT('Ctrl Pts',(-14.06625410082,7.39400992685728,17.));
#7988=CARTESIAN_POINT('Ctrl Pts',(-14.06625410082,7.39400992685728,19.));
#7989=CARTESIAN_POINT('Ctrl Pts',(-14.0114260196686,7.24385242462157,17.));
#7990=CARTESIAN_POINT('Ctrl Pts',(-14.0114260196686,7.24385242462157,19.));
#7991=CARTESIAN_POINT('',(-14.1994143009186,8.18379383087157,19.));
#7992=CARTESIAN_POINT('Ctrl Pts',(-14.1994143009186,8.18379383087157,19.));
#7993=CARTESIAN_POINT('Ctrl Pts',(-14.1919279421176,8.02056746402344,19.));
#7994=CARTESIAN_POINT('Ctrl Pts',(-14.1771163636861,7.69762807534212,19.));
#7995=CARTESIAN_POINT('Ctrl Pts',(-14.06625410082,7.39400992685728,19.));
#7996=CARTESIAN_POINT('Ctrl Pts',(-14.0114260196686,7.24385242462157,19.));
#7997=CARTESIAN_POINT('',(-14.1994143009186,8.18379383087157,17.));
#7998=CARTESIAN_POINT('Ctrl Pts',(-13.7213868379593,9.57221846580504,17.));
#7999=CARTESIAN_POINT('Ctrl Pts',(-13.7213868379593,9.57221846580504,19.));
#8000=CARTESIAN_POINT('Ctrl Pts',(-13.8606548832776,9.37900767869636,17.));
#8001=CARTESIAN_POINT('Ctrl Pts',(-13.8606548832776,9.37900767869636,19.));
#8002=CARTESIAN_POINT('Ctrl Pts',(-14.1584643740907,8.96584753132079,17.));
#8003=CARTESIAN_POINT('Ctrl Pts',(-14.1584643740907,8.96584753132079,19.));
#8004=CARTESIAN_POINT('Ctrl Pts',(-14.1851878359863,8.45548807812539,17.));
#8005=CARTESIAN_POINT('Ctrl Pts',(-14.1851878359863,8.45548807812539,19.));
#8006=CARTESIAN_POINT('Ctrl Pts',(-14.1994143009186,8.18379383087157,17.));
#8007=CARTESIAN_POINT('Ctrl Pts',(-14.1994143009186,8.18379383087157,19.));
#8008=CARTESIAN_POINT('',(-13.7213868379593,9.57221846580504,19.));
#8009=CARTESIAN_POINT('Ctrl Pts',(-13.7213868379593,9.57221846580504,19.));
#8010=CARTESIAN_POINT('Ctrl Pts',(-13.8606548832776,9.37900767869636,19.));
#8011=CARTESIAN_POINT('Ctrl Pts',(-14.1584643740907,8.96584753132079,19.));
#8012=CARTESIAN_POINT('Ctrl Pts',(-14.1851878359863,8.45548807812539,19.));
#8013=CARTESIAN_POINT('Ctrl Pts',(-14.1994143009186,8.18379383087157,19.));
#8014=CARTESIAN_POINT('',(-13.7213868379593,9.57221846580504,17.));
#8015=CARTESIAN_POINT('Ctrl Pts',(-12.5128907442093,10.0797877788544,17.));
#8016=CARTESIAN_POINT('Ctrl Pts',(-12.5128907442093,10.0797877788544,19.));
#8017=CARTESIAN_POINT('Ctrl Pts',(-12.744778811997,10.0597775254468,17.));
#8018=CARTESIAN_POINT('Ctrl Pts',(-12.744778811997,10.0597775254468,19.));
#8019=CARTESIAN_POINT('Ctrl Pts',(-13.2025158866575,10.0202781456582,17.));
#8020=CARTESIAN_POINT('Ctrl Pts',(-13.2025158866575,10.0202781456582,19.));
#8021=CARTESIAN_POINT('Ctrl Pts',(-13.5499578223424,9.72025224889144,17.));
#8022=CARTESIAN_POINT('Ctrl Pts',(-13.5499578223424,9.72025224889144,19.));
#8023=CARTESIAN_POINT('Ctrl Pts',(-13.7213868379593,9.57221846580504,17.));
#8024=CARTESIAN_POINT('Ctrl Pts',(-13.7213868379593,9.57221846580504,19.));
#8025=CARTESIAN_POINT('',(-12.5128907442093,10.0797877788544,19.));
#8026=CARTESIAN_POINT('Ctrl Pts',(-12.5128907442093,10.0797877788544,19.));
#8027=CARTESIAN_POINT('Ctrl Pts',(-12.744778811997,10.0597775254468,19.));
#8028=CARTESIAN_POINT('Ctrl Pts',(-13.2025158866575,10.0202781456582,19.));
#8029=CARTESIAN_POINT('Ctrl Pts',(-13.5499578223424,9.72025224889144,19.));
#8030=CARTESIAN_POINT('Ctrl Pts',(-13.7213868379593,9.57221846580504,19.));
#8031=CARTESIAN_POINT('',(-12.5128907442093,10.0797877788544,17.));
#8032=CARTESIAN_POINT('Ctrl Pts',(-11.6508299589157,9.84883170127868,17.));
#8033=CARTESIAN_POINT('Ctrl Pts',(-11.6508299589157,9.84883170127868,19.));
#8034=CARTESIAN_POINT('Ctrl Pts',(-11.7831704013435,9.91618415385271,17.));
#8035=CARTESIAN_POINT('Ctrl Pts',(-11.7831704013435,9.91618415385271,19.));
#8036=CARTESIAN_POINT('Ctrl Pts',(-12.0540120086408,10.0540244555467,17.));
#8037=CARTESIAN_POINT('Ctrl Pts',(-12.0540120086408,10.0540244555467,19.));
#8038=CARTESIAN_POINT('Ctrl Pts',(-12.3576290815356,10.0710707560274,17.));
#8039=CARTESIAN_POINT('Ctrl Pts',(-12.3576290815356,10.0710707560274,19.));
#8040=CARTESIAN_POINT('Ctrl Pts',(-12.5128907442093,10.0797877788544,17.));
#8041=CARTESIAN_POINT('Ctrl Pts',(-12.5128907442093,10.0797877788544,19.));
#8042=CARTESIAN_POINT('',(-11.6508299589157,9.84883170127868,19.));
#8043=CARTESIAN_POINT('Ctrl Pts',(-11.6508299589157,9.84883170127868,19.));
#8044=CARTESIAN_POINT('Ctrl Pts',(-11.7831704013435,9.91618415385271,19.));
#8045=CARTESIAN_POINT('Ctrl Pts',(-12.0540120086408,10.0540244555467,19.));
#8046=CARTESIAN_POINT('Ctrl Pts',(-12.3576290815356,10.0710707560274,19.));
#8047=CARTESIAN_POINT('Ctrl Pts',(-12.5128907442093,10.0797877788544,19.));
#8048=CARTESIAN_POINT('',(-11.6508299589157,9.84883170127868,17.));
#8049=CARTESIAN_POINT('Ctrl Pts',(-11.0707521915436,9.2016134738922,17.));
#8050=CARTESIAN_POINT('Ctrl Pts',(-11.0707521915436,9.2016134738922,19.));
#8051=CARTESIAN_POINT('Ctrl Pts',(-11.1445624721916,9.33220728082653,17.));
#8052=CARTESIAN_POINT('Ctrl Pts',(-11.1445624721916,9.33220728082653,19.));
#8053=CARTESIAN_POINT('Ctrl Pts',(-11.2905643151705,9.59053086836263,17.));
#8054=CARTESIAN_POINT('Ctrl Pts',(-11.2905643151705,9.59053086836263,19.));
#8055=CARTESIAN_POINT('Ctrl Pts',(-11.5316323157093,9.76337017849295,17.));
#8056=CARTESIAN_POINT('Ctrl Pts',(-11.5316323157093,9.76337017849295,19.));
#8057=CARTESIAN_POINT('Ctrl Pts',(-11.6508299589157,9.84883170127868,17.));
#8058=CARTESIAN_POINT('Ctrl Pts',(-11.6508299589157,9.84883170127868,19.));
#8059=CARTESIAN_POINT('',(-11.0707521915436,9.2016134738922,19.));
#8060=CARTESIAN_POINT('Ctrl Pts',(-11.0707521915436,9.2016134738922,19.));
#8061=CARTESIAN_POINT('Ctrl Pts',(-11.1445624721916,9.33220728082653,19.));
#8062=CARTESIAN_POINT('Ctrl Pts',(-11.2905643151705,9.59053086836263,19.));
#8063=CARTESIAN_POINT('Ctrl Pts',(-11.5316323157093,9.76337017849295,19.));
#8064=CARTESIAN_POINT('Ctrl Pts',(-11.6508299589157,9.84883170127868,19.));
#8065=CARTESIAN_POINT('',(-11.0707521915436,9.2016134738922,17.));
#8066=CARTESIAN_POINT('Ctrl Pts',(-10.7189453125,8.00117473602294,17.));
#8067=CARTESIAN_POINT('Ctrl Pts',(-10.7189453125,8.00117473602294,19.));
#8068=CARTESIAN_POINT('Ctrl Pts',(-10.7653516625407,8.23431809998537,17.));
#8069=CARTESIAN_POINT('Ctrl Pts',(-10.7653516625407,8.23431809998537,19.));
#8070=CARTESIAN_POINT('Ctrl Pts',(-10.8471337764546,8.64518767134976,17.));
#8071=CARTESIAN_POINT('Ctrl Pts',(-10.8471337764546,8.64518767134976,19.));
#8072=CARTESIAN_POINT('Ctrl Pts',(-11.0032307205227,9.03360097507047,17.));
#8073=CARTESIAN_POINT('Ctrl Pts',(-11.0032307205227,9.03360097507047,19.));
#8074=CARTESIAN_POINT('Ctrl Pts',(-11.0707521915436,9.2016134738922,17.));
#8075=CARTESIAN_POINT('Ctrl Pts',(-11.0707521915436,9.2016134738922,19.));
#8076=CARTESIAN_POINT('',(-10.7189453125,8.00117473602294,19.));
#8077=CARTESIAN_POINT('Ctrl Pts',(-10.7189453125,8.00117473602294,19.));
#8078=CARTESIAN_POINT('Ctrl Pts',(-10.7653516625407,8.23431809998537,19.));
#8079=CARTESIAN_POINT('Ctrl Pts',(-10.8471337764546,8.64518767134976,19.));
#8080=CARTESIAN_POINT('Ctrl Pts',(-11.0032307205227,9.03360097507047,19.));
#8081=CARTESIAN_POINT('Ctrl Pts',(-11.0707521915436,9.2016134738922,19.));
#8082=CARTESIAN_POINT('',(-10.7189453125,8.00117473602294,17.));
#8083=CARTESIAN_POINT('Ctrl Pts',(-10.3483403205872,6.53486709594726,17.));
#8084=CARTESIAN_POINT('Ctrl Pts',(-10.3483403205872,6.53486709594726,19.));
#8085=CARTESIAN_POINT('Ctrl Pts',(-10.4113743731297,6.72417140341015,17.));
#8086=CARTESIAN_POINT('Ctrl Pts',(-10.4113743731297,6.72417140341015,19.));
#8087=CARTESIAN_POINT('Ctrl Pts',(-10.5709651196772,7.20345544963644,17.));
#8088=CARTESIAN_POINT('Ctrl Pts',(-10.5709651196772,7.20345544963644,19.));
#8089=CARTESIAN_POINT('Ctrl Pts',(-10.6631630717469,7.70046848312689,17.));
#8090=CARTESIAN_POINT('Ctrl Pts',(-10.6631630717469,7.70046848312689,19.));
#8091=CARTESIAN_POINT('Ctrl Pts',(-10.7189453125,8.00117473602294,17.));
#8092=CARTESIAN_POINT('Ctrl Pts',(-10.7189453125,8.00117473602294,19.));
#8093=CARTESIAN_POINT('',(-10.3483403205872,6.53486709594726,19.));
#8094=CARTESIAN_POINT('Ctrl Pts',(-10.3483403205872,6.53486709594726,19.));
#8095=CARTESIAN_POINT('Ctrl Pts',(-10.4113743731297,6.72417140341015,19.));
#8096=CARTESIAN_POINT('Ctrl Pts',(-10.5709651196772,7.20345544963644,19.));
#8097=CARTESIAN_POINT('Ctrl Pts',(-10.6631630717469,7.70046848312689,19.));
#8098=CARTESIAN_POINT('Ctrl Pts',(-10.7189453125,8.00117473602294,19.));
#8099=CARTESIAN_POINT('',(-10.3483403205872,6.53486709594726,17.));
#8100=CARTESIAN_POINT('Origin',(-10.1979494571686,6.53486709594726,17.));
#8101=CARTESIAN_POINT('',(-10.1979494571686,6.53486709594726,19.));
#8102=CARTESIAN_POINT('',(-10.3483403205872,6.53486709594726,19.));
#8103=CARTESIAN_POINT('',(-10.1979494571686,6.53486709594726,17.));
#8104=CARTESIAN_POINT('Ctrl Pts',(-9.57758789062499,6.74971084594726,17.));
#8105=CARTESIAN_POINT('Ctrl Pts',(-9.57758789062499,6.74971084594726,19.));
#8106=CARTESIAN_POINT('Ctrl Pts',(-9.65688719718836,6.68727988330288,17.));
#8107=CARTESIAN_POINT('Ctrl Pts',(-9.65688719718836,6.68727988330288,19.));
#8108=CARTESIAN_POINT('Ctrl Pts',(-9.83720349919577,6.54531999988574,17.));
#8109=CARTESIAN_POINT('Ctrl Pts',(-9.83720349919577,6.54531999988574,19.));
#8110=CARTESIAN_POINT('Ctrl Pts',(-10.068418139251,6.53862036994325,17.));
#8111=CARTESIAN_POINT('Ctrl Pts',(-10.068418139251,6.53862036994325,19.));
#8112=CARTESIAN_POINT('Ctrl Pts',(-10.1979494571686,6.53486709594726,17.));
#8113=CARTESIAN_POINT('Ctrl Pts',(-10.1979494571686,6.53486709594726,19.));
#8114=CARTESIAN_POINT('',(-9.57758789062499,6.74971084594726,19.));
#8115=CARTESIAN_POINT('Ctrl Pts',(-9.57758789062499,6.74971084594726,19.));
#8116=CARTESIAN_POINT('Ctrl Pts',(-9.65688719718836,6.68727988330288,19.));
#8117=CARTESIAN_POINT('Ctrl Pts',(-9.83720349919577,6.54531999988574,19.));
#8118=CARTESIAN_POINT('Ctrl Pts',(-10.068418139251,6.53862036994325,19.));
#8119=CARTESIAN_POINT('Ctrl Pts',(-10.1979494571686,6.53486709594726,19.));
#8120=CARTESIAN_POINT('',(-9.57758789062499,6.74971084594726,17.));
#8121=CARTESIAN_POINT('Ctrl Pts',(-9.39228539466857,7.56074409484862,17.));
#8122=CARTESIAN_POINT('Ctrl Pts',(-9.39228539466857,7.56074409484862,19.));
#8123=CARTESIAN_POINT('Ctrl Pts',(-9.39187969340454,7.38963266150317,17.));
#8124=CARTESIAN_POINT('Ctrl Pts',(-9.39187969340454,7.38963266150317,19.));
#8125=CARTESIAN_POINT('Ctrl Pts',(-9.39119984323528,7.1028942477147,17.));
#8126=CARTESIAN_POINT('Ctrl Pts',(-9.39119984323528,7.1028942477147,19.));
#8127=CARTESIAN_POINT('Ctrl Pts',(-9.52402591084414,6.85120449046647,17.));
#8128=CARTESIAN_POINT('Ctrl Pts',(-9.52402591084414,6.85120449046647,19.));
#8129=CARTESIAN_POINT('Ctrl Pts',(-9.57758789062499,6.74971084594726,17.));
#8130=CARTESIAN_POINT('Ctrl Pts',(-9.57758789062499,6.74971084594726,19.));
#8131=CARTESIAN_POINT('',(-9.39228539466857,7.56074409484862,19.));
#8132=CARTESIAN_POINT('Ctrl Pts',(-9.39228539466857,7.56074409484862,19.));
#8133=CARTESIAN_POINT('Ctrl Pts',(-9.39187969340454,7.38963266150317,19.));
#8134=CARTESIAN_POINT('Ctrl Pts',(-9.39119984323528,7.1028942477147,19.));
#8135=CARTESIAN_POINT('Ctrl Pts',(-9.52402591084414,6.85120449046647,19.));
#8136=CARTESIAN_POINT('Ctrl Pts',(-9.57758789062499,6.74971084594726,19.));
#8137=CARTESIAN_POINT('',(-9.39228539466857,7.56074409484862,17.));
#8138=CARTESIAN_POINT('Ctrl Pts',(-9.55073242187499,8.18916301727294,17.));
#8139=CARTESIAN_POINT('Ctrl Pts',(-9.55073242187499,8.18916301727294,19.));
#8140=CARTESIAN_POINT('Ctrl Pts',(-9.50463971610518,8.10093730602252,17.));
#8141=CARTESIAN_POINT('Ctrl Pts',(-9.50463971610518,8.10093730602252,19.));
#8142=CARTESIAN_POINT('Ctrl Pts',(-9.40217006408588,7.9048008939808,17.));
#8143=CARTESIAN_POINT('Ctrl Pts',(-9.40217006408588,7.9048008939808,19.));
#8144=CARTESIAN_POINT('Ctrl Pts',(-9.39579360625451,7.68285480973232,17.));
#8145=CARTESIAN_POINT('Ctrl Pts',(-9.39579360625451,7.68285480973232,19.));
#8146=CARTESIAN_POINT('Ctrl Pts',(-9.39228539466857,7.56074409484862,17.));
#8147=CARTESIAN_POINT('Ctrl Pts',(-9.39228539466857,7.56074409484862,19.));
#8148=CARTESIAN_POINT('',(-9.55073242187499,8.18916301727294,19.));
#8149=CARTESIAN_POINT('Ctrl Pts',(-9.55073242187499,8.18916301727294,19.));
#8150=CARTESIAN_POINT('Ctrl Pts',(-9.50463971610518,8.10093730602252,19.));
#8151=CARTESIAN_POINT('Ctrl Pts',(-9.40217006408588,7.9048008939808,19.));
#8152=CARTESIAN_POINT('Ctrl Pts',(-9.39579360625451,7.68285480973232,19.));
#8153=CARTESIAN_POINT('Ctrl Pts',(-9.39228539466857,7.56074409484862,19.));
#8154=CARTESIAN_POINT('',(-9.55073242187499,8.18916301727294,17.));
#8155=CARTESIAN_POINT('Ctrl Pts',(-10.1066411018372,8.55439763069152,17.));
#8156=CARTESIAN_POINT('Ctrl Pts',(-10.1066411018372,8.55439763069152,19.));
#8157=CARTESIAN_POINT('Ctrl Pts',(-9.98809983395703,8.50944238196289,17.));
#8158=CARTESIAN_POINT('Ctrl Pts',(-9.98809983395703,8.50944238196289,19.));
#8159=CARTESIAN_POINT('Ctrl Pts',(-9.77490398834588,8.42859060402297,17.));
#8160=CARTESIAN_POINT('Ctrl Pts',(-9.77490398834588,8.42859060402297,19.));
#8161=CARTESIAN_POINT('Ctrl Pts',(-9.61965831365465,8.26277966809623,17.));
#8162=CARTESIAN_POINT('Ctrl Pts',(-9.61965831365465,8.26277966809623,19.));
#8163=CARTESIAN_POINT('Ctrl Pts',(-9.55073242187499,8.18916301727294,17.));
#8164=CARTESIAN_POINT('Ctrl Pts',(-9.55073242187499,8.18916301727294,19.));
#8165=CARTESIAN_POINT('Ctrl Pts',(-10.1066411018372,8.55439763069152,19.));
#8166=CARTESIAN_POINT('Ctrl Pts',(-9.98809983395703,8.50944238196289,19.));
#8167=CARTESIAN_POINT('Ctrl Pts',(-9.77490398834588,8.42859060402297,19.));
#8168=CARTESIAN_POINT('Ctrl Pts',(-9.61965831365465,8.26277966809623,19.));
#8169=CARTESIAN_POINT('Ctrl Pts',(-9.55073242187499,8.18916301727294,19.));
#8170=CARTESIAN_POINT('Origin',(-10.1940142482069,17.4623541116714,19.));
#8171=CARTESIAN_POINT('Ctrl Pts',(-9.73334972858428,20.0968764305115,17.));
#8172=CARTESIAN_POINT('Ctrl Pts',(-9.73334972858428,20.0968764305115,19.));
#8173=CARTESIAN_POINT('Ctrl Pts',(-9.8686412258374,20.0022017077956,17.));
#8174=CARTESIAN_POINT('Ctrl Pts',(-9.8686412258374,20.0022017077956,19.));
#8175=CARTESIAN_POINT('Ctrl Pts',(-10.166446510422,19.7938025599272,17.));
#8176=CARTESIAN_POINT('Ctrl Pts',(-10.166446510422,19.7938025599272,19.));
#8177=CARTESIAN_POINT('Ctrl Pts',(-10.5308373914917,19.7709616701239,17.));
#8178=CARTESIAN_POINT('Ctrl Pts',(-10.5308373914917,19.7709616701239,19.));
#8179=CARTESIAN_POINT('Ctrl Pts',(-10.7296872615814,19.7584972858429,17.));
#8180=CARTESIAN_POINT('Ctrl Pts',(-10.7296872615814,19.7584972858429,19.));
#8181=CARTESIAN_POINT('',(-10.7296872615814,19.7584972858429,19.));
#8182=CARTESIAN_POINT('',(-10.7296872615814,19.7584972858429,17.));
#8183=CARTESIAN_POINT('',(-9.73334972858428,20.0968764305115,19.));
#8184=CARTESIAN_POINT('Ctrl Pts',(-9.73334972858428,20.0968764305115,19.));
#8185=CARTESIAN_POINT('Ctrl Pts',(-9.8686412258374,20.0022017077956,19.));
#8186=CARTESIAN_POINT('Ctrl Pts',(-10.166446510422,19.7938025599272,19.));
#8187=CARTESIAN_POINT('Ctrl Pts',(-10.5308373914917,19.7709616701239,19.));
#8188=CARTESIAN_POINT('Ctrl Pts',(-10.7296872615814,19.7584972858429,19.));
#8189=CARTESIAN_POINT('',(-9.73334972858428,20.0968764305115,17.));
#8190=CARTESIAN_POINT('Ctrl Pts',(-9.39228539466857,20.8810554027557,17.));
#8191=CARTESIAN_POINT('Ctrl Pts',(-9.39228539466857,20.8810554027557,19.));
#8192=CARTESIAN_POINT('Ctrl Pts',(-9.40674766007118,20.7326659399774,17.));
#8193=CARTESIAN_POINT('Ctrl Pts',(-9.40674766007118,20.7326659399774,19.));
#8194=CARTESIAN_POINT('Ctrl Pts',(-9.43580158407313,20.434559380996,17.));
#8195=CARTESIAN_POINT('Ctrl Pts',(-9.43580158407313,20.434559380996,19.));
#8196=CARTESIAN_POINT('Ctrl Pts',(-9.63387297325637,20.209771116173,17.));
#8197=CARTESIAN_POINT('Ctrl Pts',(-9.63387297325637,20.209771116173,19.));
#8198=CARTESIAN_POINT('Ctrl Pts',(-9.73334972858428,20.0968764305115,17.));
#8199=CARTESIAN_POINT('Ctrl Pts',(-9.73334972858428,20.0968764305115,19.));
#8200=CARTESIAN_POINT('',(-9.39228539466857,20.8810554027557,19.));
#8201=CARTESIAN_POINT('Ctrl Pts',(-9.39228539466857,20.8810554027557,19.));
#8202=CARTESIAN_POINT('Ctrl Pts',(-9.40674766007118,20.7326659399774,19.));
#8203=CARTESIAN_POINT('Ctrl Pts',(-9.43580158407313,20.434559380996,19.));
#8204=CARTESIAN_POINT('Ctrl Pts',(-9.63387297325637,20.209771116173,19.));
#8205=CARTESIAN_POINT('Ctrl Pts',(-9.73334972858428,20.0968764305115,19.));
#8206=CARTESIAN_POINT('',(-9.39228539466857,20.8810554027557,17.));
#8207=CARTESIAN_POINT('Ctrl Pts',(-9.75214843749999,21.69746260643,17.));
#8208=CARTESIAN_POINT('Ctrl Pts',(-9.75214843749999,21.69746260643,19.));
#8209=CARTESIAN_POINT('Ctrl Pts',(-9.6471897801916,21.5823523882437,17.));
#8210=CARTESIAN_POINT('Ctrl Pts',(-9.6471897801916,21.5823523882437,19.));
#8211=CARTESIAN_POINT('Ctrl Pts',(-9.43590479284189,21.3506319983584,17.));
#8212=CARTESIAN_POINT('Ctrl Pts',(-9.43590479284189,21.3506319983584,19.));
#8213=CARTESIAN_POINT('Ctrl Pts',(-9.40688780419377,21.038254952488,17.));
#8214=CARTESIAN_POINT('Ctrl Pts',(-9.40688780419377,21.038254952488,19.));
#8215=CARTESIAN_POINT('Ctrl Pts',(-9.39228539466857,20.8810554027557,17.));
#8216=CARTESIAN_POINT('Ctrl Pts',(-9.39228539466857,20.8810554027557,19.));
#8217=CARTESIAN_POINT('',(-9.75214843749999,21.69746260643,19.));
#8218=CARTESIAN_POINT('Ctrl Pts',(-9.75214843749999,21.69746260643,19.));
#8219=CARTESIAN_POINT('Ctrl Pts',(-9.6471897801916,21.5823523882437,19.));
#8220=CARTESIAN_POINT('Ctrl Pts',(-9.43590479284189,21.3506319983584,19.));
#8221=CARTESIAN_POINT('Ctrl Pts',(-9.40688780419377,21.038254952488,19.));
#8222=CARTESIAN_POINT('Ctrl Pts',(-9.39228539466857,20.8810554027557,19.));
#8223=CARTESIAN_POINT('',(-9.75214843749999,21.69746260643,17.));
#8224=CARTESIAN_POINT('Ctrl Pts',(-10.7296872615814,22.0143566608429,17.));
#8225=CARTESIAN_POINT('Ctrl Pts',(-10.7296872615814,22.0143566608429,19.));
#8226=CARTESIAN_POINT('Ctrl Pts',(-10.5392935141943,22.0065260253504,17.));
#8227=CARTESIAN_POINT('Ctrl Pts',(-10.5392935141943,22.0065260253504,19.));
#8228=CARTESIAN_POINT('Ctrl Pts',(-10.1826521959677,21.9918578537171,17.));
#8229=CARTESIAN_POINT('Ctrl Pts',(-10.1826521959677,21.9918578537171,19.));
#8230=CARTESIAN_POINT('Ctrl Pts',(-9.88902303089665,21.7910627875614,17.));
#8231=CARTESIAN_POINT('Ctrl Pts',(-9.88902303089665,21.7910627875614,19.));
#8232=CARTESIAN_POINT('Ctrl Pts',(-9.75214843749999,21.69746260643,17.));
#8233=CARTESIAN_POINT('Ctrl Pts',(-9.75214843749999,21.69746260643,19.));
#8234=CARTESIAN_POINT('',(-10.7296872615814,22.0143566608429,19.));
#8235=CARTESIAN_POINT('Ctrl Pts',(-10.7296872615814,22.0143566608429,19.));
#8236=CARTESIAN_POINT('Ctrl Pts',(-10.5392935141943,22.0065260253504,19.));
#8237=CARTESIAN_POINT('Ctrl Pts',(-10.1826521959677,21.9918578537171,19.));
#8238=CARTESIAN_POINT('Ctrl Pts',(-9.88902303089665,21.7910627875614,19.));
#8239=CARTESIAN_POINT('Ctrl Pts',(-9.75214843749999,21.69746260643,19.));
#8240=CARTESIAN_POINT('',(-10.7296872615814,22.0143566608429,17.));
#8241=CARTESIAN_POINT('Origin',(-10.7296872615814,19.7584972858429,17.));
#8242=CARTESIAN_POINT('',(-10.7296872615814,22.0143566608429,19.));
#8243=CARTESIAN_POINT('Origin',(-12.5075197696686,18.34052901268,17.));
#8244=CARTESIAN_POINT('',(-12.2550780057907,19.84443526268,19.));
#8245=CARTESIAN_POINT('',(-12.2550780057907,19.84443526268,17.));
#8246=CARTESIAN_POINT('',(-12.5075197696686,18.34052901268,19.));
#8247=CARTESIAN_POINT('',(-12.2550780057907,19.84443526268,19.));
#8248=CARTESIAN_POINT('',(-12.5075197696686,18.34052901268,17.));
#8249=CARTESIAN_POINT('Ctrl Pts',(-13.767041015625,19.2562995433807,17.));
#8250=CARTESIAN_POINT('Ctrl Pts',(-13.767041015625,19.2562995433807,19.));
#8251=CARTESIAN_POINT('Ctrl Pts',(-13.6015505037062,19.0600405642585,17.));
#8252=CARTESIAN_POINT('Ctrl Pts',(-13.6015505037062,19.0600405642585,19.));
#8253=CARTESIAN_POINT('Ctrl Pts',(-13.2574464341625,18.6519596862827,17.));
#8254=CARTESIAN_POINT('Ctrl Pts',(-13.2574464341625,18.6519596862827,19.));
#8255=CARTESIAN_POINT('Ctrl Pts',(-12.7637710658581,18.4469454365283,17.));
#8256=CARTESIAN_POINT('Ctrl Pts',(-12.7637710658581,18.4469454365283,19.));
#8257=CARTESIAN_POINT('Ctrl Pts',(-12.5075197696686,18.34052901268,17.));
#8258=CARTESIAN_POINT('Ctrl Pts',(-12.5075197696686,18.34052901268,19.));
#8259=CARTESIAN_POINT('',(-13.767041015625,19.2562995433807,19.));
#8260=CARTESIAN_POINT('Ctrl Pts',(-13.767041015625,19.2562995433807,19.));
#8261=CARTESIAN_POINT('Ctrl Pts',(-13.6015505037062,19.0600405642585,19.));
#8262=CARTESIAN_POINT('Ctrl Pts',(-13.2574464341625,18.6519596862827,19.));
#8263=CARTESIAN_POINT('Ctrl Pts',(-12.7637710658581,18.4469454365283,19.));
#8264=CARTESIAN_POINT('Ctrl Pts',(-12.5075197696686,18.34052901268,19.));
#8265=CARTESIAN_POINT('',(-13.767041015625,19.2562995433807,17.));
#8266=CARTESIAN_POINT('Ctrl Pts',(-14.1994143009186,20.8219740867615,17.));
#8267=CARTESIAN_POINT('Ctrl Pts',(-14.1994143009186,20.8219740867615,19.));
#8268=CARTESIAN_POINT('Ctrl Pts',(-14.1858325924107,20.5284335290055,17.));
#8269=CARTESIAN_POINT('Ctrl Pts',(-14.1858325924107,20.5284335290055,19.));
#8270=CARTESIAN_POINT('Ctrl Pts',(-14.1601208217038,19.9727267480952,17.));
#8271=CARTESIAN_POINT('Ctrl Pts',(-14.1601208217038,19.9727267480952,19.));
#8272=CARTESIAN_POINT('Ctrl Pts',(-13.8930413208628,19.4859476837296,17.));
#8273=CARTESIAN_POINT('Ctrl Pts',(-13.8930413208628,19.4859476837296,19.));
#8274=CARTESIAN_POINT('Ctrl Pts',(-13.767041015625,19.2562995433807,17.));
#8275=CARTESIAN_POINT('Ctrl Pts',(-13.767041015625,19.2562995433807,19.));
#8276=CARTESIAN_POINT('',(-14.1994143009186,20.8219740867615,19.));
#8277=CARTESIAN_POINT('Ctrl Pts',(-14.1994143009186,20.8219740867615,19.));
#8278=CARTESIAN_POINT('Ctrl Pts',(-14.1858325924107,20.5284335290055,19.));
#8279=CARTESIAN_POINT('Ctrl Pts',(-14.1601208217038,19.9727267480952,19.));
#8280=CARTESIAN_POINT('Ctrl Pts',(-13.8930413208628,19.4859476837296,19.));
#8281=CARTESIAN_POINT('Ctrl Pts',(-13.767041015625,19.2562995433807,19.));
#8282=CARTESIAN_POINT('',(-14.1994143009186,20.8219740867615,17.));
#8283=CARTESIAN_POINT('Ctrl Pts',(-13.2272458553314,23.0241225242615,17.));
#8284=CARTESIAN_POINT('Ctrl Pts',(-13.2272458553314,23.0241225242615,19.));
#8285=CARTESIAN_POINT('Ctrl Pts',(-13.5105060237266,22.7400521428624,17.));
#8286=CARTESIAN_POINT('Ctrl Pts',(-13.5105060237266,22.7400521428624,19.));
#8287=CARTESIAN_POINT('Ctrl Pts',(-14.1141917907707,22.1346396450129,17.));
#8288=CARTESIAN_POINT('Ctrl Pts',(-14.1141917907707,22.1346396450129,19.));
#8289=CARTESIAN_POINT('Ctrl Pts',(-14.1698643193403,21.2771266397366,17.));
#8290=CARTESIAN_POINT('Ctrl Pts',(-14.1698643193403,21.2771266397366,19.));
#8291=CARTESIAN_POINT('Ctrl Pts',(-14.1994143009186,20.8219740867615,17.));
#8292=CARTESIAN_POINT('Ctrl Pts',(-14.1994143009186,20.8219740867615,19.));
#8293=CARTESIAN_POINT('',(-13.2272458553314,23.0241225242615,19.));
#8294=CARTESIAN_POINT('Ctrl Pts',(-13.2272458553314,23.0241225242615,19.));
#8295=CARTESIAN_POINT('Ctrl Pts',(-13.5105060237266,22.7400521428624,19.));
#8296=CARTESIAN_POINT('Ctrl Pts',(-14.1141917907707,22.1346396450129,19.));
#8297=CARTESIAN_POINT('Ctrl Pts',(-14.1698643193403,21.2771266397366,19.));
#8298=CARTESIAN_POINT('Ctrl Pts',(-14.1994143009186,20.8219740867615,19.));
#8299=CARTESIAN_POINT('',(-13.2272458553314,23.0241225242615,17.));
#8300=CARTESIAN_POINT('Ctrl Pts',(-11.2614262580872,23.5880873680115,17.));
#8301=CARTESIAN_POINT('Ctrl Pts',(-11.2614262580872,23.5880873680115,19.));
#8302=CARTESIAN_POINT('Ctrl Pts',(-11.6317680700845,23.570371646261,17.));
#8303=CARTESIAN_POINT('Ctrl Pts',(-11.6317680700845,23.570371646261,19.));
#8304=CARTESIAN_POINT('Ctrl Pts',(-12.332870187096,23.536833629161,17.));
#8305=CARTESIAN_POINT('Ctrl Pts',(-12.332870187096,23.536833629161,19.));
#8306=CARTESIAN_POINT('Ctrl Pts',(-12.9405565036231,23.1884704817225,17.));
#8307=CARTESIAN_POINT('Ctrl Pts',(-12.9405565036231,23.1884704817225,19.));
#8308=CARTESIAN_POINT('Ctrl Pts',(-13.2272458553314,23.0241225242615,17.));
#8309=CARTESIAN_POINT('Ctrl Pts',(-13.2272458553314,23.0241225242615,19.));
#8310=CARTESIAN_POINT('',(-11.2614262580872,23.5880873680115,19.));
#8311=CARTESIAN_POINT('Ctrl Pts',(-11.2614262580872,23.5880873680115,19.));
#8312=CARTESIAN_POINT('Ctrl Pts',(-11.6317680700845,23.570371646261,19.));
#8313=CARTESIAN_POINT('Ctrl Pts',(-12.332870187096,23.536833629161,19.));
#8314=CARTESIAN_POINT('Ctrl Pts',(-12.9405565036231,23.1884704817225,19.));
#8315=CARTESIAN_POINT('Ctrl Pts',(-13.2272458553314,23.0241225242615,19.));
#8316=CARTESIAN_POINT('',(-11.2614262580872,23.5880873680115,17.));
#8317=CARTESIAN_POINT('Ctrl Pts',(-9.04047851562499,22.8468761920929,17.));
#8318=CARTESIAN_POINT('Ctrl Pts',(-9.04047851562499,22.8468761920929,19.));
#8319=CARTESIAN_POINT('Ctrl Pts',(-9.3487066018186,23.0627657184411,17.));
#8320=CARTESIAN_POINT('Ctrl Pts',(-9.3487066018186,23.0627657184411,19.));
#8321=CARTESIAN_POINT('Ctrl Pts',(-10.0128583012897,23.527951735695,17.));
#8322=CARTESIAN_POINT('Ctrl Pts',(-10.0128583012897,23.527951735695,19.));
#8323=CARTESIAN_POINT('Ctrl Pts',(-10.8257772299694,23.5671049059586,17.));
#8324=CARTESIAN_POINT('Ctrl Pts',(-10.8257772299694,23.5671049059586,19.));
#8325=CARTESIAN_POINT('Ctrl Pts',(-11.2614262580872,23.5880873680115,17.));
#8326=CARTESIAN_POINT('Ctrl Pts',(-11.2614262580872,23.5880873680115,19.));
#8327=CARTESIAN_POINT('',(-9.04047851562499,22.8468761920929,19.));
#8328=CARTESIAN_POINT('Ctrl Pts',(-9.04047851562499,22.8468761920929,19.));
#8329=CARTESIAN_POINT('Ctrl Pts',(-9.3487066018186,23.0627657184411,19.));
#8330=CARTESIAN_POINT('Ctrl Pts',(-10.0128583012897,23.527951735695,19.));
#8331=CARTESIAN_POINT('Ctrl Pts',(-10.8257772299694,23.5671049059586,19.));
#8332=CARTESIAN_POINT('Ctrl Pts',(-11.2614262580872,23.5880873680115,19.));
#8333=CARTESIAN_POINT('',(-9.04047851562499,22.8468761920929,17.));
#8334=CARTESIAN_POINT('Ctrl Pts',(-8.23750023841857,20.97236495018,17.));
#8335=CARTESIAN_POINT('Ctrl Pts',(-8.23750023841857,20.97236495018,19.));
#8336=CARTESIAN_POINT('Ctrl Pts',(-8.26955086368868,21.332485791904,17.));
#8337=CARTESIAN_POINT('Ctrl Pts',(-8.26955086368868,21.332485791904,19.));
#8338=CARTESIAN_POINT('Ctrl Pts',(-8.33299549162233,22.045349663413,17.));
#8339=CARTESIAN_POINT('Ctrl Pts',(-8.33299549162233,22.045349663413,19.));
#8340=CARTESIAN_POINT('Ctrl Pts',(-8.80628361213375,22.5815504928728,17.));
#8341=CARTESIAN_POINT('Ctrl Pts',(-8.80628361213375,22.5815504928728,19.));
#8342=CARTESIAN_POINT('Ctrl Pts',(-9.04047851562499,22.8468761920929,17.));
#8343=CARTESIAN_POINT('Ctrl Pts',(-9.04047851562499,22.8468761920929,19.));
#8344=CARTESIAN_POINT('',(-8.23750023841857,20.97236495018,19.));
#8345=CARTESIAN_POINT('Ctrl Pts',(-8.23750023841857,20.97236495018,19.));
#8346=CARTESIAN_POINT('Ctrl Pts',(-8.26955086368868,21.332485791904,19.));
#8347=CARTESIAN_POINT('Ctrl Pts',(-8.33299549162233,22.045349663413,19.));
#8348=CARTESIAN_POINT('Ctrl Pts',(-8.80628361213375,22.5815504928728,19.));
#8349=CARTESIAN_POINT('Ctrl Pts',(-9.04047851562499,22.8468761920929,19.));
#8350=CARTESIAN_POINT('',(-8.23750023841857,20.97236495018,17.));
#8351=CARTESIAN_POINT('Ctrl Pts',(-9.07807652950286,18.9635751724243,17.));
#8352=CARTESIAN_POINT('Ctrl Pts',(-9.07807652950286,18.9635751724243,19.));
#8353=CARTESIAN_POINT('Ctrl Pts',(-8.83300262162214,19.2386500436573,17.));
#8354=CARTESIAN_POINT('Ctrl Pts',(-8.83300262162214,19.2386500436573,19.));
#8355=CARTESIAN_POINT('Ctrl Pts',(-8.32383219854338,19.8101510646154,17.));
#8356=CARTESIAN_POINT('Ctrl Pts',(-8.32383219854338,19.8101510646154,19.));
#8357=CARTESIAN_POINT('Ctrl Pts',(-8.26698548948852,20.575430047239,17.));
#8358=CARTESIAN_POINT('Ctrl Pts',(-8.26698548948852,20.575430047239,19.));
#8359=CARTESIAN_POINT('Ctrl Pts',(-8.23750023841857,20.97236495018,17.));
#8360=CARTESIAN_POINT('Ctrl Pts',(-8.23750023841857,20.97236495018,19.));
#8361=CARTESIAN_POINT('',(-9.07807652950286,18.9635751724243,19.));
#8362=CARTESIAN_POINT('Ctrl Pts',(-9.07807652950286,18.9635751724243,19.));
#8363=CARTESIAN_POINT('Ctrl Pts',(-8.83300262162214,19.2386500436573,19.));
#8364=CARTESIAN_POINT('Ctrl Pts',(-8.32383219854338,19.8101510646154,19.));
#8365=CARTESIAN_POINT('Ctrl Pts',(-8.26698548948852,20.575430047239,19.));
#8366=CARTESIAN_POINT('Ctrl Pts',(-8.23750023841857,20.97236495018,19.));
#8367=CARTESIAN_POINT('',(-9.07807652950286,18.9635751724243,17.));
#8368=CARTESIAN_POINT('Ctrl Pts',(-11.6535157442093,18.25996260643,17.));
#8369=CARTESIAN_POINT('Ctrl Pts',(-11.6535157442093,18.25996260643,19.));
#8370=CARTESIAN_POINT('Ctrl Pts',(-11.1350064387345,18.2636115612667,17.));
#8371=CARTESIAN_POINT('Ctrl Pts',(-11.1350064387345,18.2636115612667,19.));
#8372=CARTESIAN_POINT('Ctrl Pts',(-10.2087583800537,18.2701299348001,17.));
#8373=CARTESIAN_POINT('Ctrl Pts',(-10.2087583800537,18.2701299348001,19.));
#8374=CARTESIAN_POINT('Ctrl Pts',(-9.42367425498877,18.7516206807561,17.));
#8375=CARTESIAN_POINT('Ctrl Pts',(-9.42367425498877,18.7516206807561,19.));
#8376=CARTESIAN_POINT('Ctrl Pts',(-9.07807652950286,18.9635751724243,17.));
#8377=CARTESIAN_POINT('Ctrl Pts',(-9.07807652950286,18.9635751724243,19.));
#8378=CARTESIAN_POINT('',(-11.6535157442093,18.25996260643,19.));
#8379=CARTESIAN_POINT('Ctrl Pts',(-11.6535157442093,18.25996260643,19.));
#8380=CARTESIAN_POINT('Ctrl Pts',(-11.1350064387345,18.2636115612667,19.));
#8381=CARTESIAN_POINT('Ctrl Pts',(-10.2087583800537,18.2701299348001,19.));
#8382=CARTESIAN_POINT('Ctrl Pts',(-9.42367425498877,18.7516206807561,19.));
#8383=CARTESIAN_POINT('Ctrl Pts',(-9.07807652950286,18.9635751724243,19.));
#8384=CARTESIAN_POINT('',(-11.6535157442093,18.25996260643,17.));
#8385=CARTESIAN_POINT('Origin',(-11.6535157442093,22.0412121295929,17.));
#8386=CARTESIAN_POINT('',(-11.6535157442093,22.0412121295929,19.));
#8387=CARTESIAN_POINT('',(-11.6535157442093,18.25996260643,19.));
#8388=CARTESIAN_POINT('',(-11.6535157442093,22.0412121295929,17.));
#8389=CARTESIAN_POINT('Ctrl Pts',(-12.6981932401657,21.6759775161743,17.));
#8390=CARTESIAN_POINT('Ctrl Pts',(-12.6981932401657,21.6759775161743,19.));
#8391=CARTESIAN_POINT('Ctrl Pts',(-12.5540028297926,21.7785041063502,17.));
#8392=CARTESIAN_POINT('Ctrl Pts',(-12.5540028297926,21.7785041063502,19.));
#8393=CARTESIAN_POINT('Ctrl Pts',(-12.242285959045,22.0001503848742,17.));
#8394=CARTESIAN_POINT('Ctrl Pts',(-12.242285959045,22.0001503848742,19.));
#8395=CARTESIAN_POINT('Ctrl Pts',(-11.8593289160576,22.0268584009068,17.));
#8396=CARTESIAN_POINT('Ctrl Pts',(-11.8593289160576,22.0268584009068,19.));
#8397=CARTESIAN_POINT('Ctrl Pts',(-11.6535157442093,22.0412121295929,17.));
#8398=CARTESIAN_POINT('Ctrl Pts',(-11.6535157442093,22.0412121295929,19.));
#8399=CARTESIAN_POINT('',(-12.6981932401657,21.6759775161743,19.));
#8400=CARTESIAN_POINT('Ctrl Pts',(-12.6981932401657,21.6759775161743,19.));
#8401=CARTESIAN_POINT('Ctrl Pts',(-12.5540028297926,21.7785041063502,19.));
#8402=CARTESIAN_POINT('Ctrl Pts',(-12.242285959045,22.0001503848742,19.));
#8403=CARTESIAN_POINT('Ctrl Pts',(-11.8593289160576,22.0268584009068,19.));
#8404=CARTESIAN_POINT('Ctrl Pts',(-11.6535157442093,22.0412121295929,19.));
#8405=CARTESIAN_POINT('',(-12.6981932401657,21.6759775161743,17.));
#8406=CARTESIAN_POINT('Ctrl Pts',(-13.0714846134186,20.8058605670929,17.));
#8407=CARTESIAN_POINT('Ctrl Pts',(-13.0714846134186,20.8058605670929,19.));
#8408=CARTESIAN_POINT('Ctrl Pts',(-13.0562716705748,20.9720441008989,17.));
#8409=CARTESIAN_POINT('Ctrl Pts',(-13.0562716705748,20.9720441008989,19.));
#8410=CARTESIAN_POINT('Ctrl Pts',(-13.0260102688297,21.3026143746167,17.));
#8411=CARTESIAN_POINT('Ctrl Pts',(-13.0260102688297,21.3026143746167,19.));
#8412=CARTESIAN_POINT('Ctrl Pts',(-12.8070689023863,21.5519749301844,17.));
#8413=CARTESIAN_POINT('Ctrl Pts',(-12.8070689023863,21.5519749301844,19.));
#8414=CARTESIAN_POINT('Ctrl Pts',(-12.6981932401657,21.6759775161743,17.));
#8415=CARTESIAN_POINT('Ctrl Pts',(-12.6981932401657,21.6759775161743,19.));
#8416=CARTESIAN_POINT('',(-13.0714846134186,20.8058605670929,19.));
#8417=CARTESIAN_POINT('Ctrl Pts',(-13.0714846134186,20.8058605670929,19.));
#8418=CARTESIAN_POINT('Ctrl Pts',(-13.0562716705748,20.9720441008989,19.));
#8419=CARTESIAN_POINT('Ctrl Pts',(-13.0260102688297,21.3026143746167,19.));
#8420=CARTESIAN_POINT('Ctrl Pts',(-12.8070689023863,21.5519749301844,19.));
#8421=CARTESIAN_POINT('Ctrl Pts',(-12.6981932401657,21.6759775161743,19.));
#8422=CARTESIAN_POINT('',(-13.0714846134186,20.8058605670929,17.));
#8423=CARTESIAN_POINT('Ctrl Pts',(-12.8781247615814,20.2096686840057,17.));
#8424=CARTESIAN_POINT('Ctrl Pts',(-12.8781247615814,20.2096686840057,19.));
#8425=CARTESIAN_POINT('Ctrl Pts',(-12.9345005422381,20.2969712459806,17.));
#8426=CARTESIAN_POINT('Ctrl Pts',(-12.9345005422381,20.2969712459806,19.));
#8427=CARTESIAN_POINT('Ctrl Pts',(-13.0515692862779,20.4782618846698,17.));
#8428=CARTESIAN_POINT('Ctrl Pts',(-13.0515692862779,20.4782618846698,19.));
#8429=CARTESIAN_POINT('Ctrl Pts',(-13.0646849475151,20.6940089477261,17.));
#8430=CARTESIAN_POINT('Ctrl Pts',(-13.0646849475151,20.6940089477261,19.));
#8431=CARTESIAN_POINT('Ctrl Pts',(-13.0714846134186,20.8058605670929,17.));
#8432=CARTESIAN_POINT('Ctrl Pts',(-13.0714846134186,20.8058605670929,19.));
#8433=CARTESIAN_POINT('',(-12.8781247615814,20.2096686840057,19.));
#8434=CARTESIAN_POINT('Ctrl Pts',(-12.8781247615814,20.2096686840057,19.));
#8435=CARTESIAN_POINT('Ctrl Pts',(-12.9345005422381,20.2969712459806,19.));
#8436=CARTESIAN_POINT('Ctrl Pts',(-13.0515692862779,20.4782618846698,19.));
#8437=CARTESIAN_POINT('Ctrl Pts',(-13.0646849475151,20.6940089477261,19.));
#8438=CARTESIAN_POINT('Ctrl Pts',(-13.0714846134186,20.8058605670929,19.));
#8439=CARTESIAN_POINT('',(-12.8781247615814,20.2096686840057,17.));
#8440=CARTESIAN_POINT('Ctrl Pts',(-12.2550780057907,19.84443526268,17.));
#8441=CARTESIAN_POINT('Ctrl Pts',(-12.2550780057907,19.84443526268,19.));
#8442=CARTESIAN_POINT('Ctrl Pts',(-12.3844335857858,19.8858663023875,17.));
#8443=CARTESIAN_POINT('Ctrl Pts',(-12.3844335857858,19.8858663023875,19.));
#8444=CARTESIAN_POINT('Ctrl Pts',(-12.6201687064982,19.9613694321872,17.));
#8445=CARTESIAN_POINT('Ctrl Pts',(-12.6201687064982,19.9613694321872,19.));
#8446=CARTESIAN_POINT('Ctrl Pts',(-12.7979140902517,20.1324607670503,17.));
#8447=CARTESIAN_POINT('Ctrl Pts',(-12.7979140902517,20.1324607670503,19.));
#8448=CARTESIAN_POINT('Ctrl Pts',(-12.8781247615814,20.2096686840057,17.));
#8449=CARTESIAN_POINT('Ctrl Pts',(-12.8781247615814,20.2096686840057,19.));
#8450=CARTESIAN_POINT('Ctrl Pts',(-12.2550780057907,19.84443526268,19.));
#8451=CARTESIAN_POINT('Ctrl Pts',(-12.3844335857858,19.8858663023875,19.));
#8452=CARTESIAN_POINT('Ctrl Pts',(-12.6201687064982,19.9613694321872,19.));
#8453=CARTESIAN_POINT('Ctrl Pts',(-12.7979140902517,20.1324607670503,19.));
#8454=CARTESIAN_POINT('Ctrl Pts',(-12.8781247615814,20.2096686840057,19.));
#8455=CARTESIAN_POINT('Origin',(-10.1940142482069,17.4623541116714,19.));
#8456=CARTESIAN_POINT('Origin',(-9.3278319120407,35.0070325613022,17.));
#8457=CARTESIAN_POINT('',(-7.50703101158142,35.0070325613022,19.));
#8458=CARTESIAN_POINT('',(-7.50703101158142,35.0070325613022,17.));
#8459=CARTESIAN_POINT('',(-9.3278319120407,35.0070325613022,19.));
#8460=CARTESIAN_POINT('',(-7.50703101158142,35.0070325613022,19.));
#8461=CARTESIAN_POINT('',(-9.3278319120407,35.0070325613022,17.));
#8462=CARTESIAN_POINT('Origin',(-9.3278319120407,33.9650402545929,17.));
#8463=CARTESIAN_POINT('',(-9.3278319120407,33.9650402545929,19.));
#8464=CARTESIAN_POINT('',(-9.3278319120407,35.0070325613022,19.));
#8465=CARTESIAN_POINT('',(-9.3278319120407,33.9650402545929,17.));
#8466=CARTESIAN_POINT('Ctrl Pts',(-9.3009764432907,32.8102550983429,17.));
#8467=CARTESIAN_POINT('Ctrl Pts',(-9.3009764432907,32.8102550983429,19.));
#8468=CARTESIAN_POINT('Ctrl Pts',(-9.30865059082417,32.9440565559915,17.));
#8469=CARTESIAN_POINT('Ctrl Pts',(-9.30865059082417,32.9440565559915,19.));
#8470=CARTESIAN_POINT('Ctrl Pts',(-9.33070586632279,33.3285980308182,17.));
#8471=CARTESIAN_POINT('Ctrl Pts',(-9.33070586632279,33.3285980308182,19.));
#8472=CARTESIAN_POINT('Ctrl Pts',(-9.32896623651754,33.7138421067946,17.));
#8473=CARTESIAN_POINT('Ctrl Pts',(-9.32896623651754,33.7138421067946,19.));
#8474=CARTESIAN_POINT('Ctrl Pts',(-9.3278319120407,33.9650402545929,17.));
#8475=CARTESIAN_POINT('Ctrl Pts',(-9.3278319120407,33.9650402545929,19.));
#8476=CARTESIAN_POINT('',(-9.3009764432907,32.8102550983429,19.));
#8477=CARTESIAN_POINT('Ctrl Pts',(-9.3009764432907,32.8102550983429,19.));
#8478=CARTESIAN_POINT('Ctrl Pts',(-9.30865059082417,32.9440565559915,19.));
#8479=CARTESIAN_POINT('Ctrl Pts',(-9.33070586632279,33.3285980308182,19.));
#8480=CARTESIAN_POINT('Ctrl Pts',(-9.32896623651754,33.7138421067946,19.));
#8481=CARTESIAN_POINT('Ctrl Pts',(-9.3278319120407,33.9650402545929,19.));
#8482=CARTESIAN_POINT('',(-9.3009764432907,32.8102550983429,17.));
#8483=CARTESIAN_POINT('Ctrl Pts',(-9.0189940214157,32.1684096336365,17.));
#8484=CARTESIAN_POINT('Ctrl Pts',(-9.0189940214157,32.1684096336365,19.));
#8485=CARTESIAN_POINT('Ctrl Pts',(-9.08952608432049,32.2571831624221,17.));
#8486=CARTESIAN_POINT('Ctrl Pts',(-9.08952608432049,32.2571831624221,19.));
#8487=CARTESIAN_POINT('Ctrl Pts',(-9.23944919352892,32.4458803719298,17.));
#8488=CARTESIAN_POINT('Ctrl Pts',(-9.23944919352892,32.4458803719298,19.));
#8489=CARTESIAN_POINT('Ctrl Pts',(-9.27967504249464,32.6841046183957,17.));
#8490=CARTESIAN_POINT('Ctrl Pts',(-9.27967504249464,32.6841046183957,19.));
#8491=CARTESIAN_POINT('Ctrl Pts',(-9.3009764432907,32.8102550983429,17.));
#8492=CARTESIAN_POINT('Ctrl Pts',(-9.3009764432907,32.8102550983429,19.));
#8493=CARTESIAN_POINT('',(-9.0189940214157,32.1684096336365,19.));
#8494=CARTESIAN_POINT('Ctrl Pts',(-9.0189940214157,32.1684096336365,19.));
#8495=CARTESIAN_POINT('Ctrl Pts',(-9.08952608432049,32.2571831624221,19.));
#8496=CARTESIAN_POINT('Ctrl Pts',(-9.23944919352892,32.4458803719298,19.));
#8497=CARTESIAN_POINT('Ctrl Pts',(-9.27967504249464,32.6841046183957,19.));
#8498=CARTESIAN_POINT('Ctrl Pts',(-9.3009764432907,32.8102550983429,19.));
#8499=CARTESIAN_POINT('',(-9.0189940214157,32.1684096336365,17.));
#8500=CARTESIAN_POINT('Ctrl Pts',(-8.40400402545928,31.9347665786743,17.));
#8501=CARTESIAN_POINT('Ctrl Pts',(-8.40400402545928,31.9347665786743,19.));
#8502=CARTESIAN_POINT('Ctrl Pts',(-8.52324959960068,31.9428392359631,17.));
#8503=CARTESIAN_POINT('Ctrl Pts',(-8.52324959960068,31.9428392359631,19.));
#8504=CARTESIAN_POINT('Ctrl Pts',(-8.75253037303143,31.9583610288693,17.));
#8505=CARTESIAN_POINT('Ctrl Pts',(-8.75253037303143,31.9583610288693,19.));
#8506=CARTESIAN_POINT('Ctrl Pts',(-8.93258376368959,32.1002939481274,17.));
#8507=CARTESIAN_POINT('Ctrl Pts',(-8.93258376368959,32.1002939481274,19.));
#8508=CARTESIAN_POINT('Ctrl Pts',(-9.0189940214157,32.1684096336365,17.));
#8509=CARTESIAN_POINT('Ctrl Pts',(-9.0189940214157,32.1684096336365,19.));
#8510=CARTESIAN_POINT('',(-8.40400402545928,31.9347665786743,19.));
#8511=CARTESIAN_POINT('Ctrl Pts',(-8.40400402545928,31.9347665786743,19.));
#8512=CARTESIAN_POINT('Ctrl Pts',(-8.52324959960068,31.9428392359631,19.));
#8513=CARTESIAN_POINT('Ctrl Pts',(-8.75253037303143,31.9583610288693,19.));
#8514=CARTESIAN_POINT('Ctrl Pts',(-8.93258376368959,32.1002939481274,19.));
#8515=CARTESIAN_POINT('Ctrl Pts',(-9.0189940214157,32.1684096336365,19.));
#8516=CARTESIAN_POINT('',(-8.40400402545928,31.9347665786743,17.));
#8517=CARTESIAN_POINT('Ctrl Pts',(-7.8104979276657,32.1361825942993,17.));
#8518=CARTESIAN_POINT('Ctrl Pts',(-7.8104979276657,32.1361825942993,19.));
#8519=CARTESIAN_POINT('Ctrl Pts',(-7.89507979603043,32.0774763280171,17.));
#8520=CARTESIAN_POINT('Ctrl Pts',(-7.89507979603043,32.0774763280171,19.));
#8521=CARTESIAN_POINT('Ctrl Pts',(-8.07315986608941,31.9538751802232,17.));
#8522=CARTESIAN_POINT('Ctrl Pts',(-8.07315986608941,31.9538751802232,19.));
#8523=CARTESIAN_POINT('Ctrl Pts',(-8.29010193107436,31.9413452341395,17.));
#8524=CARTESIAN_POINT('Ctrl Pts',(-8.29010193107436,31.9413452341395,19.));
#8525=CARTESIAN_POINT('Ctrl Pts',(-8.40400402545928,31.9347665786743,17.));
#8526=CARTESIAN_POINT('Ctrl Pts',(-8.40400402545928,31.9347665786743,19.));
#8527=CARTESIAN_POINT('',(-7.8104979276657,32.1361825942993,19.));
#8528=CARTESIAN_POINT('Ctrl Pts',(-7.8104979276657,32.1361825942993,19.));
#8529=CARTESIAN_POINT('Ctrl Pts',(-7.89507979603043,32.0774763280171,19.));
#8530=CARTESIAN_POINT('Ctrl Pts',(-8.07315986608941,31.9538751802232,19.));
#8531=CARTESIAN_POINT('Ctrl Pts',(-8.29010193107436,31.9413452341395,19.));
#8532=CARTESIAN_POINT('Ctrl Pts',(-8.40400402545928,31.9347665786743,19.));
#8533=CARTESIAN_POINT('',(-7.8104979276657,32.1361825942993,17.));
#8534=CARTESIAN_POINT('Ctrl Pts',(-7.53388648033142,32.7350596666336,17.));
#8535=CARTESIAN_POINT('Ctrl Pts',(-7.53388648033142,32.7350596666336,19.));
#8536=CARTESIAN_POINT('Ctrl Pts',(-7.55426730610973,32.6137710076562,17.));
#8537=CARTESIAN_POINT('Ctrl Pts',(-7.55426730610973,32.6137710076562,19.));
#8538=CARTESIAN_POINT('Ctrl Pts',(-7.59218173846946,32.3881378215026,17.));
#8539=CARTESIAN_POINT('Ctrl Pts',(-7.59218173846946,32.3881378215026,19.));
#8540=CARTESIAN_POINT('Ctrl Pts',(-7.74146266068749,32.2158550933502,17.));
#8541=CARTESIAN_POINT('Ctrl Pts',(-7.74146266068749,32.2158550933502,19.));
#8542=CARTESIAN_POINT('Ctrl Pts',(-7.8104979276657,32.1361825942993,17.));
#8543=CARTESIAN_POINT('Ctrl Pts',(-7.8104979276657,32.1361825942993,19.));
#8544=CARTESIAN_POINT('',(-7.53388648033142,32.7350596666336,19.));
#8545=CARTESIAN_POINT('Ctrl Pts',(-7.53388648033142,32.7350596666336,19.));
#8546=CARTESIAN_POINT('Ctrl Pts',(-7.55426730610973,32.6137710076562,19.));
#8547=CARTESIAN_POINT('Ctrl Pts',(-7.59218173846946,32.3881378215026,19.));
#8548=CARTESIAN_POINT('Ctrl Pts',(-7.74146266068749,32.2158550933502,19.));
#8549=CARTESIAN_POINT('Ctrl Pts',(-7.8104979276657,32.1361825942993,19.));
#8550=CARTESIAN_POINT('',(-7.53388648033142,32.7350596666336,17.));
#8551=CARTESIAN_POINT('Ctrl Pts',(-7.50703101158142,34.0939460277557,17.));
#8552=CARTESIAN_POINT('Ctrl Pts',(-7.50703101158142,34.0939460277557,19.));
#8553=CARTESIAN_POINT('Ctrl Pts',(-7.5056363705308,33.7935190295332,17.));
#8554=CARTESIAN_POINT('Ctrl Pts',(-7.5056363705308,33.7935190295332,19.));
#8555=CARTESIAN_POINT('Ctrl Pts',(-7.503532311927,33.3402726475023,17.));
#8556=CARTESIAN_POINT('Ctrl Pts',(-7.503532311927,33.3402726475023,19.));
#8557=CARTESIAN_POINT('Ctrl Pts',(-7.52623268172896,32.887664020851,17.));
#8558=CARTESIAN_POINT('Ctrl Pts',(-7.52623268172896,32.887664020851,19.));
#8559=CARTESIAN_POINT('Ctrl Pts',(-7.53388648033142,32.7350596666336,17.));
#8560=CARTESIAN_POINT('Ctrl Pts',(-7.53388648033142,32.7350596666336,19.));
#8561=CARTESIAN_POINT('',(-7.50703101158142,34.0939460277557,19.));
#8562=CARTESIAN_POINT('Ctrl Pts',(-7.50703101158142,34.0939460277557,19.));
#8563=CARTESIAN_POINT('Ctrl Pts',(-7.5056363705308,33.7935190295332,19.));
#8564=CARTESIAN_POINT('Ctrl Pts',(-7.503532311927,33.3402726475023,19.));
#8565=CARTESIAN_POINT('Ctrl Pts',(-7.52623268172896,32.887664020851,19.));
#8566=CARTESIAN_POINT('Ctrl Pts',(-7.53388648033142,32.7350596666336,19.));
#8567=CARTESIAN_POINT('',(-7.50703101158142,34.0939460277557,17.));
#8568=CARTESIAN_POINT('Origin',(-7.50703101158142,35.0070325613022,17.));
#8569=CARTESIAN_POINT('',(-7.50703101158142,34.0939460277557,19.));
#8570=CARTESIAN_POINT('Origin',(-12.7438474178314,35.0070325613022,17.));
#8571=CARTESIAN_POINT('',(-10.63837890625,35.0070325613022,19.));
#8572=CARTESIAN_POINT('',(-10.63837890625,35.0070325613022,17.));
#8573=CARTESIAN_POINT('',(-12.7438474178314,35.0070325613022,19.));
#8574=CARTESIAN_POINT('',(-10.63837890625,35.0070325613022,19.));
#8575=CARTESIAN_POINT('',(-12.7438474178314,35.0070325613022,17.));
#8576=CARTESIAN_POINT('Origin',(-12.7438474178314,33.5353527545929,17.));
#8577=CARTESIAN_POINT('',(-12.7438474178314,33.5353527545929,19.));
#8578=CARTESIAN_POINT('',(-12.7438474178314,35.0070325613022,19.));
#8579=CARTESIAN_POINT('',(-12.7438474178314,33.5353527545929,17.));
#8580=CARTESIAN_POINT('Ctrl Pts',(-12.6955080509186,32.4450204849243,17.));
#8581=CARTESIAN_POINT('Ctrl Pts',(-12.6955080509186,32.4450204849243,19.));
#8582=CARTESIAN_POINT('Ctrl Pts',(-12.7093501593217,32.5742773100876,17.));
#8583=CARTESIAN_POINT('Ctrl Pts',(-12.7093501593217,32.5742773100876,19.));
#8584=CARTESIAN_POINT('Ctrl Pts',(-12.748137250978,32.9364689776298,17.));
#8585=CARTESIAN_POINT('Ctrl Pts',(-12.748137250978,32.9364689776298,19.));
#8586=CARTESIAN_POINT('Ctrl Pts',(-12.7455264752943,33.3009473032063,17.));
#8587=CARTESIAN_POINT('Ctrl Pts',(-12.7455264752943,33.3009473032063,19.));
#8588=CARTESIAN_POINT('Ctrl Pts',(-12.7438474178314,33.5353527545929,17.));
#8589=CARTESIAN_POINT('Ctrl Pts',(-12.7438474178314,33.5353527545929,19.));
#8590=CARTESIAN_POINT('',(-12.6955080509186,32.4450204849243,19.));
#8591=CARTESIAN_POINT('Ctrl Pts',(-12.6955080509186,32.4450204849243,19.));
#8592=CARTESIAN_POINT('Ctrl Pts',(-12.7093501593217,32.5742773100876,19.));
#8593=CARTESIAN_POINT('Ctrl Pts',(-12.748137250978,32.9364689776298,19.));
#8594=CARTESIAN_POINT('Ctrl Pts',(-12.7455264752943,33.3009473032063,19.));
#8595=CARTESIAN_POINT('Ctrl Pts',(-12.7438474178314,33.5353527545929,19.));
#8596=CARTESIAN_POINT('',(-12.6955080509186,32.4450204849243,17.));
#8597=CARTESIAN_POINT('Ctrl Pts',(-12.3812985897064,31.8676279067993,17.));
#8598=CARTESIAN_POINT('Ctrl Pts',(-12.3812985897064,31.8676279067993,19.));
#8599=CARTESIAN_POINT('Ctrl Pts',(-12.4570297584238,31.9485483127337,17.));
#8600=CARTESIAN_POINT('Ctrl Pts',(-12.4570297584238,31.9485483127337,19.));
#8601=CARTESIAN_POINT('Ctrl Pts',(-12.6115764239951,32.1136847965044,17.));
#8602=CARTESIAN_POINT('Ctrl Pts',(-12.6115764239951,32.1136847965044,19.));
#8603=CARTESIAN_POINT('Ctrl Pts',(-12.6671610695186,32.3331155101124,17.));
#8604=CARTESIAN_POINT('Ctrl Pts',(-12.6671610695186,32.3331155101124,19.));
#8605=CARTESIAN_POINT('Ctrl Pts',(-12.6955080509186,32.4450204849243,17.));
#8606=CARTESIAN_POINT('Ctrl Pts',(-12.6955080509186,32.4450204849243,19.));
#8607=CARTESIAN_POINT('',(-12.3812985897064,31.8676279067993,19.));
#8608=CARTESIAN_POINT('Ctrl Pts',(-12.3812985897064,31.8676279067993,19.));
#8609=CARTESIAN_POINT('Ctrl Pts',(-12.4570297584238,31.9485483127337,19.));
#8610=CARTESIAN_POINT('Ctrl Pts',(-12.6115764239951,32.1136847965044,19.));
#8611=CARTESIAN_POINT('Ctrl Pts',(-12.6671610695186,32.3331155101124,19.));
#8612=CARTESIAN_POINT('Ctrl Pts',(-12.6955080509186,32.4450204849243,19.));
#8613=CARTESIAN_POINT('',(-12.3812985897064,31.8676279067993,17.));
#8614=CARTESIAN_POINT('Ctrl Pts',(-11.71259765625,31.6447279930115,17.));
#8615=CARTESIAN_POINT('Ctrl Pts',(-11.71259765625,31.6447279930115,19.));
#8616=CARTESIAN_POINT('Ctrl Pts',(-11.8422348763141,31.6514986664266,17.));
#8617=CARTESIAN_POINT('Ctrl Pts',(-11.8422348763141,31.6514986664266,19.));
#8618=CARTESIAN_POINT('Ctrl Pts',(-12.0864490547105,31.6642534481508,17.));
#8619=CARTESIAN_POINT('Ctrl Pts',(-12.0864490547105,31.6642534481508,19.));
#8620=CARTESIAN_POINT('Ctrl Pts',(-12.287140848817,31.802681968929,17.));
#8621=CARTESIAN_POINT('Ctrl Pts',(-12.287140848817,31.802681968929,19.));
#8622=CARTESIAN_POINT('Ctrl Pts',(-12.3812985897064,31.8676279067993,17.));
#8623=CARTESIAN_POINT('Ctrl Pts',(-12.3812985897064,31.8676279067993,19.));
#8624=CARTESIAN_POINT('',(-11.71259765625,31.6447279930115,19.));
#8625=CARTESIAN_POINT('Ctrl Pts',(-11.71259765625,31.6447279930115,19.));
#8626=CARTESIAN_POINT('Ctrl Pts',(-11.8422348763141,31.6514986664266,19.));
#8627=CARTESIAN_POINT('Ctrl Pts',(-12.0864490547105,31.6642534481508,19.));
#8628=CARTESIAN_POINT('Ctrl Pts',(-12.287140848817,31.802681968929,19.));
#8629=CARTESIAN_POINT('Ctrl Pts',(-12.3812985897064,31.8676279067993,19.));
#8630=CARTESIAN_POINT('',(-11.71259765625,31.6447279930115,17.));
#8631=CARTESIAN_POINT('Ctrl Pts',(-11.1110353946686,31.8166027545929,17.));
#8632=CARTESIAN_POINT('Ctrl Pts',(-11.1110353946686,31.8166027545929,19.));
#8633=CARTESIAN_POINT('Ctrl Pts',(-11.2002523629705,31.7664988828634,17.));
#8634=CARTESIAN_POINT('Ctrl Pts',(-11.2002523629705,31.7664988828634,19.));
#8635=CARTESIAN_POINT('Ctrl Pts',(-11.3868501551772,31.6617063526567,17.));
#8636=CARTESIAN_POINT('Ctrl Pts',(-11.3868501551772,31.6617063526567,19.));
#8637=CARTESIAN_POINT('Ctrl Pts',(-11.6008936115097,31.6505501449518,17.));
#8638=CARTESIAN_POINT('Ctrl Pts',(-11.6008936115097,31.6505501449518,19.));
#8639=CARTESIAN_POINT('Ctrl Pts',(-11.71259765625,31.6447279930115,17.));
#8640=CARTESIAN_POINT('Ctrl Pts',(-11.71259765625,31.6447279930115,19.));
#8641=CARTESIAN_POINT('',(-11.1110353946686,31.8166027545929,19.));
#8642=CARTESIAN_POINT('Ctrl Pts',(-11.1110353946686,31.8166027545929,19.));
#8643=CARTESIAN_POINT('Ctrl Pts',(-11.2002523629705,31.7664988828634,19.));
#8644=CARTESIAN_POINT('Ctrl Pts',(-11.3868501551772,31.6617063526567,19.));
#8645=CARTESIAN_POINT('Ctrl Pts',(-11.6008936115097,31.6505501449518,19.));
#8646=CARTESIAN_POINT('Ctrl Pts',(-11.71259765625,31.6447279930115,19.));
#8647=CARTESIAN_POINT('',(-11.1110353946686,31.8166027545929,17.));
#8648=CARTESIAN_POINT('Ctrl Pts',(-10.7511723518372,32.3134289264679,17.));
#8649=CARTESIAN_POINT('Ctrl Pts',(-10.7511723518372,32.3134289264679,19.));
#8650=CARTESIAN_POINT('Ctrl Pts',(-10.7927913295365,32.2126120723113,17.));
#8651=CARTESIAN_POINT('Ctrl Pts',(-10.7927913295365,32.2126120723113,19.));
#8652=CARTESIAN_POINT('Ctrl Pts',(-10.8731444546377,32.0179665105469,17.));
#8653=CARTESIAN_POINT('Ctrl Pts',(-10.8731444546377,32.0179665105469,19.));
#8654=CARTESIAN_POINT('Ctrl Pts',(-11.0336593447932,31.8820980274342,17.));
#8655=CARTESIAN_POINT('Ctrl Pts',(-11.0336593447932,31.8820980274342,19.));
#8656=CARTESIAN_POINT('Ctrl Pts',(-11.1110353946686,31.8166027545929,17.));
#8657=CARTESIAN_POINT('Ctrl Pts',(-11.1110353946686,31.8166027545929,19.));
#8658=CARTESIAN_POINT('',(-10.7511723518372,32.3134289264679,19.));
#8659=CARTESIAN_POINT('Ctrl Pts',(-10.7511723518372,32.3134289264679,19.));
#8660=CARTESIAN_POINT('Ctrl Pts',(-10.7927913295365,32.2126120723113,19.));
#8661=CARTESIAN_POINT('Ctrl Pts',(-10.8731444546377,32.0179665105469,19.));
#8662=CARTESIAN_POINT('Ctrl Pts',(-11.0336593447932,31.8820980274342,19.));
#8663=CARTESIAN_POINT('Ctrl Pts',(-11.1110353946686,31.8166027545929,19.));
#8664=CARTESIAN_POINT('',(-10.7511723518372,32.3134289264679,17.));
#8665=CARTESIAN_POINT('Ctrl Pts',(-10.63837890625,33.7233410358429,17.));
#8666=CARTESIAN_POINT('Ctrl Pts',(-10.63837890625,33.7233410358429,19.));
#8667=CARTESIAN_POINT('Ctrl Pts',(-10.6354637799318,33.4238212110169,17.));
#8668=CARTESIAN_POINT('Ctrl Pts',(-10.6354637799318,33.4238212110169,19.));
#8669=CARTESIAN_POINT('Ctrl Pts',(-10.6308496693442,32.9497362335175,17.));
#8670=CARTESIAN_POINT('Ctrl Pts',(-10.6308496693442,32.9497362335175,19.));
#8671=CARTESIAN_POINT('Ctrl Pts',(-10.7187910318274,32.484672370407,17.));
#8672=CARTESIAN_POINT('Ctrl Pts',(-10.7187910318274,32.484672370407,19.));
#8673=CARTESIAN_POINT('Ctrl Pts',(-10.7511723518372,32.3134289264679,17.));
#8674=CARTESIAN_POINT('Ctrl Pts',(-10.7511723518372,32.3134289264679,19.));
#8675=CARTESIAN_POINT('',(-10.63837890625,33.7233410358429,19.));
#8676=CARTESIAN_POINT('Ctrl Pts',(-10.63837890625,33.7233410358429,19.));
#8677=CARTESIAN_POINT('Ctrl Pts',(-10.6354637799318,33.4238212110169,19.));
#8678=CARTESIAN_POINT('Ctrl Pts',(-10.6308496693442,32.9497362335175,19.));
#8679=CARTESIAN_POINT('Ctrl Pts',(-10.7187910318274,32.484672370407,19.));
#8680=CARTESIAN_POINT('Ctrl Pts',(-10.7511723518372,32.3134289264679,19.));
#8681=CARTESIAN_POINT('',(-10.63837890625,33.7233410358429,17.));
#8682=CARTESIAN_POINT('Origin',(-10.63837890625,35.0070325613022,17.));
#8683=CARTESIAN_POINT('',(-10.63837890625,33.7233410358429,19.));
#8684=CARTESIAN_POINT('Origin',(-6.19648461341857,33.449415075779,17.));
#8685=CARTESIAN_POINT('',(-6.19648461341857,36.5968761920929,19.));
#8686=CARTESIAN_POINT('',(-6.19648461341857,36.5968761920929,17.));
#8687=CARTESIAN_POINT('',(-6.19648461341857,33.449415075779,19.));
#8688=CARTESIAN_POINT('',(-6.19648461341857,36.5968761920929,19.));
#8689=CARTESIAN_POINT('',(-6.19648461341857,33.449415075779,17.));
#8690=CARTESIAN_POINT('Ctrl Pts',(-6.27436523437499,32.0556161880493,17.));
#8691=CARTESIAN_POINT('Ctrl Pts',(-6.27436523437499,32.0556161880493,19.));
#8692=CARTESIAN_POINT('Ctrl Pts',(-6.25180721374761,32.2481116242395,17.));
#8693=CARTESIAN_POINT('Ctrl Pts',(-6.25180721374761,32.2481116242395,19.));
#8694=CARTESIAN_POINT('Ctrl Pts',(-6.1975687029304,32.7109477023923,17.));
#8695=CARTESIAN_POINT('Ctrl Pts',(-6.1975687029304,32.7109477023923,19.));
#8696=CARTESIAN_POINT('Ctrl Pts',(-6.19688434440639,33.177123637286,17.));
#8697=CARTESIAN_POINT('Ctrl Pts',(-6.19688434440639,33.177123637286,19.));
#8698=CARTESIAN_POINT('Ctrl Pts',(-6.19648461341857,33.449415075779,17.));
#8699=CARTESIAN_POINT('Ctrl Pts',(-6.19648461341857,33.449415075779,19.));
#8700=CARTESIAN_POINT('',(-6.27436523437499,32.0556161880493,19.));
#8701=CARTESIAN_POINT('Ctrl Pts',(-6.27436523437499,32.0556161880493,19.));
#8702=CARTESIAN_POINT('Ctrl Pts',(-6.25180721374761,32.2481116242395,19.));
#8703=CARTESIAN_POINT('Ctrl Pts',(-6.1975687029304,32.7109477023923,19.));
#8704=CARTESIAN_POINT('Ctrl Pts',(-6.19688434440639,33.177123637286,19.));
#8705=CARTESIAN_POINT('Ctrl Pts',(-6.19648461341857,33.449415075779,19.));
#8706=CARTESIAN_POINT('',(-6.27436523437499,32.0556161880493,17.));
#8707=CARTESIAN_POINT('Ctrl Pts',(-6.59931664466857,31.2338392019272,17.));
#8708=CARTESIAN_POINT('Ctrl Pts',(-6.59931664466857,31.2338392019272,19.));
#8709=CARTESIAN_POINT('Ctrl Pts',(-6.52381778379961,31.3598678911678,17.));
#8710=CARTESIAN_POINT('Ctrl Pts',(-6.52381778379961,31.3598678911678,19.));
#8711=CARTESIAN_POINT('Ctrl Pts',(-6.37044530147864,31.6158894084467,17.));
#8712=CARTESIAN_POINT('Ctrl Pts',(-6.37044530147864,31.6158894084467,19.));
#8713=CARTESIAN_POINT('Ctrl Pts',(-6.30672081854543,31.9075353502822,17.));
#8714=CARTESIAN_POINT('Ctrl Pts',(-6.30672081854543,31.9075353502822,19.));
#8715=CARTESIAN_POINT('Ctrl Pts',(-6.27436523437499,32.0556161880493,17.));
#8716=CARTESIAN_POINT('Ctrl Pts',(-6.27436523437499,32.0556161880493,19.));
#8717=CARTESIAN_POINT('',(-6.59931664466857,31.2338392019272,19.));
#8718=CARTESIAN_POINT('Ctrl Pts',(-6.59931664466857,31.2338392019272,19.));
#8719=CARTESIAN_POINT('Ctrl Pts',(-6.52381778379961,31.3598678911678,19.));
#8720=CARTESIAN_POINT('Ctrl Pts',(-6.37044530147864,31.6158894084467,19.));
#8721=CARTESIAN_POINT('Ctrl Pts',(-6.30672081854543,31.9075353502822,19.));
#8722=CARTESIAN_POINT('Ctrl Pts',(-6.27436523437499,32.0556161880493,19.));
#8723=CARTESIAN_POINT('',(-6.59931664466857,31.2338392019272,17.));
#8724=CARTESIAN_POINT('Ctrl Pts',(-7.25727562904357,30.6295911550522,17.));
#8725=CARTESIAN_POINT('Ctrl Pts',(-7.25727562904357,30.6295911550522,19.));
#8726=CARTESIAN_POINT('Ctrl Pts',(-7.12806967681041,30.7138407574875,17.));
#8727=CARTESIAN_POINT('Ctrl Pts',(-7.12806967681041,30.7138407574875,19.));
#8728=CARTESIAN_POINT('Ctrl Pts',(-6.87509948923639,30.8787916545843,17.));
#8729=CARTESIAN_POINT('Ctrl Pts',(-6.87509948923639,30.8787916545843,19.));
#8730=CARTESIAN_POINT('Ctrl Pts',(-6.68991641682099,31.1171995068695,17.));
#8731=CARTESIAN_POINT('Ctrl Pts',(-6.68991641682099,31.1171995068695,19.));
#8732=CARTESIAN_POINT('Ctrl Pts',(-6.59931664466857,31.2338392019272,17.));
#8733=CARTESIAN_POINT('Ctrl Pts',(-6.59931664466857,31.2338392019272,19.));
#8734=CARTESIAN_POINT('',(-7.25727562904357,30.6295911550522,19.));
#8735=CARTESIAN_POINT('Ctrl Pts',(-7.25727562904357,30.6295911550522,19.));
#8736=CARTESIAN_POINT('Ctrl Pts',(-7.12806967681041,30.7138407574875,19.));
#8737=CARTESIAN_POINT('Ctrl Pts',(-6.87509948923639,30.8787916545843,19.));
#8738=CARTESIAN_POINT('Ctrl Pts',(-6.68991641682099,31.1171995068695,19.));
#8739=CARTESIAN_POINT('Ctrl Pts',(-6.59931664466857,31.2338392019272,19.));
#8740=CARTESIAN_POINT('',(-7.25727562904357,30.6295911550522,17.));
#8741=CARTESIAN_POINT('Ctrl Pts',(-8.17841773033141,30.3878919363022,17.));
#8742=CARTESIAN_POINT('Ctrl Pts',(-8.17841773033141,30.3878919363022,19.));
#8743=CARTESIAN_POINT('Ctrl Pts',(-8.01374825551558,30.397220963497,17.));
#8744=CARTESIAN_POINT('Ctrl Pts',(-8.01374825551558,30.397220963497,19.));
#8745=CARTESIAN_POINT('Ctrl Pts',(-7.69020821297981,30.4155504921411,17.));
#8746=CARTESIAN_POINT('Ctrl Pts',(-7.69020821297981,30.4155504921411,19.));
#8747=CARTESIAN_POINT('Ctrl Pts',(-7.39985177461788,30.5591019060412,17.));
#8748=CARTESIAN_POINT('Ctrl Pts',(-7.39985177461788,30.5591019060412,19.));
#8749=CARTESIAN_POINT('Ctrl Pts',(-7.25727562904357,30.6295911550522,17.));
#8750=CARTESIAN_POINT('Ctrl Pts',(-7.25727562904357,30.6295911550522,19.));
#8751=CARTESIAN_POINT('',(-8.17841773033141,30.3878919363022,19.));
#8752=CARTESIAN_POINT('Ctrl Pts',(-8.17841773033141,30.3878919363022,19.));
#8753=CARTESIAN_POINT('Ctrl Pts',(-8.01374825551558,30.397220963497,19.));
#8754=CARTESIAN_POINT('Ctrl Pts',(-7.69020821297981,30.4155504921411,19.));
#8755=CARTESIAN_POINT('Ctrl Pts',(-7.39985177461788,30.5591019060412,19.));
#8756=CARTESIAN_POINT('Ctrl Pts',(-7.25727562904357,30.6295911550522,19.));
#8757=CARTESIAN_POINT('',(-8.17841773033141,30.3878919363022,17.));
#8758=CARTESIAN_POINT('Ctrl Pts',(-9.1935545682907,30.6859872817993,17.));
#8759=CARTESIAN_POINT('Ctrl Pts',(-9.1935545682907,30.6859872817993,19.));
#8760=CARTESIAN_POINT('Ctrl Pts',(-9.03562475851979,30.5990428755493,17.));
#8761=CARTESIAN_POINT('Ctrl Pts',(-9.03562475851979,30.5990428755493,19.));
#8762=CARTESIAN_POINT('Ctrl Pts',(-8.71923541100136,30.4248624342271,17.));
#8763=CARTESIAN_POINT('Ctrl Pts',(-8.71923541100136,30.4248624342271,19.));
#8764=CARTESIAN_POINT('Ctrl Pts',(-8.35889139752061,30.4002291833575,17.));
#8765=CARTESIAN_POINT('Ctrl Pts',(-8.35889139752061,30.4002291833575,19.));
#8766=CARTESIAN_POINT('Ctrl Pts',(-8.17841773033141,30.3878919363022,17.));
#8767=CARTESIAN_POINT('Ctrl Pts',(-8.17841773033141,30.3878919363022,19.));
#8768=CARTESIAN_POINT('',(-9.1935545682907,30.6859872817993,19.));
#8769=CARTESIAN_POINT('Ctrl Pts',(-9.1935545682907,30.6859872817993,19.));
#8770=CARTESIAN_POINT('Ctrl Pts',(-9.03562475851979,30.5990428755493,19.));
#8771=CARTESIAN_POINT('Ctrl Pts',(-8.71923541100136,30.4248624342271,19.));
#8772=CARTESIAN_POINT('Ctrl Pts',(-8.35889139752061,30.4002291833575,19.));
#8773=CARTESIAN_POINT('Ctrl Pts',(-8.17841773033141,30.3878919363022,19.));
#8774=CARTESIAN_POINT('',(-9.1935545682907,30.6859872817993,17.));
#8775=CARTESIAN_POINT('Ctrl Pts',(-9.88642578124999,31.4943371295929,17.));
#8776=CARTESIAN_POINT('Ctrl Pts',(-9.88642578124999,31.4943371295929,19.));
#8777=CARTESIAN_POINT('Ctrl Pts',(-9.80020161996638,31.3333414276047,17.));
#8778=CARTESIAN_POINT('Ctrl Pts',(-9.80020161996638,31.3333414276047,19.));
#8779=CARTESIAN_POINT('Ctrl Pts',(-9.62860340680215,31.0129373276747,17.));
#8780=CARTESIAN_POINT('Ctrl Pts',(-9.62860340680215,31.0129373276747,19.));
#8781=CARTESIAN_POINT('Ctrl Pts',(-9.33809110846244,30.7946100943587,17.));
#8782=CARTESIAN_POINT('Ctrl Pts',(-9.33809110846244,30.7946100943587,19.));
#8783=CARTESIAN_POINT('Ctrl Pts',(-9.1935545682907,30.6859872817993,17.));
#8784=CARTESIAN_POINT('Ctrl Pts',(-9.1935545682907,30.6859872817993,19.));
#8785=CARTESIAN_POINT('',(-9.88642578124999,31.4943371295929,19.));
#8786=CARTESIAN_POINT('Ctrl Pts',(-9.88642578124999,31.4943371295929,19.));
#8787=CARTESIAN_POINT('Ctrl Pts',(-9.80020161996638,31.3333414276047,19.));
#8788=CARTESIAN_POINT('Ctrl Pts',(-9.62860340680215,31.0129373276747,19.));
#8789=CARTESIAN_POINT('Ctrl Pts',(-9.33809110846244,30.7946100943587,19.));
#8790=CARTESIAN_POINT('Ctrl Pts',(-9.1935545682907,30.6859872817993,19.));
#8791=CARTESIAN_POINT('',(-9.88642578124999,31.4943371295929,17.));
#8792=CARTESIAN_POINT('Ctrl Pts',(-10.6007814884186,30.3878919363022,17.));
#8793=CARTESIAN_POINT('Ctrl Pts',(-10.6007814884186,30.3878919363022,19.));
#8794=CARTESIAN_POINT('Ctrl Pts',(-10.4434293342276,30.5355791753337,17.));
#8795=CARTESIAN_POINT('Ctrl Pts',(-10.4434293342276,30.5355791753337,19.));
#8796=CARTESIAN_POINT('Ctrl Pts',(-10.1141695642711,30.8446150865293,17.));
#8797=CARTESIAN_POINT('Ctrl Pts',(-10.1141695642711,30.8446150865293,19.));
#8798=CARTESIAN_POINT('Ctrl Pts',(-9.96454517181682,31.271473131425,17.));
#8799=CARTESIAN_POINT('Ctrl Pts',(-9.96454517181682,31.271473131425,19.));
#8800=CARTESIAN_POINT('Ctrl Pts',(-9.88642578124999,31.4943371295929,17.));
#8801=CARTESIAN_POINT('Ctrl Pts',(-9.88642578124999,31.4943371295929,19.));
#8802=CARTESIAN_POINT('',(-10.6007814884186,30.3878919363022,19.));
#8803=CARTESIAN_POINT('Ctrl Pts',(-10.6007814884186,30.3878919363022,19.));
#8804=CARTESIAN_POINT('Ctrl Pts',(-10.4434293342276,30.5355791753337,19.));
#8805=CARTESIAN_POINT('Ctrl Pts',(-10.1141695642711,30.8446150865293,19.));
#8806=CARTESIAN_POINT('Ctrl Pts',(-9.96454517181682,31.271473131425,19.));
#8807=CARTESIAN_POINT('Ctrl Pts',(-9.88642578124999,31.4943371295929,19.));
#8808=CARTESIAN_POINT('',(-10.6007814884186,30.3878919363022,17.));
#8809=CARTESIAN_POINT('Ctrl Pts',(-11.7877930879593,30.0011728286743,17.));
#8810=CARTESIAN_POINT('Ctrl Pts',(-11.7877930879593,30.0011728286743,19.));
#8811=CARTESIAN_POINT('Ctrl Pts',(-11.5694659044324,30.0160276458845,17.));
#8812=CARTESIAN_POINT('Ctrl Pts',(-11.5694659044324,30.0160276458845,19.));
#8813=CARTESIAN_POINT('Ctrl Pts',(-11.1409427446207,30.0451840390853,17.));
#8814=CARTESIAN_POINT('Ctrl Pts',(-11.1409427446207,30.0451840390853,19.));
#8815=CARTESIAN_POINT('Ctrl Pts',(-10.7785430680896,30.2751102503232,17.));
#8816=CARTESIAN_POINT('Ctrl Pts',(-10.7785430680896,30.2751102503232,19.));
#8817=CARTESIAN_POINT('Ctrl Pts',(-10.6007814884186,30.3878919363022,17.));
#8818=CARTESIAN_POINT('Ctrl Pts',(-10.6007814884186,30.3878919363022,19.));
#8819=CARTESIAN_POINT('',(-11.7877930879593,30.0011728286743,19.));
#8820=CARTESIAN_POINT('Ctrl Pts',(-11.7877930879593,30.0011728286743,19.));
#8821=CARTESIAN_POINT('Ctrl Pts',(-11.5694659044324,30.0160276458845,19.));
#8822=CARTESIAN_POINT('Ctrl Pts',(-11.1409427446207,30.0451840390853,19.));
#8823=CARTESIAN_POINT('Ctrl Pts',(-10.7785430680896,30.2751102503232,19.));
#8824=CARTESIAN_POINT('Ctrl Pts',(-10.6007814884186,30.3878919363022,19.));
#8825=CARTESIAN_POINT('',(-11.7877930879593,30.0011728286743,17.));
#8826=CARTESIAN_POINT('Ctrl Pts',(-12.8324705839157,30.2509288072586,17.));
#8827=CARTESIAN_POINT('Ctrl Pts',(-12.8324705839157,30.2509288072586,19.));
#8828=CARTESIAN_POINT('Ctrl Pts',(-12.6632893252289,30.1780871448182,17.));
#8829=CARTESIAN_POINT('Ctrl Pts',(-12.6632893252289,30.1780871448182,19.));
#8830=CARTESIAN_POINT('Ctrl Pts',(-12.3294259439801,30.034340940854,17.));
#8831=CARTESIAN_POINT('Ctrl Pts',(-12.3294259439801,30.034340940854,19.));
#8832=CARTESIAN_POINT('Ctrl Pts',(-11.966708046969,30.0121290905869,17.));
#8833=CARTESIAN_POINT('Ctrl Pts',(-11.966708046969,30.0121290905869,19.));
#8834=CARTESIAN_POINT('Ctrl Pts',(-11.7877930879593,30.0011728286743,17.));
#8835=CARTESIAN_POINT('Ctrl Pts',(-11.7877930879593,30.0011728286743,19.));
#8836=CARTESIAN_POINT('',(-12.8324705839157,30.2509288072586,19.));
#8837=CARTESIAN_POINT('Ctrl Pts',(-12.8324705839157,30.2509288072586,19.));
#8838=CARTESIAN_POINT('Ctrl Pts',(-12.6632893252289,30.1780871448182,19.));
#8839=CARTESIAN_POINT('Ctrl Pts',(-12.3294259439801,30.034340940854,19.));
#8840=CARTESIAN_POINT('Ctrl Pts',(-11.966708046969,30.0121290905869,19.));
#8841=CARTESIAN_POINT('Ctrl Pts',(-11.7877930879593,30.0011728286743,19.));
#8842=CARTESIAN_POINT('',(-12.8324705839157,30.2509288072586,17.));
#8843=CARTESIAN_POINT('Ctrl Pts',(-13.6435062170029,30.93305747509,17.));
#8844=CARTESIAN_POINT('Ctrl Pts',(-13.6435062170029,30.93305747509,19.));
#8845=CARTESIAN_POINT('Ctrl Pts',(-13.5323765855817,30.7958264534531,17.));
#8846=CARTESIAN_POINT('Ctrl Pts',(-13.5323765855817,30.7958264534531,19.));
#8847=CARTESIAN_POINT('Ctrl Pts',(-13.3060560383395,30.5163492382558,17.));
#8848=CARTESIAN_POINT('Ctrl Pts',(-13.3060560383395,30.5163492382558,19.));
#8849=CARTESIAN_POINT('Ctrl Pts',(-12.9922097087032,30.3404544186391,17.));
#8850=CARTESIAN_POINT('Ctrl Pts',(-12.9922097087032,30.3404544186391,19.));
#8851=CARTESIAN_POINT('Ctrl Pts',(-12.8324705839157,30.2509288072586,17.));
#8852=CARTESIAN_POINT('Ctrl Pts',(-12.8324705839157,30.2509288072586,19.));
#8853=CARTESIAN_POINT('',(-13.6435062170029,30.93305747509,19.));
#8854=CARTESIAN_POINT('Ctrl Pts',(-13.6435062170029,30.93305747509,19.));
#8855=CARTESIAN_POINT('Ctrl Pts',(-13.5323765855817,30.7958264534531,19.));
#8856=CARTESIAN_POINT('Ctrl Pts',(-13.3060560383395,30.5163492382558,19.));
#8857=CARTESIAN_POINT('Ctrl Pts',(-12.9922097087032,30.3404544186391,19.));
#8858=CARTESIAN_POINT('Ctrl Pts',(-12.8324705839157,30.2509288072586,19.));
#8859=CARTESIAN_POINT('',(-13.6435062170029,30.93305747509,17.));
#8860=CARTESIAN_POINT('Ctrl Pts',(-14.0167969942093,31.9992194652557,17.));
#8861=CARTESIAN_POINT('Ctrl Pts',(-14.0167969942093,31.9992194652557,19.));
#8862=CARTESIAN_POINT('Ctrl Pts',(-13.9864817200341,31.800301647139,17.));
#8863=CARTESIAN_POINT('Ctrl Pts',(-13.9864817200341,31.800301647139,19.));
#8864=CARTESIAN_POINT('Ctrl Pts',(-13.9286928158077,31.421111847513,17.));
#8865=CARTESIAN_POINT('Ctrl Pts',(-13.9286928158077,31.421111847513,19.));
#8866=CARTESIAN_POINT('Ctrl Pts',(-13.7354001675818,31.0903202797492,17.));
#8867=CARTESIAN_POINT('Ctrl Pts',(-13.7354001675818,31.0903202797492,19.));
#8868=CARTESIAN_POINT('Ctrl Pts',(-13.6435062170029,30.93305747509,17.));
#8869=CARTESIAN_POINT('Ctrl Pts',(-13.6435062170029,30.93305747509,19.));
#8870=CARTESIAN_POINT('',(-14.0167969942093,31.9992194652557,19.));
#8871=CARTESIAN_POINT('Ctrl Pts',(-14.0167969942093,31.9992194652557,19.));
#8872=CARTESIAN_POINT('Ctrl Pts',(-13.9864817200341,31.800301647139,19.));
#8873=CARTESIAN_POINT('Ctrl Pts',(-13.9286928158077,31.421111847513,19.));
#8874=CARTESIAN_POINT('Ctrl Pts',(-13.7354001675818,31.0903202797492,19.));
#8875=CARTESIAN_POINT('Ctrl Pts',(-13.6435062170029,30.93305747509,19.));
#8876=CARTESIAN_POINT('',(-14.0167969942093,31.9992194652557,17.));
#8877=CARTESIAN_POINT('Ctrl Pts',(-14.0705079317093,33.9167002916336,17.));
#8878=CARTESIAN_POINT('Ctrl Pts',(-14.0705079317093,33.9167002916336,19.));
#8879=CARTESIAN_POINT('Ctrl Pts',(-14.0690802060435,33.50341254569,17.));
#8880=CARTESIAN_POINT('Ctrl Pts',(-14.0690802060435,33.50341254569,19.));
#8881=CARTESIAN_POINT('Ctrl Pts',(-14.066870384863,32.8637294212822,17.));
#8882=CARTESIAN_POINT('Ctrl Pts',(-14.066870384863,32.8637294212822,19.));
#8883=CARTESIAN_POINT('Ctrl Pts',(-14.0298863206277,32.2252048211232,17.));
#8884=CARTESIAN_POINT('Ctrl Pts',(-14.0298863206277,32.2252048211232,19.));
#8885=CARTESIAN_POINT('Ctrl Pts',(-14.0167969942093,31.9992194652557,17.));
#8886=CARTESIAN_POINT('Ctrl Pts',(-14.0167969942093,31.9992194652557,19.));
#8887=CARTESIAN_POINT('',(-14.0705079317093,33.9167002916336,19.));
#8888=CARTESIAN_POINT('Ctrl Pts',(-14.0705079317093,33.9167002916336,19.));
#8889=CARTESIAN_POINT('Ctrl Pts',(-14.0690802060435,33.50341254569,19.));
#8890=CARTESIAN_POINT('Ctrl Pts',(-14.066870384863,32.8637294212822,19.));
#8891=CARTESIAN_POINT('Ctrl Pts',(-14.0298863206277,32.2252048211232,19.));
#8892=CARTESIAN_POINT('Ctrl Pts',(-14.0167969942093,31.9992194652557,19.));
#8893=CARTESIAN_POINT('',(-14.0705079317093,33.9167002916336,17.));
#8894=CARTESIAN_POINT('Origin',(-14.0705079317093,36.5968761920929,17.));
#8895=CARTESIAN_POINT('',(-14.0705079317093,36.5968761920929,19.));
#8896=CARTESIAN_POINT('',(-14.0705079317093,33.9167002916336,19.));
#8897=CARTESIAN_POINT('',(-14.0705079317093,36.5968761920929,17.));
#8898=CARTESIAN_POINT('Origin',(-6.19648461341857,36.5968761920929,17.));
#8899=CARTESIAN_POINT('',(-14.0705079317093,36.5968761920929,19.));
#8900=CARTESIAN_POINT('Origin',(-10.1940142482069,17.4623541116714,19.));
#8901=CARTESIAN_POINT('Origin',(-9.76289038658141,15.4240236759186,17.));
#8902=CARTESIAN_POINT('',(-7.5285155057907,15.4240236759186,19.));
#8903=CARTESIAN_POINT('',(-7.5285155057907,15.4240236759186,17.));
#8904=CARTESIAN_POINT('',(-9.76289038658141,15.4240236759186,19.));
#8905=CARTESIAN_POINT('',(-7.5285155057907,15.4240236759186,19.));
#8906=CARTESIAN_POINT('',(-9.76289038658141,15.4240236759186,17.));
#8907=CARTESIAN_POINT('Origin',(-9.76289038658141,14.55390791893,17.));
#8908=CARTESIAN_POINT('',(-9.76289038658141,14.55390791893,19.));
#8909=CARTESIAN_POINT('',(-9.76289038658141,15.4240236759186,19.));
#8910=CARTESIAN_POINT('',(-9.76289038658141,14.55390791893,17.));
#8911=CARTESIAN_POINT('Ctrl Pts',(-9.63935558795928,13.2970700740814,17.));
#8912=CARTESIAN_POINT('Ctrl Pts',(-9.63935558795928,13.2970700740814,19.));
#8913=CARTESIAN_POINT('Ctrl Pts',(-9.67491073841535,13.4540761052173,17.));
#8914=CARTESIAN_POINT('Ctrl Pts',(-9.67491073841535,13.4540761052173,19.));
#8915=CARTESIAN_POINT('Ctrl Pts',(-9.76839818175154,13.8669021585734,17.));
#8916=CARTESIAN_POINT('Ctrl Pts',(-9.76839818175154,13.8669021585734,19.));
#8917=CARTESIAN_POINT('Ctrl Pts',(-9.7649976363422,14.2910635902194,17.));
#8918=CARTESIAN_POINT('Ctrl Pts',(-9.7649976363422,14.2910635902194,19.));
#8919=CARTESIAN_POINT('Ctrl Pts',(-9.76289038658141,14.55390791893,17.));
#8920=CARTESIAN_POINT('Ctrl Pts',(-9.76289038658141,14.55390791893,19.));
#8921=CARTESIAN_POINT('',(-9.63935558795928,13.2970700740814,19.));
#8922=CARTESIAN_POINT('Ctrl Pts',(-9.63935558795928,13.2970700740814,19.));
#8923=CARTESIAN_POINT('Ctrl Pts',(-9.67491073841535,13.4540761052173,19.));
#8924=CARTESIAN_POINT('Ctrl Pts',(-9.76839818175154,13.8669021585734,19.));
#8925=CARTESIAN_POINT('Ctrl Pts',(-9.7649976363422,14.2910635902194,19.));
#8926=CARTESIAN_POINT('Ctrl Pts',(-9.76289038658141,14.55390791893,19.));
#8927=CARTESIAN_POINT('',(-9.63935558795928,13.2970700740814,17.));
#8928=CARTESIAN_POINT('Ctrl Pts',(-9.25263648033141,12.8002439022064,17.));
#8929=CARTESIAN_POINT('Ctrl Pts',(-9.25263648033141,12.8002439022064,19.));
#8930=CARTESIAN_POINT('Ctrl Pts',(-9.33488628782289,12.8668140182212,17.));
#8931=CARTESIAN_POINT('Ctrl Pts',(-9.33488628782289,12.8668140182212,19.));
#8932=CARTESIAN_POINT('Ctrl Pts',(-9.50228185930787,13.0022981361052,17.));
#8933=CARTESIAN_POINT('Ctrl Pts',(-9.50228185930787,13.0022981361052,19.));
#8934=CARTESIAN_POINT('Ctrl Pts',(-9.59314039183169,13.1976860195254,17.));
#8935=CARTESIAN_POINT('Ctrl Pts',(-9.59314039183169,13.1976860195254,19.));
#8936=CARTESIAN_POINT('Ctrl Pts',(-9.63935558795928,13.2970700740814,17.));
#8937=CARTESIAN_POINT('Ctrl Pts',(-9.63935558795928,13.2970700740814,19.));
#8938=CARTESIAN_POINT('',(-9.25263648033141,12.8002439022064,19.));
#8939=CARTESIAN_POINT('Ctrl Pts',(-9.25263648033141,12.8002439022064,19.));
#8940=CARTESIAN_POINT('Ctrl Pts',(-9.33488628782289,12.8668140182212,19.));
#8941=CARTESIAN_POINT('Ctrl Pts',(-9.50228185930787,13.0022981361052,19.));
#8942=CARTESIAN_POINT('Ctrl Pts',(-9.59314039183169,13.1976860195254,19.));
#8943=CARTESIAN_POINT('Ctrl Pts',(-9.63935558795928,13.2970700740814,19.));
#8944=CARTESIAN_POINT('',(-9.25263648033141,12.8002439022064,17.));
#8945=CARTESIAN_POINT('Ctrl Pts',(-8.64033226966857,12.6203117847443,17.));
#8946=CARTESIAN_POINT('Ctrl Pts',(-8.64033226966857,12.6203117847443,19.));
#8947=CARTESIAN_POINT('Ctrl Pts',(-8.75200314667501,12.6270535311099,17.));
#8948=CARTESIAN_POINT('Ctrl Pts',(-8.75200314667501,12.6270535311099,19.));
#8949=CARTESIAN_POINT('Ctrl Pts',(-8.97005190240165,12.6402174772153,17.));
#8950=CARTESIAN_POINT('Ctrl Pts',(-8.97005190240165,12.6402174772153,19.));
#8951=CARTESIAN_POINT('Ctrl Pts',(-9.15997840368963,12.7477720339248,17.));
#8952=CARTESIAN_POINT('Ctrl Pts',(-9.15997840368963,12.7477720339248,19.));
#8953=CARTESIAN_POINT('Ctrl Pts',(-9.25263648033141,12.8002439022064,17.));
#8954=CARTESIAN_POINT('Ctrl Pts',(-9.25263648033141,12.8002439022064,19.));
#8955=CARTESIAN_POINT('',(-8.64033226966857,12.6203117847443,19.));
#8956=CARTESIAN_POINT('Ctrl Pts',(-8.64033226966857,12.6203117847443,19.));
#8957=CARTESIAN_POINT('Ctrl Pts',(-8.75200314667501,12.6270535311099,19.));
#8958=CARTESIAN_POINT('Ctrl Pts',(-8.97005190240165,12.6402174772153,19.));
#8959=CARTESIAN_POINT('Ctrl Pts',(-9.15997840368963,12.7477720339248,19.));
#8960=CARTESIAN_POINT('Ctrl Pts',(-9.25263648033141,12.8002439022064,19.));
#8961=CARTESIAN_POINT('',(-8.64033226966857,12.6203117847443,17.));
#8962=CARTESIAN_POINT('Ctrl Pts',(-7.9313475370407,12.8727541446686,17.));
#8963=CARTESIAN_POINT('Ctrl Pts',(-7.9313475370407,12.8727541446686,19.));
#8964=CARTESIAN_POINT('Ctrl Pts',(-8.03316049765503,12.7991522032037,17.));
#8965=CARTESIAN_POINT('Ctrl Pts',(-8.03316049765503,12.7991522032037,19.));
#8966=CARTESIAN_POINT('Ctrl Pts',(-8.24450646254223,12.6463673981788,17.));
#8967=CARTESIAN_POINT('Ctrl Pts',(-8.24450646254223,12.6463673981788,19.));
#8968=CARTESIAN_POINT('Ctrl Pts',(-8.5052159361277,12.6292059470047,17.));
#8969=CARTESIAN_POINT('Ctrl Pts',(-8.5052159361277,12.6292059470047,19.));
#8970=CARTESIAN_POINT('Ctrl Pts',(-8.64033226966857,12.6203117847443,17.));
#8971=CARTESIAN_POINT('Ctrl Pts',(-8.64033226966857,12.6203117847443,19.));
#8972=CARTESIAN_POINT('',(-7.9313475370407,12.8727541446686,19.));
#8973=CARTESIAN_POINT('Ctrl Pts',(-7.9313475370407,12.8727541446686,19.));
#8974=CARTESIAN_POINT('Ctrl Pts',(-8.03316049765503,12.7991522032037,19.));
#8975=CARTESIAN_POINT('Ctrl Pts',(-8.24450646254223,12.6463673981788,19.));
#8976=CARTESIAN_POINT('Ctrl Pts',(-8.5052159361277,12.6292059470047,19.));
#8977=CARTESIAN_POINT('Ctrl Pts',(-8.64033226966857,12.6203117847443,19.));
#8978=CARTESIAN_POINT('',(-7.9313475370407,12.8727541446686,17.));
#8979=CARTESIAN_POINT('Ctrl Pts',(-7.5822264432907,13.5119138240814,17.));
#8980=CARTESIAN_POINT('Ctrl Pts',(-7.5822264432907,13.5119138240814,19.));
#8981=CARTESIAN_POINT('Ctrl Pts',(-7.61367777713296,13.3891052955133,17.));
#8982=CARTESIAN_POINT('Ctrl Pts',(-7.61367777713296,13.3891052955133,19.));
#8983=CARTESIAN_POINT('Ctrl Pts',(-7.67585758805217,13.1463107888024,17.));
#8984=CARTESIAN_POINT('Ctrl Pts',(-7.67585758805217,13.1463107888024,19.));
#8985=CARTESIAN_POINT('Ctrl Pts',(-7.84684681907234,12.9632302394263,17.));
#8986=CARTESIAN_POINT('Ctrl Pts',(-7.84684681907234,12.9632302394263,19.));
#8987=CARTESIAN_POINT('Ctrl Pts',(-7.9313475370407,12.8727541446686,17.));
#8988=CARTESIAN_POINT('Ctrl Pts',(-7.9313475370407,12.8727541446686,19.));
#8989=CARTESIAN_POINT('',(-7.5822264432907,13.5119138240814,19.));
#8990=CARTESIAN_POINT('Ctrl Pts',(-7.5822264432907,13.5119138240814,19.));
#8991=CARTESIAN_POINT('Ctrl Pts',(-7.61367777713296,13.3891052955133,19.));
#8992=CARTESIAN_POINT('Ctrl Pts',(-7.67585758805217,13.1463107888024,19.));
#8993=CARTESIAN_POINT('Ctrl Pts',(-7.84684681907234,12.9632302394263,19.));
#8994=CARTESIAN_POINT('Ctrl Pts',(-7.9313475370407,12.8727541446686,19.));
#8995=CARTESIAN_POINT('',(-7.5822264432907,13.5119138240814,17.));
#8996=CARTESIAN_POINT('Ctrl Pts',(-7.5285155057907,14.6559582233429,17.));
#8997=CARTESIAN_POINT('Ctrl Pts',(-7.5285155057907,14.6559582233429,19.));
#8998=CARTESIAN_POINT('Ctrl Pts',(-7.52741216455571,14.4170775833956,17.));
#8999=CARTESIAN_POINT('Ctrl Pts',(-7.52741216455571,14.4170775833956,19.));
#9000=CARTESIAN_POINT('Ctrl Pts',(-7.52564567776522,14.0346215656308,17.));
#9001=CARTESIAN_POINT('Ctrl Pts',(-7.52564567776522,14.0346215656308,19.));
#9002=CARTESIAN_POINT('Ctrl Pts',(-7.56678324948944,13.6545820414376,17.));
#9003=CARTESIAN_POINT('Ctrl Pts',(-7.56678324948944,13.6545820414376,19.));
#9004=CARTESIAN_POINT('Ctrl Pts',(-7.5822264432907,13.5119138240814,17.));
#9005=CARTESIAN_POINT('Ctrl Pts',(-7.5822264432907,13.5119138240814,19.));
#9006=CARTESIAN_POINT('',(-7.5285155057907,14.6559582233429,19.));
#9007=CARTESIAN_POINT('Ctrl Pts',(-7.5285155057907,14.6559582233429,19.));
#9008=CARTESIAN_POINT('Ctrl Pts',(-7.52741216455571,14.4170775833956,19.));
#9009=CARTESIAN_POINT('Ctrl Pts',(-7.52564567776522,14.0346215656308,19.));
#9010=CARTESIAN_POINT('Ctrl Pts',(-7.56678324948944,13.6545820414376,19.));
#9011=CARTESIAN_POINT('Ctrl Pts',(-7.5822264432907,13.5119138240814,19.));
#9012=CARTESIAN_POINT('',(-7.5285155057907,14.6559582233429,17.));
#9013=CARTESIAN_POINT('Origin',(-7.5285155057907,15.4240236759186,17.));
#9014=CARTESIAN_POINT('',(-7.5285155057907,14.6559582233429,19.));
#9015=CARTESIAN_POINT('Origin',(-6.19648461341857,17.0138679027557,17.));
#9016=CARTESIAN_POINT('',(-14.0705079317093,17.0138679027557,19.));
#9017=CARTESIAN_POINT('',(-14.0705079317093,17.0138679027557,17.));
#9018=CARTESIAN_POINT('',(-6.19648461341857,17.0138679027557,19.));
#9019=CARTESIAN_POINT('',(-14.0705079317093,17.0138679027557,19.));
#9020=CARTESIAN_POINT('',(-6.19648461341857,17.0138679027557,17.));
#9021=CARTESIAN_POINT('Origin',(-6.19648461341857,14.4625983715057,17.));
#9022=CARTESIAN_POINT('',(-6.19648461341857,14.4625983715057,19.));
#9023=CARTESIAN_POINT('',(-6.19648461341857,17.0138679027557,19.));
#9024=CARTESIAN_POINT('',(-6.19648461341857,14.4625983715057,17.));
#9025=CARTESIAN_POINT('Ctrl Pts',(-6.31464843749999,12.5719724178314,17.));
#9026=CARTESIAN_POINT('Ctrl Pts',(-6.31464843749999,12.5719724178314,19.));
#9027=CARTESIAN_POINT('Ctrl Pts',(-6.28072479030592,12.8025962368897,17.));
#9028=CARTESIAN_POINT('Ctrl Pts',(-6.28072479030592,12.8025962368897,19.));
#9029=CARTESIAN_POINT('Ctrl Pts',(-6.18861419549528,13.4287935625909,17.));
#9030=CARTESIAN_POINT('Ctrl Pts',(-6.18861419549528,13.4287935625909,19.));
#9031=CARTESIAN_POINT('Ctrl Pts',(-6.19343762018084,14.0623659705587,17.));
#9032=CARTESIAN_POINT('Ctrl Pts',(-6.19343762018084,14.0623659705587,19.));
#9033=CARTESIAN_POINT('Ctrl Pts',(-6.19648461341857,14.4625983715057,17.));
#9034=CARTESIAN_POINT('Ctrl Pts',(-6.19648461341857,14.4625983715057,19.));
#9035=CARTESIAN_POINT('',(-6.31464843749999,12.5719724178314,19.));
#9036=CARTESIAN_POINT('Ctrl Pts',(-6.31464843749999,12.5719724178314,19.));
#9037=CARTESIAN_POINT('Ctrl Pts',(-6.28072479030592,12.8025962368897,19.));
#9038=CARTESIAN_POINT('Ctrl Pts',(-6.18861419549528,13.4287935625909,19.));
#9039=CARTESIAN_POINT('Ctrl Pts',(-6.19343762018084,14.0623659705587,19.));
#9040=CARTESIAN_POINT('Ctrl Pts',(-6.19648461341857,14.4625983715057,19.));
#9041=CARTESIAN_POINT('',(-6.31464843749999,12.5719724178314,17.));
#9042=CARTESIAN_POINT('Ctrl Pts',(-7.0854002714157,11.4386711597443,17.));
#9043=CARTESIAN_POINT('Ctrl Pts',(-7.0854002714157,11.4386711597443,19.));
#9044=CARTESIAN_POINT('Ctrl Pts',(-6.9054861366753,11.5978769605989,17.));
#9045=CARTESIAN_POINT('Ctrl Pts',(-6.9054861366753,11.5978769605989,19.));
#9046=CARTESIAN_POINT('Ctrl Pts',(-6.55216960050078,11.9105263373588,17.));
#9047=CARTESIAN_POINT('Ctrl Pts',(-6.55216960050078,11.9105263373588,19.));
#9048=CARTESIAN_POINT('Ctrl Pts',(-6.3928433477547,12.3542161714092,17.));
#9049=CARTESIAN_POINT('Ctrl Pts',(-6.3928433477547,12.3542161714092,19.));
#9050=CARTESIAN_POINT('Ctrl Pts',(-6.31464843749999,12.5719724178314,17.));
#9051=CARTESIAN_POINT('Ctrl Pts',(-6.31464843749999,12.5719724178314,19.));
#9052=CARTESIAN_POINT('',(-7.0854002714157,11.4386711597443,19.));
#9053=CARTESIAN_POINT('Ctrl Pts',(-7.0854002714157,11.4386711597443,19.));
#9054=CARTESIAN_POINT('Ctrl Pts',(-6.9054861366753,11.5978769605989,19.));
#9055=CARTESIAN_POINT('Ctrl Pts',(-6.55216960050078,11.9105263373588,19.));
#9056=CARTESIAN_POINT('Ctrl Pts',(-6.3928433477547,12.3542161714092,19.));
#9057=CARTESIAN_POINT('Ctrl Pts',(-6.31464843749999,12.5719724178314,19.));
#9058=CARTESIAN_POINT('',(-7.0854002714157,11.4386711597443,17.));
#9059=CARTESIAN_POINT('Ctrl Pts',(-8.61884777545928,10.9821281909943,17.));
#9060=CARTESIAN_POINT('Ctrl Pts',(-8.61884777545928,10.9821281909943,19.));
#9061=CARTESIAN_POINT('Ctrl Pts',(-8.32694260659037,10.9960275861557,17.));
#9062=CARTESIAN_POINT('Ctrl Pts',(-8.32694260659037,10.9960275861557,19.));
#9063=CARTESIAN_POINT('Ctrl Pts',(-7.77686403167177,11.0222202003949,17.));
#9064=CARTESIAN_POINT('Ctrl Pts',(-7.77686403167177,11.0222202003949,19.));
#9065=CARTESIAN_POINT('Ctrl Pts',(-7.30626895884084,11.3056475914023,17.));
#9066=CARTESIAN_POINT('Ctrl Pts',(-7.30626895884084,11.3056475914023,19.));
#9067=CARTESIAN_POINT('Ctrl Pts',(-7.0854002714157,11.4386711597443,17.));
#9068=CARTESIAN_POINT('Ctrl Pts',(-7.0854002714157,11.4386711597443,19.));
#9069=CARTESIAN_POINT('',(-8.61884777545928,10.9821281909943,19.));
#9070=CARTESIAN_POINT('Ctrl Pts',(-8.61884777545928,10.9821281909943,19.));
#9071=CARTESIAN_POINT('Ctrl Pts',(-8.32694260659037,10.9960275861557,19.));
#9072=CARTESIAN_POINT('Ctrl Pts',(-7.77686403167177,11.0222202003949,19.));
#9073=CARTESIAN_POINT('Ctrl Pts',(-7.30626895884084,11.3056475914023,19.));
#9074=CARTESIAN_POINT('Ctrl Pts',(-7.0854002714157,11.4386711597443,19.));
#9075=CARTESIAN_POINT('',(-8.61884777545928,10.9821281909943,17.));
#9076=CARTESIAN_POINT('Ctrl Pts',(-9.8380858182907,11.2453136920929,17.));
#9077=CARTESIAN_POINT('Ctrl Pts',(-9.8380858182907,11.2453136920929,19.));
#9078=CARTESIAN_POINT('Ctrl Pts',(-9.6565675439597,11.1686441153011,17.));
#9079=CARTESIAN_POINT('Ctrl Pts',(-9.6565675439597,11.1686441153011,19.));
#9080=CARTESIAN_POINT('Ctrl Pts',(-9.26736875024065,11.0042545687816,17.));
#9081=CARTESIAN_POINT('Ctrl Pts',(-9.26736875024065,11.0042545687816,19.));
#9082=CARTESIAN_POINT('Ctrl Pts',(-8.84449669630313,10.9898269292989,17.));
#9083=CARTESIAN_POINT('Ctrl Pts',(-8.84449669630313,10.9898269292989,19.));
#9084=CARTESIAN_POINT('Ctrl Pts',(-8.61884777545928,10.9821281909943,17.));
#9085=CARTESIAN_POINT('Ctrl Pts',(-8.61884777545928,10.9821281909943,19.));
#9086=CARTESIAN_POINT('',(-9.8380858182907,11.2453136920929,19.));
#9087=CARTESIAN_POINT('Ctrl Pts',(-9.8380858182907,11.2453136920929,19.));
#9088=CARTESIAN_POINT('Ctrl Pts',(-9.6565675439597,11.1686441153011,19.));
#9089=CARTESIAN_POINT('Ctrl Pts',(-9.26736875024065,11.0042545687816,19.));
#9090=CARTESIAN_POINT('Ctrl Pts',(-8.84449669630313,10.9898269292989,19.));
#9091=CARTESIAN_POINT('Ctrl Pts',(-8.61884777545928,10.9821281909943,19.));
#9092=CARTESIAN_POINT('',(-9.8380858182907,11.2453136920929,17.));
#9093=CARTESIAN_POINT('Ctrl Pts',(-10.6142092227936,11.9140134334564,17.));
#9094=CARTESIAN_POINT('Ctrl Pts',(-10.6142092227936,11.9140134334564,19.));
#9095=CARTESIAN_POINT('Ctrl Pts',(-10.5088393351133,11.7834434685831,17.));
#9096=CARTESIAN_POINT('Ctrl Pts',(-10.5088393351133,11.7834434685831,19.));
#9097=CARTESIAN_POINT('Ctrl Pts',(-10.2909910719258,11.5134949975511,17.));
#9098=CARTESIAN_POINT('Ctrl Pts',(-10.2909910719258,11.5134949975511,19.));
#9099=CARTESIAN_POINT('Ctrl Pts',(-9.99230301188085,11.3366311762006,17.));
#9100=CARTESIAN_POINT('Ctrl Pts',(-9.99230301188085,11.3366311762006,19.));
#9101=CARTESIAN_POINT('Ctrl Pts',(-9.8380858182907,11.2453136920929,17.));
#9102=CARTESIAN_POINT('Ctrl Pts',(-9.8380858182907,11.2453136920929,19.));
#9103=CARTESIAN_POINT('',(-10.6142092227936,11.9140134334564,19.));
#9104=CARTESIAN_POINT('Ctrl Pts',(-10.6142092227936,11.9140134334564,19.));
#9105=CARTESIAN_POINT('Ctrl Pts',(-10.5088393351133,11.7834434685831,19.));
#9106=CARTESIAN_POINT('Ctrl Pts',(-10.2909910719258,11.5134949975511,19.));
#9107=CARTESIAN_POINT('Ctrl Pts',(-9.99230301188085,11.3366311762006,19.));
#9108=CARTESIAN_POINT('Ctrl Pts',(-9.8380858182907,11.2453136920929,19.));
#9109=CARTESIAN_POINT('',(-10.6142092227936,11.9140134334564,17.));
#9110=CARTESIAN_POINT('Ctrl Pts',(-10.9875,12.7384768009186,17.));
#9111=CARTESIAN_POINT('Ctrl Pts',(-10.9875,12.7384768009186,19.));
#9112=CARTESIAN_POINT('Ctrl Pts',(-10.9475111559485,12.5971056793247,17.));
#9113=CARTESIAN_POINT('Ctrl Pts',(-10.9475111559485,12.5971056793247,19.));
#9114=CARTESIAN_POINT('Ctrl Pts',(-10.8645179481179,12.3037027777408,17.));
#9115=CARTESIAN_POINT('Ctrl Pts',(-10.8645179481179,12.3037027777408,19.));
#9116=CARTESIAN_POINT('Ctrl Pts',(-10.6996423572851,12.047018713704,17.));
#9117=CARTESIAN_POINT('Ctrl Pts',(-10.6996423572851,12.047018713704,19.));
#9118=CARTESIAN_POINT('Ctrl Pts',(-10.6142092227936,11.9140134334564,17.));
#9119=CARTESIAN_POINT('Ctrl Pts',(-10.6142092227936,11.9140134334564,19.));
#9120=CARTESIAN_POINT('',(-10.9875,12.7384768009186,19.));
#9121=CARTESIAN_POINT('Ctrl Pts',(-10.9875,12.7384768009186,19.));
#9122=CARTESIAN_POINT('Ctrl Pts',(-10.9475111559485,12.5971056793247,19.));
#9123=CARTESIAN_POINT('Ctrl Pts',(-10.8645179481179,12.3037027777408,19.));
#9124=CARTESIAN_POINT('Ctrl Pts',(-10.6996423572851,12.047018713704,19.));
#9125=CARTESIAN_POINT('Ctrl Pts',(-10.6142092227936,11.9140134334564,19.));
#9126=CARTESIAN_POINT('',(-10.9875,12.7384768009186,17.));
#9127=CARTESIAN_POINT('Ctrl Pts',(-11.1002934455872,14.3874035358429,17.));
#9128=CARTESIAN_POINT('Ctrl Pts',(-11.1002934455872,14.3874035358429,19.));
#9129=CARTESIAN_POINT('Ctrl Pts',(-11.0992005392951,14.0694353912823,17.));
#9130=CARTESIAN_POINT('Ctrl Pts',(-11.0992005392951,14.0694353912823,19.));
#9131=CARTESIAN_POINT('Ctrl Pts',(-11.0973020876003,13.5171033502714,17.));
#9132=CARTESIAN_POINT('Ctrl Pts',(-11.0973020876003,13.5171033502714,19.));
#9133=CARTESIAN_POINT('Ctrl Pts',(-11.0202110435722,12.9704367530379,17.));
#9134=CARTESIAN_POINT('Ctrl Pts',(-11.0202110435722,12.9704367530379,19.));
#9135=CARTESIAN_POINT('Ctrl Pts',(-10.9875,12.7384768009186,17.));
#9136=CARTESIAN_POINT('Ctrl Pts',(-10.9875,12.7384768009186,19.));
#9137=CARTESIAN_POINT('',(-11.1002934455872,14.3874035358429,19.));
#9138=CARTESIAN_POINT('Ctrl Pts',(-11.1002934455872,14.3874035358429,19.));
#9139=CARTESIAN_POINT('Ctrl Pts',(-11.0992005392951,14.0694353912823,19.));
#9140=CARTESIAN_POINT('Ctrl Pts',(-11.0973020876003,13.5171033502714,19.));
#9141=CARTESIAN_POINT('Ctrl Pts',(-11.0202110435722,12.9704367530379,19.));
#9142=CARTESIAN_POINT('Ctrl Pts',(-10.9875,12.7384768009186,19.));
#9143=CARTESIAN_POINT('',(-11.1002934455872,14.3874035358429,17.));
#9144=CARTESIAN_POINT('Origin',(-11.1002934455872,15.4240236759186,17.));
#9145=CARTESIAN_POINT('',(-11.1002934455872,15.4240236759186,19.));
#9146=CARTESIAN_POINT('',(-11.1002934455872,14.3874035358429,19.));
#9147=CARTESIAN_POINT('',(-11.1002934455872,15.4240236759186,17.));
#9148=CARTESIAN_POINT('Origin',(-14.0705079317093,15.4240236759186,17.));
#9149=CARTESIAN_POINT('',(-14.0705079317093,15.4240236759186,19.));
#9150=CARTESIAN_POINT('',(-11.1002934455872,15.4240236759186,19.));
#9151=CARTESIAN_POINT('',(-14.0705079317093,15.4240236759186,17.));
#9152=CARTESIAN_POINT('Origin',(-14.0705079317093,17.0138679027557,17.));
#9153=CARTESIAN_POINT('',(-14.0705079317093,15.4240236759186,19.));
#9154=CARTESIAN_POINT('Origin',(-10.1940142482069,17.4623541116714,19.));
#9155=CARTESIAN_POINT('Ctrl Pts',(-12.4162108182907,2.10370998382567,17.));
#9156=CARTESIAN_POINT('Ctrl Pts',(-12.4162108182907,2.10370998382567,19.));
#9157=CARTESIAN_POINT('Ctrl Pts',(-12.2402106664855,2.17685354546604,17.));
#9158=CARTESIAN_POINT('Ctrl Pts',(-12.2402106664855,2.17685354546604,19.));
#9159=CARTESIAN_POINT('Ctrl Pts',(-11.8191657908896,2.35183476846861,17.));
#9160=CARTESIAN_POINT('Ctrl Pts',(-11.8191657908896,2.35183476846861,19.));
#9161=CARTESIAN_POINT('Ctrl Pts',(-11.3613607302076,2.35456397028905,17.));
#9162=CARTESIAN_POINT('Ctrl Pts',(-11.3613607302076,2.35456397028905,19.));
#9163=CARTESIAN_POINT('Ctrl Pts',(-11.094921875,2.35615234374999,17.));
#9164=CARTESIAN_POINT('Ctrl Pts',(-11.094921875,2.35615234374999,19.));
#9165=CARTESIAN_POINT('',(-11.094921875,2.35615234374999,19.));
#9166=CARTESIAN_POINT('',(-11.094921875,2.35615234374999,17.));
#9167=CARTESIAN_POINT('',(-12.4162108182907,2.10370998382567,19.));
#9168=CARTESIAN_POINT('Ctrl Pts',(-12.4162108182907,2.10370998382567,19.));
#9169=CARTESIAN_POINT('Ctrl Pts',(-12.2402106664855,2.17685354546604,19.));
#9170=CARTESIAN_POINT('Ctrl Pts',(-11.8191657908896,2.35183476846861,19.));
#9171=CARTESIAN_POINT('Ctrl Pts',(-11.3613607302076,2.35456397028905,19.));
#9172=CARTESIAN_POINT('Ctrl Pts',(-11.094921875,2.35615234374999,19.));
#9173=CARTESIAN_POINT('',(-12.4162108182907,2.10370998382567,17.));
#9174=CARTESIAN_POINT('Ctrl Pts',(-13.0070311307907,1.08320217132567,17.));
#9175=CARTESIAN_POINT('Ctrl Pts',(-13.0070311307907,1.08320217132567,19.));
#9176=CARTESIAN_POINT('Ctrl Pts',(-12.9807152702821,1.29057616289652,17.));
#9177=CARTESIAN_POINT('Ctrl Pts',(-12.9807152702821,1.29057616289652,19.));
#9178=CARTESIAN_POINT('Ctrl Pts',(-12.9271346575461,1.71280159345965,17.));
#9179=CARTESIAN_POINT('Ctrl Pts',(-12.9271346575461,1.71280159345965,19.));
#9180=CARTESIAN_POINT('Ctrl Pts',(-12.5885176894475,1.97187780752502,17.));
#9181=CARTESIAN_POINT('Ctrl Pts',(-12.5885176894475,1.97187780752502,19.));
#9182=CARTESIAN_POINT('Ctrl Pts',(-12.4162108182907,2.10370998382567,17.));
#9183=CARTESIAN_POINT('Ctrl Pts',(-12.4162108182907,2.10370998382567,19.));
#9184=CARTESIAN_POINT('',(-13.0070311307907,1.08320217132567,19.));
#9185=CARTESIAN_POINT('Ctrl Pts',(-13.0070311307907,1.08320217132567,19.));
#9186=CARTESIAN_POINT('Ctrl Pts',(-12.9807152702821,1.29057616289652,19.));
#9187=CARTESIAN_POINT('Ctrl Pts',(-12.9271346575461,1.71280159345965,19.));
#9188=CARTESIAN_POINT('Ctrl Pts',(-12.5885176894475,1.97187780752502,19.));
#9189=CARTESIAN_POINT('Ctrl Pts',(-12.4162108182907,2.10370998382567,19.));
#9190=CARTESIAN_POINT('',(-13.0070311307907,1.08320217132567,17.));
#9191=CARTESIAN_POINT('Ctrl Pts',(-12.5639158964157,0.196971702575675,17.));
#9192=CARTESIAN_POINT('Ctrl Pts',(-12.5639158964157,0.196971702575675,19.));
#9193=CARTESIAN_POINT('Ctrl Pts',(-12.6931277463348,0.32263285927856,17.));
#9194=CARTESIAN_POINT('Ctrl Pts',(-12.6931277463348,0.32263285927856,19.));
#9195=CARTESIAN_POINT('Ctrl Pts',(-12.9444777200031,0.567075829858874,17.));
#9196=CARTESIAN_POINT('Ctrl Pts',(-12.9444777200031,0.567075829858874,19.));
#9197=CARTESIAN_POINT('Ctrl Pts',(-12.9865749066686,0.914418471389364,17.));
#9198=CARTESIAN_POINT('Ctrl Pts',(-12.9865749066686,0.914418471389364,19.));
#9199=CARTESIAN_POINT('Ctrl Pts',(-13.0070311307907,1.08320217132567,17.));
#9200=CARTESIAN_POINT('Ctrl Pts',(-13.0070311307907,1.08320217132567,19.));
#9201=CARTESIAN_POINT('',(-12.5639158964157,0.196971702575675,19.));
#9202=CARTESIAN_POINT('Ctrl Pts',(-12.5639158964157,0.196971702575675,19.));
#9203=CARTESIAN_POINT('Ctrl Pts',(-12.6931277463348,0.32263285927856,19.));
#9204=CARTESIAN_POINT('Ctrl Pts',(-12.9444777200031,0.567075829858874,19.));
#9205=CARTESIAN_POINT('Ctrl Pts',(-12.9865749066686,0.914418471389364,19.));
#9206=CARTESIAN_POINT('Ctrl Pts',(-13.0070311307907,1.08320217132567,19.));
#9207=CARTESIAN_POINT('',(-12.5639158964157,0.196971702575675,17.));
#9208=CARTESIAN_POINT('Ctrl Pts',(-11.2399411678314,-0.168261718750009,
17.));
#9209=CARTESIAN_POINT('Ctrl Pts',(-11.2399411678314,-0.168261718750009,
19.));
#9210=CARTESIAN_POINT('Ctrl Pts',(-11.5040915909509,-0.161397262831362,
17.));
#9211=CARTESIAN_POINT('Ctrl Pts',(-11.5040915909509,-0.161397262831362,
19.));
#9212=CARTESIAN_POINT('Ctrl Pts',(-11.9779559339132,-0.149082988050835,
17.));
#9213=CARTESIAN_POINT('Ctrl Pts',(-11.9779559339132,-0.149082988050835,
19.));
#9214=CARTESIAN_POINT('Ctrl Pts',(-12.384150144206,0.0908061183256992,17.));
#9215=CARTESIAN_POINT('Ctrl Pts',(-12.384150144206,0.0908061183256992,19.));
#9216=CARTESIAN_POINT('Ctrl Pts',(-12.5639158964157,0.196971702575675,17.));
#9217=CARTESIAN_POINT('Ctrl Pts',(-12.5639158964157,0.196971702575675,19.));
#9218=CARTESIAN_POINT('',(-11.2399411678314,-0.168261718750009,19.));
#9219=CARTESIAN_POINT('Ctrl Pts',(-11.2399411678314,-0.168261718750009,
19.));
#9220=CARTESIAN_POINT('Ctrl Pts',(-11.5040915909509,-0.161397262831362,
19.));
#9221=CARTESIAN_POINT('Ctrl Pts',(-11.9779559339132,-0.149082988050835,
19.));
#9222=CARTESIAN_POINT('Ctrl Pts',(-12.384150144206,0.0908061183256992,19.));
#9223=CARTESIAN_POINT('Ctrl Pts',(-12.5639158964157,0.196971702575675,19.));
#9224=CARTESIAN_POINT('',(-11.2399411678314,-0.168261718750009,17.));
#9225=CARTESIAN_POINT('Ctrl Pts',(-9.82465867996215,0.186228561401358,17.));
#9226=CARTESIAN_POINT('Ctrl Pts',(-9.82465867996215,0.186228561401358,19.));
#9227=CARTESIAN_POINT('Ctrl Pts',(-10.0107250953529,0.0834092356383476,
17.));
#9228=CARTESIAN_POINT('Ctrl Pts',(-10.0107250953529,0.0834092356383476,
19.));
#9229=CARTESIAN_POINT('Ctrl Pts',(-10.4482206497173,-0.158348514300455,
17.));
#9230=CARTESIAN_POINT('Ctrl Pts',(-10.4482206497173,-0.158348514300455,
19.));
#9231=CARTESIAN_POINT('Ctrl Pts',(-10.9509957865697,-0.164643807411768,
17.));
#9232=CARTESIAN_POINT('Ctrl Pts',(-10.9509957865697,-0.164643807411768,
19.));
#9233=CARTESIAN_POINT('Ctrl Pts',(-11.2399411678314,-0.168261718750009,
17.));
#9234=CARTESIAN_POINT('Ctrl Pts',(-11.2399411678314,-0.168261718750009,
19.));
#9235=CARTESIAN_POINT('',(-9.82465867996215,0.186228561401358,19.));
#9236=CARTESIAN_POINT('Ctrl Pts',(-9.82465867996215,0.186228561401358,19.));
#9237=CARTESIAN_POINT('Ctrl Pts',(-10.0107250953529,0.0834092356383476,
19.));
#9238=CARTESIAN_POINT('Ctrl Pts',(-10.4482206497173,-0.158348514300455,
19.));
#9239=CARTESIAN_POINT('Ctrl Pts',(-10.9509957865697,-0.164643807411768,
19.));
#9240=CARTESIAN_POINT('Ctrl Pts',(-11.2399411678314,-0.168261718750009,
19.));
#9241=CARTESIAN_POINT('',(-9.82465867996215,0.186228561401358,17.));
#9242=CARTESIAN_POINT('Ctrl Pts',(-9.39228539466857,1.09394531249999,17.));
#9243=CARTESIAN_POINT('Ctrl Pts',(-9.39228539466857,1.09394531249999,19.));
#9244=CARTESIAN_POINT('Ctrl Pts',(-9.41052118988351,0.917638095343269,17.));
#9245=CARTESIAN_POINT('Ctrl Pts',(-9.41052118988351,0.917638095343269,19.));
#9246=CARTESIAN_POINT('Ctrl Pts',(-9.44710518284775,0.563936931451829,17.));
#9247=CARTESIAN_POINT('Ctrl Pts',(-9.44710518284775,0.563936931451829,19.));
#9248=CARTESIAN_POINT('Ctrl Pts',(-9.69854999694743,0.312388974362032,17.));
#9249=CARTESIAN_POINT('Ctrl Pts',(-9.69854999694743,0.312388974362032,19.));
#9250=CARTESIAN_POINT('Ctrl Pts',(-9.82465867996215,0.186228561401358,17.));
#9251=CARTESIAN_POINT('Ctrl Pts',(-9.82465867996215,0.186228561401358,19.));
#9252=CARTESIAN_POINT('',(-9.39228539466857,1.09394531249999,19.));
#9253=CARTESIAN_POINT('Ctrl Pts',(-9.39228539466857,1.09394531249999,19.));
#9254=CARTESIAN_POINT('Ctrl Pts',(-9.41052118988351,0.917638095343269,19.));
#9255=CARTESIAN_POINT('Ctrl Pts',(-9.44710518284775,0.563936931451829,19.));
#9256=CARTESIAN_POINT('Ctrl Pts',(-9.69854999694743,0.312388974362032,19.));
#9257=CARTESIAN_POINT('Ctrl Pts',(-9.82465867996215,0.186228561401358,19.));
#9258=CARTESIAN_POINT('',(-9.39228539466857,1.09394531249999,17.));
#9259=CARTESIAN_POINT('Ctrl Pts',(-9.81928710937499,1.99360351562499,17.));
#9260=CARTESIAN_POINT('Ctrl Pts',(-9.81928710937499,1.99360351562499,19.));
#9261=CARTESIAN_POINT('Ctrl Pts',(-9.6947503671875,1.86658818250688,17.));
#9262=CARTESIAN_POINT('Ctrl Pts',(-9.6947503671875,1.86658818250688,19.));
#9263=CARTESIAN_POINT('Ctrl Pts',(-9.44865485908393,1.61559476167703,17.));
#9264=CARTESIAN_POINT('Ctrl Pts',(-9.44865485908393,1.61559476167703,19.));
#9265=CARTESIAN_POINT('Ctrl Pts',(-9.4109230197797,1.26642001975545,17.));
#9266=CARTESIAN_POINT('Ctrl Pts',(-9.4109230197797,1.26642001975545,19.));
#9267=CARTESIAN_POINT('Ctrl Pts',(-9.39228539466857,1.09394531249999,17.));
#9268=CARTESIAN_POINT('Ctrl Pts',(-9.39228539466857,1.09394531249999,19.));
#9269=CARTESIAN_POINT('',(-9.81928710937499,1.99360351562499,19.));
#9270=CARTESIAN_POINT('Ctrl Pts',(-9.81928710937499,1.99360351562499,19.));
#9271=CARTESIAN_POINT('Ctrl Pts',(-9.6947503671875,1.86658818250688,19.));
#9272=CARTESIAN_POINT('Ctrl Pts',(-9.44865485908393,1.61559476167703,19.));
#9273=CARTESIAN_POINT('Ctrl Pts',(-9.4109230197797,1.26642001975545,19.));
#9274=CARTESIAN_POINT('Ctrl Pts',(-9.39228539466857,1.09394531249999,19.));
#9275=CARTESIAN_POINT('',(-9.81928710937499,1.99360351562499,17.));
#9276=CARTESIAN_POINT('Ctrl Pts',(-11.094921875,2.35615234374999,17.));
#9277=CARTESIAN_POINT('Ctrl Pts',(-11.094921875,2.35615234374999,19.));
#9278=CARTESIAN_POINT('Ctrl Pts',(-10.8400978598357,2.34909980653883,17.));
#9279=CARTESIAN_POINT('Ctrl Pts',(-10.8400978598357,2.34909980653883,19.));
#9280=CARTESIAN_POINT('Ctrl Pts',(-10.3818091694895,2.33641615880634,17.));
#9281=CARTESIAN_POINT('Ctrl Pts',(-10.3818091694895,2.33641615880634,19.));
#9282=CARTESIAN_POINT('Ctrl Pts',(-9.99224182967709,2.09900571941658,17.));
#9283=CARTESIAN_POINT('Ctrl Pts',(-9.99224182967709,2.09900571941658,19.));
#9284=CARTESIAN_POINT('Ctrl Pts',(-9.81928710937499,1.99360351562499,17.));
#9285=CARTESIAN_POINT('Ctrl Pts',(-9.81928710937499,1.99360351562499,19.));
#9286=CARTESIAN_POINT('Ctrl Pts',(-11.094921875,2.35615234374999,19.));
#9287=CARTESIAN_POINT('Ctrl Pts',(-10.8400978598357,2.34909980653883,19.));
#9288=CARTESIAN_POINT('Ctrl Pts',(-10.3818091694895,2.33641615880634,19.));
#9289=CARTESIAN_POINT('Ctrl Pts',(-9.99224182967709,2.09900571941658,19.));
#9290=CARTESIAN_POINT('Ctrl Pts',(-9.81928710937499,1.99360351562499,19.));
#9291=CARTESIAN_POINT('Origin',(-14.0705079317093,-0.270314407348642,17.));
#9292=CARTESIAN_POINT('',(-14.0705079317093,-1.67216796875001,19.));
#9293=CARTESIAN_POINT('',(-14.0705079317093,-1.67216796875001,17.));
#9294=CARTESIAN_POINT('',(-14.0705079317093,-0.270314407348642,19.));
#9295=CARTESIAN_POINT('',(-14.0705079317093,-1.67216796875001,19.));
#9296=CARTESIAN_POINT('',(-14.0705079317093,-0.270314407348642,17.));
#9297=CARTESIAN_POINT('Origin',(-13.2326174259186,-0.270314407348642,17.));
#9298=CARTESIAN_POINT('',(-13.2326174259186,-0.270314407348642,19.));
#9299=CARTESIAN_POINT('',(-14.0705079317093,-0.270314407348642,19.));
#9300=CARTESIAN_POINT('',(-13.2326174259186,-0.270314407348642,17.));
#9301=CARTESIAN_POINT('Ctrl Pts',(-13.9604002714157,0.554151344299307,17.));
#9302=CARTESIAN_POINT('Ctrl Pts',(-13.9604002714157,0.554151344299307,19.));
#9303=CARTESIAN_POINT('Ctrl Pts',(-13.8678827770611,0.399244862280095,17.));
#9304=CARTESIAN_POINT('Ctrl Pts',(-13.8678827770611,0.399244862280095,19.));
#9305=CARTESIAN_POINT('Ctrl Pts',(-13.6768009594157,0.0793074022809748,
17.));
#9306=CARTESIAN_POINT('Ctrl Pts',(-13.6768009594157,0.0793074022809748,
19.));
#9307=CARTESIAN_POINT('Ctrl Pts',(-13.3837696189171,-0.151340831652207,
17.));
#9308=CARTESIAN_POINT('Ctrl Pts',(-13.3837696189171,-0.151340831652207,
19.));
#9309=CARTESIAN_POINT('Ctrl Pts',(-13.2326174259186,-0.270314407348642,
17.));
#9310=CARTESIAN_POINT('Ctrl Pts',(-13.2326174259186,-0.270314407348642,
19.));
#9311=CARTESIAN_POINT('',(-13.9604002714157,0.554151344299307,19.));
#9312=CARTESIAN_POINT('Ctrl Pts',(-13.9604002714157,0.554151344299307,19.));
#9313=CARTESIAN_POINT('Ctrl Pts',(-13.8678827770611,0.399244862280095,19.));
#9314=CARTESIAN_POINT('Ctrl Pts',(-13.6768009594157,0.0793074022809748,
19.));
#9315=CARTESIAN_POINT('Ctrl Pts',(-13.3837696189171,-0.151340831652207,
19.));
#9316=CARTESIAN_POINT('Ctrl Pts',(-13.2326174259186,-0.270314407348642,
19.));
#9317=CARTESIAN_POINT('',(-13.9604002714157,0.554151344299307,17.));
#9318=CARTESIAN_POINT('Ctrl Pts',(-14.1994143009186,1.51288967132567,17.));
#9319=CARTESIAN_POINT('Ctrl Pts',(-14.1994143009186,1.51288967132567,19.));
#9320=CARTESIAN_POINT('Ctrl Pts',(-14.1884975096823,1.35021345260053,17.));
#9321=CARTESIAN_POINT('Ctrl Pts',(-14.1884975096823,1.35021345260053,19.));
#9322=CARTESIAN_POINT('Ctrl Pts',(-14.1661051212358,1.01653398563587,17.));
#9323=CARTESIAN_POINT('Ctrl Pts',(-14.1661051212358,1.01653398563587,19.));
#9324=CARTESIAN_POINT('Ctrl Pts',(-14.0300998993961,0.710821924083538,17.));
#9325=CARTESIAN_POINT('Ctrl Pts',(-14.0300998993961,0.710821924083538,19.));
#9326=CARTESIAN_POINT('Ctrl Pts',(-13.9604002714157,0.554151344299307,17.));
#9327=CARTESIAN_POINT('Ctrl Pts',(-13.9604002714157,0.554151344299307,19.));
#9328=CARTESIAN_POINT('',(-14.1994143009186,1.51288967132567,19.));
#9329=CARTESIAN_POINT('Ctrl Pts',(-14.1994143009186,1.51288967132567,19.));
#9330=CARTESIAN_POINT('Ctrl Pts',(-14.1884975096823,1.35021345260053,19.));
#9331=CARTESIAN_POINT('Ctrl Pts',(-14.1661051212358,1.01653398563587,19.));
#9332=CARTESIAN_POINT('Ctrl Pts',(-14.0300998993961,0.710821924083538,19.));
#9333=CARTESIAN_POINT('Ctrl Pts',(-13.9604002714157,0.554151344299307,19.));
#9334=CARTESIAN_POINT('',(-14.1994143009186,1.51288967132567,17.));
#9335=CARTESIAN_POINT('Ctrl Pts',(-13.4071779727936,3.19673042297362,17.));
#9336=CARTESIAN_POINT('Ctrl Pts',(-13.4071779727936,3.19673042297362,19.));
#9337=CARTESIAN_POINT('Ctrl Pts',(-13.6382171472362,2.95491503523799,17.));
#9338=CARTESIAN_POINT('Ctrl Pts',(-13.6382171472362,2.95491503523799,19.));
#9339=CARTESIAN_POINT('Ctrl Pts',(-14.0907890540622,2.48123410475763,17.));
#9340=CARTESIAN_POINT('Ctrl Pts',(-14.0907890540622,2.48123410475763,19.));
#9341=CARTESIAN_POINT('Ctrl Pts',(-14.1637165081098,1.83111918014204,17.));
#9342=CARTESIAN_POINT('Ctrl Pts',(-14.1637165081098,1.83111918014204,19.));
#9343=CARTESIAN_POINT('Ctrl Pts',(-14.1994143009186,1.51288967132567,17.));
#9344=CARTESIAN_POINT('Ctrl Pts',(-14.1994143009186,1.51288967132567,19.));
#9345=CARTESIAN_POINT('',(-13.4071779727936,3.19673042297362,19.));
#9346=CARTESIAN_POINT('Ctrl Pts',(-13.4071779727936,3.19673042297362,19.));
#9347=CARTESIAN_POINT('Ctrl Pts',(-13.6382171472362,2.95491503523799,19.));
#9348=CARTESIAN_POINT('Ctrl Pts',(-14.0907890540622,2.48123410475763,19.));
#9349=CARTESIAN_POINT('Ctrl Pts',(-14.1637165081098,1.83111918014204,19.));
#9350=CARTESIAN_POINT('Ctrl Pts',(-14.1994143009186,1.51288967132567,19.));
#9351=CARTESIAN_POINT('',(-13.4071779727936,3.19673042297362,17.));
#9352=CARTESIAN_POINT('Ctrl Pts',(-11.1969727754593,3.89765720367431,17.));
#9353=CARTESIAN_POINT('Ctrl Pts',(-11.1969727754593,3.89765720367431,19.));
#9354=CARTESIAN_POINT('Ctrl Pts',(-11.6307616114327,3.87904138548603,17.));
#9355=CARTESIAN_POINT('Ctrl Pts',(-11.6307616114327,3.87904138548603,19.));
#9356=CARTESIAN_POINT('Ctrl Pts',(-12.4339471960864,3.84457310143763,17.));
#9357=CARTESIAN_POINT('Ctrl Pts',(-12.4339471960864,3.84457310143763,19.));
#9358=CARTESIAN_POINT('Ctrl Pts',(-13.1005826281332,3.40081927224059,17.));
#9359=CARTESIAN_POINT('Ctrl Pts',(-13.1005826281332,3.40081927224059,19.));
#9360=CARTESIAN_POINT('Ctrl Pts',(-13.4071779727936,3.19673042297362,17.));
#9361=CARTESIAN_POINT('Ctrl Pts',(-13.4071779727936,3.19673042297362,19.));
#9362=CARTESIAN_POINT('',(-11.1969727754593,3.89765720367431,19.));
#9363=CARTESIAN_POINT('Ctrl Pts',(-11.1969727754593,3.89765720367431,19.));
#9364=CARTESIAN_POINT('Ctrl Pts',(-11.6307616114327,3.87904138548603,19.));
#9365=CARTESIAN_POINT('Ctrl Pts',(-12.4339471960864,3.84457310143763,19.));
#9366=CARTESIAN_POINT('Ctrl Pts',(-13.1005826281332,3.40081927224059,19.));
#9367=CARTESIAN_POINT('Ctrl Pts',(-13.4071779727936,3.19673042297362,19.));
#9368=CARTESIAN_POINT('',(-11.1969727754593,3.89765720367431,17.));
#9369=CARTESIAN_POINT('Ctrl Pts',(-8.9921385526657,3.21552734374999,17.));
#9370=CARTESIAN_POINT('Ctrl Pts',(-8.9921385526657,3.21552734374999,19.));
#9371=CARTESIAN_POINT('Ctrl Pts',(-9.29244588153948,3.41399582550074,17.));
#9372=CARTESIAN_POINT('Ctrl Pts',(-9.29244588153948,3.41399582550074,19.));
#9373=CARTESIAN_POINT('Ctrl Pts',(-9.95750690139863,3.85352439570931,17.));
#9374=CARTESIAN_POINT('Ctrl Pts',(-9.95750690139863,3.85352439570931,19.));
#9375=CARTESIAN_POINT('Ctrl Pts',(-10.7579620023045,3.88202564934782,17.));
#9376=CARTESIAN_POINT('Ctrl Pts',(-10.7579620023045,3.88202564934782,19.));
#9377=CARTESIAN_POINT('Ctrl Pts',(-11.1969727754593,3.89765720367431,17.));
#9378=CARTESIAN_POINT('Ctrl Pts',(-11.1969727754593,3.89765720367431,19.));
#9379=CARTESIAN_POINT('',(-8.9921385526657,3.21552734374999,19.));
#9380=CARTESIAN_POINT('Ctrl Pts',(-8.9921385526657,3.21552734374999,19.));
#9381=CARTESIAN_POINT('Ctrl Pts',(-9.29244588153948,3.41399582550074,19.));
#9382=CARTESIAN_POINT('Ctrl Pts',(-9.95750690139863,3.85352439570931,19.));
#9383=CARTESIAN_POINT('Ctrl Pts',(-10.7579620023045,3.88202564934782,19.));
#9384=CARTESIAN_POINT('Ctrl Pts',(-11.1969727754593,3.89765720367431,19.));
#9385=CARTESIAN_POINT('',(-8.9921385526657,3.21552734374999,17.));
#9386=CARTESIAN_POINT('Ctrl Pts',(-8.23750023841857,1.49140815734862,17.));
#9387=CARTESIAN_POINT('Ctrl Pts',(-8.23750023841857,1.49140815734862,19.));
#9388=CARTESIAN_POINT('Ctrl Pts',(-8.26807235464031,1.82295216725946,17.));
#9389=CARTESIAN_POINT('Ctrl Pts',(-8.26807235464031,1.82295216725946,19.));
#9390=CARTESIAN_POINT('Ctrl Pts',(-8.32880024021857,2.48152504955493,17.));
#9391=CARTESIAN_POINT('Ctrl Pts',(-8.32880024021857,2.48152504955493,19.));
#9392=CARTESIAN_POINT('Ctrl Pts',(-8.7720387209649,2.97198075765827,17.));
#9393=CARTESIAN_POINT('Ctrl Pts',(-8.7720387209649,2.97198075765827,19.));
#9394=CARTESIAN_POINT('Ctrl Pts',(-8.9921385526657,3.21552734374999,17.));
#9395=CARTESIAN_POINT('Ctrl Pts',(-8.9921385526657,3.21552734374999,19.));
#9396=CARTESIAN_POINT('',(-8.23750023841857,1.49140815734862,19.));
#9397=CARTESIAN_POINT('Ctrl Pts',(-8.23750023841857,1.49140815734862,19.));
#9398=CARTESIAN_POINT('Ctrl Pts',(-8.26807235464031,1.82295216725946,19.));
#9399=CARTESIAN_POINT('Ctrl Pts',(-8.32880024021857,2.48152504955493,19.));
#9400=CARTESIAN_POINT('Ctrl Pts',(-8.7720387209649,2.97198075765827,19.));
#9401=CARTESIAN_POINT('Ctrl Pts',(-8.9921385526657,3.21552734374999,19.));
#9402=CARTESIAN_POINT('',(-8.23750023841857,1.49140815734862,17.));
#9403=CARTESIAN_POINT('Ctrl Pts',(-9.0324217557907,-0.162892532348642,17.));
#9404=CARTESIAN_POINT('Ctrl Pts',(-9.0324217557907,-0.162892532348642,19.));
#9405=CARTESIAN_POINT('Ctrl Pts',(-8.80062698033301,0.0757172968961673,
17.));
#9406=CARTESIAN_POINT('Ctrl Pts',(-8.80062698033301,0.0757172968961673,
19.));
#9407=CARTESIAN_POINT('Ctrl Pts',(-8.35010646713285,0.539483671758192,17.));
#9408=CARTESIAN_POINT('Ctrl Pts',(-8.35010646713285,0.539483671758192,19.));
#9409=CARTESIAN_POINT('Ctrl Pts',(-8.27430265668425,1.18029638781294,17.));
#9410=CARTESIAN_POINT('Ctrl Pts',(-8.27430265668425,1.18029638781294,19.));
#9411=CARTESIAN_POINT('Ctrl Pts',(-8.23750023841857,1.49140815734862,17.));
#9412=CARTESIAN_POINT('Ctrl Pts',(-8.23750023841857,1.49140815734862,19.));
#9413=CARTESIAN_POINT('',(-9.0324217557907,-0.162892532348642,19.));
#9414=CARTESIAN_POINT('Ctrl Pts',(-9.0324217557907,-0.162892532348642,19.));
#9415=CARTESIAN_POINT('Ctrl Pts',(-8.80062698033301,0.0757172968961672,
19.));
#9416=CARTESIAN_POINT('Ctrl Pts',(-8.35010646713285,0.539483671758192,19.));
#9417=CARTESIAN_POINT('Ctrl Pts',(-8.27430265668425,1.18029638781294,19.));
#9418=CARTESIAN_POINT('Ctrl Pts',(-8.23750023841857,1.49140815734862,19.));
#9419=CARTESIAN_POINT('',(-9.0324217557907,-0.162892532348642,17.));
#9420=CARTESIAN_POINT('Origin',(-6.19648461341857,-0.162892532348642,17.));
#9421=CARTESIAN_POINT('',(-6.19648461341857,-0.162892532348642,19.));
#9422=CARTESIAN_POINT('',(-9.0324217557907,-0.162892532348642,19.));
#9423=CARTESIAN_POINT('',(-6.19648461341857,-0.162892532348642,17.));
#9424=CARTESIAN_POINT('Origin',(-6.19648461341857,-1.67216796875001,17.));
#9425=CARTESIAN_POINT('',(-6.19648461341857,-1.67216796875001,19.));
#9426=CARTESIAN_POINT('',(-6.19648461341857,-0.162892532348642,19.));
#9427=CARTESIAN_POINT('',(-6.19648461341857,-1.67216796875001,17.));
#9428=CARTESIAN_POINT('Origin',(-14.0705079317093,-1.67216796875001,17.));
#9429=CARTESIAN_POINT('',(-6.19648461341857,-1.67216796875001,19.));
#9430=CARTESIAN_POINT('Origin',(-10.1940142482069,17.4623541116714,19.));
#9431=UNCERTAINTY_MEASURE_WITH_UNIT(LENGTH_MEASURE(0.01),#9435,
'DISTANCE_ACCURACY_VALUE',
'Maximum model space distance between geometric entities at asserted c
onnectivities');
#9432=UNCERTAINTY_MEASURE_WITH_UNIT(LENGTH_MEASURE(0.01),#9435,
'DISTANCE_ACCURACY_VALUE',
'Maximum model space distance between geometric entities at asserted c
onnectivities');
#9433=(
GEOMETRIC_REPRESENTATION_CONTEXT(3)
GLOBAL_UNCERTAINTY_ASSIGNED_CONTEXT((#9431))
GLOBAL_UNIT_ASSIGNED_CONTEXT((#9435,#9437,#9438))
REPRESENTATION_CONTEXT('','3D')
);
#9434=(
GEOMETRIC_REPRESENTATION_CONTEXT(3)
GLOBAL_UNCERTAINTY_ASSIGNED_CONTEXT((#9432))
GLOBAL_UNIT_ASSIGNED_CONTEXT((#9435,#9437,#9438))
REPRESENTATION_CONTEXT('','3D')
);
#9435=(
LENGTH_UNIT()
NAMED_UNIT(*)
SI_UNIT(.MILLI.,.METRE.)
);
#9436=(
LENGTH_UNIT()
NAMED_UNIT(*)
SI_UNIT($,.METRE.)
);
#9437=(
NAMED_UNIT(*)
PLANE_ANGLE_UNIT()
SI_UNIT($,.RADIAN.)
);
#9438=(
NAMED_UNIT(*)
SI_UNIT($,.STERADIAN.)
SOLID_ANGLE_UNIT()
);
#9439=SHAPE_DEFINITION_REPRESENTATION(#9440,#9441);
#9440=PRODUCT_DEFINITION_SHAPE('',$,#9443);
#9441=SHAPE_REPRESENTATION('',(#4943),#9433);
#9442=PRODUCT_DEFINITION_CONTEXT('part definition',#9447,'design');
#9443=PRODUCT_DEFINITION('2026-07-06-01-26-08-540','BeePad2',#9444,#9442);
#9444=PRODUCT_DEFINITION_FORMATION('',$,#9449);
#9445=PRODUCT_RELATED_PRODUCT_CATEGORY('BeePad2','BeePad2',(#9449));
#9446=APPLICATION_PROTOCOL_DEFINITION('international standard',
'automotive_design',2009,#9447);
#9447=APPLICATION_CONTEXT(
'Core Data for Automotive Mechanical Design Process');
#9448=PRODUCT_CONTEXT('part definition',#9447,'mechanical');
#9449=PRODUCT('2026-07-06-01-26-08-540','BeePad2',$,(#9448));
#9450=PRESENTATION_STYLE_ASSIGNMENT((#9453));
#9451=PRESENTATION_STYLE_ASSIGNMENT((#9454));
#9452=PRESENTATION_STYLE_ASSIGNMENT((#9455));
#9453=SURFACE_STYLE_USAGE(.BOTH.,#9456);
#9454=SURFACE_STYLE_USAGE(.BOTH.,#9457);
#9455=SURFACE_STYLE_USAGE(.BOTH.,#9458);
#9456=SURFACE_SIDE_STYLE('',(#9459));
#9457=SURFACE_SIDE_STYLE('',(#9460));
#9458=SURFACE_SIDE_STYLE('',(#9461));
#9459=SURFACE_STYLE_FILL_AREA(#9462);
#9460=SURFACE_STYLE_FILL_AREA(#9463);
#9461=SURFACE_STYLE_FILL_AREA(#9464);
#9462=FILL_AREA_STYLE('Steel - Satin',(#9465));
#9463=FILL_AREA_STYLE('Powder Coat (Yellow)',(#9466));
#9464=FILL_AREA_STYLE('Powder Coat (Black)',(#9467));
#9465=FILL_AREA_STYLE_COLOUR('Steel - Satin',#9468);
#9466=FILL_AREA_STYLE_COLOUR('Powder Coat (Yellow)',#9469);
#9467=FILL_AREA_STYLE_COLOUR('Powder Coat (Black)',#9470);
#9468=COLOUR_RGB('Steel - Satin',0.627450980392157,0.627450980392157,0.627450980392157);
#9469=COLOUR_RGB('Powder Coat (Yellow)',0.909803921568627,0.67843137254902,
0.137254901960784);
#9470=COLOUR_RGB('Powder Coat (Black)',0.0980392156862745,0.0980392156862745,
0.0980392156862745);
ENDSEC;
END-ISO-10303-21;
